Drug-ID,drugs
d00001,water
d00002,nadide
d00003,oxygen
d00004,carbon-dioxide
d00005,flavin-adenine-dinucleotide
d00006,pyridoxal-phosphate-hydrate
d00007,glutamic-acid
d00008,hydrogen-peroxide
d00009,glucose
d00010,"acetic-acid,-glacial"
d00011,glycine
d00012,alanine
d00013,aspartic-acid
d00014,glutathione
d00015,glutamine
d00016,serine
d00017,formaldehyde
d00018,ascorbic-acid
d00019,methionine
d00020,tryptophan
d00021,phenylalanine
d00022,tyrosine
d00023,urea
d00024,"sulfur,-precipitated"
d00025,sucrose
d00026,l-cysteine
d00027,uracil
d00028,glycerin
d00029,biotin
d00030,leucine
d00031,oxiglutatione
d00032,histidine
d00033,phenol
d00034,adenine
d00035,proline
d00036,niacinamide
d00037,"citric-acid,-anhydrous"
d00038,benzoic-acid
d00039,valine
d00040,cholesterol
d00041,threonine
d00042,cobamamide
d00043,isoflurophate;-fluostigmine;-floropryl
d00044,maltose
d00045,adenosine
d00046,anhydrous-lactose
d00047,taurine
d00048,thioctic-acid-amide
d00049,niacin
d00050,riboflavin
d00051,androstenedione
d00052,edetic-acid
d00054,inosine
d00055,orotic-acid
d00056,"trypsin,-crystallized"
d00057,citicoline
d00058,gamma-aminobutyric-acid
d00059,levodopa
d00060,dextran-1
d00061,xylitol
d00062,mannitol
d00063,tobramycin
d00064,l-menthol
d00065,isoleucine
d00066,progesterone
d00067,estrone
d00068,alcohol
d00069,vitamin-a-oil
d00070,folic-acid
d00071,fibronectin
d00072,cytochrome-c
d00073,hydroquinone
d00074,nitric-oxide
d00075,testosterone
d00076,noradrenaline
d00077,benzyl-alcohol
d00078,propylene-glycol
d00079,dinoprostone
d00080,chondroitin-sulfate-a
d00081,dinoprost
d00082,pyridoxamine-phosphate
d00083,nitrogen
d00084,dextrin
d00085,insulin
d00086,thioctic-acid
d00087,ubenimex
d00088,hydrocortisone
d00089,oxytocin
d00090,thrombin
d00091,vanillin
d00092,coptis-rhizome
d00093,microcrystalline-cellulose
d00094,tretinoin
d00095,epinephrine
d00096,sorbitol-solution
d00097,salicylic-acid
d00098,camphor
d00099,cetanol
d00100,menatetrenone
d00101,vasopressin
d00102,nitrous-oxide
d00103,tartaric-acid
d00104,chloramphenicol
d00105,estradiol
d00106,epoprostenol
d00107,tacrolimus
d00108,iodine
d00109,aspirin
d00110,cocaine
d00111,lactic-acid
d00112,g-strophanthin
d00113,atropine
d00114,fructose
d00115,gelatin
d00116,glucagon
d00117,guaiacol
d00118,naproxen
d00119,stearic-acid
d00120,sulindac
d00121,allantoin
d00122,calcifediol
d00123,cyanamide
d00124,ephedrine
d00125,etoposide
d00126,ibuprofen
d00127,piroxicam
d00128,bacitracin
d00129,calcitriol
d00130,diflunisal
d00131,disulfiram
d00132,ketoprofen
d00133,resorcinol
d00134,albendazole
d00135,capreomycin-sulfate
d00136,haloperidol
d00137,isopropyl-alcohol
d00138,scopolamine
d00139,methoxsalen
d00140,erythromycin
d00141,indomethacin
d00142,methotrexate
d00143,pregnenolone
d00144,pyrazinamide
d00145,trimethoprim
d00146,corticotropin
d00147,hyoscyamine
d00148,phytonadione
d00149,parachlorophenol
d00150,angiotensin-ii
d00151,mefenamic-acid
d00152,phloroglucinol
d00153,testolactone
d00154,santonin
d00155,pentostatin
d00156,glycyrrhetinic-acid
d00157,glycyrrhizin
d00158,tolmetin-sodium
d00159,frentizole
d00160,aminocaproic-acid
d00161,mercaptopurine
d00162,aminosalicylic-acid
d00163,chenodiol
d00164,retinol-palmitate
d00165,hydrocortisone-acetate
d00166,cyanocobalamin
d00167,dimercaprol
d00168,cytarabine
d00169,meclofenamate-sodium
d00170,hymecromone
d00171,inulin
d00172,eptacog-alfa
d00173,evodia-fruit
d00174,gamma-amino-beta-hydroxybutyric-acid
d00175,l-carbocisteine
d00176,protirelin
d00177,methylmethionine-sulfonium-chloride
d00178,octopamine-hydrochloride
d00179,androstenediol
d00180,alprostadil
d00181,argatroban
d00182,norethindrone
d00183,nalidixic-acid
d00184,cyclosporine
d00185,estriol
d00186,ciprofloxacin
d00187,ergocalciferol
d00188,cholecalciferol
d00189,pregnanediol
d00190,rutin-hydrate
d00191,vitamin-b12;-nascobal
d00192,phenylethyl-alcohol
d00193,dexpanthenol
d00194,d-limonene
d00195,codeine
d00196,physostigmine
d00197,reserpine
d00198,rescinnamine
d00199,ajmaline
d00200,cianidanol
d00201,tetracycline
d00202,nystatin
d00203,amphotericin-b
d00204,ampicillin
d00205,oxytetracycline
d00206,imipenem
d00208,mitomycin
d00209,griseofulvin
d00210,norfloxacin
d00211,rifampin
d00212,vancomycin
d00213,fusidate-sodium
d00214,dactinomycin
d00215,trolamine
d00216,acarbose
d00217,acetaminophen
d00218,acetazolamide
d00219,acetohexamide
d00220,acetohydroxamic-acid
d00221,acetylcysteine
d00222,acyclovir
d00223,lincomycin
d00224,allopurinol
d00225,alprazolam
d00226,amifostine
d00227,aminophylline
d00228,amoxapine
d00229,amoxicillin
d00230,amoxicillin-and-potassium-clavulanate;-amoxicillin-and-clavulanate-potassium
d00231,inamrinone
d00232,anisotropine-methylbromide
d00233,anthralin
d00234,astemizole
d00235,atenolol
d00236,atovaquone
d00237,auranofin
d00238,azathioprine
d00240,aztreonam
d00241,baclofen
d00242,benzonatate
d00243,benzquinamide
d00244,betamethasone
d00245,bisacodyl
d00246,budesonide
d00247,bumetanide
d00248,busulfan
d00249,calcitonin-salmon
d00250,capsaicin
d00251,captopril
d00252,carbamazepine
d00253,carbidopa-hydrate-and-levodopa;-parcopa
d00254,carmustine
d00255,carvedilol
d00256,cefaclor
d00257,cefadroxil
d00258,cefixime
d00259,ceforanide
d00260,cefotetan
d00261,cefprozil
d00262,cefuroxime
d00263,cefalexin
d00264,cephradine
d00265,chloral-hydrate
d00266,chlorambucil
d00267,chlordiazepoxide
d00268,chlormezanone
d00269,chlorotrianisene
d00270,chlorpromazine
d00271,chlorpropamide
d00272,chlorthalidone
d00273,cidofovir
d00274,cisapride
d00275,cisplatin
d00276,clarithromycin
d00277,clindamycin
d00278,clofazimine
d00279,clofibrate
d00280,clonazepam
d00281,clonidine
d00282,clotrimazole
d00283,clozapine
d00284,cosyntropin
d00285,co-trimoxazole
d00286,cyclandelate
d00287,cyclophosphamide
d00288,dacarbazine
d00289,danazol
d00290,demeclocycline-hydrochloride
d00291,desmopressin
d00292,dexamethasone
d00293,diazepam
d00294,diazoxide
d00295,cimetidine
d00296,didanosine
d00297,digitoxin
d00298,digoxin
d00299,dihydrotachysterol
d00300,diphenhydramine
d00301,atropine-sulfate-and-diphenoxylate-hydrochloride;-diphenoxylate-and-atropine;-lomotil
d00302,dipyridamole
d00303,disopyramide
d00304,divalproex-sodium
d00305,docusate-sodium
d00306,dronabinol
d00307,doxycycline
d00308,droperidol
d00309,metoprine
d00310,enoxacin
d00311,estazolam
d00312,estrone-sodium-sulfate;-sodium-estrone-sulfate
d00313,ethacrynic-acid
d00314,etidronate-disodium
d00315,etodolac
d00316,etretinate
d00317,famciclovir
d00318,famotidine
d00319,felodipine
d00320,fentanyl
d00321,finasteride
d00322,fluconazole
d00323,flucytosine
d00324,flunisolide
d00325,fluocinonide
d00326,fluoxetine
d00327,fluoxymesterone
d00328,flurandrenolide
d00329,flurazepam
d00330,flurbiprofen
d00331,furosemide
d00332,gabapentin
d00333,ganciclovir
d00334,gemfibrozil
d00335,glipizide
d00336,glyburide
d00337,guaifenesin
d00338,halazepam
d00339,haloprogin
d00340,hydrochlorothiazide
d00341,hydroxyurea
d00342,idoxuridine
d00343,ifosfamide
d00344,imipenem-and-cilastatin-sodium
d00345,indapamide
d00346,isoniazid
d00347,isosorbide
d00348,isotretinoin
d00349,isradipine
d00350,itraconazole
d00351,ketoconazole
d00352,lactulose
d00353,lamivudine
d00354,lamotrigine
d00355,lansoprazole
d00356,latanoprost
d00357,losartan-potassium
d00358,lidocaine
d00359,lovastatin
d00360,lindane
d00361,liotrix
d00362,lisinopril
d00363,lomustine
d00364,loratadine
d00365,lorazepam
d00366,lypressin
d00367,mazindol
d00368,mebendazole
d00369,melphalan
d00370,temazepam
d00371,theophylline
d00372,thiabendazole
d00373,thioridazine
d00374,thiothixene
d00375,mephenytoin
d00376,meprobamate
d00377,mesalamine
d00378,timolol
d00379,tolazamide
d00380,tolbutamide
d00381,tolnaftate
d00382,torsemide
d00383,trandolapril
d00384,triacetin
d00385,triamcinolone
d00386,triamterene
d00387,triazolam
d00388,triclofos-sodium
d00389,metandienone
d00390,triflupromazine
d00391,trifluridine
d00392,trimethadione
d00393,methenamine
d00394,trimipramine
d00395,troglitazone
d00396,tromethamine
d00397,tropicamide
d00398,valacyclovir-hydrochloride
d00399,valproic-acid
d00400,valsartan
d00401,methimazole
d00402,methocarbamol
d00403,methotrimeprazine
d00404,methsuximide
d00405,methyldopa
d00406,vidarabine
d00407,methylprednisolone
d00408,methyltestosterone
d00409,metronidazole
d00410,metyrapone
d00411,zafirlukast
d00412,zalcitabine
d00413,zidovudine
d00414,zileuton
d00415,zolmitriptan
d00416,miconazole
d00417,milrinone
d00418,minoxidil
d00419,misoprostol
d00420,mitotane
d00421,ramipril
d00422,ranitidine
d00423,ribavirin
d00424,rifabutin
d00425,nabumetone
d00426,risperidone
d00427,ritonavir
d00428,salsalate
d00429,saquinavir
d00430,secobarbital
d00431,metolazone
d00432,nadolol
d00433,"sulfadiazine,-silver"
d00434,simvastatin
d00435,nevirapine
d00436,niclosamide
d00437,nifedipine
d00438,nimodipine
d00439,nitrofurantoin
d00440,nizatidine
d00441,octabenzone
d00442,octreotide
d00443,spironolactone
d00444,stanozolol
d00445,stavudine
d00446,sucralfate
d00447,sulfamethoxazole
d00448,sulfasalazine
d00449,sulfinpyrazone
d00450,sulfisoxazole
d00451,sumatriptan
d00452,suprofen
d00453,ofloxacin
d00454,olanzapine
d00455,omeprazole
d00456,ondansetron
d00457,quazepam
d00458,quetiapine-fumarate
d00459,quinapril-hydrochloride
d00460,oxamniquine
d00461,quinethazone
d00462,oxandrolone
d00463,oxaprozin
d00464,oxazepam
d00465,oxybutynin
d00466,piperacillin-sodium
d00467,pipobroman
d00468,plicamycin
d00469,pralidoxime-chloride
d00470,prazepam
d00471,praziquantel
d00472,prednisolone
d00473,prednisone
d00474,primidone
d00475,probenecid
d00476,probucol
d00477,procainamide-hydrochloride
d00478,procarbazine-hydrochloride
d00479,prochlorperazine-maleate
d00480,promethazine-hydrochloride
d00481,propantheline-bromide
d00482,propoxyphene-hydrochloride
d00483,propranolol-hydrochloride
d00484,protriptyline-hydrochloride
d00485,pseudoephedrine-hydrochloride
d00486,pyrantel-pamoate
d00487,pyridostigmine-bromide
d00488,pyrimethamine
d00489,pyrvinium-pamoate
d00490,oxymetholone
d00491,paclitaxel
d00492,pancuronium-bromide
d00493,prochlorperazine
d00494,promethazine
d00495,paramethadione
d00496,penicillamine
d00497,penicillin-v-potassium
d00498,pentazocine
d00499,pentobarbital
d00500,pentobarbital-sodium
d00501,pentoxifylline
d00502,pergolide-mesylate
d00503,perphenazine
d00504,phenacemide
d00505,phenelzine-sulfate
d00506,phenobarbital
d00507,phenoxybenzamine-hydrochloride
d00508,phensuximide
d00509,phentolamine-mesylate
d00510,phenylbutazone
d00511,phenylephrine-hydrochloride
d00512,phenytoin
d00513,pindolol
d00514,dexmedetomidine
d00515,nitroglycerin
d00516,isosorbide-dinitrate
d00517,amyl-nitrite
d00518,dichlorphenamide
d00519,chlorothiazide
d00520,dimenhydrinate
d00521,terfenadine
d00522,candesartan
d00523,irbesartan
d00524,carbachol
d00525,pilocarpine
d00526,cromolyn-sodium
d00527,nedocromil-sodium
d00528,caffeine
d00529,montelukast-sodium
d00530,zaleplon
d00531,nitrazepam
d00532,glutethimide
d00533,oxcarbazepine
d00534,malathion
d00535,vigabatrin
d00536,felbamate
d00537,topiramate
d00538,zonisamide
d00539,ethosuximide
d00540,glycopyrrolate
d00541,hycanthone
d00542,halothane
d00543,enflurane
d00544,methoxyflurane
d00545,isoflurane
d00546,desflurane
d00547,sevoflurane
d00548,etomidate
d00549,propofol
d00550,midazolam
d00551,tetracaine
d00552,benzocaine
d00553,prilocaine
d00554,ethinyl-estradiol
d00555,amobarbital
d00556,aminopyrine
d00557,methaqualone
d00558,carbidopa
d00559,pramipexole-dihydrochloride
d00560,pimozide
d00561,sertindole
d00562,propylthiouracil
d00563,mirtazapine
d00564,warfarin-sodium
d00565,fenofibrate
d00566,sodium-salicylate
d00567,celecoxib
d00568,rofecoxib
d00569,phenacetin
d00570,colchicine
d00571,edetate-calcium-disodium-anhydrous
d00572,succimer
d00573,goserelin-acetate
d00574,aminoglutethimide
d00575,mestranol
d00576,quinestrol
d00577,diethylstilbestrol
d00578,voriconazole
d00579,foscarnet-sodium
d00580,sulfadoxine
d00581,iodoquinol
d00582,sodium-stibogluconate
d00583,thiotepa
d00584,fluorouracil
d00585,mifepristone
d00586,flutamide
d00587,sulfadiazine
d00588,levofloxacin
d00589,gatifloxacin
d00590,sparfloxacin
d00591,ethionamide
d00592,dapsone
d00593,glimepiride
d00594,repaglinide
d00595,buformin
d00596,rosiglitazone-maleate
d00597,acebutolol-hydrochloride
d00598,betaxolol-hydrochloride
d00599,carteolol-hydrochloride
d00600,labetalol-hydrochloride
d00601,metoprolol-tartrate
d00602,penbutolol-sulfate
d00603,timolol-maleate
d00604,clonidine-hydrochloride
d00605,guanabenz-acetate
d00606,guanfacine-hydrochloride
d00607,guanadrel-sulfate
d00608,doxazosin-mesylate
d00609,prazosin-hydrochloride
d00610,terazosin-hydrochloride
d00611,mecamylamine-hydrochloride
d00612,trimetaphan-camsilate
d00613,fenoldopam-mesylate
d00614,sodium-nitroprusside
d00615,amlodipine-besylate
d00616,diltiazem-hydrochloride
d00617,nicardipine-hydrochloride
d00618,nisoldipine
d00619,verapamil-hydrochloride
d00620,benazepril-hydrochloride
d00621,enalapril-maleate
d00622,fosinopril-sodium
d00623,moexipril-hydrochloride
d00624,perindopril-erbumine
d00625,miglitol
d00626,candesartan-cilexetil
d00627,telmisartan
d00628,secalciferol
d00629,nitrendipine
d00630,isosorbide-mononitrate
d00631,bepridil-hydrochloride
d00632,dobutamine-hydrochloride
d00633,dopamine-hydrochloride
d00634,bisoprolol-fumarate
d00635,metoprolol-succinate
d00636,amiodarone-hydrochloride
d00637,disopyramide-phosphate
d00638,flecainide-acetate
d00639,mexiletine-hydrochloride
d00640,propafenone-hydrochloride
d00641,quinfamide
d00642,quinidine-gluconate
d00643,quinidine-polygalacturonate;-cardioquin
d00644,esmolol-hydrochloride
d00645,bretylium-tosylate
d00646,tolterodine
d00647,dofetilide
d00648,ibutilide-fumarate
d00649,amiloride-hydrochloride
d00650,bendroflumethiazide
d00651,benzthiazide
d00652,brinzolamide
d00653,dorzolamide-hydrochloride
d00654,hydroflumethiazide
d00655,methazolamide
d00656,methyclothiazide
d00657,polythiazide
d00658,trichlormethiazide
d00659,azelastine-hydrochloride
d00660,tazobactam
d00661,cevimeline-hydrochloride
d00662,azatadine-maleate
d00663,brompheniramine-maleate
d00664,cetirizine-hydrochloride
d00665,chlorpheniramine-maleate
d00666,clemastine-fumarate
d00667,demecarium-bromide
d00668,dexchlorpheniramine-maleate
d00669,diphenhydramine-hydrochloride
d00670,donepezil-hydrochloride
d00671,fexofenadine-hydrochloride
d00672,hydroxyzine-hydrochloride
d00673,ranitidine-hydrochloride
d00674,naratriptan-hydrochloride
d00675,rizatriptan-benzoate
d00676,sumatriptan-succinate
d00677,granisetron-hydrochloride
d00678,ondansetron-hydrochloride-hydrate
d00679,ergotamine-tartrate
d00680,methylergonovine-maleate
d00681,methysergide-maleate
d00682,carboprost-tromethamine
d00683,albuterol-sulfate
d00684,bitolterol-mesylate
d00685,metaproterenol-sulfate
d00686,pirbuterol-acetate
d00687,salmeterol-xinafoate
d00688,terbutaline-sulfate
d00689,beclomethasone-dipropionate
d00690,mometasone-furoate
d00691,dyphylline
d00693,chlordiazepoxide-hydrochloride
d00694,clorazepate-dipotassium
d00695,flurazepam-hydrochloride
d00696,midazolam-hydrochloride
d00697,flumazenil
d00698,aprobarbital
d00699,butabarbital-sodium
d00700,mephobarbital
d00701,phenobarbital-sodium
d00702,buspirone-hydrochloride
d00703,ethinamate
d00704,ethchlorvynol
d00705,paraldehyde
d00706,zolpidem-tartrate
d00707,fomepizole
d00708,ethotoin
d00709,levetiracetam
d00710,valproate-sodium
d00711,ketamine-hydrochloride
d00712,methohexital-sodium
d00713,thiamylal-sodium
d00714,thiopental-sodium
d00715,methscopolamine-bromide
d00716,clidinium-bromide
d00717,dicyclomine-hydrochloride
d00718,flavoxate-hydrochloride
d00719,hyoscyamine-sulfate
d00720,mepenzolate-bromide
d00721,methanthelinium-bromide
d00722,oxybutynin-chloride
d00723,tridihexethyl-chloride
d00724,rabeprazole-sodium
d00725,dolasetron-mesylate
d00726,metoclopramide
d00727,olsalazine-sodium
d00728,bismuth-subsalicylate
d00729,loperamide-hydrochloride
d00730,butamben
d00731,magnesium-hydroxide
d00732,chloroprocaine-hydrochloride
d00733,dibucaine
d00734,ursodiol
d00735,dyclonine-hydrochloride
d00736,trientine-hydrochloride
d00737,etidocaine-hydrochloride;-duranest
d00738,mepivacaine-hydrochloride
d00739,pramoxine-hydrochloride
d00740,procaine-hydrochloride
d00741,tetracaine-hydrochloride
d00742,etanercept
d00743,naphazoline-hydrochloride
d00744,pemoline
d00745,interferon-alfa-2a
d00746,interferon-beta-1b
d00747,interferon-gamma-1b
d00748,aldesleukin
d00749,leflunomide
d00750,levamisole-hydrochloride
d00751,methylprednisolone-sodium-succinate
d00752,mycophenolate-mofetil
d00753,sirolimus
d00754,thalidomide
d00755,phenyramidol-hydrochloride
d00756,tetrahydrozoline-nitrate
d00757,xylometazoline-hydrochloride
d00758,atracurium-besylate
d00759,cisatracurium-besylate
d00760,doxacurium-chloride
d00761,metocurine-iodide
d00762,metyrosine
d00763,mivacurium-chloride
d00764,pipecuronium-bromide
d00765,rocuronium-bromide
d00766,succinylcholine-chloride
d00767,vecuronium-bromide
d00768,carisoprodol
d00769,clopidogrel-bisulfate
d00770,chlorphenesin-carbamate
d00771,chlorzoxazone
d00772,cyclobenzaprine-hydrochloride
d00773,metaxalone
d00774,orphenadrine-citrate
d00775,riluzole
d00776,tizanidine-hydrochloride
d00777,amantadine-hydrochloride
d00778,benztropine-mesylate
d00779,biperiden
d00780,bromocriptine-mesylate
d00781,entacapone
d00782,procyclidine-hydrochloride
d00783,botulinum-toxin-type-a
d00784,ropinirole-hydrochloride
d00785,selegiline-hydrochloride
d00786,tolcapone
d00787,trihexyphenidyl-hydrochloride
d00788,acetophenazine-maleate
d00789,chlorpromazine-hydrochloride
d00790,chlorprothixene
d00791,fluphenazine-hydrochloride
d00792,fluphenazine-enanthate
d00793,fluphenazine-decanoate
d00794,loxapine-succinate
d00795,mesoridazine-besylate
d00796,molindone-hydrochloride
d00797,promazine-hydrochloride
d00798,thioridazine-hydrochloride
d00799,trifluoperazine-hydrochloride
d00800,triflupromazine-hydrochloride
d00801,lithium-carbonate
d00802,bithionol
d00803,diethylcarbamazine-citrate
d00804,ivermectin
d00805,metrifonate
d00806,oxantel-pamoate
d00807,piperazine
d00808,suramin-hexasodium
d00809,amitriptyline-hydrochloride
d00810,choline-salicylate
d00811,clomipramine-hydrochloride
d00812,desipramine-hydrochloride
d00813,ketorolac-tromethamine
d00814,doxepin-hydrochloride
d00815,imipramine-hydrochloride
d00816,nortriptyline-hydrochloride
d00817,bupropion-hydrochloride
d00818,maprotiline-hydrochloride
d00819,nefazodone-hydrochloride
d00820,trazodone-hydrochloride
d00821,venlafaxine-hydrochloride
d00822,citalopram-hydrobromide
d00823,fluoxetine-hydrochloride
d00824,fluvoxamine-maleate
d00825,sertraline-hydrochloride
d00826,tranylcypromine-sulfate
d00827,magnesium-salicylate
d00828,dehydroemetine
d00829,eflornithine-hydrochloride
d00830,furazolidone
d00831,mefloquine-hydrochloride
d00832,melarsoprol
d00833,nifurtimox
d00834,pentamidine-isethionate
d00835,alfentanil-hydrochloride
d00836,buprenorphine-hydrochloride
d00837,butorphanol-tartrate
d00838,dezocine
d00839,hydromorphone-hydrochloride
d00840,levomethadyl-acetate-hydrochloride
d00841,levorphanol-tartrate
d00842,morphine-sulfate
d00843,nalbuphine-hydrochloride
d00844,oxymorphone-hydrochloride
d00845,sufentanil-citrate
d00846,hydrocodone-bitartrate-and-acetaminophen;-hydrocodone-bitartrate-and-paracetamol;-vicodin
d00847,oxycodone-hydrochloride
d00848,dextromethorphan-hydrobromide
d00849,methacycline-hydrochloride
d00850,minocycline-hydrochloride
d00851,erythromycin-estolate
d00852,quinupristin
d00853,dalfopristin
d00854,quinupristin-and-dalfopristin;-synercid
d00855,methenamine-hippurate
d00856,methenamine-mandelate
d00857,benzalkonium-chloride
d00858,chlorhexidine-gluconate
d00859,hexachlorophene
d00860,iodine-potassium-iodide;-lugol's-solution
d00861,mercurochrome
d00862,nitrofurazone
d00863,povidone-iodine
d00864,thimerosal
d00865,amikacin-sulfate
d00866,kanamycin-sulfate
d00867,netilmicin-sulfate
d00868,paromomycin-sulfate
d00869,spectinomycin-hydrochloride
d00870,sulfamethizole
d00871,sulfacetamide-sodium
d00872,cinoxacin
d00873,lomefloxacin-hydrochloride
d00874,moxifloxacin-hydrochloride
d00875,aminosalicylate-sodium
d00877,cycloserine
d00878,ethambutol-hydrochloride
d00879,rifapentine
d00880,butoconazole-nitrate
d00881,econazole-nitrate
d00882,miconazole-nitrate
d00883,naftifine-hydrochloride
d00884,natamycin
d00885,oxiconazole-nitrate
d00886,sulconazole-nitrate
d00887,atorvastatin-calcium-anhydorous;-lipitor
d00888,terconazole
d00889,cerivastatin-sodium
d00890,tioconazole
d00891,abacavir-sulfate
d00892,fluvastatin-sodium
d00893,pravastatin-sodium
d00894,amprenavir
d00895,delavirdine-mesylate
d00896,efavirenz
d00897,indinavir-sulfate
d00898,dienestrol
d00899,nelfinavir-mesylate
d00900,oseltamivir-phosphate
d00901,rimantadine-hydrochloride
d00902,zanamivir
d00903,diclofenac-potassium
d00904,diclofenac-sodium
d00905,cefazolin-sodium
d00906,cephalexin
d00907,cephalothin-sodium
d00908,cephapirin-sodium
d00909,cefamandole-nafate
d00910,cefmetazole
d00911,cefmetazole-sodium
d00912,cefonicid-sodium
d00913,cefoxitin-sodium
d00914,cefuroxime-axetil
d00915,cefuroxime-sodium
d00916,loracarbef
d00917,cefdinir
d00918,cefoperazone-sodium
d00919,cefotaxime-sodium
d00920,cefpodoxime-proxetil
d00921,ceftazidime
d00922,ceftibuten
d00923,ceftizoxime-sodium
d00924,ceftriaxone-sodium
d00925,fosfomycin-tromethamine
d00926,vancomycin-hydrochloride
d00927,bacampicillin-hydrochloride
d00928,nafcillin-sodium
d00929,oxacillin-sodium
d00930,paricalcitol
d00931,calcium-acetate
d00932,calcium-carbonate
d00933,calcium-citrate
d00934,calcium-gluceptate
d00935,calcium-gluconate
d00936,calcium-lactate
d00937,"calcium-phosphate,-dihydrate,-dibasic"
d00938,tricalcium-phosphate;-posture
d00939,alendronate-sodium
d00940,gallium-nitrate
d00941,pamidronate-disodium
d00942,risedronate-sodium
d00943,sodium-fluoride
d00944,metformin-hydrochloride
d00945,pioglitazone-hydrochloride
d00946,diethylstilbestrol-diphosphate
d00947,linezolid
d00948,estropipate
d00949,hydroxyprogesterone-caproate
d00950,levonorgestrel
d00951,medroxyprogesterone-acetate
d00952,megestrol-acetate
d00953,norethindrone-acetate
d00954,norgestrel
d00955,nandrolone-decanoate
d00956,nandrolone-phenpropionate
d00957,testosterone-cypionate
d00958,testosterone-enanthate
d00959,testosterone-propionate
d00960,anastrozole
d00961,bicalutamide
d00962,clomiphene-citrate
d00963,exemestane
d00964,letrozole
d00965,nilutamide
d00966,tamoxifen-citrate
d00967,toremifene-citrate
d00968,fenoprofen-calcium
d00969,meloxicam
d00970,naproxen-sodium
d00971,sodium-thiosalicylate;-thiosalicylic-acid-sodium-salt;-rexolate
d00972,betamethasone-sodium-phosphate
d00973,cortisone-acetate
d00974,deximafen
d00975,dexamethasone-sodium-phosphate
d00976,hydrocortisone-cypionate
d00977,hydrocortisone-sodium-phosphate
d00978,hydrocortisone-sodium-succinate
d00979,methylprednisolone-acetate
d00980,prednisolone-acetate
d00981,prednisolone-sodium-phosphate
d00982,prednisolone-tebutate
d00983,triamcinolone-acetonide
d00984,triamcinolone-diacetate
d00985,triamcinolone-hexacetonide
d00986,fludrocortisone-acetate
d00987,cabergoline
d00988,gonadorelin-hydrochloride
d00989,leuprolide-acetate
d00990,nafarelin-acetate
d00991,aurothioglucose
d00992,gold-sodium-thiomalate
d00993,meclofenoxate
d00994,edrophonium-chloride
d00995,neostigmine-bromide
d00996,epinephrine-hydrochloride
d00997,tolazoline-hydrochloride
d00998,neostigmine-methylsulfate
d00999,acetylcholine-chloride
d01000,bethanechol-chloride
d01001,ambenonium-chloride
d01002,cyclopentolate-hydrochloride
d01003,hexocyclium-metilsulfate
d01004,homatropine-hydrobromide
d01005,isopropamide-iodide
d01006,oxyphencyclimine-hydrochloride
d01007,propiverine-hydrochloride
d01008,apraclonidine-hydrochloride
d01009,doxercalciferol
d01010,levothyroxine-sodium
d01011,liothyronine-sodium
d01012,dried-thyroid
d01013,diatrizoate-sodium
d01014,iopanoic-acid
d01015,ipodate-sodium
d01016,potassium-iodide
d01017,dipivefrin-hydrochloride
d01018,mephentermine-sulfate;-wyamine-sulfate
d01019,metaraminol-bitartrate
d01020,methoxamine-hydrochloride
d01021,naphazoline-nitrate
d01022,oxymetazoline-hydrochloride
d01023,tetrahydrozoline-hydrochloride
d01024,tamsulosin-hydrochloride
d01025,levobunolol-hydrochloride
d01026,sotalol-hydrochloride
d01027,hydroxocobalamin
d01028,ticlopidine-hydrochloride
d01029,tirofiban-hydrochloride
d01030,saffron
d01031,helenien
d01032,agar
d01033,tragacanth
d01034,trioxsalen
d01035,cepharanthine
d01036,noscapine
d01037,"1,4-dimethyl-7-isopropylazulene"
d01038,hesperidin
d01039,thymol
d01040,bergenin
d01041,sparteine
d01042,fipronil
d01043,dimethyl-sulfoxide
d01044,flupentixol
d01045,sodium-lauryl-sulfate
d01046,gentian-violet
d01047,sulfathiazole
d01048,panipenem
d01049,nimesulide
d01050,nifuratel
d01051,spiperone
d01052,cefozopran
d01053,penicillin-g-potassium
d01054,cefluprenam
d01055,emivirine
d01056,benzbromarone
d01057,biapenem
d01058,lenapenem-hydrochloride-hydrate
d01059,nimustine-hydrochloride
d01060,technetium-tc-99m-sestamibi
d01061,irinotecan-hydrochloride
d01062,cetylpyridinium-chloride
d01063,gentamicin-sulfate
d01064,raltitrexed
d01065,ubidecarenone
d01066,polymyxin-b-sulfate
d01067,polysorbate-80
d01068,vinblastine-sulfate
d01069,cilazapril
d01070,candoxatril
d01071,hexobarbital
d01072,chloramphenicol-palmitate
d01073,clindamycin-phosphate
d01074,hetacillin
d01075,cephaloridine
d01076,mupirocin
d01077,methylatropine-nitrate
d01078,telithromycin
d01079,tigecycline
d01080,daptomycin
d01081,zinc-sulfate-hydrate
d01082,calcium-pantothenate
d01083,calcium-hydroxide
d01084,talc
d01085,saccharin
d01086,ethyl-vanillin
d01087,methyl-salicylate
d01088,pemirolast-potassium
d01089,boric-acid
d01090,pamicogrel
d01091,sodium-thiosulfate
d01092,lanoconazole
d01093,butenafine-hydrochloride
d01094,pyrrolnitrin
d01095,tribenoside
d01096,hydroxyzine-pamoate
d01097,lazabemide-hydrochloride
d01098,maxacalcitol
d01099,iocarmic-acid
d01100,pirenoxine
d01101,bromperidol
d01102,esonarimod
d01103,trospium-chloride
d01104,barnidipine-hydrochloride
d01105,moperone-hydrochloride
d01106,eprazinone-hydrochloride
d01107,milnacipran-hydrochloride
d01108,magnesium-sulfate
d01109,exametazime
d01110,melitracen-hydrochloride
d01111,nateglinide
d01112,adapalene
d01113,loxiglumide
d01114,ethylenediamine
d01115,eplerenone
d01116,bucetin
d01117,mizolastine
d01118,profenamine-hydrochloride
d01119,temocapril-hydrochloride
d01120,glutaral
d01121,rebamipide
d01122,ibuprofen-piconol
d01123,seratrodast
d01124,zinc-undecylenate
d01125,calcipotriene
d01126,arginine-hydrochloride
d01127,sulfatolamide
d01128,ramatroban
d01129,doramectin
d01130,thiethylperazine-maleate
d01131,lafutidine
d01132,tazarotene
d01133,pimobendan
d01134,epristeride
d01135,efloxate
d01136,tranexamic-acid
d01137,gadoteridol
d01138,benzyl-benzoate
d01139,ammonium-chloride
d01140,benzethonium-chloride
d01141,sulfamonomethoxine
d01142,sulfadimethoxine
d01143,isothipendyl-hydrochloride
d01144,prulifloxacin
d01145,azelnidipine
d01146,iguratimod
d01147,nadifloxacin
d01148,tolterodine-tartrate
d01149,oxabolone-cipionate
d01150,methyprylon
d01151,lemildipine
d01152,oxethazaine
d01153,pazufloxacin
d01154,potassium-acetate
d01155,gemcitabine-hydrochloride
d01156,amelometasone
d01157,cefepime-hydrochloride
d01158,furazabol
d01159,gestonorone-caproate
d01160,saquinavir-mesylate
d01161,fulvestrant
d01162,verteporfin
d01163,ergonovine-maleate
d01164,aripiprazole
d01165,piperidolate-hydrochloride
d01166,mafenide-acetate
d01167,magnesium-oxide
d01168,potassium-hydroxide
d01169,sodium-hydroxide
d01170,zinc-oxide
d01171,monatepil-maleate
d01172,diphenylpyraline-hydrochloride
d01173,cilnidipine
d01174,pheniramine-maleate
d01175,carpronium-chloride
d01176,blonanserin
d01177,remifentanil-hydrochloride
d01178,phenethicillin-potassium
d01179,duloxetine-hydrochloride
d01180,trilostane
d01181,iobitridol
d01182,alprenolol-hydrochloride
d01183,tolfenamic-acid
d01184,octotiamine
d01185,protizinic-acid
d01186,deferoxamine-mesylate
d01187,betazole-hydrochloride
d01188,pimilprost
d01189,metiazinic-acid
d01190,ethylphenacemide
d01191,bisoxatin-acetate
d01192,olopatadine-hydrochloride
d01193,osutidine
d01194,ferrous-fumarate
d01195,prothionamide
d01196,acetazolamide-sodium
d01197,bencyclane-fumarate
d01198,toborinone
d01199,emtricitabine
d01200,phenolsulfonphthalein
d01201,tiemonium-iodide
d01202,melinamide
d01203,sodium-bicarbonate
d01204,olmesartan-medoxomil
d01205,dexmedetomidine-hydrochloride
d01206,febuxostat
d01207,omeprazole-sodium
d01208,aluminum-clofibrate
d01209,novobiocin-sodium
d01210,glybuzole
d01211,leucovorin-calcium
d01212,simfibrate
d01213,tolvaptan
d01214,tobicillin
d01215,alcuronium-chloride
d01216,sulfalene
d01217,dydrogesterone
d01218,fezatione
d01219,oxypertine
d01220,trapidil
d01221,gamma-oryzanol
d01222,citric-acid-monohydrate
d01223,capecitabine
d01224,phenylpropanolamine-hydrochloride
d01225,cocarboxylase
d01226,sulpiride
d01227,bosentan
d01228,distigmine-bromide
d01229,paramethasone-acetate
d01230,flunitrazepam
d01231,piroheptine-hydrochloride
d01232,nicametate-citrate
d01233,oxyfedrine-hydrochloride
d01234,pantethine
d01235,josamycin
d01236,conivaptan-hydrochloride
d01237,amogastrin
d01238,bucladesine-sodium
d01239,prednisolone-sodium-succinate
d01240,deslanoside
d01241,penflutizide
d01242,promethazine-teoclate
d01243,prilocaine-hydrochloride
d01244,tegafur
d01245,bromazepam
d01246,benzylhydrochlorothiazide
d01247,ethiazide
d01248,acrinol-hydrate
d01249,flucloxacillin-sodium
d01250,berberine-chloride-hydrate
d01251,ampicillin-hydrate
d01252,alclofenac
d01253,clobazam
d01254,tofisopam
d01255,benfotiamine
d01256,cyclothiazide
d01257,siccanin
d01258,iothalamic-acid
d01259,flopropione
d01260,pentoxyverine-citrate
d01261,fluorescein
d01262,cephacetrile-sodium
d01263,ritodrine-hydrochloride
d01264,daunorubicin-hydrochloride
d01265,epitiostanol
d01266,difluprednate
d01267,floctafenine
d01268,cloxazolam
d01269,solifenacin-succinate
d01270,carboquone
d01271,bufexamac
d01272,clobetasol-propionate
d01273,clobetasone-butyrate
d01274,tesaglitazar
d01275,doxorubicin-hydrochloride
d01276,atazanavir-sulfate
d01277,droxidopa
d01278,oxazolam
d01279,flutoprazepam
d01280,warfarin-potassium
d01281,cyclofenil
d01282,ethamsylate
d01283,carbenicillin-indanyl-sodium
d01284,bisbentiamine
d01285,lofepramine-hydrochloride
d01286,flutazolam
d01287,levobupivacaine-hydrochloride
d01288,dimefline-hydrochloride
d01289,suxibuzone
d01290,nicergoline
d01291,nicomol
d01292,medazepam
d01293,ethyl-loflazepate
d01294,ethynodiol-diacetate
d01295,cinnarizine
d01296,methylphenidate-hydrochloride
d01297,pirenzepine-hydrochloride
d01298,potassium-gluconate
d01299,chlormadinone-acetate
d01300,clinofibrate
d01301,methenolone-enanthate
d01302,hydralazine-hydrochloride
d01303,flunarizine-hydrochloride
d01304,amezinium-metilsulfate
d01305,feprazone
d01306,troxipide
d01307,midodrine-hydrochloride
d01308,halcinonide
d01309,doxifluridine
d01310,secobarbital-sodium
d01311,metrizamide
d01312,iodoxamic-acid
d01313,iobenzamic-acid
d01314,dibenzepin-hydrochloride
d01315,methylbenactyzium-bromide
d01316,mexazolam
d01317,meclizine-hydrochloride
d01318,diphenidol-hydrochloride
d01319,bisibuthiamine
d01320,molsidomine
d01321,zotepine
d01322,troleandomycin
d01323,azosemide
d01324,mequitazine
d01325,tiaprofenic-acid
d01326,aprindine-hydrochloride
d01327,diflorasone-diacetate
d01328,clotiazepam
d01329,oxendolone
d01330,clidanac
d01331,betamipron
d01332,ketotifen-fumarate
d01333,urapidil
d01334,cyclacillin
d01335,dibenzthion
d01336,carbinoxamine-maleate
d01337,epoprostenol-sodium
d01338,ipriflavone
d01339,midecamycin
d01340,naloxone-hydrochloride
d01341,tiaramide-hydrochloride
d01342,indocyanine-green
d01343,dimethindene-maleate
d01344,fenbufen
d01345,chlorhexidine-hydrochloride
d01346,bentiromide
d01347,tramazoline-hydrochloride
d01348,terguride
d01349,pirbuterol-hydrochloride
d01350,streptomycin-sulfate
d01351,glafenine
d01352,dinoprost-tromethamine
d01353,emorfazone
d01354,fludiazepam
d01355,tramadol-hydrochloride
d01356,glymidine-sodium
d01357,betamethasone-valerate
d01358,mianserin-hydrochloride
d01359,etomidoline
d01360,clenbuterol-hydrochloride
d01361,erythromycin-ethylsuccinate
d01362,tulobuterol-hydrochloride
d01363,carboplatin
d01364,ciclopirox-olamine
d01365,trepibutone
d01366,bezafibrate
d01367,fluorometholone
d01368,cyproterone-acetate
d01369,bevantolol-hydrochloride
d01370,cladribine
d01371,vinpocetine
d01372,zopiclone
d01373,formoterol-fumarate
d01374,allylestrenol
d01375,methenolone-acetate
d01376,iodamide
d01377,prifinium-bromide
d01378,bufogenin
d01379,proscillaridin
d01380,isopropylantipyrine
d01381,crotamiton
d01382,metharbital
d01383,meperidine-hydrochloride
d01384,tolciclate
d01385,ibudilast
d01386,ephedrine-hydrochloride
d01387,amcinonide
d01388,iotroxic-acid
d01389,chlophedianol-hydrochloride
d01390,isoproterenol-hydrochloride
d01391,bromovalerylurea
d01392,mizoribine
d01393,piperazine-phosphate
d01394,epirizole
d01395,actarit
d01396,pyridinol-carbamate
d01397,ampiroxicam
d01398,bismuth-subgallate
d01399,fentanyl-citrate
d01400,methyl-parahydroxybenzoate
d01401,cefpirome-sulfate
d01402,betamethasone-acetate
d01403,phenolsulfonic-acid
d01404,sobuzoxane
d01405,norfenefrine-hydrochloride
d01406,tocopherol-calcium-succinate
d01407,thiamphenicol
d01408,flurazepam-hydrochloride
d01409,acetylpheneturide
d01410,benzydamine-hydrochloride
d01411,lefetamine-hydrochloride
d01412,perazine-maleate
d01413,estradiol-valerate
d01414,ethylestrenol
d01415,cefotiam-hexetil-hydrochloride
d01416,nedaplatin
d01417,meprylcaine-hydrochloride
d01418,tamibarotene
d01419,benzyl-nicotinate
d01420,butyl-parahydroxybenzoate
d01421,aminohippurate-sodium
d01422,propyl-parahydroxybenzoate
d01423,suplatast-tosilate
d01424,aluminum-lactate
d01425,lopinavir
d01426,tinidazole
d01427,benproperine-phosphate
d01428,fenoterol-hydrobromide
d01429,fosfluconazole
d01430,tiopronin
d01431,piromidic-acid
d01432,exatecan-mesylate
d01433,trans-pi-oxocamphor
d01434,deprodone-propionate
d01435,ethoheptazine-citrate
d01436,clorexolone
d01437,nifenazone
d01438,perlapine
d01439,perisoxal-citrate
d01440,etafenone-hydrochloride
d01441,imatinib-mesylate
d01442,hydrocortisone-succinate
d01443,decanohydroxamic-acid
d01444,bunitrolol-hydrochloride
d01445,ifenprodil-tartrate
d01446,magnesium-carbonate
d01447,thioproperazine-mesilate
d01448,trifluoperazine-maleate
d01449,carpipramine-maleate
d01450,bupivacaine-hydrochloride
d01451,scopolamine-butylbromide
d01452,isopropyl-unoprostone
d01453,caffeine-hydrate
d01454,bupranolol-hydrochloride
d01455,cifenline-succinate
d01456,tetragastrin
d01457,cycotiamine-hydrochloride
d01458,variotin
d01459,mesna
d01460,homochlorcyclizine-hydrochloride
d01461,bolandiol-dipropionate
d01462,lisuride-maleate
d01463,diponium-bromide
d01464,flumethasone-pivalate
d01465,nizofenone-fumarate
d01466,ethenzamide
d01467,roxatidine-acetate-hydrochloride
d01468,nemonapride
d01469,amosulalol-hydrochloride
d01470,phenylpropanol
d01471,esatenolol
d01472,tacalcitol-hydrate
d01473,flomoxef-sodium
d01474,iodixanol
d01475,flurbiprofen-axetil
d01476,nandrolone-cyclohexylpropionate
d01477,opipramol-hydrochloride
d01478,ebastine
d01479,ambroxol-hydrochloride
d01480,isoconazole-nitrate
d01481,dihydrocodeine-phosphate
d01482,pipamperone-hydrochloride
d01483,fominoben-hydrochloride
d01484,tinoridine-hydrochloride
d01485,propericiazine
d01486,rolitetracycline-nitrate
d01487,spiclomazine-hydrochloride
d01488,calcium-glycerophosphate
d01489,sulbenicillin-sodium
d01490,isoaminile-citrate
d01491,butropium-bromide
d01492,bucumolol-hydrochloride
d01493,nitrogen-mustard-n-oxide-hydrochloride
d01494,paraformaldehyde
d01495,tipepidine-hibenzate
d01496,oxymetebanol
d01497,improsulfan-tosilate
d01498,butoctamide-semisuccinate
d01499,pivmecillinam-hydrochloride
d01500,trimebutine-maleate
d01501,isoniazid-calcium-pyruvinate
d01502,silver-diammine-fluoride
d01503,antimony-sodium-tartrate
d01504,bufetolol-hydrochloride
d01505,talipexole-hydrochloride
d01506,dimemorfan-phosphate
d01507,tolperisone-hydrochloride
d01508,phenylacetylglycine-dimethylamide
d01509,bisdequalinium-diacetate
d01510,dexamethasone-metasulfobenzoate-sodium
d01511,d.d-t-cyphenothrin
d01512,befunolol-hydrochloride
d01513,alminoprofen
d01514,etizolam
d01515,iproheptine-hydrochloride
d01516,tretinoin-tocoferil
d01517,ceftezole-sodium
d01518,alfacalcidol
d01519,ethyl-piperidinoacetylaminobenzoate
d01520,levomepromazine-hydrochloride
d01521,pipethanate-hydrochloride
d01522,tiapride-hydrochloride
d01523,arbekacin-sulfate
d01524,alloclamide-hydrochloride
d01525,carbazochrome-sodium-sulfonate-hydrate
d01526,sulfisomidine
d01527,epidihydrocholesterin
d01528,cefroxadine
d01529,gefarnate
d01530,tocopherol-nicotinate
d01531,pipemidic-acid-hydrate
d01532,bevonium-methylsulfate
d01533,mestanolone
d01534,dromostanolone-propionate
d01535,sizofiran
d01536,hypromellose-phthtalate
d01537,xaliproden-hydrochloride
d01538,valethamate-bromide
d01539,laureth-4
d01540,dimeticone
d01541,cellacefate
d01542,polyoxyl-8-stearate
d01543,nylidrin-hydrochloride
d01544,carboxymethylcellulose-sodium
d01545,aceclofenac
d01546,dothiepin-hydrochloride
d01547,zaltoprofen
d01548,mosapramine-hydrochloride
d01549,imidapril-hydrochloride
d01550,liranaftate
d01551,beraprost-sodium
d01552,edaravone
d01553,manidipine-hydrochloride
d01554,pilsicainide-hydrochloride-hydrate
d01555,ioversol
d01556,trimethylcetylammonium-pentachlorophenate
d01557,glycol-salicylate
d01558,1-naphthylacetic-acid
d01559,ethyl-l-cysteine-hydrochloride
d01560,carumonam-sodium
d01561,potassium-bitartrate
d01562,aranidipine
d01563,indigotindisulfonate-sodium
d01564,rilmazafone-hydrochloride-hydrate
d01565,indometacin-farnesil
d01566,gusperimus-trihydrochloride
d01567,ketophenylbutazone
d01568,cefpimizole-sodium
d01569,cloperastine-fendizoate
d01570,iofetamine-hydrochloride-i-123
d01571,moxisylyte-hydrochloride
d01572,pralidoxime-iodide
d01573,etilefrine-hydrochloride
d01574,methyl-l-cysteine-hydrochloride
d01575,dequalinium-chloride
d01576,oxeladin-citrate
d01577,bronopol
d01578,pranoprofen
d01579,osalmid
d01580,lynestrenol
d01581,flufenamic-acid
d01582,acemetacin
d01583,pirfenidone
d01584,anetholtrithion
d01585,exalamide
d01586,diethylaminoethyl-diphenylhydroxypropionate-hydrochloride
d01587,tricaprilin
d01588,domiphen-bromide
d01589,mabuterol-hydrochloride
d01590,ethyl-linoleate
d01591,ethyl-4-nitrophenyl-ethylphosphonate
d01592,betahistine-mesilate
d01593,nimetazepam
d01594,bendazac
d01595,phenyliodoundecynoate
d01596,oxytetracycline-hydrochloride
d01597,clothiapine
d01598,calcium-l-aspartate-hydrate
d01599,gliclazide
d01600,diphenylpiperidinomethyldioxolan-iodide
d01601,acetylsulfamethoxazole
d01602,mepitiostane
d01603,bethanidine-sulfate
d01604,efonidipine-hydrochloride-ethanolate
d01605,meticrane
d01606,trimetazidine-hydrochloride
d01607,dimorpholamine
d01608,clobutinol-hydrochloride
d01609,cloperastine-hydrochloride
d01610,potassium-guaiacolsulfonate
d01611,polaprezinc
d01612,sodium-picosulfate-hydrate
d01613,azasetron-hydrochloride
d01614,acetylkitasamycin
d01615,dexamethasone-palmitate
d01616,sodium-prasterone-sulfate-hydrate
d01617,estradiol-dipropionate
d01618,neomycin-sulfate
d01619,hydrocortisone-butyrate
d01620,neticonazole-hydrochloride
d01621,retinol-acetate
d01622,riboflavin-sodium-phosphate
d01623,ferrotrenine
d01624,sarpogrelate-hydrochloride
d01625,sodium-glucuronate-hydrate
d01626,propagermanium
d01627,diphenylpyraline-teoclate
d01628,cefditoren-pivoxil
d01629,cefetamet-pivoxil-hydrochloride
d01630,propentofylline
d01631,pentagastrin
d01632,dexamethasone-dipropionate
d01633,enocitabine
d01634,piretanide
d01635,methoxyphenamine-hydrochloride
d01636,midecamycin-acetate
d01637,betamethasone-dipropionate
d01638,afloqualone
d01639,tibolone
d01640,tocamphyl
d01641,hexestrol
d01642,bismuth-subnitrate
d01643,aluminoparaaminosalicylate-calcium-hydrate
d01644,ferric-ammonium-citrate
d01645,gadodiamide-hydrate
d01646,gadoversetamide
d01647,ethyl-parahydroxybenzoate
d01648,hyoscyamine-methylbromide
d01649,propicillin-potassium
d01650,proxazole-citrate
d01651,ancitabine-hydrochloride
d01652,apafant
d01653,benserazide-hydrochloride
d01654,bepotastine-besylate
d01655,adefovir-dipivoxil
d01656,brovincamine-fumarate
d01657,lormetazepam
d01658,irsogladine-maleate
d01659,syrosingopine
d01660,aceglutamide-aluminum
d01661,bucolome
d01662,falecalcitriol
d01663,quinine-ethylcarbonate
d01664,omoconazole-nitrate
d01665,voglibose
d01666,bropirimine
d01667,delapril-hydrochloride
d01668,sultamicillin-tosilate-hydrate
d01669,tazanolast
d01670,nafamostat-mesylate
d01671,eperisone-hydrochloride
d01672,gabexate-mesilate
d01673,bamethan-sulfate
d01674,naftopidil
d01675,felbinac
d01676,acetomenaphtone
d01677,beta-butoxyethyl-nicotinate
d01678,thioinosine
d01679,lime
d01680,cefcapene-pivoxil-hydrochloride-hydrate
d01681,cefovecin-sodium
d01682,ceftiofur-sodium
d01683,ozagrel-hydrochloride-hydrate
d01684,ozagrel-sodium
d01685,cetrorelix-acetate
d01686,cefteram-pivoxil
d01687,cefuzonam-sodium
d01688,epalrestat
d01689,loteprednol-etabonate
d01690,vesnarinone
d01691,nipradilol
d01692,alfuzosin-hydrochloride
d01693,dehydrocholic-acid
d01694,pantothenyl-ethylether
d01695,lentinan
d01696,lenampicillin-hydrochloride
d01697,colforsin-daropate-hydrochloride
d01698,dalcotidine
d01699,darifenacin-hydrobromide
d01700,dibunate-sodium
d01701,difeterol-hydrochloride
d01702,dimazole-dihydrochloride
d01703,ciclesonide
d01704,cilomilast
d01705,clemizole-hydrochloride
d01706,migrenin
d01707,gadopentetate-dimeglumine
d01708,fluticasone-propionate
d01709,loxoprofen-sodium-hydrate
d01710,roxithromycin
d01711,sodium-hypochlorite
d01712,theophylline-sodium-acetate
d01713,epinastine-hydrochloride
d01714,iotrolan
d01715,risarestat
d01716,fleroxacin
d01717,levocabastine-hydrochloride
d01718,mofezolac
d01719,iomeprol
d01720,amorolfine-hydrochloride
d01721,pentaerythritol-tetranitrate
d01722,romurtide
d01723,calcium-bromide
d01724,"alum,-potassium"
d01725,ferrous-sulfate
d01726,potassium-sulfate
d01727,chlorinated-lime
d01728,gypsum
d01729,3-iodobenzylguanidine
d01730,silver-nitrate
d01731,potassium-bromide
d01732,anhydous-sodium-sulfate
d01733,anecortave-acetate
d01734,sorivudine
d01735,tocopherol-acetate
d01736,cefbuperazone-sodium
d01737,nandrolone-furylpropionate
d01738,perflutren
d01739,cefmenoxime-hydrochloride
d01740,barbital
d01741,celiprolol-hydrochloride
d01742,clebopride-malate
d01743,halopredone-acetate
d01744,brotizolam
d01745,domperidone
d01746,menfegol
d01747,idarubicin-hydrochloride
d01748,isoxsuprine-hydrochloride
d01749,urea-c13
d01750,idebenone
d01751,fenipentol
d01752,besigomsin
d01753,dibekacin-sulfate
d01754,niceritrol
d01755,propyliodone
d01756,trolnitrate-phosphate
d01757,bismuth-subcarbonate
d01758,haloxazolam
d01759,acamylophenine-hydrochloride
d01760,ranimustine
d01761,ioxaglic-acid
d01762,dipyrone
d01763,broxuridine
d01764,diflucortolone-valerate
d01765,proglumetacin-maleate
d01766,camostat-mesilate
d01767,tenoxicam
d01768,benoxinate-hydrochloride
d01769,vindesine-sulfate
d01770,malotilate
d01771,proxyphylline
d01772,ether
d01773,oxatomide
d01774,iodipamide
d01775,bifonazole
d01776,antipyrine
d01778,bromhexine-hydrochloride
d01779,sodium-acetate
d01780,sodium-carbonate-hydrate
d01781,sodium-citrate-hydrate
d01782,triprolidine-hydrochloride
d01783,rolipram
d01784,carmofur
d01785,pirmenol-hydrochloride-hydrate
d01786,mebhydrolin-napadisilate
d01787,sulthiame
d01788,amfenac-sodium
d01789,nicotinyl-alcohol-tartrate
d01790,oxaliplatin
d01791,glucuronamide
d01792,"1,3,5-trimethoxybenzene"
d01793,bifemelane-hydrochloride
d01794,bopindolol-malonate
d01795,tilisolol-hydrochloride
d01796,meglumine
d01797,iopamidol
d01798,sapropterin-dihydrochloride
d01799,glyclopyramide
d01800,glucuronolactone
d01801,thonzylamine-hydrochloride
d01802,edetate-disodium
d01803,plaunotol
d01804,cadralazine
d01805,aceglatone
d01806,oxprenolol-hydrochloride
d01807,mebutamate
d01808,lobenzarit-sodium
d01809,bucillamine
d01810,nicorandil
d01811,salicylamide
d01812,chromonar-hydrochloride
d01813,inositol-niacinate
d01814,s-hydroprene
d01815,oxapium-iodide
d01816,diisopropylamine-dichloroacetate
d01817,iohexol
d01818,proglumide
d01819,cefotiam-hydrochloride
d01820,alclometasone-dipropionate
d01821,micronomicin-sulfate
d01822,clofenamide
d01823,ufenamate
d01824,phenprobamate
d01825,fluocinolone-acetonide
d01826,isepamicin-sulfate
d01827,teprenone
d01828,amlexanox
d01829,pentamycin
d01830,arotinolol-hydrochloride
d01831,buserelin-acetate
d01832,modafinil
d01833,benziodarone
d01834,doranidazole
d01835,clorprenaline-hydrochloride
d01836,doripenem-hydrate
d01837,etifelmine-hydrochloride
d01838,fabesetron-hydrochloride
d01839,faropenem-sodium-hydrate
d01840,fasudil-hydrochloride
d01841,felbinac-ethyl
d01842,fidarestat
d01843,fludeoxyglucose-f-18
d01844,fondaparinux-sodium
d01845,fudosteine
d01846,gimeracil
d01847,landiolol-hydrochloride
d01848,lanperisone-hydrochloride
d01849,lercanidipine-hydrochloride
d01850,meluadrine-tartrate
d01851,mepranoprofen-arbamel
d01852,milacainide-tartrate
d01853,miproxifene-phosphate
d01854,mitiglinide-calcium-hydrate
d01855,mozavaptane-hydrochloride
d01856,nifekalant-hydrochloride
d01857,olanexidine-hydrochloride
d01858,panazepide
d01859,pentetreotide
d01860,perazine-dimalonate
d01861,pibutidine-hydrochloride
d01862,pitavastatin-calcium
d01863,cefodizime-sodium
d01864,carbazochrome
d01865,pelubiprofen
d01866,lornoxicam
d01867,aluminum-monostearate
d01868,bekanamycin-sulfate
d01869,ornoprostil
d01870,p-hydroxypropiophenone
d01871,methixene-hydrochloride
d01872,doxapram-hydrochloride
d01873,terodiline-hydrochloride
d01874,vedaprofen
d01875,tiquizium-bromide
d01876,pipradrol-hydrochloride
d01877,mefruside
d01878,tolycaine-hydrochloride
d01879,eptazocine-hydrobromide
d01880,metrizoate-sodium
d01881,astromicin-sulfate
d01882,hepronicate
d01883,aniracetam
d01884,tyropanoate-sodium
d01885,pirarubicin
d01886,hydrocortisone-probutate
d01887,bunazosin-hydrochloride
d01888,safrazine-hydrochloride
d01889,imiprothrin
d01890,repirinast
d01891,enprostil
d01892,icosapent-ethyl
d01893,iopromide
d01894,rescimetol
d01895,tripamide
d01896,cilostazol
d01897,rokitamycin
d01898,haloperidol-decanoate
d01899,carbenoxolone-sodium
d01900,alacepril
d01901,xenon
d01902,fonazine-mesylate
d01903,docarpamine
d01904,cefpiramide-sodium
d01905,mercuric-chloride
d01906,dilevalol-hydrochloride
d01907,fludarabine-phosphate
d01908,nilvadipine
d01909,cefminox-sodium-hydrate
d01910,iodoform
d01911,aclarubicin-hydrochloride
d01912,polidronium-chloride
d01913,riboflavin-butyrate
d01914,piracetam
d01915,rosuvastatin-calcium
d01916,iodipamide-meglumine
d01918,sivelestat-sodium
d01919,soblidotin
d01920,tenatoprazole
d01921,estradiol-and-testosterone;-bothermon
d01922,pratosartan
d01923,semduramicin-sodium
d01924,stearyl-alcohol
d01925,taltirelin-hydrate
d01926,temiverine-hydrochloride-hydrate
d01927,calcium-diiodostearate
d01928,calcium-linoleate
d01929,tiotropium-bromide-hydrate
d01930,tirilazad-mesilate
d01931,titanium-dioxide
d01932,transfluthrin
d01933,vatanidipine-hydrochloride
d01934,colestilan-chloride
d01935,vinorelbine-tartrate
d01936,gallium-citrate-ga-67
d01937,zanamivir-hydrate
d01938,pyrithione-zinc
d01939,ziprasidone-hydrochloride
d01940,meglumine-sodium-amidotrizoate
d01941,poloxamer
d01942,chlorobutanol
d01943,canrenoate-potassium
d01944,cinepazide-maleate
d01945,lead-acetate
d01946,oxitropium-bromide
d01947,glyceryl-monostearate
d01948,dexamethasone-valerate
d01949,cefaloglycin
d01950,dimethylaminoethyl-reserpilinate-dihydrochloride
d01951,todralazine-hydrochloride
d01952,l-methylephedrine-hydrochloride
d01953,estradiol-benzoate
d01954,sulfaphenazole
d01955,aclatonium-napadisilate
d01956,sofalcone
d01957,bemegride
d01958,indenolol-hydrochloride
d01959,tannic-acid
d01960,cresol
d01961,cefmatilen-hydrochloride-hydrate
d01962,simetride
d01963,ibufenac
d01964,travoprost
d01965,silodosin
d01966,ezetimibe
d01967,p-butylaminobenzoyldiethylaminoethyl-hydrochloride
d01968,zoledronic-acid
d01969,gallopamil-hydrochloride
d01970,omapatrilat
d01971,reglitazar
d01972,lanatoside-c
d01973,eletriptan-hydrobromide
d01974,tilmacoxib
d01975,fentiazac
d01976,n-methylscopolamine-methylsulfate
d01977,gefitinib
d01978,trimetoquinol-hydrochloride;-tretoquinol;-inolin
d01979,iodamide-meglumine
d01980,luliconazole
d01981,ximelagatran
d01982,tenofovir-disoproxil-fumarate
d01983,sevelamer-hydrochloride
d01984,esomeprazole-magnesium
d01985,talaporfin-sodium
d01986,estriol-tripropionate
d01987,pipethanate-ethobromide
d01988,metofluthrin
d01989,estriol-diacetate-benzoate
d01990,clindamycin-palmitate-hydrochloride
d01991,ecabet-sodium-hydrate
d01992,tandospirone-citrate
d01993,polidocanol
d01994,mosapride-citrate-hydrate
d01995,inosine-pranobex
d01996,tosufloxacin-tosylate-hydrate
d01997,budralazine
d01998,prednisolone-farnesylate
d01999,iothalamate-meglumine
d02000,kitasamycin-tartrate
d02001,sulfamonomethoxine-sodium
d02002,isoniazid-sodium-methanesulfonate-hydrate
d02003,nitroblue-tetrazolium-chloride
d02004,apomorphine-hydrochloride
d02005,cefsulodin-sodium
d02006,strontium-chloride-sr-89
d02007,protirelin-tartrate-hydrate
d02008,tadalafil
d02009,erythromycin-lactobionate
d02010,ferric-gluconate
d02011,flavin-adenine-dinucleotide-sodium
d02012,dihydroxyaluminum-aminoacetate
d02013,clemizole-undecylate
d02014,angiotensin-ii
d02015,diatrizoate-meglumine
d02016,ramosetron-hydrochloride
d02017,oxtriphylline
d02018,hexestrol-diacetate
d02019,magnesium-sulfate-hydrate-and-glucose;-magnesol
d02020,mitobronitol
d02021,secretin
d02022,prochlorperazine-mesilate
d02023,tipepidine-citrate
d02024,fluorescein-sodium
d02025,technetium-tc-99m-succimer
d02026,magnesium-l-aspartate
d02027,tranilast
d02028,diammonium-glycyrrhizinate
d02029,technetium-tc-99m-medronate
d02030,levocarnitine-chloride
d02031,hydrocotarnine-hydrochloride-hydrate
d02032,betamethasone-butyrate-propionate
d02033,aldioxa
d02034,setiptiline-maleate
d02035,timiperone
d02036,meglumine-sodium-iodamide
d02037,perphenazine-maleate
d02038,potassium-carbonate
d02039,lactitol-hydrate
d02040,pralmorelin-dihydrochloride
d02041,tropisetron-hydrochloride
d02042,olprinone-hydrochloride-hydrate
d02043,norcholestenol-iodomethyl
d02045,benidipine-hydrochloride
d02046,zinostatin
d02047,dextran-sulfate-sodium
d02048,clinprost
d02049,colistimethate-sodium
d02050,"potassium-phosphate,-monobasic"
d02051,potassium-nitrate
d02052,barium-sulfate
d02053,potassium-permanganate
d02054,sodium-pyrosulfite
d02055,sodium-bromide
d02056,sodium-chloride
d02057,hydrochloric-acid
d02058,zinc-chloride
d02059,sodium-bisulfite
d02060,potassium-chloride
d02061,cyclopenthiazide
d02062,chromomycin-a3
d02063,peplomycin-sulfate
d02064,pridinol-mesilate
d02065,ampicillin-sodium-and-sulbactam-sodium
d02066,isoproterenol-sulfate
d02067,diphenylimidazole
d02068,tacrine-hydrochloride
d02069,atropine-sulfate
d02070,homatropine-methylbromide
d02071,scopolamine-hydrobromide
d02072,l-histidine-hydrochloride-hydrate
d02073,gemeprost
d02074,amphetamine-sulfate
d02075,sodium-gualenate
d02076,brimonidine-tartrate
d02077,potassium-bicarbonate
d02078,dextroamphetamine-sulfate
d02079,codein-phosphate-and-aspirin;-empirin-compound
d02080,phendimetrazine-tartrate
d02081,metipranolol-hydrochloride;-optipranolol
d02082,eprosartan-mesylate
d02084,inamrinone-ethylenelactate;-amrinone-ethylenelactate;-inocor
d02085,milrinone-lactate;-primacor
d02086,lidocaine-hydrochloride
d02087,moricizine-hydrochloride
d02088,tocainide-hydrochloride
d02089,buclizine-hydrochloride
d02090,cyclizine-lactate
d02091,tripelennamine-hydrochloride
d02092,cisapride
d02093,isoetharine-hydrochloride
d02094,thiamine-hydrochloride
d02095,naltrexone-hydrochloride
d02096,fosphenytoin-sodium
d02097,tiagabine-hydrochloride
d02098,proparacaine-hydrochloride
d02099,propoxycaine-hydrochloride
d02100,ziprasidone-mesylate
d02101,codeine-phosphate
d02102,methadone-hydrochloride
d02103,phenytoin-sodium
d02104,nalmefene-hydrochloride;-revex
d02105,tetracosactide-acetate
d02106,arsenic-trioxide
d02107,indium-in-111-chloride
d02108,indium-in-111-pentetreotide
d02109,dl-methylephedrine-hydrochloride
d02110,indomethacin-sodium
d02111,pentazocine-lactate
d02112,heparin-sodium
d02113,colestipol-hydrochloride
d02114,hydroxychloroquine-sulfate
d02115,methotrexate-sodium;-trexall
d02116,histrelin-acetate;-vantas
d02117,sermorelin-acetate
d02118,glucagon-hydrochloride;-glucagon-monohydrochloride;-glucagen
d02119,ampicillin-sodium
d02120,citric-acid-monohydrate-and-potassium-bicarbonate;-k-lyte
d02121,ceftibuten-hydrate
d02122,tetracycline-hydrochloride
d02123,trovafloxacin-mesylate
d02124,penciclovir-sodium
d02125,chloroquine-phosphate
d02126,primaquine-phosphate
d02127,piperazine-citrate
d02128,difenoxin-hydrochloride-and-atropine-sulfate;-motofen
d02129,doxycycline-hyclate
d02130,tropisetron
d02131,tegafur-and-uracil;-uftoral
d02132,clindamycin-hydrochloride
d02133,naphazoline-hydrochloride-and-pheniramine-maleate;-naphcon-a
d02134,azithromycin-hydrate
d02135,levodopa-and-benserazide-hydrochloride;-madopar
d02136,ampicillin-and-dicloxacillin-sodium
d02137,dicloxacillin-sodium
d02138,colistin-sulfate
d02139,"hydrocortisone-acetate,-neomycin-sulfate,-colistin-sulfate-and-thonzonium-bromide;-coly-mycin-s"
d02140,thonzonium-bromide
d02141,iron-dextran
d02142,teicoplanin
d02143,trichomycin
d02144,oxytetracycline-hydrochloride-and-polymixin-b-sulfate;-terramycin-ophthalmic
d02145,piperazine-adipate
d02146,acetaminophen-and-codeine-phosphate;-tylenol-w/codeine
d02147,albuterol
d02148,phenindamine-tartrate
d02149,epinephrine-bitartrate
d02150,l-isoprenaline-hydrochloride
d02151,tulobuterol
d02152,hydrocodone-bitartrate-and-ibuprofen;-vicoprofen
d02153,acetaminophen-and-oxycodone-hydrochloride;-percocet
d02154,"aspirin,-oxycodone-hydrochloride-and-oxycodone-terephthalate;-codoxy"
d02155,"aspirin,-caffeine-and-propoxyphene-hydrochloride;-darvon-compound-65"
d02156,prednisolone-hemisuccinate
d02157,penicillin-g-benzathine
d02158,menopafant
d02159,undecylenic-acid
d02160,pyrithioxine
d02161,ioxilan
d02162,chlorprothixene-hydrochloride
d02163,fluphenazine-maleate
d02164,cetrimide
d02165,docetaxel
d02166,mitoxantrone-hydrochloride
d02167,prenylamine-lactate
d02168,topotecan-hydrochloride
d02169,croconazole-hydrochloride
d02170,indeloxazine-hydrochloride
d02171,sennosides
d02172,noscapine-hydrochloride-hydrate
d02173,galantamine-hydrobromide
d02174,dexamethasone-acetate
d02175,compound-oxycodone
d02176,levocarnitine
d02177,bleomycin-sulfate
d02178,grepafloxacin-hydrochloride
d02179,pyridoxine-hydrochloride
d02181,sisomicin-sulfate
d02182,cocaine-hydrochloride
d02183,sodium-lactate
d02184,erythromycin-stearate
d02185,chloramphenicol-sodium-succinate
d02186,oleandomycin-phosphate
d02187,fosfomycin-calcium-hydrate
d02188,fosfomycin-sodium
d02189,magnesium-stearate
d02190,carbenicillin-disodium
d02191,cefamandole-sodium
d02192,saccharin-sodium
d02193,echothiophate-iodide
d02194,cilastatin-sodium
d02195,mupirocin-calcium
d02196,methicillin-sodium
d02197,vincristine-sulfate
d02198,moxalactam-disodium
d02199,carbenicillin-phenyl-sodium
d02200,pilocarpine-hydrochloride
d02201,talampicillin-hydrochloride
d02202,lobeline-hydrochloride
d02203,hetacillin-potassium
d02204,hexamethonium-bromide
d02205,ethylmorphine-hydrochloride-hydrate
d02206,buformin-hydrochloride
d02207,tubocurarine-chloride
d02208,sultopride-hydrochloride
d02209,ribostamycin-sulfate
d02210,sulfobromophthalein-sodium
d02211,dihydroergotamine-mesylate
d02212,ipratropium-bromide
d02213,metoclopramide-hydrochloride
d02214,epirubicin-hydrochloride
d02216,ciprofloxacin-hydrochloride
d02217,raloxifene-hydrochloride
d02218,papaverine-hydrochloride
d02219,terbinafine-hydrochloride
d02220,dibucaine-hydrochloride
d02221,mezlocillin-sodium
d02222,meropenem
d02223,sulbactam-sodium
d02224,protamine-sulfate
d02226,cefazolin-sodium-hydrate
d02227,pentazocine-hydrochloride
d02228,cefotetan-disodium
d02229,sildenafil-citrate
d02230,gramicidin-s-hydrochloride
d02231,cloxacillin-sodium
d02232,cefoselis-sulfate
d02233,cefozopran-hydrochloride
d02234,cyproheptadine-hydrochloride
d02235,desmopressin-acetate
d02236,flupentixol-dihydrochloride
d02237,guanethidine-sulfate
d02238,levallorphan-tartrate
d02239,sparteine-sulfate
d02240,diatrizoic-acid
d02241,ticarcillin-disodium
d02242,methamphetamine-hydrochloride
d02243,meclofenoxate-hydrochloride
d02245,trimeprazine-tartrate
d02246,biperiden-hydrochloride
d02247,biperiden-lactate
d02248,levomepromazine-maleate
d02249,emedastine-difumarate
d02250,octreotide-acetate
d02251,piperacillin
d02252,amobarbital-sodium
d02253,pentobarbital-calcium
d02254,calcium-lactate-hydrate
d02255,chlortetracycline-hydrochloride
d02256,calcium-chloride
d02257,calcium-acetate
d02258,atorvastatin-calcium
d02259,sodium-iodide-i-131
d02260,paroxetine-hydrochloride-hemihydrate
d02261,quinine-hydrochloride-hydrate
d02262,quinine-sulfate
d02263,codein-phosphate-and-guaifenesin;-brontex
d02264,dipotassium-glycyrrhizinate
d02265,protoporphyrin-disodium
d02266,cetraxate-hydrochloride
d02267,foscarnet-sodium-hydrate
d02268,ergoloid-mesylates
d02269,kitasamycin
d02270,viomycin-sulfate
d02271,morphine-hydrochloride-hydrate
d02272,quinidine-sulfate
d02273,"isoproterenol-sulfate,-dexamethasone-and-atropine-methybromide;-stmerin-d"
d02274,dantrolene-sodium
d02275,suxamethonium-chloride-hydrate
d02276,ethanolamine-oleate
d02277,sodium-benzoate
d02278,lysine-acetate
d02279,lysine-hydrochloride
d02280,sodium-l-glutamate-hydrate
d02281,levalbuterol-hydrochloride
d02282,rolitetracycline
d02283,iomazenil
d02284,technetium-tc-99m-exametazime
d02285,tiludronate-disodium
d02286,betamethasone-benzoate
d02287,clocortolone-pivalate
d02288,hydrocortisone-valerate
d02289,medrysone
d02290,flurbiprofen-sodium
d02291,levmetamfetamine
d02292,gallamine-triethiodide
d02293,calcium-ascorbate
d02294,denatonium-benzoate
d02295,povidone
d02296,isopropyl-myristate
d02297,emtricitabine-and-tenofovir-disoproxil;-truvada
d02298,dimethisterone
d02299,cefazolin
d02300,adenosine-triphosphate-disodium-hydrate
d02301,oxolinic-acid
d02302,flumequine
d02303,miloxacin
d02304,lysine
d02305,rosoxacin
d02306,pefloxacin
d02307,pefloxacin-mesylate
d02308,fumaric-acid
d02309,methyl-alcohol
d02310,propionic-acid
d02311,acetone
d02312,methylene-blue
d02313,nitric-acid
d02314,benzaldehyde
d02315,oleic-acid
d02316,pectin
d02317,tosufloxacin
d02318,lomefloxacin
d02319,ethyl-acetate
d02320,polyvinyl-alcohol
d02321,amsacrine
d02322,apramycin
d02323,tolrestat
d02324,alginic-acid
d02325,dextrose
d02326,cysteine-hydrochloride
d02327,doxylamine-succinate
d02328,zopolrestat
d02329,maltodextrin
d02330,methylene-chloride
d02331,vitamin-e
d02332,tocopherol
d02333,coumermycin
d02334,hypophosphorous-acid
d02335,menadione
d02336,benzylpenicillin
d02337,diethanolamine
d02338,acebutolol
d02339,azlocillin
d02340,loxapine
d02341,meclofenamic-acid
d02342,bisoprolol
d02343,carboprost
d02344,cefamandole
d02345,cefoxitin
d02346,lincomycin-hydrochloride-hydrate
d02347,dantrolene
d02348,dicloxacillin
d02349,dipivefrin
d02350,fenoprofen
d02351,mafenide
d02352,cefaclor
d02353,cefadroxil
d02354,thiethylperazine
d02355,tolmetin
d02356,verapamil
d02357,methysergide
d02358,metoprolol
d02359,ritodrine
d02360,sertraline
d02361,propiomazine
d02362,paroxetine
d02363,ketanserin
d02364,lobeline
d02365,oxypurinol
d02366,chloroquine
d02367,desogestrel
d02368,gemcitabine
d02369,histrelin
d02370,clavulanate-potassium
d02371,clocapramine-hydrochloride-hydrate
d02372,perospirone-hydrochloride-hydrate
d02373,etidronic-acid
d02374,metipranolol
d02375,terbinafine
d02376,cefepime
d02377,anethole
d02378,acronine
d02379,diethyltoluamide
d02380,amitraz
d02381,aspartame
d02382,propyl-gallate
d02383,prenylamine
d02384,verlukast
d02385,levcromakalim
d02386,ticrynafen
d02387,cycloguanil-pamoate
d02388,levonordefrin
d02389,primidolol
d02390,zinc-gluconate
d02391,cethromycin
d02392,nosiheptide
d02393,resorcinol-monoacetate
d02394,ferrous-gluconate
d02395,copper-gluconate
d02396,hexoprenaline-sulfate
d02397,arginine-glutamate
d02398,estramustine-phosphate-sodium
d02401,betadex
d02402,thallous-chloride-tl-201
d02403,"potassium-phosphate,-dibasic"
d02404,procaterol-hydrochloride
d02405,penicillin-v-benzathine
d02406,cefatrizine
d02407,lidamidine-hydrochloride
d02408,trimipramine-maleate
d02409,caffeine-and-sodium-benzoate
d02410,selfotel
d02411,potassium-sorbate
d02412,ascorbyl-palmitate
d02413,butylated-hydroxytoluene
d02414,oxyquinoline-sulfate
d02415,apalcillin-sodium
d02416,aluminum-hydroxide
d02417,flutropium-bromide
d02418,physostigmine-salicylate
d02419,diphenhydramine-salicylate
d02420,acetylspiramycin
d02423,sodium-trimetaphosphate
d02424,glyprothiazol
d02425,carbutamide
d02426,glycyclamide
d02427,glibornuride
d02428,glisentide
d02429,glisolamide
d02430,gliquidone
d02431,gliflumide
d02432,glicetanile-sodium
d02433,optochin-hydrochloride;-ethylhydrocupreine-hydrochloride
d02434,sulfapyridine
d02435,sulfamerazine
d02436,sulfamethazine
d02437,sulfaguanidine
d02438,xyloylsulfamine
d02439,sulfamethoxypyridazine
d02440,phthalylsulfathiazole
d02441,ethoxzolamide;-cardrase
d02442,cyclamic-acid
d02443,sodium-cyclamate
d02444,calcium-cyclamate
d02445,tosylchloramide-sodium
d02446,halazone
d02447,succinylsulfathiazole;-succinylsulfathiazole-monohydrate;-sulfasuxidine
d02448,pyrimethamine-and-sulfadoxine;-fansidar
d02449,sulfaethidole
d02450,sulfametomidine
d02451,fadrozole-hydrochloride
d02452,benexate-hydrochloride-betadex
d02453,flumethiazide
d02454,hexylcaine-hydrochloride;-cyclaine
d02455,piperocaine-hydrochloride;-methycaine-hydrochloride
d02456,aminobenzoic-acid
d02457,acetrizoic-acid
d02458,methylparaben-sodium
d02459,propylparaben-sodium
d02460,clopamide
d02461,penicillin-g-procaine
d02462,glybuthiazol
d02463,balofloxacin-hydrate
d02464,ferric-citrate
d02465,micafungin-sodium
d02466,amodiaquine-hydrochloride
d02467,droxacin-sodium
d02468,tioxacin
d02469,temafloxacin-hydrochloride
d02470,alatrofloxacin-mesylate
d02471,gemifloxacin-mesylate
d02472,atovaquone-and-proguanil-hydrochloride;-malarone
d02473,enrofloxacin
d02474,rufloxacin
d02475,sitafloxacin
d02476,meclocycline
d02477,meclocycline-sulfosalicylate
d02478,disulfamide
d02479,aminothiazole
d02480,diloxanide-furoate
d02481,artemisinin
d02482,artesunate
d02483,artemether
d02484,artemether-and-lumefantrine;-coartem
d02485,halofantrine-hydrochloride
d02486,nitazoxanide
d02487,proguanil-hydrochloride
d02489,benznidazole
d02490,tylosin
d02491,meglumine-antimonate;-glucantime
d02492,tilmicosin
d02493,tilmicosin-phosphate
d02494,miltefosine
d02495,valganciclovir
d02496,methisazone
d02497,fosamprenavir
d02498,lopinavir-and-ritonavir;-kaletra
d02499,enfuvirtide
d02500,imiquimod
d02501,caspofungin-acetate
d02502,ampicillin-and-cloxacillin;-viccillin-s
d02503,clavulanic-acid-and-ticarcillin;-augpenin
d02504,aspoxicillin-hydrate
d02505,tazobactam-and-piperacillin
d02506,phenoxymethylpenicillin-benzathine
d02507,nihydrazone
d02508,pivampicillin-hydrochloride
d02509,panipenem-and-betamipron
d02510,furaltadone
d02511,furalazine
d02512,dihydrostreptomycin-sulfate
d02513,nifurpirinol
d02514,nifuradene
d02515,nifuroxime
d02516,sulfamoxole
d02517,sulfameter
d02518,dihydroxymethylfuratrizine;-panfuran-s
d02519,sulfacytine
d02520,glucosulfone
d02521,aldesulfone-sodium
d02522,thiazosulfone
d02523,erythromycin-acistrate
d02524,erythromycin-gluceptate
d02525,erythromycin-propionate
d02526,guanofuracin;-guanofuracin
d02527,aminopterin-sodium
d02528,furylfuramide;-af-2
d02529,panazon;-panazon
d02530,colistin-sulfate-and-fradiomycin-sulfate;-colimy-foam
d02531,"bacitracin-zinc,-neomycin-sulfate-and-polymixin-b-sulfate;-neosporin"
d02534,nitrovin
d02535,timepidium-bromide-hydrate
d02536,pyrithioxine-hydrochloride
d02537,dronedarone
d02538,sodium-nifurstyrenate
d02539,clinafloxacin-hydrochloride
d02540,garenoxacin-mesylate
d02541,lomefloxacin-mesylate
d02542,tobramycin-sulfate
d02543,amikacin
d02544,sisomicin
d02545,isepamicin
d02546,kainic-acid-hydrate
d02547,pamaquine;-plasmoquine-[veterinary]
d02548,mepacrine-dihydrochloride;-quinacrine-hydrochloride-anhydrous;-giardiasis
d02549,rifamycin
d02550,rifalazil
d02551,rifametane
d02552,rifamexil
d02553,rifamide
d02554,rifaximin
d02555,posaconazole
d02556,ravuconazole
d02557,chlormidazole
d02558,rivastigmine-tartrate;-rivastigmine-hydrogen-tartrate;-exelon
d02559,toloxatone
d02560,brofaromine
d02561,moclobemide
d02562,rasagiline-mesylate
d02563,befloxatone
d02564,pargyline-hydrochloride
d02565,dimetacrine
d02566,maprotiline
d02567,escitalopram-oxalate
d02568,flesinoxan
d02569,sunepitron-hydrochloride
d02570,desvenlafaxine-succinate
d02571,sibutramine-hydrochloride
d02572,viloxazine-hydrochloride
d02573,reboxetine-mesylate
d02574,atomoxetine-hydrochloride
d02575,tianeptine
d02576,eptapirone
d02577,flibanserin
d02578,agomelatine
d02579,iproniazid
d02580,isocarboxazid
d02581,cimoxatone
d02582,fenticonazole
d02583,fenticonazole-nitrate
d02584,aliconazole
d02585,vibunazole;-bay-n-7133
d02586,alteconazole
d02587,metildigoxin
d02588,montirelin
d02589,cromoglicate-lisetil
d02590,israpafant
d02591,dexamethasone-acefurate
d02592,dexamethasone-beloxil
d02593,pantoprazole-sodium
d02594,abecarnil
d02595,mephenesin
d02596,tocilizumab
d02597,adalimumab
d02598,infliximab
d02599,orphenadrine-hydrochloride;-disipal
d02600,demoxepam
d02601,phenothiazine
d02602,fenethazine
d02603,diethazine-hydrochloride
d02604,acepromazine-maleate
d02605,methoxypromazine-maleate
d02606,pipamazine
d02607,mepazine-acetate
d02608,perazine-fendizoate
d02609,prochlorperazine-edisylate
d02610,thiethylperazine-malate
d02611,phenoperidine
d02612,thiothixene-hydrochloride
d02613,clopenthixol
d02614,denopamine
d02615,"chlorpromazine-hydrochloride,-promethazine-hydrochloride-and-phenobarbital;-vegetamin"
d02616,pagoclone
d02617,ocinaplon
d02618,butobarbital
d02619,carbromal
d02620,azaperone
d02621,fluanisone
d02622,pipamperone
d02623,moperone
d02624,eszopiclone
d02625,trifluperidol
d02626,bromperidol-decanoate
d02627,benperidol
d02628,milenperone
d02629,fluspirilene
d02630,penfluridol
d02631,dilazep-dihydrochloride-hydrate
d02632,indisetron-hydrochloride
d02633,lomerizine-hydrochloride
d02634,alentemol-hydrobromide
d02635,alpertine
d02636,batelapine-maleate
d02637,benzindopyrine-hydrochloride
d02638,brofoxine
d02639,buramate
d02640,indiplon
d02641,butaclamol-hydrochloride
d02642,butaperazine
d02643,butaperazine-maleate
d02644,carphenazine-maleate
d02645,carvotroline-hydrochloride
d02646,cinperene
d02647,cintriamide
d02648,clomacran-phosphate
d02649,clopimozide
d02650,clopipazan-mesylate
d02651,cloroperone-hydrochloride
d02652,clothixamide-maleate
d02653,cyclophenazine-hydrochloride
d02654,cyproximide
d02655,etazolate-hydrochloride
d02656,fananserin
d02657,fenimide
d02658,flucindole
d02659,flumezapine
d02660,fluotracen-hydrochloride
d02661,fluspiperone
d02662,flutroline
d02663,gevotroline-hydrochloride
d02664,mirimostim
d02665,halopemide
d02666,iloperidone
d02667,imidoline-hydrochloride
d02668,lenperone
d02669,lometraline-hydrochloride
d02670,mazapertine-succinate
d02671,mesoridazine
d02672,metiapine
d02673,milipertine
d02674,naranol-hydrochloride
d02675,ocaperidone
d02676,oxiperomide
d02677,pentiapine-maleate
d02678,pinoxepin-hydrochloride
d02679,piperacetazine
d02680,pipotiazine-palmitate
d02681,piquindone-hydrochloride
d02682,remoxipride
d02683,remoxipride-hydrochloride
d02684,rimcazole-hydrochloride
d02685,seperidol-hydrochloride
d02686,setoperone
d02687,tioperidone-hydrochloride
d02688,tiospirone-hydrochloride
d02689,ramelteon
d02690,cholestyramine-resin
d02691,somatropin
d02692,menotropins
d02693,devazepide
d02694,tifluadom
d02696,talampanel
d02697,valrubicin
d02698,teniposide
d02699,thiazesim-hydrochloride
d02700,taclamine-hydrochloride
d02701,talniflumate
d02702,talibegron-hydrochloride
d02703,tametraline-hydrochloride
d02704,tampramine-fumarate
d02705,alprostadil-alfadex
d02706,sodium-gualenate-hydrate
d02707,hydroxocobalamin-acetate
d02708,alcloxa
d02709,valdecoxib
d02710,tarazepide
d02711,propylene-glycolate-cefatrizine
d02712,tibezonium-iodide
d02713,carpipramine-hydrochloride-hydrate
d02714,everolimus
d02715,balsalazide-disodium
d02716,pregabalin
d02717,valnoctamide
d02718,valrocemide
d02719,rosaprostol
d02720,beraprost
d02721,iloprost
d02722,limaprost
d02723,ecraprost
d02724,bimatoprost
d02725,sulprostone
d02726,meteneprost
d02727,cloprostenol-sodium
d02728,fluprostenol-sodium
d02729,itopride-hydrochloride
d02730,tegaserod-maleate
d02731,vardenafil-dihydrochoride
d02732,pranlukast-hydrate
d02733,trimethobenzamide-hydrochloride
d02734,abacavir-succinate
d02735,rimabotulinumtoxin-b
d02736,fomivirsen-sodium
d02737,palivizumab
d02738,abarelix
d02739,ablukast
d02740,lidocaine-and-prilocaine;-lidocaine-and-propitocaine;-emla
d02741,ablukast-sodium
d02742,acadesine
d02743,celmoleukin
d02744,interferon-alfacon-1
d02745,interferon-alfa-2b
d02746,acecainide-hydrochloride
d02747,peginterferon-alfa-2a
d02748,peginterferon-alfa-2b
d02749,teceleukin
d02750,aceclidine
d02751,acedapsone
d02752,acetosulfone-sodium
d02753,acifran
d02754,acitretin
d02755,acivicin
d02756,aclarubicin
d02757,acodazole-hydrochloride
d02758,acolbifene-hydrochloride
d02759,acrisorcin
d02760,acrivastine
d02761,actinoquinol-sodium
d02762,actisomide
d02763,actodigin
d02764,acyclovir-sodium
d02765,adaprolol-maleate
d02766,valpromide
d02767,adatanserin-hydrochloride
d02768,adefovir
d02769,adenosine-phosphate
d02770,adinazolam
d02771,adinazolam-mesylate
d02772,adiphenine-hydrochloride
d02773,adozelesin
d02774,adrenalone
d02775,adrogolide-hydrochloride
d02777,abamectin
d02778,abciximab
d02779,acacia
d02780,acamprosate-calcium
d02781,acemannan
d02782,actaplanin
d02783,afovirsen-sodium
d02784,agalsidase-alfa
d02785,aklomide
d02786,alamecin
d02787,alaproclate
d02788,albumin-aggregated
d02789,iodinated-i-131-albumin-aggregated
d02790,albumin-aggregated-iodinated-i-131-serum
d02791,albumin-chromated-cr-51-serum
d02792,albumin-human
d02793,iodinated-i-125-albumin
d02794,albumin-iodinated-i-125-serum
d02795,iodinated-i-131-albumin
d02796,albumin-iodinated-i-131-serum
d02797,albutoin
d02798,alcohol-diluted
d02799,"alcohol,-rubbing"
d02800,alefacept
d02801,alemcinal
d02802,alemtuzumab
d02803,aletamine-hydrochloride
d02804,alexidine
d02805,alexomycin
d02806,alfaprostol
d02807,algeldrate
d02808,algestone-acetonide
d02809,algestone-acetophenide
d02810,alglucerase
d02811,alicaforsen-sodium
d02812,aliflurane
d02813,alipamide
d02814,alitame
d02815,alitretinoin
d02816,alkyl
d02817,allobarbital
d02818,allyl-isothiocyanate
d02819,almadrate-sulfate
d02821,almagate
d02822,almitrine-mesylate
d02823,almond-oil
d02824,almotriptan
d02825,almotriptan-malate
d02826,alniditan-dihydrochloride
d02828,alonimid
d02829,alosetron-hydrochloride
d02830,alovudine
d02831,alpha-amylase
d02833,alpidem
d02834,alprenoxime-hydrochloride
d02835,alrestatin-sodium
d02836,altanserin-tartrate
d02837,alteplase
d02838,althiazide
d02839,altinicline-maleate
d02840,altrenogest
d02841,altretamine
d02842,"alum,-ammonium"
d02843,aluminum-acetate
d02844,"aluminum-carbonate,-basic"
d02845,aluminum-chloride
d02846,cinalukast
d02847,ontazolast
d02848,pobilukast-edamine
d02849,ritolukast
d02850,sulukast
d02851,tomelukast
d02852,aluminum-chlorohydrate
d02853,aluminum-chlorohydrex
d02854,aluminum-chlorohydrex-polyethylene-glycol
d02855,aluminum-chlorohydrex-propylene-glycol
d02856,aluminum-dichlorohydrate
d02857,aluminum-dichlorohydrex-polyethylene-glycol
d02858,aluminum-dichlorohydrex-propylene-glycol
d02860,limaprost-alfadex
d02861,indinavir-sulfate-ethanolate
d02862,aluminum-phosphate
d02863,aluminum-sesquichlorohydrate
d02864,aluminum-sesquichlorohydrex-polyethylene-glycol
d02865,aluminum-sesquichlorohydrex-propylene-glycol
d02866,aluminum-subacetate
d02867,fosamprenavir-calcium-hydrate
d02868,aluminum-zirconium-octachlorohydrate
d02869,aluminum-zirconium-octachlorohydrex-gly
d02870,aluminum-zirconium-pentachlorohydrate
d02871,aluminum-zirconium-pentachlorohydrex-gly
d02872,aluminum-zirconium-tetrachlorohydrate
d02873,aluminum-zirconium-tetrachlorohydrex-gly
d02874,aluminum-zirconium-trichlorohydrate
d02875,aluminum-zirconium-trichlorohydrex-gly
d02876,alvameline-maleate
d02877,alverine-citrate
d02878,alvimopan
d02879,alvircept-sudotox
d02880,alvocidib-hydrochloride
d02881,amadinone-acetate
d02882,ambomycin
d02883,ambruticin
d02884,ambuphylline
d02885,ambuside
d02886,amcinafal
d02887,amcinafide
d02888,amdinocillin
d02889,amdinocillin-pivoxil
d02890,amdoxovir
d02891,amedalin-hydrochloride
d02892,ameltolide
d02893,amesergide
d02894,ametantrone-acetate
d02896,amflutizole
d02897,amfonelic-acid
d02898,amicloral
d02899,amicycline
d02900,amidapsone
d02901,amidephrine-mesylate
d02902,amifloxacin
d02903,amifloxacin-mesylate
d02904,amiloxate
d02905,aminacrine-hydrochloride
d02906,aminobenzoate-potassium
d02907,aminobenzoate-sodium
d02908,aminolevulinic-acid-hydrochloride
d02909,aminorex
d02910,amiodarone
d02911,amiprilose-hydrochloride
d02912,amiquinsin-hydrochloride
d02913,amlintide
d02914,amlodipine-maleate
d02915,ammonia-n-13
d02916,"ammonia-solution,-strong"
d02917,"ammonia-spirit,-aromatic"
d02918,ammonio-methacrylate-copolymer
d02919,ammonium-carbonate
d02920,ammonium-lactate
d02921,ammonium-phosphate
d02922,amodiaquine
d02923,amorolfine
d02924,amotosalen-hydrochloride
d02925,amoxicillin-sodium
d02926,amphecloral
d02927,amphomycin
d02928,amprolium
d02929,ampyzine-sulfate
d02930,amquinate
d02931,amylene-hydrate
d02932,anagestone-acetate
d02933,anagrelide-hydrochloride
d02934,anakinra
d02935,anaritide-acetate
d02936,anazolene-sodium
d02937,ancestim
d02938,ancrod
d02939,angiotensin-amide
d02940,anidoxime
d02941,anileridine
d02942,anileridine-hydrochloride
d02943,anilopam-hydrochloride
d02944,anirolac
d02945,anise-oil
d02947,anistreplase
d02948,anitrazafen
d02949,anoxomer
d02950,antazoline-phosphate
d02951,anthelmycin
d02952,anthramycin
d02953,anticoagulant-citrate-dextrose
d02954,anticoagulant-citrate-phosphate-dextrose-adenine
d02955,anticoagulant-citrate-phosphate-dextrose
d02956,anticoagulant-heparin
d02957,anticoagulant-sodium-citrate
d02958,antihemophilic-factor
d02959,antimony-potassium-tartrate
d02960,antimony-trisulfide-colloid
d02961,antivenin
d02962,antivenin
d02963,antivenin
d02964,apaxifylline
d02965,apaziquone
d02966,apazone
d02967,apolizumab
d02968,aprepitant
d02969,aprindine
d02970,aprinocarsen-sodium
d02971,aprotinin
d02972,aptazapine-maleate
d02973,aptiganel-hydrochloride
d02974,aranotin
d02975,arbaprostil
d02976,arbutamine-hydrochloride
d02977,arcitumomab
d02978,arclofenin
d02979,ardenermin
d02980,adomiparin-sodium
d02981,arformoterol-tartrate
d02982,arginine
d02983,argipressin-tannate
d02984,arildone
d02985,arofylline
d02986,aromatic-elixir
d02987,arprinocid
d02988,arsanilic-acid
d02989,arteflene
d02990,artegraft
d02991,articaine-hydrochloride
d02992,artilide-fumarate
d02993,arzoxifene-hydrochloride
d02994,rituximab
d02995,asenapine-maleate
d02996,asoprisnil
d02997,asparaginase
d02998,aspartocin
d02999,asperlin
d03001,atevirdine-mesylate
d03002,atipamezole
d03003,atiprimod-dihydrochloride
d03004,atiprimod-dimaleate
d03005,atiprosin-maleate
d03007,atolide
d03008,atosiban
d03009,atrasentan-hydrochloride
d03010,atreleuton
d03011,atropine-oxide-hydrochloride
d03012,avasimibe
d03013,avilamycin
d03014,avitriptan-fumarate
d03015,avobenzone
d03016,avoparcin
d03017,avridine
d03018,axitirome
d03019,azabon
d03020,imiglucerase
d03021,azacitidine
d03022,azaclorzine-hydrochloride
d03023,azaconazole
d03024,azacosterol-hydrochloride
d03025,azalanstat-dihydrochloride
d03026,azaloxan-fumarate
d03027,azanator-maleate
d03028,azanidazole
d03029,azaribine
d03030,azarole
d03031,1-(4-methylphenyl)ethyl-nicotinate
d03032,azaserine
d03033,azathioprine-sodium
d03034,azelaic-acid
d03035,azepindole
d03036,azetepa
d03037,azimilide-dihydrochloride
d03038,azipramine-hydrochloride
d03039,azlocillin-sodium;-azlin
d03040,azolimine
d03041,azumolene-sodium
d03042,azotomycin
d03043,"air,-medical"
d03044,antirabies-serum
d03045,"attapulgite,-activated"
d03046,cytarabine-ocfosfate-hydrate
d03047,bacitracin-methylenedisalicylate
d03048,bacitracin-zinc
d03050,bambermycins
d03051,bamifylline-hydrochloride
d03052,bamnidazole
d03053,"bandage,-adhesive"
d03054,"bandage,-gauze"
d03055,barium-hydroxide-lime
d03056,barmastine
d03057,basifungin
d03058,basiliximab
d03059,batabulin-sodium
d03060,batanopride-hydrochloride
d03061,batimastat
d03062,bazedoxifene-acetate
d03063,bcg-vaccine
d03064,becanthone-hydrochloride
d03065,becaplermin
d03066,bectumomab
d03067,belfosdil
d03068,belimumab
d03069,belladonna
d03070,beloxamide
d03071,beloxepin
d03072,bemarinone-hydrochloride
d03073,bemesetron
d03074,bemitradine
d03075,bemoradan
d03076,benapryzine-hydrochloride
d03077,benazeprilat
d03078,bendacalol-mesylate
d03079,benorterone
d03080,benoxaprofen
d03081,bensalan
d03082,benserazide
d03083,bentazepam
d03084,bentonite
d03085,bentoquatam
d03086,benurestat
d03087,benzetimide-hydrochloride
d03088,benzilonium-bromide
d03089,benzoctamine-hydrochloride
d03090,benzodepa
d03091,benzoin
d03092,benzoxiquine
d03093,benzoyl-peroxide
d03094,benzoylpas-calcium
d03095,benzylpenicilloyl-polylysine
d03096,beractant
d03097,berefrine
d03098,berythromycin
d03099,besipirdine-hydrochloride
d03100,besonprodil
d03101,beta-carotene
d03102,betahistine-hydrochloride
d03103,betaine-hydrochloride
d03104,betamicin-sulfate
d03105,betiatide
d03106,bexarotene
d03107,bexlosteride
d03108,bialamicol-hydrochloride
d03109,bibapcitide
d03110,bicifadine-hydrochloride
d03111,biciromab
d03112,biclodil-hydrochloride
d03113,bidisomide
d03114,bimosiamose-disodium
d03115,fasudil-hydrochloride-hydrate
d03116,bindarit
d03117,binetrakin
d03118,binfloxacin
d03119,biniramycin
d03120,binodenoson
d03121,binospirone-mesylate
d03122,"biological-indicator-for-dry-heat-sterilization,-paper-strip"
d03123,"biological-indicator-for-ethylene-oxide-sterilization,-paper-strip"
d03124,"biological-indicator-for-steam-sterilization,-paper-strip"
d03125,"biological-indicator-for-steam-sterilization,-self-contained"
d03126,bipenamol-hydrochloride
d03127,biphenamine-hydrochloride
d03128,biricodar-dicitrate
d03129,bisacodyl-tannex
d03130,bisantrene-hydrochloride
d03131,"bismuth,-[milk-of]"
d03132,bisnafide-dimesylate
d03133,bisobrin-lactate
d03134,bispyrithione-magsulfex
d03135,bithionolate-sodium
d03136,bivalirudin
d03137,bizelesin
d03138,"blood-cells,-red"
d03139,"blood-group-specific-substances-a,-b,-and-ab"
d03140,"blood-grouping-serum,-anti-a"
d03141,"blood-grouping-serum,-anti-b"
d03142,"blood-grouping-serums-anti-d,-anti-c,-anti-e,-anti-c,-anti-e"
d03143,"blood,-whole"
d03144,bolasterone
d03145,boldenone-undecylenate
d03146,bolenol
d03147,bolmantalate
d03148,bornelone
d03149,borocaptate-sodium-b-10
d03150,bortezomib
d03151,botulism-antitoxin
d03152,boxidine
d03153,brasofensine-maleate
d03154,brequinar-sodium
d03155,bretazenil
d03156,brifentanil-hydrochloride
d03157,brinolase
d03158,brocresine
d03159,brocrinat
d03160,bromadoline-maleate
d03161,bromchlorenone
d03162,bromelains
d03163,bromfenac-sodium
d03164,bromindione
d03165,bromocriptine
d03166,bromodiphenhydramine-hydrochloride
d03167,bromoxanide
d03168,broperamole
d03169,bucainide-maleate
d03170,bucindolol-hydrochloride
d03171,bucromarone
d03172,bucrylate
d03174,bumetrizole
d03175,bunamidine-hydrochloride
d03176,bunaprolast
d03177,bunolol-hydrochloride
d03178,bupicomide
d03179,buquinolate
d03180,butabarbital
d03181,butacetin
d03182,butalbital
d03183,butamben-picrate
d03184,butamirate-citrate
d03185,butamisole-hydrochloride
d03186,butane
d03187,butaprost
d03188,butedronate-tetrasodium
d03189,buthiazide
d03190,butikacin
d03191,butilfenin
d03192,butirosin-sulfate
d03193,butixirate
d03194,butonate
d03195,butopamine
d03196,butoprozine-hydrochloride
d03197,butorphanol
d03198,butoxamine-hydrochloride
d03199,butriptyline-hydrochloride
d03200,butyl-alcohol
d03201,butylated-hydroxyanisole
d03202,buterizine
d03203,abatacept
d03204,abetimus-sodium
d03205,abrineurin
d03206,alagebrium-chloride
d03207,alglucosidase-alfa
d03208,aliskiren
d03209,amustaline-dihydrochloride
d03210,ancriviroc
d03211,anidulafungin
d03212,apadenoson
d03213,apixaban
d03214,aplindore-fumarate
d03215,armodafinil
d03216,atilmotin
d03217,avanafil
d03218,axitinib
d03219,axomadol
d03220,becatecarin
d03221,befetupitant
d03222,belatacept
d03223,belladonna-leaf
d03224,belladonna-root
d03225,belotecan-hydrochloride
d03226,lactose
d03227,bemotrizinol
d03228,agalsidase-beta
d03229,bleomycin-hydrochloride
d03230,insulin-human
d03231,epoetin-alfa
d03232,epoetin-beta
d03233,acitazanolast-hydrate
d03234,sodium-risedronate-hydrate
d03235,filgrastim
d03236,synthetic-aluminum-silicate
d03237,natural-aluminum-silicate
d03238,hydrotalcite
d03239,ladostigil-tartrate
d03240,zinostatin-stimalamer
d03241,nitecapone
d03242,magnesium-aluminometasilicate
d03243,sodium-borate
d03244,kaolin
d03245,nartograstim
d03246,mecobalamin
d03247,lenograstim
d03248,clorgiline
d03249,bisoctrizole
d03250,insulin-glargine
d03251,"charcoal,-activated"
d03252,bosutinib
d03253,brecanavir
d03254,flufenamate-aluminum
d03255,calcium-hopantenate-hydrate
d03256,valganciclovir-hydrochloride
d03257,trastuzumab
d03258,berberine-tannate
d03259,gemtuzumab-ozogamicin
d03260,vardenafil-hydrochloride-hydrate
d03261,tyloxapol
d03262,kanamycin-sulfate
d03263,sodium-polystyrene-sulfonate
d03264,mazaticol-hydrochloride-hydrate
d03265,magnesium-citrate
d03266,icodextrin
d03267,gonadorelin-diacetate
d03268,platonin
d03269,dinoprostone-betadex
d03270,calcium-polystyrene-sulfonate
d03271,magnesium-trisilicate
d03272,adrenochrome-monoaminoguanidine-mesilate-hydrate
d03273,carnitine-chloride
d03274,chlorpromazine-hibenzate
d03275,sodium-ferrous-citrate
d03276,profenamine-hibenzate
d03277,thiamine-mononitrate
d03278,enviomycin-sulfate
d03281,pyridoxal-calcium-phosphate
d03282,cactinomycin
d03283,cadexomer-iodine
d03284,calamine
d03285,diphenhydramine-tannate
d03286,prosultiamine
d03287,elcatonin
d03288,calcium-carbimide
d03289,calcium-chloride-ca-45
d03290,promethazine-methylenedisalicylate
d03291,calcium-chloride-ca-47
d03292,cetotiamine-hydrochloride-hydrate
d03293,berberine-sulfate-hydrate
d03294,calcium-glubionate
d03295,cideferron
d03296,calcium-lactobionate
d03297,mecasermin
d03298,calcium-levulinate
d03299,thiamine-disulfide
d03300,"calcium-pantothenate,-racemic"
d03301,prednisolone-valerate-acetate
d03302,"dibasic-calcium-phosphate,-anhydrous"
d03303,"calcium-phosphate,-tribasic"
d03304,interferon-beta
d03305,interferon-alfa
d03306,calcium-polycarbophil
d03307,calcium-saccharate
d03308,iobenguane-i-131
d03309,calcium-silicate
d03310,calcium-stearate
d03311,olive-oil
d03312,peanut-oil
d03313,paraffin
d03314,sesame-oil
d03315,calcium-undecylenate
d03316,caldiamide-sodium
d03317,calfactant
d03318,wood-creosote
d03319,fursultiamine
d03320,calteridol-calcium
d03321,fursultiamine-hydrochloride
d03322,pancreatin
d03324,nasaruplase
d03325,mometasone-furoate-hydrate
d03326,somatorelin-acetate
d03327,porfimer-sodium
d03328,carperitide
d03329,diastase
d03330,kallidinogenase
d03331,hemocoagulase
d03332,lysozyme-hydrochloride
d03333,saccharated-pepsin
d03335,hetastarch
d03336,sodium-alginate
d03337,reviparin-sodium
d03338,calusterone
d03339,albumin-tannate
d03340,cambendazole
d03341,urokinase
d03342,camiglibose
d03343,dextran-sulfate-sodium-sulfur-5
d03344,silver-protein
d03345,beta-galactosidase
d03346,beta-galactosidase
d03347,candicidin
d03348,lactase
d03349,candoxatrilat
d03350,canertinib-dihydrochloride
d03351,canfosfamide-hydrochloride
d03352,batroxobin
d03353,dalteparin-sodium
d03354,hyaluronate-sodium
d03355,gadoterate-meglumine
d03356,serrapeptase
d03357,interferon-gamma-1a
d03358,teriparatide-acetate
d03359,cangrelor
d03360,diphenhydramine-laurylsulfate
d03361,cangrelor-tetrasodium
d03362,trafermin
d03363,canrenone
d03364,cantuzumab-mertansine
d03365,nicotine
d03366,egualen-sodium-hydrate
d03367,capobenate-sodium
d03368,calcium-para-aminosalicylate
d03369,capobenic-acid
d03370,polyethylene-glycol-3350
d03371,capravirine
d03372,capromab-pendetide
d03373,capromorelin-tartrate
d03374,capsicum
d03375,capsicum-oleoresin
d03376,captamine-hydrochloride
d03377,capuride
d03378,caracemide
d03379,caramel
d03380,caraway
d03381,caraway-oil
d03382,carbadox
d03383,carbamide-peroxide
d03384,carbantel-lauryl-sulfate
d03385,carbaspirin-calcium
d03386,carbazeran
d03387,carbenicillin-potassium
d03388,carbetimer
d03389,carbiphene-hydrochloride
d03390,carbocloral
d03391,carbol-and-fuchsin;-phenol-and-fuchsin
d03392,carbomer-910
d03393,carbomer-934
d03394,carbomer-934p
d03395,carbomer-940
d03396,carbomer-941
d03397,carbomer-1342
d03398,carbon-monoxide-c-11
d03399,carboprost-methyl
d03400,carmellose-calcium
d03401,carboxymethylcellulose-sodium-12
d03402,carbuterol-hydrochloride
d03403,cardamom-oil
d03404,cardamon
d03405,carfentanil-citrate
d03406,cariporide-mesylate
d03407,carmantadine
d03408,carnidazole
d03409,caroxazone
d03410,carprofen
d03411,carrageenan
d03412,carsatrin-succinate
d03413,cartazolate
d03414,carubicin-hydrochloride
d03415,carvedilol-phosphate
d03416,carzelesin
d03417,casanthranol
d03418,aromatic-castor-oil
d03419,cedefingol
d03420,cedelizumab
d03421,cefaparole
d03422,cefazaflur-sodium
d03423,cefbuperazone
d03424,cefetamet
d03425,cefetecol
d03426,cefonicid-monosodium
d03427,cefpimizole
d03428,cefpiramide
d03429,cefquinome-sulfate
d03430,ceftiofur-hydrochloride
d03431,cefuroxime-pivoxetil
d03432,cefuzonam
d03433,celgosivir-hydrochloride
d03434,cellulase
d03435,cellulose-acetate
d03436,"cellulose,-oxidized"
d03437,cellulose-sodium-phosphate
d03438,cephalexin-hydrochloride
d03439,cephaloglycin
d03440,ceronapril
d03441,certolizumab-pegol
d03442,ceruletide
d03443,ceruletide-diethylamine
d03444,opium
d03445,opium-alkaloids-hydrochlorides
d03446,cesium-chloride-cs-131
d03447,cetaben-sodium
d03448,cetalkonium-chloride
d03449,cetamolol-hydrochloride
d03450,cetiedil-citrate
d03451,cetocycline-hydrochloride
d03452,cetophenicol
d03453,cetostearyl-alcohol
d03454,cetrimonium-bromide
d03455,cetuximab
d03456,cetyl-esters-wax
d03457,pronase
d03458,cherry-juice
d03459,chloral-betaine
d03460,mecrylate
d03461,chloramphenicol-pantothenate-complex
d03462,chlordantoin
d03463,chlorhexidine-phosphanilate
d03464,chlorindanol
d03465,chlormerodrin-hg-197
d03466,chlormerodrin-hg-203
d03467,peracetic-acid;-acecide
d03468,chlorocresol
d03469,chloroquine-hydrochloride
d03470,phtharal
d03471,chlorothiazide-sodium
d03472,chloroxine
d03473,chloroxylenol
d03474,ethylene-oxide
d03475,chlorpheniramine-polistirex
d03476,chlorphentermine-hydrochloride
d03477,chlortetracycline-bisulfate
d03478,choriogonadotropin-alfa
d03479,chromic-chloride
d03480,chromic-chloride-cr-51
d03481,chromic-phosphate-cr-51
d03482,chromic-phosphate-p-32
d03483,chymopapain
d03484,chymotrypsin
d03485,ciclafrine-hydrochloride
d03486,ciclazindol
d03487,cicletanine
d03488,ciclopirox
d03489,cicloprofen
d03490,cicloprolol-hydrochloride
d03491,cidoxepin-hydrochloride
d03492,cifenline
d03493,ciglitazone
d03494,ciladopa-hydrochloride
d03495,cilansetron
d03496,cilansetron-hydrochloride
d03497,cilengitide
d03498,cilmostim
d03499,cilobamine-mesylate
d03500,cilofungin
d03501,ciluprevir
d03502,cimaterol
d03503,cimetidine-hydrochloride
d03504,cinacalcet
d03505,cinacalcet-hydrochloride
d03506,cinanserin-hydrochloride
d03507,cinepazet-maleate
d03508,cinflumide
d03509,cingestol
d03510,cinnamedrine
d03511,cinodine-hydrochloride
d03512,cinoxate
d03513,cinromide
d03514,cintazone
d03515,cioteronel
d03516,cipamfylline
d03517,cipemastat
d03518,cipralisant-maleate
d03519,ciprefadol-succinate
d03520,ciprocinonide
d03521,ciprofibrate
d03522,ciprostene-calcium
d03523,ciramadol
d03524,ciramadol-hydrochloride
d03525,cirolemycin
d03526,cisconazole
d03527,citenamide
d03528,citicoline-sodium
d03529,clamoxyquin-hydrochloride
d03530,"cholera-vaccine,-live,-oral;-cholera-vaccine"
d03531,clazolam
d03532,clazolimine
d03533,clazuril
d03534,clebopride
d03535,clemastine
d03536,clentiazem-maleate
d03537,clevudine
d03538,clioquinol
d03539,clioxanide
d03540,cliprofen
d03541,clocortolone-acetate
d03542,clodanolene
d03543,clodazon-hydrochloride
d03544,clodronate-disodium
d03545,clodronic-acid
d03546,clofarabine
d03547,clofilium-phosphate
d03548,cloflucarban
d03549,clogestone-acetate
d03550,clomegestone-acetate
d03551,clometherone
d03552,clominorex
d03553,clonitrate
d03554,clonixeril
d03555,clonixin
d03556,zuclopenthixol
d03557,cloperastine
d03558,cloperidone-hydrochloride
d03559,clopidol
d03560,clopirac
d03561,cloprednol
d03562,clorazepate-monopotassium
d03563,clorethate
d03564,clorophene
d03565,clorsulon
d03566,clortermine-hydrochloride
d03567,closantel
d03568,closiramine-aceturate
d03569,cloticasone-propionate
d03570,clove
d03571,cloxacillin-benzathine
d03572,cloxyquin
d03573,coal-tar
d03574,cobaltous-chloride-co-57
d03575,cobaltous-chloride-co-60
d03576,coccidioidin
d03577,cocoa-butter
d03578,cod-liver-oil
d03579,codeine-polistirex
d03580,codeine-sulfate
d03581,codoxime
d03582,colesevelam-hydrochloride
d03583,colestolone
d03584,colforsin
d03585,colfosceril-palmitate
d03586,pyroxylin
d03587,colterol-mesylate
d03588,conorphone-hydrochloride
d03589,cormethasone-acetate
d03590,corn-oil
d03591,corticorelin-acetate
d03592,corticorelin-ovine-triflutate
d03593,corticotropin-zinc-hydroxide;-corticotropin-zinc
d03594,cortivazol
d03595,cortodoxone
d03596,cotinine-fumarate
d03597,"cotton,-purified"
d03598,cottonseed-oil
d03599,coumermycin-sodium
d03600,creatinine
d03601,crilvastatin
d03602,crisnatol-mesylate
d03603,iothalamate-sodium
d03604,iodine-addition-products-of-the-ethylesters-of-the-fatty-acids-obtained-from-poppyseed-oil;-lipiodol-ultra-fluide
d03605,crofelemer
d03607,cromitrile-sodium
d03608,croscarmellose-sodium
d03609,crospovidone
d03610,crufomate
d03611,cupric-acetate-cu-64
d03612,cupric-chloride
d03613,cupric-sulfate
d03614,cuprimyxin
d03615,cyanocobalamin-co-57
d03616,cyanocobalamin-co-58
d03617,cyanocobalamin-co-60
d03618,cyclazocine
d03619,cyclindole
d03620,cycliramine-maleate
d03621,cyclizine
d03622,cyclizine-hydrochloride
d03623,cyclobendazole
d03625,cycloheximide
d03626,cyclomethicone
d03627,cyclopropane
d03628,cyheptamide
d03629,cypenamine-hydrochloride
d03630,cypothrin
d03631,cyprazepam
d03632,cyprolidol-hydrochloride
d03633,cyproquinate
d03634,cysteamine
d03635,cysteamine-hydrochloride
d03636,cystine
d03637,cytarabine-hydrochloride
d03638,chlorophyllin-copper-complex
d03639,daclizumab
d03640,dalbavancin
d03641,daledalin-tosylate
d03642,daltroban
d03643,dalvastatin
d03644,danaparoid-sodium
d03645,daniplestim
d03646,danofloxacin-mesylate
d03647,dapiclermin
d03648,dapiprazole-hydrochloride
d03649,dapoxetine-hydrochloride
d03650,darapladib
d03651,darbepoetin-alfa
d03652,darbufelone-mesylate
d03653,darglitazone-sodium
d03654,darifenacin
d03655,darodipine
d03656,darunavir
d03657,dasantafil
d03658,dasatinib
d03659,dazadrol-maleate
d03660,dazepinil-hydrochloride
d03661,dazmegrel
d03662,dazopride-fumarate
d03663,dazoxiben-hydrochloride
d03664,debrisoquin-sulfate
d03665,decitabine
d03666,declenperone
d03667,decoquinate
d03668,dectaflur
d03669,deferasirox
d03670,deferoxamine
d03671,deflazacort
d03672,delequamine-hydrochloride
d03673,deligoparin-sodium
d03674,enoxaparin-sodium
d03675,delmadinone-acetate
d03677,deltibant
d03678,"fuchsin,-basic"
d03679,delucemine-hydrochloride
d03680,demeclocycline
d03681,demecycline
d03682,denileukin-diftitox
d03683,denofungin
d03684,denosumab
d03685,denufosol-tetrasodium
d03686,depelestat
d03687,depreotide
d03688,deprostil
d03689,deracoxib
d03690,desciclovir
d03691,descinolone-acetonide
d03692,desirudin
d03693,desloratadine
d03694,deslorelin
d03695,desmoteplase
d03696,desonide
d03697,desoximetasone
d03698,desoxycorticosterone-acetate
d03699,desoxycorticosterone-pivalate
d03700,deterenol-hydrochloride
d03701,detirelix-acetate
d03702,detomidine-hydrochloride
d03703,deuterium-oxide
d03704,dexbrompheniramine-maleate
d03705,sulbactam-benzathine
d03706,sulbactam-pivoxil
d03707,tazobactam-sodium
d03708,dexamisole
d03709,dexclamol-hydrochloride
d03710,etoricoxib
d03711,dexetimide
d03712,firocoxib
d03713,dexfenfluramine-hydrochloride
d03714,lumiracoxib
d03715,dexibuprofen
d03716,parecoxib
d03717,parecoxib-sodium
d03718,dexibuprofen-lysine
d03719,dexivacaine
d03720,tipifarnib
d03721,dexmethylphenidate-hydrochloride
d03722,efegatran-sulfate
d03723,dexormaplatin
d03724,dexoxadrol-hydrochloride
d03725,hydrocodone-bitartrate
d03726,panthenol
d03727,dexpemedolac
d03728,napsagatran
d03729,dexpropranolol-hydrochloride
d03730,dexrazoxane
d03731,selegiline
d03732,dexsotalol-hydrochloride
d03733,mofegiline-hydrochloride
d03734,eldacimibe
d03735,lecimibide
d03736,doramapimod
d03737,dextofisopam
d03738,enalkiren
d03739,dextrates
d03740,dextroamphetamine
d03741,ditekiren
d03742,dextromethorphan
d03743,terlakiren
d03744,dextromethorphan-polistirex
d03745,zankiren-hydrochloride
d03746,dextrorphan-hydrochloride
d03747,ibrolipim
d03748,dextrose-excipient
d03749,plomestane
d03750,dextrothyroxine-sodium
d03751,icopezil-maleate
d03752,quinapril
d03753,perindopril
d03754,dezaguanine
d03755,dezaguanine-mesylate
d03756,indolapril-hydrochloride
d03757,dezinamide
d03758,libenzapril
d03759,diacetolol-hydrochloride
d03760,pentopril
d03761,diacetylated-monoglycerides
d03762,diamocaine-cyclamate
d03763,pivopril
d03764,diapamide
d03765,spirapril-hydrochloride
d03766,diaplasinin
d03767,zofenopril-calcium
d03768,diatrizoate-sodium-i-125
d03769,enalaprilat
d03770,diatrizoate-sodium-i-131
d03771,diaveridine
d03772,fosinoprilat
d03773,quinaprilat
d03774,diaziquone
d03775,spiraprilat
d03776,zofenoprilat-arginine
d03777,dibenzothiophene
d03778,fadrozole-hydrochloride-hydrate
d03779,dibotermin-alfa
d03780,dibromsalan
d03781,liarozole-fumarate
d03782,dibutyl-sebacate
d03783,oxycodone-terephthalate
d03784,liarozole-hydrochloride
d03785,dichloralphenazone
d03786,vorozole
d03787,nepicastat-hydrochloride
d03788,sivelestat
d03789,dichlorodifluoromethane
d03790,dichlorotetrafluoroethane
d03791,dichlorvos
d03792,dicirenone
d03793,ilomastat
d03794,diclazuril
d03795,marimastat
d03796,dicloralurea
d03797,prinomastat
d03798,dicumarol
d03799,dienogest
d03800,rebimastat
d03801,diethylpropion-hydrochloride
d03802,tanomastat
d03803,lidorestat
d03804,diethyl-phthalate
d03805,minalrestat
d03806,ponalrestat
d03807,zenarestat
d03808,difenoximide-hydrochloride
d03809,difenoxin
d03810,difloxacin-hydrochloride
d03811,difluanine-hydrochloride
d03812,diflucortolone
d03813,diflucortolone-pivalate
d03814,atropine-methylbromide
d03815,diflumidone-sodium
d03816,tenivastatin-calcium
d03817,diftalone
d03818,pepstatin
d03819,digitalis
d03820,dutasteride
d03821,lumefantrine
d03822,rivastigmine
d03823,quilostigmine
d03824,dihexyverine-hydrochloride
d03825,dihydrocodeine-bitartrate
d03826,physostigmine-sulfate
d03827,dihydroxyaluminum-sodium-carbonate
d03828,pemetrexed-disodium
d03829,peramivir
d03830,diltiazem-malate
d03831,dimefadane
d03833,indinavir
d03835,fosamprenavir-calcium
d03836,dimepranol-acedoben
d03837,fosamprenavir-sodium
d03838,dimethadione
d03839,droxinavir-hydrochloride
d03840,palinavir
d03841,nitrous-oxide-and-oxygen;-anesoxyn
d03842,telinavir
d03843,tipranavir-disodium
d03844,"phenytoin,-phenobarbital-and-caffeine-and-sodium-benzoate;-hydantol-f"
d03845,sezolamide-hydrochloride
d03846,dimethyl-fumarate
d03847,dimoxamine-hydrochloride
d03848,dinsed
d03849,diohippuric-acid-i-125
d03850,diotyrosine-i-125
d03851,dioxadrol-hydrochloride
d03852,droperidol-and-fentanyl-citrate;-innovar
d03853,dioxybenzone
d03854,diphenhydramine-citrate
d03855,pethidine-hydrochloride-and-levallorphan-tartrate;-pethilorfan
d03856,diohippuric-acid-i-131
d03857,diotyrosine-i-131
d03858,diphenidol
d03859,diphenidol-pamoate
d03860,diphenoxylate-hydrochloride
d03861,diphtheria-toxin-for-schick-test
d03862,dipyrithione
d03863,opium-alkaloids-and-atropine
d03864,diquafosol-tetrasodium
d03865,dirithromycin
d03866,opium-alkaloids-and-scopolamine
d03867,dirlotapide
d03868,ipecac
d03869,opium-ipecac
d03870,disiquonium-chloride
d03871,disobutamide
d03872,compound-oxycodone-and-atropine
d03873,disofenin
d03874,disoxaril
d03875,disufenton-sodium
d03876,morphine-and-atropine
d03877,ditiocade-sodium
d03878,dizocilpine-maleate
d03879,dobutamine
d03880,dobutamine-lactobionate
d03881,dobutamine-tartrate
d03882,docebenone
d03883,doconazole
d03884,docosanol
d03885,docusate-calcium
d03886,docusate-potassium
d03887,domazoline-fumarate
d03888,domiodol
d03889,donetidine
d03890,dopamantine
d03891,dopexamine
d03892,dopexamine-hydrochloride
d03893,dorastine-hydrochloride
d03894,doretinel
d03895,doripenem
d03896,dornase-alfa
d03897,doxaprost
d03898,doxofylline
d03899,doxorubicin
d03900,doxpicomine-hydrochloride
d03901,sodium-bicarbonate-and-tartaric-acid;-gastrast
d03902,iotroxate-meglumine;-biliscopin-dic
d03903,doxycycline-calcium
d03904,doxycycline-fosfatex
d03905,corticorelin
d03906,draflazine
d03907,dribendazole
d03908,drinidene
d03909,drobuline
d03910,drocinonide
d03911,droloxifene
d03912,droloxifene-citrate
d03913,drometrizole
d03914,dronedarone-hydrochloride
d03915,droprenilamine
d03916,ferumoxides
d03917,drospirenone
d03918,drotrecogin-alfa
d03920,duazomycin
d03921,duoperone-fumarate
d03922,durapatite
d03923,"dusting-powder,-absorbable"
d03924,dymanthine-hydrochloride
d03925,"freeze-dried-diphtheria-antitoxin,-equine"
d03926,diphtheria-toxoid
d03927,adsorbed-diphtheria-toxoid-for-adult-use
d03928,ferucarbotran
d03929,ecadotril
d03930,ecalcidene
d03931,ecallantide
d03932,ecamsule
d03933,eclanamine-maleate
d03934,eclazolast
d03935,galactose-and-palmitic-acid;-levovist
d03936,econazole
d03937,ecopipam-hydrochloride
d03938,ecopladib
d03939,ecromeximab
d03940,eculizumab
d03941,edaglitazone-sodium
d03942,edatrexate
d03943,edetate-calcium-disodium
d03944,edetate-dipotassium
d03945,disodium-edetate;-edetate-disodium-anhydrous;-disodium-edetate
d03946,edetate-sodium
d03947,edetate-trisodium
d03948,edetol
d03949,edifoligide-sodium
d03950,edifolone-acetate
d03951,edobacomab
d03952,edodekin-alfa
d03953,edonentan
d03954,edotecarin
d03955,edotreotide
d03956,edoxudine
d03957,edratide
d03958,edrecolomab
d03959,efalizumab
d03960,"aspirin-and-dialuminate;-aspirin,-aluminum-glycinate-and-magnesium-carbonate;-bufferin"
d03961,efaproxiral
d03962,efaproxiral-sodium
d03963,efletirizine-dihydrochloride
d03964,efrotomycin
d03965,salsocain;-salsocain
d03966,eglumetad
d03967,egtazic-acid
d03968,elacridar-hydrochloride
d03969,aspirin-and-ascorbic-acid;-e.a.c
d03970,elantrine
d03971,elarofiban
d03973,elfazepam
d03974,elm
d03975,allylisopropylacetylurea;-apronal;-apronalide
d03976,"isopropylantipyrine,-allyl-isopropyl-acetyl-urea,-acetaminophen-and-anhydrous-caffeine;-sg"
d03977,elsamitrucin
d03978,eltrombopag-olamine
d03979,elucaine
d03980,"isopropylantipyrine,-allyl-isopropyl-acetyl-urea,-phenacetin-and-caffeine;-saridon"
d03981,elvucitabine
d03982,elzasonan-citrate
d03983,elzasonan-hydrochloride
d03984,embutramide
d03985,emetine-hydrochloride
d03986,emilium-tosylate
d03987,emitefur
d03988,aminopropylon
d03989,"aminopropylon,-sulpyrine-and-dihenylpyraline-teoclate;-obelon"
d03990,enazadrem-phosphate
d03991,encainide-hydrochloride
d03992,enciprazine-hydrochloride
d03993,encyprate
d03994,endralazine-mesylate
d03995,endrysone
d03996,englitazone-sodium
d03997,enilconazole
d03998,eniluracil
d03999,enisoprost
d04000,enlimomab
d04001,enloplatin
d04002,enofelast
d04003,enolicam-sodium
d04004,enoximone
d04005,enpiroline-phosphate
d04006,enprofylline
d04007,enpromate
d04008,entecavir
d04009,entsufon-sodium
d04010,enviradene
d04011,chondroitin-sulfate-sodium-and-sodium-salicylate;-kashowadol
d04012,enviroxime
d04013,enzacamene
d04014,enzastaurin-hydrochloride
d04015,epafipase
d04016,camphor-and-sodium-salicylate;-camphorin
d04017,eperezolid
d04018,ephedrine-sulfate
d04019,"isopropylantipyrine,-allyl-isopropyl-acetyl-urea,-phenacetin-and-anhydrous-caffeine;-sedes-g"
d04020,epicillin
d04021,epimestrol
d04022,"sodium-salicylate,-dibucaine-hydrocholoride-and-calcium-bromide;-neo-vitacain"
d04023,erlotinib-hydrochloride
d04024,lapatinib-ditosylate
d04025,mubritinib
d04026,epinephryl-borate
d04027,epipropidine
d04028,orlistat
d04029,razaxaban-hydrochloride
d04030,epitetracycline-hydrochloride
d04031,rubitecan
d04032,epoetin-delta
d04033,epithiazide
d04034,chlorpromazine-phenolphthalinate
d04035,epostane
d04036,epratuzumab
d04037,eprinomectin
d04038,perphenazine-fendizoate
d04039,eprodisate-disodium
d04040,eprosartan
d04041,equilin
d04042,erbulozole
d04043,eritoran-tetrasodium
d04044,"chlorpheniramine-maleate,-acetaminophen,-salicylamide-and-anhydrous-caffeine;-ll"
d04045,erlizumab
d04046,"salicylamide,-acetaminophen,-anhydrous-caffeine-and-promethazine-methylenedisalicylate;-pl"
d04047,ersofermin
d04048,ropivacaine-hydrochloride
d04049,ertapenem-sodium
d04050,ertiprotafib
d04051,erythrityl-tetranitrate
d04052,epinephrine-and-lidocaine-hydrochloride;-adrenaline-and-lidocaine-hydrochloride;-xylocaine
d04053,dibucaine-hydrochloride-and-p-butylaminobenzoyldiethylaminoethyl-hydrochloride
d04054,erythromycin-salnacedin
d04055,esmirtazapine-maleate
d04056,esomeprazole-sodium
d04057,esoxybutynin-chloride
d04058,esproquin-hydrochloride
d04059,mepenzolate-bromide-and-phenobarbital;-trancolon-p
d04061,estradiol-acetate
d04062,scopolia-extract
d04063,estradiol-cypionate
d04064,estradiol-enanthate
d04065,estradiol-undecylate
d04066,estramustine
d04067,esorubicin-hydrochloride
d04068,estrazinol-hydrobromide
d04069,estrofurate
d04070,"estrogens,-conjugated"
d04071,"estrogens,-esterified"
d04072,etafedrine-hydrochloride
d04074,etalocib
d04075,etanidazole
d04076,etarotene
d04077,eterobarb
d04078,chondroitin-sulfate-sodium
d04079,ethacrynate-sodium
d04080,ethamivan
d04081,tropicamide-and-phenylephrine-hydrochloride;-sandol-p
d04082,ethiodized-oil
d04083,ethiodized-oil-i-131
d04084,chondroitin-sulfate-sodium-and-naphazoline-hydrochloride;-chondron-napha
d04085,ethonam-nitrate
d04086,ethoxazene-hydrochloride
d04087,ethybenztropine
d04088,ethyl-chloride
d04089,ethyl-dibunate
d04090,ethyl-oleate
d04091,ethylcellulose
d04092,etryptamine-acetate
d04093,ethynerone
d04094,etibendazole
d04095,etidocaine
d04096,etifenin
d04097,etilevodopa
d04098,etintidine-hydrochloride
d04099,erythromycin-lactobionate-and-colistin-sodium-methanesulfonate;-ecolicin
d04100,etiprednol-dicloacetate
d04101,etocrylene
d04102,etofenamate
d04103,etoformin-hydrochloride
d04104,etonogestrel
d04105,etoperidone-hydrochloride
d04106,chloramphenicol-and-colistin-sodium-methanesulfonate
d04107,etoposide-phosphate
d04108,etoprine
d04109,glucose-and-inorganic-salt;-opeguard-ma
d04110,etoxadrol-hydrochloride
d04111,etozolin
d04112,etravirine
d04113,boric-acid-and-inorganic-salt;-artificial-tear-mytear
d04114,neostigmine-methylsulfate-and-inorganic-salt;-miopin
d04115,eucalyptol
d04116,eucatropine-hydrochloride
d04117,eugenol
d04118,euprocin-hydrochloride
d04119,evernimicin
d04120,exaprolol-hydrochloride
d04121,exenatide
d04122,ezlopitant
d04123,factor-ix-complex
d04124,fadolmidine-hydrochloride
d04125,famotine-hydrochloride
d04126,saralasin-acetate
d04127,dalfampridine
d04128,fandosentan-potassium
d04129,fanetizole-mesylate
d04130,fantridone-hydrochloride
d04131,farampator
d04132,farglitazar
d04133,"fat,-hard"
d04134,fazarabine
d04135,febantel
d04136,felvizumab
d04137,felypressin
d04138,fenalamide
d04139,fenamole
d04140,fenbendazole
d04141,fencibutirol
d04142,fenclofenac
d04143,fenclonine
d04144,fenclorac
d04145,fendosal
d04146,fenestrel
d04147,fenethylline-hydrochloride
d04148,fenfluramine-hydrochloride
d04149,fengabine
d04150,fenisorex
d04151,fenleuton
d04152,fenmetozole-hydrochloride
d04153,fenmetramide
d04154,fennel-oil
d04155,fenobam
d04156,fenoctimine-sulfate
d04157,fenoterol
d04158,fenpipalone
d04159,fenprinast-hydrochloride
d04160,fenprostalene
d04161,fenquizone
d04162,fenretinide
d04163,fenspiride-hydrochloride
d04164,fenticlor
d04165,fenyripol-hydrochloride
d04166,ferric-chloride-fe-59
d04167,ferric-fructose
d04168,ferric-oxide
d04169,ferriclate-calcium-sodium
d04170,ferristene
d04171,ferrous-citrate-fe-59
d04172,"ferrous-sulfate,-dried"
d04173,ferrous-sulfate-fe-59
d04174,fertirelin-acetate
d04175,ferumoxsil
d04176,ferumoxtran-10
d04177,ferumoxytol
d04178,fetoxylate-hydrochloride
d04179,fezolamine-fumarate
d04180,fiacitabine
d04181,fialuridine
d04182,fibrinogen-i-125
d04183,fidexaban
d04184,fiduxosin-hydrochloride
d04185,filaminast
d04186,filipin
d04187,fingolimod-hydrochloride
d04188,flavodilol-maleate
d04189,flazalone
d04190,flestolol-sulfate
d04191,fletazepam
d04192,flindokalner
d04193,flordipine
d04194,florfenicol
d04195,flosequinan
d04196,floxacillin
d04197,floxuridine
d04198,fluazacort
d04199,flubanilate-hydrochloride
d04200,flubendazole
d04201,flucloronide
d04202,flucrylate
d04203,fludalanine
d04204,fludazonium-chloride
d04205,fludorex
d04206,flufenisal
d04207,flumeridone
d04208,flumethasone
d04209,flumetramide
d04210,fluminorex
d04211,flumizole
d04212,flumoxonide
d04213,flunidazole
d04214,flunisolide-acetate
d04215,flunixin
d04216,flunixin-meglumine
d04217,fluocortin-butyl
d04218,fluocortolone
d04219,fluocortolone-caproate
d04220,fluorodopa-f-18
d04221,fluorometholone-acetate
d04222,fluorosalan
d04223,fluparoxan-hydrochloride
d04224,fluperamide
d04225,fluperolone-acetate
d04226,flupirtine-maleate
d04227,fluprednisolone
d04228,fluprednisolone-valerate
d04229,fluproquazone
d04230,fluquazone
d04231,fluradoline-hydrochloride
d04232,fluretofen
d04233,flurocitabine
d04234,flurofamide
d04235,flurogestone-acetate
d04236,flurothyl
d04237,fluroxene
d04238,flutiazin
d04239,fluzinamide
d04241,fodipir
d04242,fontolizumab
d04243,forasartan
d04244,formocortal
d04245,forodesine-hydrochloride
d04246,fradiomycin-sulfate-and-betamethasone-sodium-phosphate;-rinderon-a
d04247,fosarilate
d04248,fosazepam
d04249,oxytetracycline-hydrochloride-and-hydrocortisone-acetate;-terra-cortril
d04250,fradiomycin-sulfate-and-methylprednisolone;-neo-medrol-ee
d04251,tetrahydrozoline-hydrochloride-and-prednisolone;-cor-tyzine
d04252,nicotinamide-and-papaverine-hydrochloride;-stomin-a
d04253,fosfomycin
d04254,fosfonet-sodium
d04255,fosfructose-trisodium
d04256,fospirate
d04257,fospropofol-disodium
d04258,fosquidone
d04259,diphenhydramine-hydrochloride-and-diprophylline;-travelmin
d04260,fostedil
d04261,diphenhydramine-salicylate-and-diprophylline;-travelmin
d04262,fostriecin-sodium
d04263,fosveset
d04264,frovatriptan-succinate
d04265,"reserpine,-hydralazine-hydrochloride-and-hydrochlorothiazide"
d04266,"benzylhydrochlorothiazide,-reserpine-and-carbazochrome;-behyd-ra"
d04267,polyenephosphatidyl-choline
d04268,elastase-es;-elaszym
d04269,soysterol
d04270,fumoxicillin
d04271,d-mannitol-and-d-sorbitol;-mannitol-s
d04272,fungimycin
d04273,furaprofen
d04274,furazolium-chloride
d04275,furazolium-tartrate
d04276,furegrelate-sodium
d04277,furobufen
d04278,furodazole
d04279,furomine
d04280,fursalan
d04281,fusidic-acid
d04282,gaboxadol
d04283,gadobenate-dimeglumine
d04284,gadodiamide
d04285,concentrated-glycerin-and-fructose;-glyceol
d04286,gadofosveset-trisodium
d04287,gadoxanum
d04288,gadoxetate-disodium
d04289,lung-surfactant;-surfacten
d04290,gadozelite
d04291,galactose
d04292,galantamine
d04293,galasomite
d04294,galdansetron-hydrochloride
d04295,galiximab
d04296,"diprophylline,-methoxyphenamine-hydrochloride,-noscapine-and-chlorpheniramine-maleate;-asthma"
d04298,gamfexine
d04299,"diprophylline,-ephedrine-hydrochloride,-papaverine-hydrochloride,-noscapine-and-diphenhydramine-hydrochloride;-asthpyllin"
d04300,ganaxolone
d04301,ganciclovir-sodium
d04302,ganirelix-acetate
d04303,gantacurium-chloride
d04304,garnocestim
d04305,"gauze,-absorbent"
d04306,"gauze,-petrolatum"
d04307,"proxyphylline,-ephedrine-hydrochloride-and-phenobarbital;-asthmolysin-d"
d04308,gavestinel
d04309,gemcabene-calcium
d04310,gemcadiol
d04311,dl-methylephedrine-hydrochloride-and-diphenhydramine-hydrochloride;-asdrin
d04312,gemopatrilat
d04313,"dihydrocodeine-phosphate,-dl-methylephedrine-hydrochloride-and-chlorpheniramine-maleate;-huscode"
d04314,gepirone-hydrochloride
d04315,gestaclone
d04316,gestodene
d04317,gestrinone
d04318,glatiramer-acetate
d04319,"glaze,-pharmaceutical"
d04320,glemanserin
d04321,gleptoferron
d04322,gliamilide
d04323,"dl-methylephedrine-hydrochloride,-noscapine-and-chlorpheniramine-maleate;-sekiel"
d04324,"noscapine-hydrochloride,-dl-methylephedrine-hydrochloride-and-diphenhydramine-hydrochloride;-sekiel"
d04326,senega-syrup
d04327,gloxazone
d04328,gloximonam
d04329,foeniculated-ammonia-spirit
d04330,gluceptate-sodium
d04331,apricot-kernel-water
d04332,gluconolactone
d04333,plantago-herb-extract;-hustagin
d04334,glucosamine
d04335,cherry-bark-extract;-brocin
d04336,cherry-bark-extract-and-codeine-phosphate-hydrate;-brocin-codeine
d04337,"glucose,-liquid"
d04338,"dihydrocodeine-phosphate,-ephedrine-hydrochloride-and-ammmonium-chloride;-sekicode"
d04339,potassium-cresolsulphonate
d04340,dextromethorphan-hydrobromide-and-potassium-cresolsulfonate;-medicon
d04341,glutamic-acid
d04342,dl-methylephedrine-hydrochloride-and-diprophylline;-anysumer-f
d04343,dl-isoprenaline-hydrochloride-and-pronase;-isopal-p
d04344,azulene-sulfonate-sodium-and-sodium-bicarbonate;-hachiazule
d04345,antibiotics-resistant-lactic-acid-bacteriae;-antibiophilus
d04346,bifidobacterium;-lac-b
d04347,clostridium-butyricum;-miya-bm
d04348,"glycerol,-iodinated"
d04349,lactomin
d04350,glyceryl-behenate
d04351,lactobacillus-casei;-biolactis
d04352,spore-forming-lactic-acid-bacteria;-lacbon
d04353,glycol-distearate
d04354,glyhexamide
d04355,glyoctamide
d04356,glyparamide
d04357,gold-au-198
d04358,golimumab
d04360,geranium-herb
d04361,gonadorelin-acetate
d04362,berberine-chloride-and-geranium-herb-extract;-phelloberin-a
d04363,azulene-sulfonate-sodium-and-l-glutamine;-marzulene-s
d04364,"dicyclomine-hydrochloride,-aluminium-hydroxide,-dried-and-magnesium-oxide;-kolantyl"
d04365,glycyrrhiza
d04366,"pipethanate-hydrochloride,-magnesium-aluminometasilicate-and-liqourice-extract;-geschwur"
d04368,goxalapladib
d04369,gramicidin
d04370,granisetron
d04371,"soap,-green"
d04372,deproteinized-serum;-solcoseryl
d04373,guaiapate
d04374,guaithylline
d04375,guanabenz
d04376,guanacline-sulfate
d04377,magnesium-aluminometasilicate-and-licorice-extract;-neo-umor
d04378,guancydine
d04379,"propantheline-bromide,-sodium-copper-chlorophyllin-and-magnesium-silicate;-methaphyllin"
d04380,dried-yeast
d04381,nux-vomica
d04382,guanethidine-monosulfate
d04383,condurango-fluidextract
d04384,guanisoquin-sulfate
d04385,swertia-herb
d04386,guanoclor-sulfate
d04387,guanoctine-hydrochloride
d04388,bitter-orange-peel
d04389,bitter-tincture
d04390,dilute-hydrochloric-acid
d04391,swertia-and-sodium-bicarbonate
d04392,sanactase
d04393,aluminum-hydroxide-and-magnesium-hydroxide;-aluminum-hydroxide-and-magnesium-hydroxide;-maalox
d04395,senna
d04396,cascara-sagrada
d04398,guanoxabenz
d04399,guanoxan-sulfate
d04400,"sodium-phosphate,-monobasic"
d04401,guanoxyfen-sulfate
d04402,sodium-bicarbonate-and-anhydrous-monobasic-sodium-phosphate;-new-lecicarbon
d04403,guar-gum
d04404,gutta-percha
d04405,goserelin
d04406,dioctyl-sodium-sulfosuccinate-and-casanthranol;-vemas-s
d04407,gentisic-acid-ethanolamide
d04408,carlsbad-salt;-artificial-carlsbad-salt
d04409,halobetasol-propionate
d04410,mentha-water
d04411,halofenate
d04412,compound-iodine-glycerin
d04413,halofuginone-hydrobromide
d04414,haloprogesterone
d04415,halquinols
d04416,hamycin
d04417,mallotus-bark
d04418,pipethanate-hydrochloride-and-mallotus-japonics-extract;-irricolon-m
d04420,helium
d04421,hemoglobin-crosfumaril
d04422,hemoglobin-glutamer-200
d04423,hemoglobin-glutamer-250
d04424,"potassium-phosphate,-dibasic,-potassium-chloride,-calcium-chloride-hydrate,-sodium-chloride-and-magnesium-chloride;-saliveht"
d04425,"diphenhydramine-salicylate,-hydrocortisone-acetate,-benzalkonium-chloride-and-chlorhexidine-hydrochloride;-despa"
d04426,hemoglobin-raffimer
d04427,heparin-calcium
d04429,follitropin-alfa
d04430,follitropin-beta
d04431,hepatitis-b-immune-globulin
d04432,hepatitis-b-virus-vaccine-inactivated;-engerix-b
d04433,hetaflur
d04434,heteronium-bromide
d04435,hexafluorenium-bromide
d04436,hexaminolevulinate-hydrochloride
d04437,hexedine
d04438,hexobendine
d04439,hexylene-glycol
d04440,salivary-glands-hormone;-parotin;-parotin
d04441,hexylresorcinol
d04444,histamine-dihydrochloride
d04445,histamine-phosphate
d04446,betamethasone-acetate-and-betamethasone-sodium-phosphate;-celestone-soluspan
d04447,betamethasone-and-d-chlorpheniramine-maleate;-celestamine
d04448,histoplasmin
d04450,homosalate
d04451,"testosterone-enanthate,-testosterone-propionate-and-estradiol-dipropionate;-esjin"
d04452,hoquizil-hydrochloride
d04453,"testosterone-enanthate,-testosterone-propionate-and-estradiol-valerate;-bothermon"
d04454,testosterone-enanthate-and-estradiol-valerate;-primodian
d04455,hyaluronidase
d04456,hyaluronidase
d04457,hydroxyprogesterone-caproate-and-estradiol-dipropionate;-ep-hormone
d04458,hydralazine-polistirex
d04459,progesterone-and-estradiol;-lutes
d04460,ethinylestradiol-and-ethynodiol-diacetate;-edulen
d04461,hydrocodone-polistirex
d04462,norethisterone-and-mestranol;-necon
d04463,norgestrel-and-ethinylestradiol-tablets
d04464,chlormadinone-acetate-and-mestranol;-lutedion
d04465,hydroxyprogesterone-caproate-and-estradiol-benzoate;-lutes
d04466,mestranol-and-lynestrenol;-lo-lyndiol
d04467,hydrocortisone-hemisuccinate
d04470,dilute-iodine-tincture
d04471,ethinylestradiol-and-methylestrenolone;-ep
d04472,"pregnenolone,-androstenedione,-testosterone,-estrone-and-dried-thyroide;-metharmon-f"
d04473,hydroxyamphetamine-hydrobromide
d04474,hydroxyethyl-cellulose
d04475,insulin-aspart
d04476,hydroxyphenamate
d04477,insulin-lispro
d04478,hydroxypropyl-cellulose
d04479,hyoscyamine-hydrobromide
d04480,"l-glutamic-acid,-l-alanine-and-glycine;-paraprost"
d04481,hypromellose
d04482,ethinylestradiol-and-levonorgestrel;-ange
d04483,ethinylestradiol-and-norethisterone;-norethindrone-and-ethinyl-estradiol;-synphase-t28
d04484,desogestrel-and-ethinylestradiol;-marvelon21
d04485,ibafloxacin
d04486,ibandronate-sodium
d04487,iboctadekin
d04488,ibopamine
d04489,ibritumomab-tiuxetan
d04490,ibuprofen-aluminum
d04491,ibutamoren-mesylate
d04492,icatibant-acetate
d04493,ichthammol
d04494,icotidine
d04495,ictasol
d04496,idoxifene
d04497,idremcinal
d04498,idronoxil
d04499,idursulfase
d04500,ifetroban
d04501,ifetroban-sodium
d04502,igmesine-hydrochloride
d04503,ilepcimide
d04504,ilmofosine
d04505,ilodecakin
d04506,ilonidap
d04507,imafen-hydrochloride
d04508,imazodan-hydrochloride
d04509,imcarbofos
d04510,imciromab-pentetate
d04511,imidecyl-iodine
d04512,imidocarb-hydrochloride
d04513,imidurea
d04514,imiloxan-hydrochloride
d04515,imipenem
d04516,immune-globulin-intravenous-pentetate
d04517,impromidine-hydrochloride
d04518,inalimarev
d04519,incyclinide
d04520,indacrinone
d04521,indecainide-hydrochloride
d04522,indisulam
d04523,indium-chlorides-in-113m
d04524,indium-in-111-altumomab-pentetate
d04525,indium-in-111-capromab-pendetide
d04526,indium-in-111-oxyquinoline
d04527,indium-in-111-pentetate
d04528,indium-in-111-satumomab-pendetide
d04529,indolidan
d04530,indoprofen
d04531,indoramin
d04532,indoramin-hydrochloride
d04533,indorenate-hydrochloride
d04534,indoxole
d04535,indriline-hydrochloride
d04536,influenza-virus-vaccine
d04537,ingliforib
d04538,inocoterone-acetate
d04539,insulin-detemir
d04540,insulin-glulisine
d04541,"insulin-human,-isophane"
d04542,insulin-human-zinc
d04543,"insulin-human-zinc,-extended"
d04544,insulin-i-125
d04545,insulin-i-131
d04546,"insulin,-dalanated"
d04547,"insulin,-isophane"
d04548,"insulin,-neutral"
d04549,"insulin-zinc,-extended"
d04550,"insulin-zinc,-prompt"
d04551,insulin-zinc
d04552,interferon-alfa-n1
d04553,interferon-alfa-n3
d04554,interferon-beta-1a
d04555,intrazole
d04556,intriptyline-hydrochloride
d04557,iobenguane-i-123
d04559,iobenguane-sulfate-i-123
d04560,iobenguane-sulfate-i-131
d04561,iocanlidic-acid-i-123
d04562,iocarmate-meglumine
d04563,iocetamic-acid
d04564,iodipamide-sodium-i-131
d04565,iodoantipyrine-i-131
d04566,iodocetylic-acid-i-123
d04567,iodocholesterol-i-131
d04568,iodohippurate-sodium-i-123
d04569,iodohippurate-sodium-i-125
d04570,iodohippurate-sodium-i-131
d04571,iodopyracet-i-125
d04572,iodopyracet-i-131
d04573,iodoxamate-meglumine
d04574,ioglicic-acid
d04575,ioglucol
d04576,ioglucomide
d04577,ioglycamic-acid
d04578,iogulamide
d04579,iomethin-i-125
d04580,iomethin-i-131
d04581,iometopane-i-123
d04582,iopentol
d04583,iofendylate
d04584,ioprocemic-acid
d04585,iopronic-acid
d04586,iopydol
d04587,iopydone
d04588,iosefamic-acid
d04589,ioseric-acid
d04590,iosulamide-meglumine
d04591,iosumetic-acid
d04592,iotasul
d04593,iotetric-acid
d04594,ammonia-water
d04595,iothalamate-sodium-i-125
d04596,iothalamate-sodium-i-131
d04597,iotyrosine-i-131
d04598,ioxaglate-meglumine
d04599,ioxaglate-sodium
d04600,ioxotrizoic-acid
d04601,ipazilide-fumarate
d04602,ipexidine-mesylate
d04603,ipilimumab
d04604,ipodate-calcium;-oragrafin-calcium
d04605,iprindole
d04606,iprocinodine-hydrochloride
d04607,iprofenin
d04608,ipronidazole
d04609,iproplatin
d04610,iproxamine-hydrochloride
d04611,ipsapirone-hydrochloride
d04612,iratumumab
d04613,iridium-ir-192
d04614,irofulven
d04615,iron-sorbitex
d04616,iron-sucrose
d04617,irtemazole
d04618,isamoxole
d04619,isatoribine
d04620,iseganan-hydrochloride
d04621,ismomultin-alfa
d04622,isobutamben
d04623,isobutane
d04624,isoconazole
d04625,isoetharine
d04626,isoetharine-mesylate
d04627,isoflupredone-acetate
d04628,isomazole-hydrochloride
d04629,isomerol
d04630,isomolpan-hydrochloride
d04631,isomylamine-hydrochloride
d04632,isopropyl-palmitate
d04633,isostearyl-alcohol
d04634,isosulfan-blue
d04635,isotiquimide
d04636,isotretinoin-anisatil
d04637,isovaleramide
d04638,isoxepac
d04639,isoxicam
d04640,ispinesib-mesylate
d04641,istradefylline
d04642,itasetron
d04643,itazigrel
d04644,iturelix
d04645,ixabepilone
d04646,izonsteride
d04647,juniper-tar
d04648,kalafungin
d04649,ketazocine
d04650,ketazolam
d04651,kethoxal
d04652,ketipramine-fumarate
d04653,ketorfanol
d04655,krypton-clathrate-kr-85
d04656,krypton-kr-81m
d04657,lacidipine
d04658,laidlomycin-propionate-potassium
d04659,lamifiban
d04660,lamifiban-hydrochloride
d04661,lanimostim
d04662,lanolin
d04663,lanolin-alcohols
d04664,"lanolin,-modified"
d04665,lanoteplase
d04666,lanreotide-acetate
d04667,lanthanum-carbonate
d04668,melilot-extract
d04669,lapyrium-chloride
d04670,laronidase
d04671,lasalocid
d04672,lasofoxifene-tartrate
d04673,laureth-10s
d04674,forsythia-fruit
d04675,melilot-extract-and-rutin-hydrate;-esberiven
d04676,paraphlebon
d04677,"paraphlebon,-senna-powder,-sulfur-and-potassium-hydrogen-tartrate;-circanetten"
d04678,laurocapram
d04679,lauryl-isoquinolinium-bromide
d04680,lavoltidine-succinate
d04681,lazabemide
d04682,lecithin
d04683,lecozotan-hydrochloride
d04684,aluminum-potassium-sulfate-hydrate-and-tannic-acid;-zione
d04685,ledoxantrone-trihydrochloride
d04686,lemon-oil
d04687,lenalidomide
d04688,tribenoside-and-lidocaine;-borraza-g
d04690,lenercept
d04691,leniquinsin
d04692,diflucortolone-valerate-and-lidocaine;-neriproct
d04693,lergotrile
d04694,lergotrile-mesylate
d04695,leridistim
d04696,lestaurtinib
d04697,esculoside
d04698,leteprinim-potassium
d04699,"hydrocortisone,-fradiomycin-sulfate,-dibucaine-hydrochloride-and-esculoside;-proctosedyl"
d04700,letimide-hydrochloride
d04701,levalbuterol-sulfate
d04702,bromelain-and-tocopherol-acetate;-hemonase
d04703,levalbuterol-tartrate
d04704,levamfetamine-succinate
d04705,lithospermum-root
d04706,levcycloserine
d04707,"lithospermum-root-extract,-ethyl-aminobenzoate,-dibucaine-hydrochloride,-diphenhydramine-hydrochloride-and-cetrimide;-borraginol-n"
d04708,levdobutamine-lactobionate
d04709,scopolia-extract-and-tannic-acid
d04710,levobetaxolol-hydrochloride
d04711,cernitin-pollen-extract
d04712,quercus-salicina-extract
d04713,levocarnitine-propionate-hydrochloride
d04714,levofuraltadone
d04715,levoleucovorin-calcium
d04716,levomethadyl-acetate
d04717,levonantradol-hydrochloride
d04718,levopropoxyphene-napsylate
d04719,levopropylcillin-potassium
d04720,levosimendan
d04721,levotofisopam
d04722,levoxadrol-hydrochloride
d04723,iodine-tincture
d04724,lexipafant
d04725,lexithromycin
d04726,medicinal-soap
d04727,liatermin
d04728,licostinel
d04730,lidofenin
d04732,isopropanol-and-methylated-alcohol;-alcohol
d04733,lidoflazine
d04734,alkyldiaminoethylglycine-hydrochloride
d04735,lifarizine
d04736,lifibrate
d04737,lifibrol
d04738,linarotene
d04739,linogliride
d04740,linogliride-fumarate
d04741,linopirdine
d04742,liothyronine-i-125
d04743,liothyronine-i-131
d04744,sodium-thiosulfate-and-ethanol;-hypoethanol
d04745,alkylpolyaminoethylglycine-hydrochloride
d04746,lisadimate
d04747,lisdexamfetamine-dimesylate
d04748,lisofylline
d04749,lithium-citrate
d04750,lithium-hydroxide
d04751,lixazinone-sulfate
d04752,lixivaptan
d04753,"chloramphenicol,-fradiomycin-sulfate-and-prednisolone;-chlomy-p"
d04754,lobendazole
d04755,bacitracin-and-fradiomycin-sulfate;-baramycin
d04756,"fradiomycin-sulfate-and-trypsin,-crystallized;-francetin-t"
d04757,lobucavir
d04758,lodelaben
d04759,lodenosine
d04760,lodoxamide-ethyl
d04761,d-camphor-and-ethanol;-camphor
d04762,lodoxamide-tromethamine
d04763,lofemizole-hydrochloride
d04764,lofentanil-oxalate
d04765,lofexidine-hydrochloride
d04766,lometrexol-sodium
d04767,lomofungin
d04768,lonafarnib
d04769,fradiomycin-sulfate-and-prednisolone;-aersolin-d
d04770,lonapalene
d04771,"triamcinolone-acetonide,-fradiomycin-sulfate-and-gramicidin;-kenacort-ag"
d04772,lontucirev
d04773,betamethasone-valerate-and-gentamicin-sulfate
d04774,lorajmine-hydrochloride
d04775,tetracycline-hydrochloride-and-hydrocortisone-acetate;-tetra-cortisone
d04776,oxytetracycline-hydrochloride-and-hydrocortisone;-terra-cortril
d04777,lorbamate
d04778,lorcainide-hydrochloride
d04779,lorcinadol
d04780,loreclezole
d04781,lortalamine
d04782,lorzafone
d04783,losoxantrone-hydrochloride
d04784,losulazine-hydrochloride
d04785,lotrafiban-hydrochloride
d04786,loviride
d04787,loxoribine
d04788,lubazodone-hydrochloride
d04789,lubeluzole
d04790,lubiprostone
d04791,lucanthone-hydrochloride
d04792,lucinactant
d04793,lufironil
d04794,lupitidine-hydrochloride
d04795,fradiomycin-sulfate-and-fluocinolone-acetonide;-neomycin-sulfate-and-fluocinolone-acetonide;-flucort-f
d04796,fradiomycin-sulfate-and-betamethasone-valerate;-betnevate-n
d04797,zinc-oxide-starch-powder
d04798,zinc-oxide-oil
d04799,heparinoid
d04800,"heparinoid,-adrenal-extract-and-salicylic-acid;-amel-s"
d04801,hydrocortisone-and-crotamiton;-eurax-h
d04802,phenol-and-zinc-oxide-liniment
d04803,calamine-and-zinc-oxide;-calamine-lotion
d04804,cantharides-tincture
d04805,tocopherol-and-vitamin-a;-juvela
d04806,"hydrocortisone-acetate,-diphenhydramine-hydrochloride-and-fradiomycin-sulfate;-strong-restamin-cortisone"
d04807,pine-tar
d04808,mercurial-ointment;-mercurial-ointment
d04809,glycerin-and-potash-solution
d04810,potash-soap
d04811,sulfur-and-camphor
d04812,sucrose-and-povidone-iodine;-sorenurse
d04813,lidocaine-hydrochloride-and-epinephrine-bitartrate;-lidocaine-hydrochloride-and-adrenaline-bitartrate;-ora
d04814,ethyl-aminobenzoate-and-p-butylaminobenzoyldiethylaminoethyl-hydrochloride;-neozalocaine
d04815,homosulfamine;-mafenide-hydrochloride
d04816,"ethyl-aminobenzoate,-tetracaine-hydrochloride,-dibucaine-hydrochloride-and-homosulfamine;-prones-pasta-aroma"
d04817,propitocaine-hydrochloride-and-felypressin;-citanest-octapressin
d04818,propitocaine-hydrochloride-and-epinephrine-bitartrate;-citanest
d04819,"arsenic-trioxide,-dibucaine-hydrochloride,-dl-methylephedrine-hydrochloride,-p-butylaminobenzoyldiethylaminoethyl-hydrochloride-and-benzyl-alcohol;-neoarsen-black"
d04820,lurasidone-hydrochloride
d04821,lurosetron-mesylate
d04822,lurtotecan-dihydrochloride
d04823,lutrelin-acetate
d04824,lutropin-alfa
d04825,lyapolate-sodium
d04826,lycetamine
d04827,lydimycin
d04828,lysostaphin
d04830,maduramicin
d04832,magaldrate
d04833,magnesium-aluminum-silicate
d04834,magnesium-chloride
d04835,magnesium-gluconate
d04836,magnesium-phosphate
d04837,zinc-iodide
d04838,zinc-iodide-and-iodine;-iodine-zinc-iodide-for-kantop
d04839,magnesium-silicate
d04840,dental-phenol-with-camphor
d04841,malethamer
d04842,formalin-and-cresol;-formalin-cresol
d04843,malic-acid
d04844,paraformaldehyde-and-dibucaine-hydrochloride;-periodon
d04845,maltitol
d04846,formalin-and-guaiacol;-formalin-guaiacol-fg
d04847,guaiacol-and-parachlorophenol;-methocol
d04848,mangafodipir-trisodium
d04849,dl-menthol
d04850,"phenol,-thymol-and-dl-menthol;-phenol-with-thymol"
d04851,disodium-edetate-hydrate-and-cetrimide;-morhonine
d04852,manganese-chloride
d04853,manganese-gluconate
d04854,manganese-sulfate
d04855,ethanol-for-disinfection
d04856,"sulfathiazole,-diethylaminoethyl-p-butylaminobenzoate-hydrochloride,-iodoform-and-calcium-hydroxide;-calvital"
d04857,zinc-oxide-and-eugenol;-neodyne
d04858,mapatumumab
d04859,maribavir
d04860,maropitant-citrate
d04861,"cresol,-formalin,-clove-oil-and-zinc-oxide;-palpack-v"
d04862,masoprocol
d04863,mavacoxib
d04864,maytansine
d04865,tetracycline-hydrochloride-and-epidihydrocholesterin;-tetracycline-presteron
d04866,freeze-dried-live-attenuated-measles-vaccine
d04867,fradiomycin-sulfate-and-hydrocortisone-acetate;-fradiomycin-celludent
d04868,mebeverine-hydrochloride
d04869,mebrofenin
d04870,mecasermin-rinfabate
d04871,mecetronium-ethylsulfate
d04872,mechlorethamine-hydrochloride
d04873,zinc-oxide-and-clove-oil;-surgicalpack-n
d04874,sodium-iodide
d04875,"zinc-sulfate,-iodine,-sodium-iodine-and-glycerin;-neoglycerol"
d04876,hinokitiol
d04877,mecloqualone
d04878,meclorisone-dibutyrate
d04879,"hydrocortisone-acetate,-hinokitiol-and-ethyl-aminobenzoate;-hinoporon"
d04880,dental-iodine-glycerin
d04881,"aluminum-chloride,-cetylpyridinium-chloride-and-lidocaine;-dental-tdz"
d04882,medazepam-hydrochloride
d04883,medetomidine-hydrochloride
d04884,medorinone
d04885,medrogestone
d04886,medronate-disodium
d04887,medronic-acid
d04888,medroxalol
d04889,medroxalol-hydrochloride
d04890,thiamine-disulfide-nitrate
d04891,mefenidil
d04892,mefenidil-fumarate
d04893,mefenorex-hydrochloride
d04894,mefexamide
d04895,mefloquine
d04896,megalomicin-potassium-phosphate
d04897,meglutol
d04899,"thiamine-chloride-hydrochloride,-riboflavin-sodium-phosphate-and-ascorbic-acid"
d04900,melengestrol-acetate
d04901,"thiamine-disulfide,-pyridoxine-hydrochloride-and-cyanocobalamin;-alithia-n"
d04902,flavin-adenine-dinucleotide-sodium-and-pyridoxal-phosphate;-ribomin-s
d04903,melizame
d04904,"thiamine-disulfide,-pyridoxine-hydrochloride-and-hydroxocobalamin-acetate;-dai-medine"
d04905,memantine-hydrochloride
d04906,memotine-hydrochloride
d04907,menabitan-hydrochloride
d04908,menadiol-sodium-diphosphate
d04909,ascorbic-acid-and-calcium-pantothenate
d04910,meningococcal-polysaccharide-vaccine-group-a
d04911,"benfotiamine,-pyridoxine-hydrochloride-and-cyanocobalamin;-vitamedin"
d04912,menoctone
d04913,"thiamine-chloride-hydrochloride,-pyridoxine-hydrochloride-and-cyanocobalamin;-daivitamix"
d04914,menogaril
d04915,"calcium-pantothenate,-riboflavin,-pyridoxine-hydrochloride-and-nicotinamide;-pancal"
d04916,"thiamine-nitrate,-pyridoxine-hydrochloride-and-hydroxocobalamin-acetate;-tridocelan"
d04917,"octotiamine,-riboflavin,-pyridoxine-hydrochloride-and-cyanocobalamin;-neurovitan"
d04918,menthol
d04919,"pyridoxal-phosphate,-fursultiamine-hydrochloride,-riboflavin-and-hydroxocobalamin-acetate;-vitadan"
d04920,meobentine-sulfate
d04921,mepartricin
d04922,"fursultiamine,-pyridoxal-phosphate-and-hydroxocobalamin-acetate;-vitaneurin"
d04923,mepolizumab
d04924,meptazinol-hydrochloride
d04925,mequidox
d04926,mequinol
d04927,meradimate
d04928,meralein-sodium
d04929,hydroxocobalamin-hydrochloride
d04930,"benfotiamine,-pyridoxine-hydrochloride-and-hydroxocobalamin-hydrochloride;-vitamedin-s"
d04931,mercaptopurine
d04932,mercufenol-chloride
d04933,thiamine-disulfide-phosphate
d04934,"mercury,-ammoniated"
d04935,"thiamine-disulfide-phosphate,-pyridoxine-hydrochloride-and-cyanocobalamin;-vitamedin"
d04936,merimepodib
d04937,riboflavin-and-pyridoxine-hydrochloride;-bifuroxin
d04938,merisoprol-acetate-hg-197
d04939,merisoprol-acetate-hg-203
d04940,merisoprol-hg-197
d04941,meseclazone
d04943,mespiperone-c-11
d04944,iodolecithine
d04945,chondroitin-sulfate-and-iron-colloid;-blutal
d04946,"ferric-pyrophosphate,-soluble"
d04947,mesterolone
d04948,potassium-l-aspartate
d04949,mesuprine-hydrochloride
d04950,metabromsalan
d04951,metacresol
d04952,potassium-aspartate-and-magnesium-aspartate
d04953,metalol-hydrochloride
d04954,metaproterenol-polistirex
d04955,sematilide-hydrochloride
d04956,"ferric-chloride,-manganese-chloride,-zinc-sulfate,-cupric-sulfate-and-potassium-iodide;-elemenmic"
d04957,"ferric-chloride,-zinc-sulfate,-cupric-sulfate-and-potassium-iodide;-elemate"
d04958,"l-isoleucine,-l-leucine-and-l-valine"
d04959,liver-extract-and-flavin-adenine-dinucleotide;-liver-extract-and-flavin-adenine-dinucleotide-sodium;-adelavin
d04960,malt-extract
d04961,wine
d04962,soybean-oil
d04963,dextran-40-and-glucose;-dextron
d04964,metesind-glucuronate
d04965,perphenazine-hydrochloride;-perphenazine-dihydrochloride;-pzc-intramuscular-injection
d04966,metformin
d04967,"carbazochrome,-phytonadione-and-ascorbic-acid;-ophthalm-k"
d04968,yellow-beewax
d04969,white-beeswax
d04970,methacholine-chloride
d04971,methacrylic-acid-copolymer
d04972,methacycline
d04973,methadyl-acetate
d04975,methallibure
d04976,methalthiazide
d04977,parnaparin-sodium
d04978,"sodium-citrate-hydrate,-citric-acid-hydrate-and-glucose;-acid--citrate--dextrose-solution;-acd-a-solution;-acd-a"
d04979,methdilazine
d04980,methdilazine-hydrochloride
d04981,"tromethamol,-sodium-chloride-and-potassium-chloride;-tham-set"
d04982,methetoin
d04983,racemethionine
d04984,methionine-c-11;-carbon-11-methionine
d04985,methohexital
d04986,methopholine
d04987,monoammonium-glycyrrhizinate
d04988,methyl-aminolevulinate-hydrochloride
d04989,methyl-isobutyl-ketone
d04990,"monoammonium-glycyrrhizinate,-glycine-and-l-cysteine-hydrochloride;-stronger-neo-minophagen-c"
d04991,methyl-nicotinate
d04992,methyl-palmoxirate
d04993,"monoammonium-glycyrrhizinate,-glycine-and-dl-methionine;-glycyron"
d04994,liver-hydrolysate;-leviden
d04995,methylbenzethonium-chloride
d04996,methylcellulose
d04997,methyldopate-hydrochloride
d04999,methylphenidate
d05000,methylprednisolone-hemisuccinate
d05001,methylprednisolone-sodium-phosphate
d05002,methylprednisolone-suleptanate
d05003,methynodiol-diacetate
d05004,metiamide
d05005,metioprim
d05006,metizoline-hydrochloride
d05007,metkephamid-acetate
d05008,metoclopramide-hydrochloride
d05009,metogest
d05010,metopimazine
d05011,metoprolol-fumarate
d05012,metoquizine
d05013,metoserpate-hydrochloride
d05014,metreleptin
d05015,metrenperone
d05016,metronidazole-hydrochloride
d05017,metronidazole-phosphate
d05018,meturedepa
d05019,metyrapone-tartrate
d05020,mexrenoate-potassium
d05021,mezlocillin
d05022,mezlocillin-sodium
d05023,sulfamonomethoxine-hydrate
d05024,mibefradil-dihydrochloride
d05025,mibolerone
d05026,cefroxadine-hydrate
d05027,midaflur
d05028,midazolam-maleate
d05029,midostaurin
d05030,mifobate
d05031,migalastat-hydrochloride
d05032,miglustat
d05033,milacemide-hydrochloride
d05034,todralazine-hydrochloride-hydrate
d05035,milameline-hydrochloride
d05036,milodistim
d05037,trimetoquinol-hydrochloride-hydrate
d05038,mimbane-hydrochloride
d05039,minaprine
d05040,minaprine-hydrochloride
d05041,minaxolone
d05042,mineral-oil
d05043,light-liquid-paraffin
d05044,minocromil
d05045,minocycline
d05046,mioflazine-hydrochloride
d05048,mirfentanil-hydrochloride
d05049,mirincamycin-hydrochloride
d05050,mirisetron-maleate
d05051,mirostipen
d05052,misonidazole
d05053,mitemcinal-fumarate
d05054,mitindomide
d05055,mitocarcin
d05056,mitocromin
d05057,mitogillin
d05058,mitomalcin
d05059,mitosper
d05060,mitratapide
d05061,mitumomab
d05062,mivobulin-isethionate
d05063,mixidine
d05064,modaline-sulfate
d05065,modecainide
d05066,molgramostim
d05067,molinazone
d05068,monensin
d05069,monensin-sodium
d05070,mono--and-di-glycerides
d05071,mono--and-di-acetylated-monoglycerides;-myvacet
d05072,monobenzone
d05073,monoctanoin
d05074,monoethanolamine
d05075,monothioglycerol
d05076,morantel-tartrate
d05077,moricizine
d05078,morniflumate
d05079,morrhuate-sodium
d05080,motexafin-gadolinium
d05081,motexafin-lutetium
d05082,motretinide
d05083,moxazocine
d05084,moxidectin
d05085,moxilubant-maleate
d05086,moxnidazole
d05087,moxonidine
d05089,freeze-dried-live-attenuated-mumps-vaccine
d05090,muplestim
d05091,muraglitazar
d05092,muromonab-cd3
d05093,muzolimine
d05094,mycophenolate-mofetil-hydrochloride
d05095,mycophenolate-sodium
d05096,mycophenolic-acid
d05097,myristyl-alcohol
d05098,nabazenil
d05099,nabilone
d05100,nabitan-hydrochloride
d05101,naboctate-hydrochloride
d05102,nafenopin
d05103,nafimidone-hydrochloride
d05104,naflocort
d05105,nafomine-malate
d05106,nafoxidine-hydrochloride
d05107,nafronyl-oxalate
d05108,naftalofos
d05109,nagrestipen
d05110,nalidixate-sodium
d05111,nalmefene
d05112,nalmexone-hydrochloride
d05113,naltrexone
d05114,naminidil
d05115,namoxyrate
d05116,nandrolone-cyclotate
d05117,nantradol-hydrochloride
d05118,napactadine-hydrochloride
d05119,napamezole-hydrochloride
d05120,napitane-mesylate
d05121,naproxol
d05122,narasin
d05123,nasaruplase-beta
d05124,naxagolide-hydrochloride
d05125,naxifylline
d05126,nebacumab
d05127,nebivolol
d05128,nebramycin
d05129,nedocromil
d05130,nedocromil-calcium
d05131,neflumozide-hydrochloride
d05133,nefopam-hydrochloride
d05134,nelarabine
d05135,nelezaprine-maleate
d05137,nemadectin
d05138,nemazoline-hydrochloride
d05139,nemifitide-ditriflutate
d05140,framycetin
d05141,neomycin-palmitate
d05142,neomycin-undecylenate
d05143,nepafenac
d05144,nequinate
d05145,neramexane-mesylate
d05146,nerelimomab
d05147,nesiritide
d05148,nesiritide-citrate
d05149,netobimin
d05150,netoglitazone
d05152,netupitant
d05153,neutramycin
d05154,nexeridine-hydrochloride
d05155,nibroxane
d05156,nicotine-bitartrate
d05157,nicotine-polacrilex
d05158,nicotinyl-alcohol
d05159,nifuraldezone
d05160,nifuratrone
d05161,nifurdazil
d05162,nifurimide
d05163,nifurmerone
d05164,nifurquinazol
d05165,nifursemizone
d05166,nifursol
d05167,nifurthiazole
d05168,nimazone
d05169,nimidane
d05170,niridazole
d05171,nisbuterol-mesylate
d05172,nisobamate
d05173,nisoxetine
d05174,nisterime-acetate
d05175,nitarsone
d05176,nithiamide
d05177,nitisinone
d05178,nitrafudam-hydrochloride
d05179,nitralamine-hydrochloride
d05180,nitramisole-hydrochloride
d05181,aspirin-aluminum
d05182,influenza-ha-vaccine
d05183,ulinastatin
d05184,nitrocycline
d05185,nitrodan
d05186,orange-oil
d05187,"gas-gangrene-antitoxin,-equine"
d05188,nitromersol
d05189,sodium-pertechnetate-tc-99m
d05190,carnauba-wax
d05191,nitromide
d05192,nitromifene-citrate
d05193,nitroscanate
d05194,nivazol
d05195,nivimedone-sodium
d05196,noberastine
d05197,nocodazole
d05198,nogalamycin
d05199,nolinium-bromide
d05200,nomifensine-maleate
d05201,nonacog-alfa
d05203,noracymethadol-hydrochloride
d05204,norbolethone
d05205,norelgestromin
d05206,norepinephrine-bitartrate
d05207,norethynodrel
d05208,norflurane
d05209,norgestimate
d05210,norgestomet
d05211,nufenoxole
d05212,nylestriol
d05213,nifluridide
d05214,colloidial-oatmeal
d05215,obidoxime-chloride
d05216,oblimersen-sodium
d05217,ocfentanil-hydrochloride
d05218,ocrelizumab
d05219,ocrylate
d05220,octanoic-acid
d05221,octazamide
d05222,octenidine-hydrochloride
d05223,octenidine-saccharin
d05224,octicizer
d05225,octinoxate
d05226,octisalate
d05227,octocrylene
d05228,octodrine
d05229,octoxynol-9
d05230,octreotide-pamoate
d05231,octriptyline-phosphate
d05232,octrizole
d05233,octyldodecanol
d05234,ofornine
d05235,oglufanide-disodium
d05236,"ointment,-bland-lubricating"
d05237,"ointment,-hydrophilic"
d05238,"ointment,-rose-water"
d05239,"ointment,-white"
d05240,"ointment,-yellow"
d05241,olaflur
d05242,oleic-acid-i-125
d05243,oleic-acid-i-131
d05244,oleovitamin-a-and-d
d05245,oleyl-alcohol
d05246,olmesartan
d05247,beef-tallow
d05248,freeze-dried-inactivated-tissue-culture-ravies-vaccine
d05249,olvanil
d05250,omaciclovir
d05251,omalizumab
d05252,sodium-chromate-cr-51
d05253,wheat-starch
d05254,rice-starch
d05255,omega-3-acid-ethyl-esters
d05256,diphtheria-tetanus-combined-toxoid
d05257,adsorbed-diphtheria-tetanus-combined-toxoid
d05258,serum-gonadotrophin
d05259,omeprazole-magnesium
d05260,petroleum-benzin
d05261,omeprazole-sodium-injection
d05262,omiganan-pentahydrochloride
d05263,onercept
d05265,opebacan
d05266,oprelvekin
d05267,orbofiban-acetate
d05268,orconazole-nitrate
d05269,oregovomab
d05270,orgotein
d05271,oritavancin-diphosphate
d05272,ormaplatin
d05273,ormetoprim
d05274,ornidazole
d05275,orpanoxin
d05276,pirenzepine-hydrochloride-hydrate
d05277,formoterol-fumarate-hydrate
d05278,oxagrelate
d05279,purified-shellac
d05280,oxamarin-hydrochloride
d05281,oxamisole-hydrochloride
d05282,sorbitan-sesquioleate
d05283,dried-sodium-carbonate
d05284,oxaprotiline-hydrochloride
d05285,oxarbazole
d05286,simple-syrup
d05287,simple-ointment
d05288,thianthol
d05289,camellia-oil
d05290,oxetorone-fumarate
d05291,oxfendazole
d05292,oxfenicine
d05293,oxibendazole
d05294,oxidopamine
d05295,smallpox-vaccine
d05296,oxidronic-acid
d05297,corn-starch
d05298,oxifungin-hydrochloride
d05299,oxilorphan
d05300,oximonam
d05301,lard
d05302,oximonam-sodium
d05303,oxiramide
d05304,"petrolatum,-white"
d05305,oxisuran
d05306,oxmetidine-hydrochloride
d05307,oxmetidine-mesylate
d05308,oxogestone-phenpropionate
d05309,oxybenzone
d05310,oxychlorosene
d05311,oxychlorosene-sodium
d05312,oxycodone
d05313,japanese-encephalitis-vaccine
d05315,oxygen-93-percent
d05316,tetanus-toxoid-adsorbed
d05317,"freeze-dried-habu-antivenom,-equine"
d05318,potato-starch
d05319,oxyphenbutazone-hydrate;-tandearil
d05320,oxyphenisatin-acetate
d05321,oxyquinoline
d05322,oxytetracycline-calcium
d05323,ozolinone
d05324,adsorbed-hepatitis-b-vaccine
d05326,coconut-oil
d05327,eucalyptus-oil
d05328,sodium-iodide-i-123
d05329,ringer's-injection
d05330,weil's-disease-and-akiyami-combined-vaccine
d05331,petrolatum
d05332,hydrophilic-petrolatum
d05333,paclitaxel-poliglumex
d05334,padimate-a
d05335,padimate-o
d05337,paldimycin
d05338,palifermin
d05339,paliperidone
d05340,paliperidone-palmitate
d05341,palmitic-acid
d05342,palmoxirate-sodium
d05343,palonosetron-hydrochloride
d05344,pamaqueside
d05345,pamatolol-sulfate
d05346,panadiplon
d05347,acrinol-and-zinc-oxide-oil
d05348,pancopride
d05349,pancrelipase
d05350,panitumumab
d05351,josamycin-propionate
d05352,isotonic-sodium-chloride-solution
d05353,pantoprazole
d05354,absorptive-cream
d05355,papain
d05356,adsorbed-diphtheria-purified-pertussis-tetanus-combined-vaccine
d05357,"parachlorophenol,-camphorated"
d05358,"paraffin,-synthetic"
d05359,paranyline-hydrochloride
d05360,parapenzolate-bromide
d05361,pararosaniline-pamoate
d05362,rubella-virus-vaccine-live
d05363,pullulan
d05364,parathyroid-hormone
d05365,parbendazole
d05366,procaterol-hydrochloride-hydrate
d05367,parconazole-hydrochloride
d05368,"freeze-dried-botulism-antitoxin,-equine"
d05369,paregoric
d05371,pareptide-sulfate
d05372,"freeze-dried-mamushi-antivenom,-equine"
d05373,maltose-hydrate
d05374,paroxetine-hydrochloride
d05375,paroxetine-mesylate
d05376,partricin
d05377,pascolizumab
d05378,pazinaclone
d05379,paulomycin
d05380,pazopanib-hydrochloride
d05381,pazoxide
d05382,pazufloxacin-mesilate
d05383,pegacaristim
d05384,pegademase-bovine
d05385,pegamotecan
d05386,pegaptanib-sodium
d05387,pegaspargase
d05388,peglicol-5-oleate
d05389,pegnartograstim
d05390,pegorgotein
d05391,pegoterate
d05392,pegoxel-7-stearate
d05393,pegsunercept
d05394,pegvisomant
d05395,pelanserin-hydrochloride
d05396,peldesine
d05397,peliglitazar
d05398,peliomycin
d05399,pelitinib
d05400,pelitrexol
d05401,octocog-alfa
d05402,pelretin
d05403,pelrinone-hydrochloride
d05404,pemedolac
d05405,pemerid-nitrate
d05406,penamecillin
d05407,penciclovir
d05408,penicillin-g-sodium
d05409,rurioctocog-alfa
d05410,pamiteplase
d05411,penicillin-v
d05412,monteplase
d05413,penicillin-v-hydrabamine
d05414,pentabamate
d05416,pentamorphone
d05417,pentamustine
d05418,pentapiperium-methylsulfate
d05419,pentetate-calcium-trisodium
d05420,pentetate-calcium-trisodium-yb-169
d05421,pentetate-indium-disodium-in-111
d05422,pentetic-acid
d05423,pentigetide
d05424,human-serum-albumin
d05425,pentisomicin
d05426,pentizidone-sodium
d05427,pentomone
d05428,pentosan-polysulfate-sodium
d05429,aminophylline-hydrate
d05430,pentrinitrol
d05431,mentha-herb
d05432,peppermint-oil
d05433,peppermint-spirit
d05434,peppermint-water
d05436,perflenapent
d05437,perflexane
d05438,perflisopent
d05439,perflubron
d05440,perflubutane
d05441,perfosfamide
d05442,perhexiline-maleate
d05443,permethrin
d05444,pertussis-immune-globulin
d05445,adsorbed-purified-pertussis-vaccine
d05446,pertuzumab
d05447,perzinfotel
d05448,pexiganan-acetate
d05450,phenazopyridine-hydrochloride
d05451,phenbutazone-sodium-glycerate
d05452,phencarbamide
d05453,phencyclidine-hydrochloride
d05454,phenmetrazine-hydrochloride
d05455,phenolate-sodium
d05456,phenolphthalein
d05457,phenprocoumon
d05458,phentermine
d05459,phentermine-hydrochloride
d05460,phenyl-aminosalicylate
d05461,enoxacin-hydrate
d05462,oxycodone-hydrochloride-hydrate
d05463,calcium-gluconate-hydrate
d05464,phenylmercuric-acetate
d05465,phenylmercuric-nitrate
d05466,phenylpropanolamine-polistirex
d05467,phosphoric-acid
d05468,phthalofyne
d05469,phytate-persodium
d05470,phytate-sodium
d05471,piboserod-hydrochloride
d05472,pibrozelesin-hydrobromide
d05473,picenadol-hydrochloride
d05474,piclamilast
d05475,picotrin-diolamine
d05476,picumeterol-fumarate
d05477,pifarnine
d05478,pilocarpine-nitrate
d05479,pimagedine-hydrochloride
d05480,pimecrolimus
d05481,pimetine-hydrochloride
d05482,pinacidil
d05483,pinadoline
d05484,pipazethate
d05485,piperamide-maleate
d05486,piperazine-edetate-calcium
d05487,piposulfan
d05488,pipoxolan-hydrochloride
d05489,piprozolin
d05490,piquizil-hydrochloride
d05491,pirandamine-hydrochloride
d05492,pirazmonam-sodium
d05493,pirazolac
d05494,pirbenicillin-sodium
d05495,pirenperone
d05496,piridicillin-sodium
d05497,piridronate-sodium
d05498,piriprost
d05499,piriprost-potassium
d05500,piritrexim-isethionate
d05501,pirlimycin-hydrochloride
d05502,pirmagrel
d05503,pirnabine
d05504,piroctone
d05505,piroctone-olamine
d05506,pirodavir
d05507,pirogliride-tartrate
d05508,pirolate
d05509,pirolazamide
d05510,piroxantrone-hydrochloride
d05511,piroxicam-betadex
d05512,piroxicam-cinnamate
d05513,piroxicam-olamine
d05514,piroximone
d05515,pirprofen
d05516,pirquinozol
d05517,pirsidomine
d05518,pirtenidine-hydrochloride
d05519,"pituitary,-posterior;-pituitrin"
d05520,pivampicillin-pamoate
d05521,pivampicillin-probenate
d05522,pixantrone
d05523,pizotyline
d05524,plague-vaccine
d05525,plantago-seed
d05526,plasma-protein-fraction
d05527,platelet-concentrate
d05528,pleconaril
d05529,podofilox
d05530,podophyllum
d05531,"poison-ivy-extract,-alum-precipitated"
d05532,poison-oak-extract
d05533,polacrilin
d05534,polacrilin-potassium
d05535,poldine-methylsulfate
d05536,policapram
d05537,polifeprosan-20
d05538,mozenavir
d05539,poligeenan
d05540,poliglecaprone-25
d05541,poliglusam
d05542,polignate-sodium
d05543,poliovirus-vaccine-inactivated
d05544,live-oral-polimyelitis-vaccine
d05545,polipropene-25
d05546,polixetonium-chloride
d05547,poloxalene
d05548,polybutester
d05549,polybutilate
d05550,polydextrose
d05551,kasal
d05552,polydioxanone
d05553,polyethadene
d05554,polyethylene-glycol-monomethyl-ester
d05555,polyferose
d05556,polyglactin-370
d05557,polyglycolic-acid
d05558,polyglyconate
d05559,polymetaphosphate-p-32
d05560,polyoxyl-10-oleyl-ether
d05561,polyoxyl-20-cetostearyl-ether
d05562,polyoxyl-35-castor-oil
d05563,polyoxyl-40-hydrogenated-castor-oil
d05564,polyoxypropylene-15-stearyl-ether
d05565,polysorbate-20
d05566,polysorbate-40
d05567,polysorbate-60
d05568,polysorbate-65
d05569,polysorbate-85
d05570,polyurethane-foam
d05571,polyvinyl-acetate-phthalate
d05572,porfiromycin
d05574,"potash,-sulfurated"
d05575,pramipexole
d05576,potassium-benzoate
d05577,potassium-chloride-k-42
d05578,potassium-citrate
d05579,potassium-glucaldrate
d05580,potassium-guaiacolsulfonate
d05581,potassium-metabisulfite
d05582,potassium-metaphosphate
d05583,potassium-sodium-tartrate
d05584,povidone-i-125
d05585,povidone-i-131
d05587,practolol
d05588,pradefovir-mesylate
d05589,pralatrexate
d05590,pralidoxime-mesylate
d05591,plauracin
d05592,pramiracetam-hydrochloride
d05593,pramiracetam-sulfate
d05594,pramlintide
d05595,pramlintide-acetate
d05596,pranolium-chloride
d05597,prasugrel-hydrochloride
d05598,pravadoline-maleate
d05599,prazarelix-acetate
d05600,prednazate
d05601,prednicarbate
d05602,prednimustine
d05603,prednival
d05604,pregnenolone-succinate
d05605,premafloxacin
d05606,prenalterol-hydrochloride
d05607,prezatide-copper-acetate
d05608,pridefine-hydrochloride
d05609,prifelone
d05610,priliximab
d05611,prinomide-tromethamine
d05612,prinoxodan
d05613,prizidilol-hydrochloride
d05614,proadifen-hydrochloride
d05615,probicromil-calcium
d05616,procinonide
d05617,proclonol
d05618,prodilidine-hydrochloride
d05619,prodolic-acid
d05620,profadol-hydrochloride
d05621,progabide
d05622,proinsulin-human
d05623,prolintane-hydrochloride
d05624,potassium-citrate-and-sodium-citrate-hydrate;-uralyt
d05625,propane
d05626,propanidid
d05627,propatyl-nitrate
d05628,propenzolate-hydrochloride
d05629,propikacin
d05630,propiolactone
d05631,propiram-fumarate
d05632,propoxyphene-napsylate
d05633,propylene-carbonate
d05634,propylene-glycol-alginate
d05635,propylene-glycol-diacetate
d05636,propylene-glycol-monostearate
d05637,propylhexedrine
d05638,proquazone
d05639,proquinolate
d05640,prorenoate-potassium
d05641,proroxan-hydrochloride
d05642,prostalene
d05643,protein-hydrolysate
d05644,proxazole
d05645,proxicromil
d05646,proxorphan-tartrate
d05647,prussian-blue-insoluble
d05648,pseudoephedrine-polistirex
d05649,pseudoephedrine-sulfate
d05650,psyllium-hemicellulose
d05651,psyllium-husk
d05652,pumice
d05653,puromycin
d05655,puromycin-hydrochloride
d05656,pyrabrom
d05657,pyrantel-tartrate
d05658,pyrazofurin
d05659,pyrethrum-extract
d05660,pyrilamine-maleate
d05661,pyrinoline
d05662,pyrithione-sodium
d05663,pyrovalerone-hydrochloride
d05664,pyroxamine-maleate
d05665,pyrrocaine
d05666,pyrroliphene-hydrochloride
d05667,quadazocine-mesylate
d05668,quazinone
d05669,quazodine
d05670,quazolast
d05671,quiflapon-sodium
d05672,quinaldine-blue
d05673,quinazosin-hydrochloride
d05674,quinbolone
d05675,quindecamine-acetate
d05676,quindonium-bromide
d05677,quinelorane-hydrochloride
d05678,quinetolate
d05679,quingestanol-acetate
d05680,quingestrone
d05681,quinine-ascorbate
d05682,quinpirole-hydrochloride
d05683,quinterenol-sulfate
d05684,quinuclium-bromide
d05685,quipazine-maleate
d05686,rabies-immune-globulin
d05687,racephenicol
d05688,racepinephrine
d05689,racepinephrine-hydrochloride
d05690,raclopride-c11
d05691,ractopamine-hydrochloride
d05692,radafaxine-hydrochloride
d05693,rafoxanide
d05694,ralitoline
d05695,raluridine
d05696,ramoplanin
d05697,ranibizumab
d05698,ranimycin
d05699,ranitidine-bismuth-citrate
d05700,ranolazine
d05701,ranolazine-hydrochloride
d05702,ranpirnase
d05703,rapacuronium-bromide
d05704,rasburicase
d05705,rauwolfia-serpentina
d05706,raxibacumab
d05707,"rayon,-purified"
d05708,recainam-hydrochloride
d05709,recainam-tosylate
d05710,reclazepam
d05711,regadenoson
d05712,regramostim
d05713,relomycin
d05714,remacemide-hydrochloride
d05715,remiprostol
d05716,repifermin
d05717,repromicin
d05718,reproterol-hydrochloride
d05719,resocortol-butyrate
d05720,retapamulin
d05721,reteplase
d05722,revaprazan-hydrochloride
d05723,rho(d)-immune-globulin
d05724,ribaminol
d05725,riboflavin-5'-phosphate-sodium
d05726,riboprine
d05727,ridogrel
d05728,rilapladib
d05729,rimexolone
d05730,rimiterol-hydrobromide
d05731,rimonabant
d05732,rioprostil
d05733,ripazepam
d05734,rismorelin-porcine
d05735,risocaine
d05736,risotilide-hydrochloride
d05737,ristianol-phosphate
d05738,ritanserin
d05739,rivoglitazone
d05740,rizatriptan-sulfate
d05741,robenidine-hydrochloride
d05742,rocastine-hydrochloride
d05743,rodocaine
d05744,roflumilast
d05745,roflurane
d05746,rogletimide
d05747,roletamide
d05748,rolgamidine
d05749,rolicyprine
d05750,rolodine
d05751,romazarit
d05752,ronidazole
d05753,ronnel
d05754,ropitoin-hydrochloride
d05755,ropizine
d05756,roquinimex
d05757,rosaramicin
d05758,rosaramicin-butyrate
d05759,rosaramicin-propionate
d05760,rosaramicin-sodium-phosphate
d05761,rosaramicin-stearate
d05762,rose-bengal-sodium-i-125
d05763,rose-bengal-sodium-i-131
d05764,rose-oil
d05765,"rose-water,-strong"
d05766,rostaporfin
d05767,rotigaptide
d05768,rotigotine
d05769,rotoxamine
d05770,roxadimate
d05771,roxarsone
d05772,roxifiban-acetate
d05773,rubidium-chloride-rb-82
d05774,rubidium-chloride-rb-86
d05775,rufinamide
d05776,rupintrivir
d05777,ruplizumab
d05778,rutamycin
d05779,sabcomeline-hydrochloride
d05780,sabeluzole
d05781,saccharin-calcium
d05782,sacrosidase
d05783,safflower-oil
d05784,safingol
d05785,safingol-hydrochloride
d05786,salantel
d05787,salcaprozate-sodium
d05788,salcolex
d05789,salethamide-maleate
d05790,salicyl-alcohol
d05791,salicylate-meglumine
d05792,salmeterol
d05793,salnacedin
d05794,"salts,-rehydration"
d05795,samarium-sm-153-lexidronam-pentasodium
d05796,sancycline
d05797,sanfetrinem-cilexetil
d05798,sanfetrinem-sodium
d05799,sanguinarium-chloride
d05800,saperconazole
d05801,saprisartan-potassium
d05802,sarafloxacin-hydrochloride
d05803,sargramostim
d05804,sarizotan-hydrochloride
d05805,sarmoxicillin
d05806,sarpicillin
d05807,satraplatin
d05808,schick-test-control
d05809,scopafungin
d05810,seclazone
d05811,sedecamycin
d05812,seglitide-acetate
d05813,selamectin
d05814,selenious-acid
d05815,selenium-sulfide
d05816,selenomethionine-se-75
d05817,seletracetam
d05818,selodenoson
d05819,semaxanib
d05820,semduramicin
d05821,semparatide-acetate
d05822,semustine
d05824,sepazonium-chloride
d05825,seprilose
d05826,seproxetine-hydrochloride
d05827,seractide-acetate
d05828,serazapine-hydrochloride
d05829,sergolexole-maleate
d05830,sermetacin
d05831,sevirumab
d05832,sibenadet-hydrochloride
d05833,sibopirdine
d05834,sibrafiban
d05837,silandrone
d05838,"silica,-dental-type"
d05839,"siliceous-earth,-purified"
d05840,"silver-nitrate,-toughened"
d05841,simethicone
d05842,simotaxel
d05843,simtrazene
d05844,sinapultide
d05845,sincalide
d05846,sinefungin
d05847,siplizumab
d05848,sitogluside
d05849,soda-lime
d05850,sodium-acetate-c-11
d05851,sodium-amylosulfate
d05852,sodium-arsenate-as-74
d05853,sodium-ascorbate
d05854,sodium-chloride-na-22
d05855,sodium-citrate
d05856,sodium-dehydroacetate
d05857,sodium-dichloroacetate
d05858,sodium-ethasulfate
d05859,sodium-ferric-gluconate-complex
d05860,sodium-fluoride-f-18
d05861,sodium-formaldehyde-sulfoxylate
d05862,sodium-gluconate
d05863,sodium-iodide-i-125
d05864,sodium-monofluorophosphate
d05865,sodium-nitrite
d05866,sodium-oxybate
d05867,sodium-phenylacetate
d05868,sodium-phenylbutyrate
d05869,"sodium-phosphate,-dibasic"
d05870,sodium-phosphate-p-32
d05871,sodium-polyphosphate
d05872,sodium-propionate
d05873,sodium-pyrophosphate
d05874,sodium-starch-glycolate
d05875,sodium-stearate
d05876,sodium-stearyl-fumarate
d05877,sodium-sulfate
d05878,sodium-sulfate-s-35
d05879,solabegron-hydrochloride
d05880,solypertine-tartrate
d05881,somagrebove
d05882,somalapor
d05883,somantadine-hydrochloride
d05884,somatrem
d05885,somavubove
d05886,somenopor
d05887,sometribove
d05888,sometripor
d05889,somfasepor
d05890,somidobove
d05891,sonepiprazole-mesylate
d05892,sorbic-acid
d05893,sorbinil
d05894,sorbitan-laurate
d05895,sorbitan-oleate
d05896,sorbitan-palmitate
d05897,sorbitan-stearate
d05898,sorbitan-trioleate
d05899,sorbitan-tristearate
d05900,timoprazole
d05901,picoprazole
d05902,soterenol-hydrochloride
d05903,sotirimod
d05904,sparfosate-sodium
d05905,sparsomycin
d05906,leminoprazole
d05907,spiradoline-mesylate
d05908,spiramycin
d05909,spirogermanium-hydrochloride
d05910,spiromustine
d05911,spiroplatin
d05912,spiroxasone
d05913,sprodiamide
d05914,squalamine-lactate
d05915,squalane
d05916,stallimycin-hydrochloride
d05917,stamulumab
d05918,stannous-chloride
d05919,stannous-fluoride
d05920,stannous-pyrophosphate
d05921,stannous-sulfur-colloid
d05922,stannsoporfin
d05923,statolon
d05924,steffimycin
d05925,stenbolone-acetate
d05926,stilbazium-iodide
d05927,stilonium-iodide
d05928,stiripentol
d05929,stirofos
d05930,streptonicozid
d05931,streptonigrin
d05932,streptozocin
d05933,strontium-chloride-sr-85
d05934,strontium-nitrate-sr-85
d05935,sucrose-octaacetate
d05936,sucrosofate-potassium
d05937,sudoxicam
d05938,sufentanil
d05939,sufotidine
d05940,sugammadex-sodium
d05941,sulamserod-hydrochloride
d05942,sulazepam
d05943,sulbenox
d05944,sulesomab
d05945,sulfabenz
d05946,sulfabenzamide
d05947,sulfacetamide
d05948,sulfachlorpyridazine
d05949,sulfadiazine-sodium
d05950,sulfanilate-zinc
d05951,sulfanitran
d05952,sulfaquinoxaline
d05953,sulfasomizole
d05954,sulfazamet
d05955,sulfinalol-hydrochloride
d05956,sulfisoxazole-acetyl
d05957,sulfisoxazole-diolamine
d05959,sulfomyxin
d05960,sulfonterol-hydrochloride
d05961,sulfur-dioxide
d05962,sulfur-hexafluoride
d05963,sulfuric-acid
d05964,sulisobenzone
d05965,sulmarin
d05966,sulnidazole
d05967,suloctidil
d05968,sulofenur
d05969,sulopenem
d05970,sulotroban
d05971,suloxifen-oxalate
d05972,sultamicillin
d05973,sumarotene
d05974,suncillin-sodium
d05975,suproclone
d05977,surfomer
d05978,surgibone
d05979,suricainide-maleate
d05980,suritozole
d05981,suronacrine-maleate
d05982,sutilains
d05983,"suture,-adsorbable-surgical"
d05984,suxemerid-sulfate
d05985,symclosene
d05986,symetine-hydrochloride
d05987,"synthetic-conjugated-estrogens,-b"
d05988,tacedinaline
d05989,talabostat
d05990,talabostat-mesylate
d05991,talactoferrin-alfa
d05992,taleranol
d05993,talisomycin
d05994,talizumab
d05995,talmetacin
d05996,talnetant-hydrochloride
d05997,talopram-hydrochloride
d05998,talosalate
d05999,talotrexin-ammonium
d06000,talsaclidine-fumarate
d06001,taltobulin
d06002,tameridone
d06003,tanaproget
d06004,tandamine-hydrochloride
d06005,tandutinib
d06006,"tape,-adhesive"
d06007,tapentadol
d06008,tariquidar
d06009,tasidotin-hydrochloride
d06010,tasosartan
d06011,tazadolene-succinate
d06012,tazifylline-hydrochloride
d06013,tazofelone
d06014,tazolol-hydrochloride
d06015,tazomeline-citrate
d06016,tebanicline-tosylate
d06017,tebufelone
d06018,tebuquine
d06019,tecadenoson
d06020,tecalcet-hydrochloride
d06021,tecastemizole
d06022,technetium-tc-99m-albumin
d06023,technetium-tc-99m-albumin-aggregated
d06024,technetium-tc-99m-albumin-colloid
d06025,technetium-tc-99m-albumin-microaggregated
d06026,technetium-tc-99m-antimony-trisulfide-colloid
d06027,technetium-tc-99m-apcitide
d06028,technetium-tc-99m-arcitumomab
d06029,technetium-tc-99m-bicisate
d06030,technetium-tc-99m-depreotide
d06031,technetium-tc-99m-disofenin
d06032,technetium-tc-99m-etidronate
d06033,technetium-tc-99m-fanolesomab
d06034,technetium-tc-99m-furifosmin
d06035,technetium-tc-99m-gluceptate
d06036,technetium-tc-99m-lidofenin
d06037,technetium-tc-99m-mebrofenin
d06038,technetium-tc-99m-medronate-disodium
d06039,technetium-tc-99m-mertiatide
d06040,technetium-tc-99m-nitridocade
d06041,technetium-tc-99m-oxidronate
d06042,technetium-tc-99m-pentetate
d06043,technetium-tc-99m-pentetate-calcium-trisodium
d06044,technetium-tc-99m
d06045,technetium-tc-99m-pyrophosphate
d06046,technetium-tc-99m-red-blood-cells
d06047,technetium-tc-99m-siboroxime
d06048,technetium-tc-99m-sulfur-colloid
d06049,technetium-tc-99m-teboroxime
d06050,technetium-tc-99m-tetrofosmin
d06051,teclozan
d06052,tecogalan-sodium
d06053,teduglutide
d06054,tefibazumab
d06055,teflurane
d06056,tegaserod
d06057,telavancin-hydrochloride
d06058,telbermin
d06059,teloxantrone-hydrochloride
d06060,teludipine-hydrochloride
d06061,tematropium-methylsulfate
d06062,temefos
d06063,temelastine
d06064,temocillin
d06065,temodox
d06066,temoporfin
d06067,temozolomide
d06068,temsirolimus
d06069,temurtide
d06070,tenecteplase
d06071,teneliximab
d06072,tenidap
d06073,tenidap-sodium
d06074,tenofovir
d06075,tepoxalin
d06076,teprotide
d06077,terbogrel
d06078,teriparatide
d06079,teroxalene-hydrochloride
d06080,teroxirone
d06081,terpin-hydrate
d06082,tesicam
d06083,tesimide
d06084,tesmilifene-hydrochloride
d06085,testosterone-ketolaurate
d06086,testosterone-phenylacetate
d06087,testosterone-undecanoate
d06088,tetanus-antitoxin;-tat
d06089,tetanus-immune-globulin
d06091,tetramisole-hydrochloride
d06092,tetraxetan
d06093,tetrazolast-meglumine
d06094,tetrofosmin
d06095,tetronasin-sodium
d06096,tetroquinone
d06097,tetroxoprim
d06098,tetracycline-metaphosphate
d06099,tetrydamine
d06100,tezacitabine
d06101,thenium-closylate
d06102,theofibrate
d06103,theophylline
d06104,theophylline-sodium-glycinate
d06105,thiamiprine
d06106,thiamylal
d06107,thiazinamium-chloride
d06108,thimerfonate-sodium
d06109,thioguanine
d06110,thiosalan
d06111,thiostrepton
d06112,thiphenamil-hydrochloride
d06113,thiphencillin-potassium
d06114,thiram
d06115,thozalinone
d06116,thymalfasin
d06117,thymopentin
d06118,thyroglobulin
d06119,thyromedan-hydrochloride
d06120,thyrotropin-alfa
d06121,thyroxine-i-125
d06122,thyroxine-i-131
d06123,tiacrilast
d06124,tiacrilast-sodium
d06125,tiamenidine
d06126,tiamenidine-hydrochloride
d06127,tiamulin
d06128,tiamulin-fumarate
d06129,tiapamil-hydrochloride
d06130,tiazofurin
d06131,tiazuril
d06132,tibenelast-sodium
d06133,tibric-acid
d06134,tibrofan
d06135,ticabesone-propionate
d06136,ticarbodine
d06137,ticarcillin-cresyl-sodium
d06138,ticarcillin-monosodium
d06139,ticlatone
d06140,ticolubant
d06141,tidembersat
d06142,tifacogin
d06143,tifurac-sodium
d06144,tigemonam-dicholine
d06145,tigestol
d06146,tiletamine-hydrochloride
d06147,tilidine-hydrochloride
d06148,tilomisole
d06149,tilorone-hydrochloride
d06150,timcodar-dimesylate
d06151,timefurone
d06152,timobesone-acetate
d06153,tinabinol
d06154,tiodazosin
d06155,tiodonium-chloride
d06156,tiopinac
d06157,tiotidine
d06158,tioxidazole
d06159,tipentosin-hydrochloride
d06160,tiplasinin
d06161,tipredane
d06162,tiprenolol-hydrochloride
d06163,tiprinast-meglumine
d06164,tipropidil-hydrochloride
d06165,tiqueside
d06166,tiquinamide-hydrochloride
d06167,tirapazamine
d06168,tirilazad-mesylate
d06170,tixanox
d06171,tixocortol-pivalate
d06172,tocainide
d06173,tocladesine
d06174,tocophersolan
d06175,tofenacin-hydrochloride
d06176,tolamolol
d06177,"tolbutamide-sodium,-sterile;-orinase-diagnostic"
d06178,tolevamer-potassium-sodium
d06179,tolevamer-sodium
d06180,tolfamide
d06181,tolgabide
d06182,tolimidone
d06183,tolindate
d06184,toliodium-chloride
d06186,tolpyrramide
d06187,toltrazuril
d06188,tolu-balsam
d06189,tonazocine-mesylate
d06190,topixantrone
d06191,topterone
d06192,toquizine
d06193,toralizumab
d06194,torapsel
d06195,torcetrapib
d06196,torcitabine
d06197,tosagestin
d06198,tosifen
d06199,trabectedin
d06200,tracazolate
d06201,tralonide
d06202,tramiprosate
d06203,transcainide
d06204,traxoprodil-mesylate
d06205,trebenzomine-hydrochloride
d06206,trecetilide-fumarate
d06207,trecovirsen-sodium
d06208,trefentanil-hydrochloride
d06209,treloxinate
d06210,tremacamra
d06211,trenbolone-acetate
d06212,trepipam-maleate
d06213,treprostinil
d06214,trestolone-acetate
d06215,triafungin
d06216,triamcinolone-acetonide-sodium-phosphate
d06217,triampyzine-sulfate
d06218,tribromsalan
d06219,tricetamide
d06220,trichloromonofluoromethane
d06221,triciribine-phosphate
d06222,tricitrates
d06223,triclocarban
d06224,triclofenol-piperazine
d06225,triclonide
d06226,triclosan
d06227,tridolgosir-hydrochloride
d06228,triethyl-citrate
d06229,trifenagrel
d06230,triflocin
d06231,triflubazam
d06232,triflumidate
d06233,trikates
d06234,trimazosin-hydrochloride
d06235,trimegestone
d06236,trimethoprim-sulfate
d06237,trimetozine
d06238,trimetrexate
d06239,trimetrexate-glucuronate
d06240,trimoprostil
d06241,trimoxamine-hydrochloride
d06242,trinecol
d06243,triolein-i-125
d06244,triolein-i-131
d06245,trioxifene-mesylate
d06246,tripelennamine-citrate;-pbz
d06247,triptorelin
d06248,triptorelin-pamoate
d06249,"water,-tritiated"
d06250,trisulfapyrimidines
d06251,troclosene-potassium
d06252,trodusquemine
d06253,tropanserin-hydrochloride
d06254,trospectomycin-sulfate
d06255,troxacitabine
d06256,tuberculin
d06257,tubulozole-hydrochloride
d06258,tulathromycin
d06259,tuvirumab
d06260,tybamate
d06261,typhoid-vaccine
d06262,tyrothricin
d06263,uldazepam
d06265,uracil-mustard
d06266,uredepa
d06267,uredofos
d06268,trimeperidine
d06269,urofollitropin
d06270,urokinase-alfa
d06271,vaccinia-immune-globulin
d06272,sorafenib-tosylate
d06273,imidafenacin
d06274,tafluprost
d06275,valomaciclovir-stearate
d06277,valspodar
d06278,valtorcitabine-dihydrochloride
d06279,vanilla
d06280,vapiprost-hydrochloride
d06281,vapreotide
d06282,varenicline-tartrate
d06283,varespladib-sodium
d06284,varicella-zoster-immune-globulin
d06285,vatalanib
d06286,"vegetable-oil,-hydrogenated"
d06287,velafermin
d06288,velnacrine-maleate
d06289,veradoline-hydrochloride
d06290,verilopam-hydrochloride
d06291,verofylline
d06292,versetamide
d06293,vestipitant-mesylate
d06294,miriplatin-hydrate
d06295,amidoflumet
d06296,arundic-acid
d06297,vicriviroc-maleate
d06298,vidarabine
d06299,vidarabine-phosphate
d06300,vidarabine-sodium-phosphate
d06303,vincofos
d06304,vindesine
d06305,vinepidine-sulfate
d06306,vinglycinate-sulfate
d06307,vinleurosine-sulfate
d06308,vinrosidine-sulfate
d06309,vinzolidine-sulfate
d06310,viprostol
d06311,virginiamycin
d06312,viridofulvin
d06313,viroxime
d06314,visilizumab
d06315,fluticasone-furoate
d06316,indoxacarb
d06317,vofopitant-dihydrochloride
d06318,volazocine
d06319,volociximab
d06320,vorinostat
d06321,votumumab
d06322,water-o-15
d06323,"wax,-emulsifying"
d06324,"wax,-microcrystalline"
d06325,white-lotion
d06326,witch-hazel
d06327,xaliproden
d06328,xamoterol
d06329,xamoterol-fumarate
d06330,xanomeline
d06331,xanomeline-tartrate
d06332,xanoxate-sodium
d06333,xanthan-gum
d06334,xanthinol-niacinate
d06335,xemilofiban-hydrochloride
d06336,xenalipin
d06337,xenbucin
d06338,xenon-xe-127
d06339,xenon-xe-133
d06340,xilobam
d06341,xipamide
d06342,xorphanol-mesylate
d06343,xylamidine-tosylate
d06344,xylazine-hydrochloride
d06346,xylose
d06347,yellow-fever-vaccine
d06348,yttrium-y-90-epratuzumab
d06349,yttrium-y-90-epratuzumab-tetraxetan
d06350,yttrium-y-90-labetuzumab
d06351,yttrium-y-90-labetuzumab-tetraxetan
d06352,yttrium-y-90-tacatuzumab
d06353,zacopride-hydrochloride
d06354,zalospirone-hydrochloride
d06355,zaltidine-hydrochloride
d06356,zanolimumab
d06357,zanoterone
d06358,zatosetron-maleate
d06359,zein
d06360,zenazocine-mesylate
d06361,zeniplatin
d06362,zeranol
d06363,ziconotide
d06364,zidometacin
d06365,zifrosilone
d06366,zilantel
d06367,zimeldine-hydrochloride
d06368,zinc-carbonate
d06369,zinc-chloride-zn-65
d06370,zinc-stearate
d06371,zinc-sulfate
d06372,zindotrine
d06373,zinoconazole-hydrochloride
d06374,zinterol-hydrochloride
d06375,zinviroxime
d06376,zolamine-hydrochloride
d06377,zolazepam-hydrochloride
d06378,zoledronate-disodium
d06379,zoledronate-trisodium
d06380,zolertine-hydrochloride
d06381,zolimomab-aritox
d06382,zomepirac-sodium
d06383,zometapine
d06384,zoniclezole-hydrochloride
d06385,zorbamycin
d06386,zorubicin-hydrochloride
d06387,zosuquidar-trihydrochloride
d06388,zucapsaicin
d06389,dibasic-sodium-phosphate-hydrate
d06390,azithromycin
d06391,monobasic-calcium-phosphate-hydrate
d06392,d-camphor
d06393,carbocysteine
d06394,dabuzalgron-hydrochloride
d06395,enadoline-hydrochloride
d06396,renzapride
d06397,estramustine-phosphate-sodium-hydrate
d06398,tinzaparin-sodium
d06399,"tegafur,-gimeracil-and-oteracil-potassium;-ts-1"
d06400,follitropin-delta
d06401,indapamide-hydrate;-tenaxil
d06402,sunitinib-malate
d06403,ranirestat
d06404,liraglutide
d06405,nalfurafine-hydrochloride
d06406,peretinoin
d06407,vandetanib
d06408,zinc-acetate
d06409,bevacizumab
d06410,thrombomodulin-alfa
d06412,aliskiren-fumarate
d06413,nilotinib-hydrochloride-hydrate
d06414,dasatinib
d06415,meningococcal-polysaccharide-vaccine-group-c
d06416,cresol-solution
d06417,saponated-cresol-solution
d06418,macrogol-ointment
d06419,macrogol-400
d06420,macrogol-1500
d06421,macrogol-4000
d06422,macrogol-6000
d06423,macrogol-20000
d06426,purified-gelatin
d06428,"gelatin-film,-absorbable;-gelfilm"
d06429,"gelatin-sponge,-absorbable;-gelfoam"
d06436,silodrate
d06437,anhydrous-dibasic-calcium-phosphate
d06439,dental-antiformin
d06440,"ether,-anesthetic"
d06441,collodion
d06451,lauromacrogol
d06452,dimethicone-350
d06453,pentalyte
d06454,pentastarch
d06455,capsicum-tincture
d06456,"cellulose,-oxidized-regenerated"
d06457,"gonadotropin,-chorionic"
d06458,"globulin,-immune"
d06459,purified-human-menopausal-gonadotrophin
d06460,polycarbophil
d06461,mentha-oil
d06462,castor-oil
d06463,lumiliximab
d06465,chlorophyllin-copper-complex-sodium
d06466,freeze-dried-bcg-vaccine
d06467,whole-human-blood
d06468,isopaque
d06469,lysine-hydrochloride
d06475,adsorbed-hepatitis-b-vaccine
d06478,darunavir-ethanolate
d06479,iodinated
d06480,diphtheria-antitoxin
d06482,thyroid
d06483,arginine-hydrochloride;-r-gene
d06484,podophyllum-resin;-podophyllin
d06485,amoxicillin-hydrate-and-potassium-clavulanate;-augmentin
d06486,mumps-virus-vaccine-live;-mumpsvax
d06487,polyglactin-910
d06490,nonoxynol-9
d06494,nux-vomica-tincture
d06495,octreotide-acetate
d06498,concentrated-human-blood-platelet;-platelet-concentrate-hla
d06499,opium-tincture
d06500,orange-peel-tincture
d06501,orange-peel-syrup
d06502,polyoxyethylene
d06503,pemetrexed-sodium-hydrate
d06504,rabies-vaccine;-rabavert
d06505,"starch,-topical"
d06506,"starch,-pregelatinized"
d06507,starch
d06508,shellac
d06509,white-shellac
d06510,freeze-dried-smallpox-vaccine
d06511,freeze-dried-smallpox-vaccine-prepared-in-cell-culture
d06512,freeze-dried-live-attenuated-rubella-vaccine
d06513,"freeze-dried-tetanus-antitoxin,-equine"
d06514,pertussis-vaccine
d06515,pertussis-vaccine-adsorbed
d06516,"phenolphthalein,-yellow;-feen-a-mint-gum"
d06517,pirmenol-hydrochloride
d06518,"suture,-nonabsorbable-surgical"
d06520,tolpovidone-i-131
d06521,light-anhydrous-silicic-acid
d06522,"silicon-dioxide,-colloidal"
d06525,formalin-water
d06532,"sugar,-invert"
d06534,phenolated-water
d06539,dextran-40
d06540,dextran-70
d06541,dextran-75
d06542,ethanol
d06543,vitamin-a
d06544,"corticotropin,-repository"
d06546,teriparatide-acetate
d06547,tetanus-toxoid
d06551,afimoxifene
d06552,alcaftadine
d06553,alogliptin-benzoate
d06554,alvespimycin-hydrochloride
d06555,amolimogene-bepiplasmid
d06556,apilimod-mesylate
d06557,aplaviroc-hydrochloride
d06558,aztreonam-lysine
d06559,balamapimod
d06560,batabulin
d06561,bavituximab
d06562,bedoradrine-sulfate
d06563,belagenpumatucel-l
d06564,bevirimat-dimeglumine
d06565,galsulfase
d06566,bifeprunox
d06567,bifeprunox-mesylate
d06568,bisdisulizole-disodium
d06569,bremelanotide
d06570,camobucol
d06571,antithrombin-iii-human
d06573,carisbamate
d06574,casopitant-mesylate
d06575,catramilast
d06576,cevipabulin-fumarate
d06577,contusugene-ladenovec
d06578,denagliptin-tosylate
d06579,denibulin-hydrochloride
d06580,dexelvucitabine
d06581,disomotide
d06582,elsibucol
d06590,firategrast
d06596,forodesine
d06597,fosaprepitant-dimeglumine
d06598,gamithromycin
d06600,giripladib
d06601,hemoglobin-glutamer-256
d06604,hyaluronidase
d06606,ibuprofen-lysine
d06607,imisopasem-manganese
d06608,iodofiltic-acid-i-123
d06609,lapaquistat-acetate
d06610,lapuleucel-t
d06611,lexatumumab
d06612,linaclotide-acetate
d06613,lorcaserin-hydrochloride
d06618,methylnaltrexone-bromide
d06619,mifamurtide
d06620,dl-camphor-and-ethanol;-camphor
d06621,motavizumab
d06622,nebivolol-hydrochloride
d06623,olanzapine-pamoate
d06625,omtriptolide-sodium
d06626,onamelatucel-l
d06627,ovemotide
d06629,pafuramidine-maleate
d06630,pramiconazole
d06631,prinaberel
d06632,pruvanserin
d06633,pruvanserin-hydrochloride
d06634,relacatib
d06635,rilonacept
d06636,rinfabate
d06637,romidepsin
d06638,rosabulin
d06639,rusalatide-acetate
d06640,senicapoc
d06641,sergliflozin-etabonate
d06642,sevelamer-carbonate
d06644,sipuleucel-t
d06645,sitagliptin-phosphate
d06646,epanolol
d06647,sodelglitazar
d06648,succinobucol
d06649,tadocizumab
d06650,tanespimycin
d06651,taribavirin-hydrochloride
d06652,tedisamil
d06653,tedisamil-sesquifumarate
d06655,tesamorelin
d06656,tezampanel
d06657,tremelimumab
d06658,tigapotide-triflutate
d06659,tipelukast
d06660,vabicaserin-hydrochloride
d06661,dimethisoquin-hydrochloride
d06662,vapitadine-dihydrochloride
d06664,veliflapon
d06665,vernakalant-hydrochloride
d06666,verpasep-caltespen
d06667,vitespen
d06668,yttrium-y-90-tacatuzumab-tetraxetan
d06669,zotarolimus
d06670,maraviroc
d06671,yohimbine-hydrochloride
d06672,terlipressin
d06673,meprednisone
d06674,efipladib
d06675,telbivudine
d06676,raltegravir
d06677,elvitegravir
d06678,motesanib
d06679,gambir
d06680,sweet-hydrangea-leaf
d06681,aloe
d06682,artemisia-capillaris-flower
d06683,fennel
d06684,bearberry-leaf
d06685,rose-fruit
d06686,corydalis-tuber
d06687,astragalus-root
d06688,scutellaria-root
d06689,phellodendron-bark
d06690,polygala-root
d06691,prunella-spike
d06692,zedoary
d06693,pueraria-root
d06694,clematis-root
d06695,termeric
d06696,lindera-root
d06697,polygonum-root
d06698,kakkonto-extract
d06699,japanese-valerian
d06700,kamishoyosan-extract
d06701,trichosanthes-root
d06702,processed-ginger
d06703,platycodon-root
d06704,chrysanthemum-flower
d06705,catalpa-fruit
d06706,immature-orange
d06707,notopterygium-rhizome
d06708,apricot-kernel
d06709,lycium-fruit
d06710,sophora-root
d06711,schizonepeta-spike
d06712,cinnamon-bark
d06713,cinnamon-oil
d06714,cassia-seed
d06715,pharbitis-seed
d06716,gentian
d06717,safflower
d06718,red-ginseng
d06719,cyperus-rhizome
d06720,magnolia-bark
d06721,oriental-bezoar
d06722,achyranthes-root
d06723,burdock-fruit
d06724,schisandra-fruit
d06725,calumba
d06726,condurango
d06727,bupleurum-root
d06728,asiasarum-root
d06729,saireito-extract
d06730,smilax-rhizome
d06731,gardenia-fruit
d06732,cornus-fruit
d06733,zanthoxylum-fruit
d06734,jujube-seed
d06735,dioscorea-rhizome
d06736,rehmannia-root
d06737,lycium-bark
d06738,tribulus-fruit
d06739,peony-root
d06740,cnidium-monnieri-fruit
d06741,plantago-herb
d06742,houttuynia-herb
d06743,amomum-seed
d06744,ginger
d06745,cimicifuga-rhizome
d06746,magnolia-flower
d06747,senega
d06748,cnidium-rhizome
d06749,nuphar-rhizome
d06750,toad-venom
d06751,senna-leaf
d06752,atractylodes-lancea-rhizome
d06753,mulberry-bark
d06754,sappan-wood
d06755,perilla-herb
d06756,rhubarb
d06757,daiokanzoto-extract
d06758,jujube
d06759,alisma-rhizome
d06760,panax-rhizome
d06761,anemarrhena-rhizome
d06762,uncaria-hook
d06763,polyporus-sclerotium
d06764,citrus-unshiu-peel
d06765,gastrodia-tuber
d06766,asparagus-tuber
d06767,benincasa-seed
d06768,japanese-angelica-root
d06769,peach-kernel
d06770,eucommia-bark
d06771,picrasma-wood
d06772,ginseng
d06773,lonicera-leaf-and-stem
d06774,fritillaria-bulb
d06775,ophiopogon-tuber
d06776,honey
d06777,glehnia-root
d06778,pinellia-tuber
d06779,angelica-dahurica-root
d06780,atractylodes-rhizome
d06781,loquat-leaf
d06782,areca
d06783,poria-sclerotium
d06784,processed-aconite-root
d06785,sinomenium-stem
d06786,imperata-rhizome
d06787,saposhnikovia-root
d06788,moutan-bark
d06789,hochuekkito-extract
d06790,oyster-shell
d06791,ephedra-herb
d06792,digenea
d06793,hemp-fruit
d06794,akebia-stem
d06795,saussurea-root
d06796,bitter-cardamon
d06797,bear-bile
d06798,coix-seed
d06799,longgu
d06800,japanese-gentian
d06801,alpinia-offcinarum-rhizome
d06802,ryokeijutsukanto-extract
d06803,nelumbo-seed
d06804,rosin
d06805,scopolia-rhizome
d06806,measles-virus-vaccine-live
d06808,epimedium-herb
d06809,uva-ursi-fluidextract
d06810,polygonatum-rhizome
d06811,glycyrrhiza-extract
d06812,platycodon-fluidextract
d06813,dolichos-seed
d06814,sodium-bicarbonate-and-bitter-tincture
d06815,eleutherococcus-senticosus-rhizome
d06816,arsenical-paste
d06820,exsiccated-gypsum
d06823,clove-oil
d06826,ipecac-syrup
d06873,nux-vomica-extract
d06876,hydrocortisone-aceponate
d06877,oxyphenonium-bromide
d06878,diphemanil-metilsulfate
d06879,streptokinase
d06880,lepirudin
d06881,acetyldigitoxin
d06882,sodium-tetradecyl-sulfate
d06883,sertaconazole
d06884,lymecycline
d06885,clomocycline
d06886,natalizumab
d06887,talbutal
d06888,eptifibatide
d06889,pegfilgrastim
d06890,aminohippuric-acid
d06891,chromium-cr-51-edetate
d06892,donkey-glue
d06893,cherry-bark
d06894,artemisia-leaf
d06895,aluminum-silicate-hydrate-with-silicon-dioxide
d06896,trichosanthes-seed
d06897,citrus-peel
d06899,koi
d06900,brown-rice
d06901,sesame
d06902,wheat
d06903,green-tea-leaf
d06904,crataegus-fruit
d06905,peucedanum-root
d06906,cicada-slough
d06907,bamboo-culm
d06908,arisaema-tuber
d06909,aralia-rhizome
d06910,malt
d06911,lilium-bulb
d06912,quercus-bark
d06913,leonurus-herb
d06914,longan-aril
d06915,anchusan
d06916,ireito
d06917,inchinkoto
d06918,inchingoreisan
d06919,unkeito
d06920,unseiin-extract
d06921,eppikajutsuto
d06922,ogikenchuto
d06923,ogonto
d06924,orengedokuto-extract
d06925,orento
d06926,otsujito-extract
d06927,kakkontokajutsubuto
d06928,kakkontokasenkyushin'i-extract
d06929,kamikihito-extract
d06930,kanzoto
d06931,kambakutaisoto
d06932,kikyousekko
d06933,kikyoto
d06934,kihito
d06935,kyukikyogaito
d06936,kyukichoketsuin
d06937,kumibinroto
d06938,keigairengyoto
d06939,keishikaogito
d06940,keishikakakkonto
d06941,keishikakobokukyoninto
d06942,keishikashakuyakudaioto
d06943,keishikashakuyakuto
d06944,keishikajutsubuto
d06945,keishikaryukotsuboreito
d06946,keishikaryojutsubuto
d06947,keishito
d06948,keishininjinto
d06949,keishibukuryogan-extract
d06950,keishibukuryogankayokuinin;-keishibukuryoganyokuinin
d06951,keishakuchimoto;-keishishakuyakuchimoto
d06952,keihito
d06953,keimakakuhanto
d06954,kososan
d06955,gokoto
d06956,goshakusan
d06957,goshajinkigan-extract
d06958,goshuyuto-extract
d06959,gorinsan
d06960,goreisan-extract
d06961,saikanto
d06962,saikokaryukotsuboreito
d06963,saikokeishikankyoto
d06964,saikokeishito-extract
d06965,saikoseikanto
d06966,saibokuto-extract
d06967,san'oshashinto;-san'osan
d06968,sansoninto
d06969,sammotsuogonto
d06970,jiinkokato
d06971,jiinshihoto
d06972,shiunkou
d06973,shigyakusan
d06974,shikunshito
d06975,shishihakuhito
d06976,shichimotsukokato
d06977,shimotsuto
d06978,shakanzoto
d06979,shakuyakukanzoto-extract
d06980,shakuyakukanzobushito
d06981,juzentaihoto-extract
d06982,jumihaidokuto
d06983,junchoto
d06984,shokenchuto
d06985,shosaikoto-extract
d06986,shosaikotokakikyosekko
d06987,shoseiryuto-extract
d06988,shohangekabukuryoto
d06989,shofusan
d06990,shomakakkonto
d06991,shireito
d06992,shin'iseihaito
d06993,jinsoin
d06994,shimpito
d06995,shimbuto-extract
d06996,seijobofuto
d06997,seishoekkito
d06998,seishinrenshiin
d06999,seihaito
d07000,senkyuchachosan
d07001,sokeikakketsuto
d07002,daiobotampito
d07003,daikenchuto
d07004,daisaikoto-extract
d07005,daisaikotokyodaio
d07006,daijokito
d07007,daibofuto
d07008,chikujountanto
d07009,jidabokuippo
d07010,jizusoippo
d07011,choijokito
d07012,chotosan-extract
d07013,choyoto
d07014,choreito
d07015,choreitogoshimotsuto
d07016,tsudosan
d07017,tokakujokito-extract
d07018,tokiinshi
d07019,tokikenchuto
d07020,tokishigyakukagoshuyushokyoto
d07021,tokishakuyakusan-extract
d07022,tokishakuyakusankabushi;-tokishakuyakukabushi
d07023,tokito
d07024,nijutsuto
d07025,nichinto
d07026,nyoshinsan
d07027,ninjinto;-richugan
d07028,ninjinyoeito
d07029,hainosankyuto
d07030,bakumondoto-extract
d07031,hachimijiogan-extract
d07032,hangekobokuto-extract
d07033,hangeshashinto-extract
d07034,hangebyakujutsutemmato
d07035,byakkokaninjinto-extract
d07036,bukuryoin
d07037,bukuryoingohangekobokuto
d07038,bushirichuto;-bushininjinto
d07039,heiisan
d07040,boiogito-extract
d07041,bofutsushosan-extract
d07042,maoto-extract
d07043,maobushisaishinto
d07044,makyokansekito
d07045,makyoyokukanto
d07046,mashiningan
d07047,mokuboito
d07048,yokuininto
d07049,yokukansan-extract
d07050,yokukansankachimpihange
d07051,rikkunshito-extract
d07052,rikkosan
d07053,ryutanshakanto
d07054,ryokankyomishingeninto
d07055,ryokyojutsukanto
d07056,rokumigan;-rokumijiogan
d07057,abacavir
d07058,acamprosate
d07059,acecarbromal
d07060,succinylsulfathiazole
d07061,acediasulfone-sodium
d07062,acefylline-piperazine
d07063,aceglutamide
d07064,acenocoumarol
d07065,acepromazine
d07066,sodium-perborate-monohydrate
d07067,polynoxylin
d07068,hexetidine
d07069,benzoxonium-chloride
d07070,fenpiverinium-bromide
d07071,mannosulfan
d07072,niperotidine
d07073,dexamethasone-cipecilate
d07074,acexamic-acid
d07075,zolimidine
d07076,camylofin
d07077,ambrisentan
d07078,rociverine
d07079,difemerine
d07080,vildagliptin
d07081,penthienate-bromide
d07082,dabigatran-etexilate-mesylate
d07083,otilonium-bromide
d07084,pipenzolate-bromide
d07085,bendamustine-hydrochloride
d07086,rivaroxaban
d07087,tiropramide
d07088,drotaverine
d07089,moxaverine
d07091,fenpiprane
d07092,diisopromine
d07093,chlorbenzoxamine
d07094,pinaverium-bromide
d07095,fenoverine
d07096,aglepristone
d07097,isometheptene-mucate
d07098,caroverine
d07099,cimetropium-bromide
d07100,amrubicin-hydrochloride
d07101,bromopride
d07102,alizapride
d07103,cerium-oxalate
d07104,cyclobutyrol
d07105,citiolone
d07106,albendazole-oxide
d07107,dantron
d07108,sodium-tartrate
d07109,broxyquinoline
d07110,acetarsol
d07111,nifuroxazide
d07113,loperamide-oxide
d07114,etilamfetamine
d07115,clobenzorex
d07116,alclometasone
d07117,metahexamide
d07118,glisoxepide
d07119,alendronic-acid
d07120,dextranomer
d07121,alfatradiol
d07122,alfentanil
d07123,incadronate-disodium-hydrate
d07124,alfuzosin
d07125,alimemazine
d07126,almitrine
d07127,norethandrolone
d07128,ademetionine
d07129,alosetron
d07130,carglumic-acid
d07131,ethyl-biscoumacetate
d07132,buprenorphine
d07133,raltegravir-potassium
d07134,flocoumafen
d07135,clorindione
d07136,diphenadione
d07137,tioclomarol
d07138,ditazole
d07139,cloricromen
d07140,picotamide
d07141,indobufen
d07142,triflusal
d07143,melagatran
d07144,dabigatran-etexilate
d07145,sodium-feredetate
d07146,taurolidine
d07147,gitoformate
d07148,oxedrine
d07149,dimetofrine
d07150,gepefrine
d07151,cafedrine
d07152,processed-aconite-root
d07153,cinchona-bark;-cinchona
d07154,persimmon-calyx
d07155,theodrenaline
d07156,alprenolol
d07157,itramin-tosilate
d07158,heptaminol
d07159,imolamine
d07160,cloridarol
d07161,linsidomine
d07162,creatinolfosfate
d07163,fosfocreatinine
d07164,tiracizine
d07165,ivabradine
d07166,methoserpidine
d07167,bietaserpine
d07168,tolonidine
d07169,guanazodine
d07170,dihydralazine
d07171,sitaxentan
d07172,mebutizide
d07173,ciclonicate
d07174,pentifylline
d07175,palonosetron
d07176,buflomedil
d07177,butalamine
d07178,azapetine
d07179,monoxerutin
d07180,troxerutin
d07181,mepindolol
d07182,tertatolol
d07183,cloranolol
d07184,talinolol
d07185,fendiline
d07186,ronifibrate
d07187,etofibrate
d07188,clofibride
d07189,nicofuranose
d07190,acipimox
d07191,tiadenol
d07192,benfluorex
d07193,flutrimazole
d07194,thenalidine
d07195,chloropyramine
d07196,tolpropamine
d07197,bamipine
d07198,chlorphenoxamine
d07199,tromantadine
d07200,ibacitabine
d07201,fluprednidene
d07202,halometasone
d07203,methylprednisolone-aceponate
d07204,dibrompropamidine
d07205,propamidine
d07206,hexamidine
d07207,policresulen
d07208,chlorquinaldol
d07209,phenylmercuric-borate
d07210,benzododecinium-chloride
d07211,tioxolone
d07212,mesulfen
d07213,gamolenic-acid
d07214,tiratricol
d07215,oxaceprol
d07216,protiofate
d07217,quinagolide
d07218,metergoline
d07219,flunoxaprofen
d07220,norgestrienone
d07221,promestriene
d07222,nomegestrol
d07223,demegestone
d07224,emepronium-bromide
d07225,meladrazine
d07226,fesoterodine
d07227,ornipressin
d07228,demoxytocin
d07229,carbetocin
d07230,prednylidene
d07231,methylthiouracil
d07232,potassium-perchlorate
d07233,penimepicycline
d07234,metampicillin
d07235,azidocillin
d07236,clometocillin
d07237,cefazedone
d07238,brodimoprim
d07239,sulfathiourea
d07240,sulfaperin
d07241,sulfamazone
d07242,flurithromycin
d07243,nifurtoinol
d07244,clofoctol
d07245,nitroxoline
d07246,tiocarlide
d07247,terizidone
d07248,morinamide
d07249,brivudine
d07250,moroxydine
d07251,nifurzide
d07252,trofosfamide
d07253,treosulfan
d07254,triaziquone
d07255,fotemustine
d07256,etoglucid
d07257,lonidamine
d07258,mitoguazone
d07259,buserelin
d07260,formestane
d07261,pidotimod
d07262,mofebutazone
d07263,clofezone
d07264,bumadizone
d07265,lonazolac
d07266,oxametacin
d07267,droxicam
d07268,ibuproxam
d07269,dexketoprofen
d07270,diacerein
d07271,oxycinchophen
d07272,dimethyltubocurarine
d07273,fazadinium-bromide
d07274,styramate
d07275,febarbamate
d07276,thiocolchicoside
d07277,tetrazepam
d07278,tisopurine
d07279,isobromindione
d07280,cinchophen
d07281,pamidronic-acid
d07282,alfaxalone
d07283,esketamine
d07284,butanilicaine
d07285,nicomorphine
d07286,diamorphine
d07287,dextromoramide
d07288,piritramide
d07289,bezitramide
d07290,dipyrocetyl
d07291,benorilate
d07292,guacetisal
d07293,imidazole-salicylate
d07294,propacetamol
d07295,viminol
d07296,flumedroxone
d07297,iprazochrome
d07298,barbexaclone
d07299,lacosamide
d07300,beclamide
d07301,phenglutarimide
d07302,bornaprine
d07303,tropatepine
d07304,melevodopa
d07305,piribedil
d07306,budipine
d07307,cyamemazine
d07308,chlorproethazine
d07309,melperone
d07310,amisulpride
d07311,veralipride
d07312,levosulpiride
d07313,prothipendyl
d07314,pinazepam
d07315,camazepam
d07316,captodiame
d07317,emylcamate
d07318,mephenoxalone
d07319,gedocarnil
d07320,etifoxine
d07321,vinylbital
d07322,vinbarbital
d07323,cyclobarbital
d07324,proxibarbal
d07325,chloralodol
d07326,loprazolam
d07327,doxefazepam
d07328,cinolazepam
d07329,pyrithyldione
d07330,clomethiazole
d07331,hexapropymate
d07332,methylpentynol
d07333,niaprazine
d07334,imipraminoxide
d07335,amineptine
d07336,quinupramine
d07337,nialamide
d07338,iproclozide
d07339,oxitriptan
d07340,oxaflozane
d07341,medifoxamine
d07342,pivagabine
d07343,fencamfamin
d07344,fenozolone
d07345,fipexide
d07346,oxiracetam
d07347,pirisudanol
d07348,adrafinil
d07349,choline-alfoscerate
d07350,acetylleucine
d07351,tilbroquinol
d07352,nimorazole
d07353,secnidazole
d07354,clefamide
d07355,etofamide
d07356,arsthinol
d07357,difetarsone
d07358,glycobiarsol
d07359,phanquinone
d07360,tenonitrozole
d07361,artemotil
d07362,artenimol
d07363,stibophen
d07364,triclabendazole
d07365,desaspidin
d07366,dixanthogen
d07367,clofenotane
d07368,tetramethrin
d07369,pipoxolan
d07370,cyclopentamine
d07371,tuaminoheptane
d07372,fenoxazoline
d07373,tymazoline
d07374,spaglumic-acid
d07375,ritiometan
d07376,ambazone
d07377,bambuterol
d07378,etamiphylline
d07379,eprozinol
d07380,letosteine
d07381,stepronin
d07382,neltenexine
d07383,erdosteine
d07384,normethadone
d07385,pholcodine
d07386,thebacon
d07387,oxolamine
d07388,bibenzonium-bromide
d07389,fedrilate
d07390,zipeprol
d07391,droxypropine
d07392,prenoxdiazine
d07393,dropropizine
d07394,meprotixol
d07395,morclofone
d07396,nepinalone
d07397,dimethoxanate
d07398,chlorphenamine
d07399,talastine
d07400,histapyrrodine
d07401,oxomemazine
d07402,levocetirizine
d07403,pyrrobutamine
d07404,deptropine
d07405,tritoqualine
d07406,pimethixene
d07407,rupatadine
d07408,nikethamide
d07409,pentetrazol
d07410,mepixanox
d07411,azidamfenicol
d07412,sulfadicramide
d07413,pantothenic-acid
d07414,bibrocathol
d07415,picloxydine
d07416,deferiprone
d07417,alsactide
d07418,ioxitalamic-acid
d07419,almasilate
d07420,gadobutrol
d07421,aloxiprin
d07422,fibrinolysin
d07423,defibrotide-sodium
d07424,dextriferron
d07425,papaverine
d07426,noxytiolin
d07427,calcium-dobesilate
d07428,bunaftine
d07429,crilanomer
d07430,propenidazole
d07431,somatostatin
d07432,streptoduocin
d07433,xibornol
d07434,polyestradiol-phosphate
d07435,papaveretum
d07436,afelimomab
d07437,eptotermin-alfa
d07438,chiniofon
d07439,papaverine-sulfate;-papaverine-sad
d07440,alverine
d07441,amantadine
d07442,ambroxol
d07443,amfenac
d07444,amfepramone
d07445,amfetamine
d07446,amfetaminil
d07447,amiloride
d07448,amitriptyline
d07449,amitriptylinoxide
d07450,amlodipine
d07451,amosulalol
d07452,amoxicillin
d07453,amtolmetin-guacil
d07454,amylocaine
d07455,anagrelide
d07456,androstanolone
d07457,anisindione
d07458,antazoline
d07459,antazoline-hydrochloride;-phenazolinum
d07460,apomorphine
d07461,apraclonidine
d07462,arbekacin
d07463,arformoterol
d07464,paramethasone
d07465,arotinolol
d07466,pargeverine
d07467,paromomycin
d07468,articaine
d07469,aspoxicillin
d07470,astromicin
d07471,atazanavir
d07472,pemetrexed
d07473,atomoxetine
d07474,atorvastatin
d07475,atosiban-acetate;-tractocile
d07476,pemirolast
d07477,atropine-oxide
d07478,aurotioprol;-allochrysine
d07479,azamethiphos
d07480,azapentacene;-quinax
d07481,azasetron
d07482,azatadine
d07483,azelastine
d07484,azidocillin-sodium-salt;-infectobicillin-h-tabletten
d07485,azintamide
d07486,azithromycin
d07487,bacampicillin
d07488,balsalazide
d07489,bambuterol-hydrochloride;-bambec
d07490,bamethan
d07491,bamifylline
d07492,bamipine-dihydrochloride;-soventol
d07493,bamipine-lactate;-soventol
d07494,barnidipine
d07495,beclometasone
d07496,befunolol
d07497,bekanamycin
d07498,benactyzine
d07499,benazepril
d07500,bencyclane
d07501,bendamustine
d07502,butetamate-citrate;-heliphenicol
d07503,bendazac-lysine
d07504,bendazol
d07505,latanoprost-and-timolol-maleate;-xalacom
d07506,benexate
d07507,zidovudine-and-lamivudine;-combivir
d07508,benfluorex-hydrochloride;-mediator
d07509,benidipine
d07510,adomiparin
d07511,benzatropine
d07512,benproperine
d07513,benzetimide
d07514,benzfetamine
d07515,benzfetamine-hydrochloride;-benzphetamine-hydrochloride;-didrex
d07516,benzydamine
d07517,benzydamine-salicylate;-fulgium
d07518,benzyl-hydroxybenzoate;-benzylparaben;-nisapulvol
d07519,benzylthiouracil;-basdene
d07520,bepridil
d07521,bergaptene
d07522,betahistine
d07523,betaine
d07524,betaine-aspartate;-somathl
d07525,betaine-citrate;-betaina-manzoni
d07526,betaxolol
d07527,biclotymol
d07528,bifemelane
d07529,binifibrate
d07530,bioallethrin
d07531,bisoxatin
d07532,bisulepin
d07533,bisulepin-hydrochloride;-dithiaden
d07534,bitolterol
d07535,bleomycin
d07536,boldenone
d07537,bopindolol
d07538,bosentan
d07539,glutamic-acid-hydrochloride;-hypochylin
d07540,brimonidine
d07541,bromfenac
d07542,bromhexine
d07543,brompheniramine
d07544,brovanexine
d07545,brovincamine
d07546,bucladesine
d07547,buclizine
d07548,buflomedil-hydrochloride
d07549,bumadizone-calcium-salt-hemihydrate;-desflam
d07550,bunazosin
d07551,buphenine
d07552,bupivacaine
d07553,acetylaminonitropropoxybenzene;-5'-nitro-2'-propoxyacetanilid;-falimint
d07554,"acetylcysteine-sodium-salt;-l-cysteine,-n-acetyl-,-sodium-salt;-acetylcysteine-sodium"
d07555,acetyldigoxin;-cedigossima
d07556,beta-acetyldigoxin;-acetyldigoxin-beta-isomer;-corotal
d07557,o-acetyldihydrocodeine-hydrochloride;-acetylcodone
d07558,zinc-acexamate;-copinal
d07559,sodium-acexamate;-plastenan
d07560,adrenalone-hydrochloride;-stryphnasal
d07561,beta-alanine;-abufene
d07562,alatrofloxacin
d07563,alizapride-hydrochloride;-plitican
d07564,allopurinol-sodium;-aloprim
d07565,aluminium-sulfate;-stingose
d07566,aminaphtone;-capillarema
d07567,aminolevulinic-acid
d07568,aminomethylbenzoic-acid;-p-aminomethylbenzoic-acid;-gumbix
d07569,candesartan-cilexetil-and-anmlodipine-besylate
d07570,ampicillin-benzathine;-durapen
d07571,amprolium-hydrochloride;-amprolium
d07572,amylocaine-hydrochloride;-dolodent
d07573,passiflora-extact;-passionflower;-maypop;-passiflamin
d07574,arginine-aspartate;-sargenor
d07575,ascorbic-acid-calcium-salt;-calcium-ascorbate
d07576,asiaticoside;-madecassol
d07577,cinaciguat
d07578,eldecalcitol
d07579,aspirin-calcium-salt;-notras
d07580,aspirin-dl-lysine
d07581,aspirin-magnesium-salt;-mobidin
d07582,aspirin-sodium;-sodium-acetylsalicylate;-catalgine
d07583,phenytoin-and-phenobarbital;-aleviatin-with-phenobarbital
d07584,attapulgite
d07585,"isopropylantipyrine,-ergotamine-tartrate-and-anhydrous-caffeine;-cleamine-a"
d07586,biotin-sodium-salt;-medebiotin
d07587,bismuth-subcitrate;-tripotassium-dicitratobismuthate;-de-nol
d07588,brovanexine-hydrochloride;-broncimucil
d07589,budipine-hydrochloride;-parkinsan
d07590,bupranolol
d07591,bupropion
d07592,ademetionine-tosilate-disulfate;-s-adenosylmethionine-disulfate-ditosylate;-gumbaral
d07593,buspirone
d07594,butamirate
d07595,fosphenytoin-sodium-hydrate
d07596,butenafine
d07597,butetamate
d07598,butoconazole
d07599,butopiprine
d07600,ergotamine-tartrate-and-anhydrous-caffeine;-cafergot
d07601,butriptyline
d07602,cadexomer
d07603,caffeine-citrate
d07604,calcium-bromolactobionate;-nervolta
d07605,calcium-pidolate;-ibercal
d07606,camostat
d07607,capreomycin
d07608,carazolol
d07609,carbaethopendecine-bromide;-septonex
d07610,carbaldrate
d07611,simetride-and-anhydrous-caffeine;-kyorin-ap2
d07612,sodium-salamidacetate;-o-carbamoylphenoxyacetic-acid-sodium-salt;-clinit-n
d07613,carbaryl
d07614,carbenicillin
d07615,carbenoxolone
d07616,carbimazole
d07617,carbinoxamine
d07618,carbocisteine-sodium-salt;-mucopront
d07619,carbocromen
d07620,carfentanil
d07621,carindacillin
d07622,carmellose
d07623,carpipramine
d07624,carteolol
d07625,carumonam
d07626,caspofungin
d07627,cathine
d07628,cathine-hydrochloride;-d-norpseudoephedrine-hydrochloride;-antiadipositum-x-112
d07629,cefacetrile
d07630,neurotropin
d07631,"ethyl-piperidinoacetylaminobenzoate,-magnesia-alumina-hydrate-and-precipitated-calcium-carbonate;-sulcain"
d07632,chondroitin-sulfate-sodium-and-sodium-hyaluronate;-viscoat
d07633,chondroitin-sulfate-sodium-and-fad-sodium;-chondroitin-sulfate-sodium-and-fad-sodium;-mucofadin
d07634,cefalonium
d07635,cefalotin
d07636,cefapirin
d07637,cephapirin-benzathine
d07638,cefcapene
d07639,cefditoren
d07640,cefixime
d07641,cefmenoxime
d07642,cefminox
d07643,cefodizime
d07644,cefonicid
d07645,cefoperazone
d07646,cefoselis
d07647,cefotaxime
d07648,cefotiam
d07649,cefpirome
d07650,cefpodoxime
d07651,cefprozil
d07652,cefquinome
d07653,cefsulodin
d07654,ceftazidime
d07655,cefteram
d07656,ceftezole
d07657,ceftiofur
d07658,ceftizoxime
d07659,ceftriaxone
d07660,celiprolol
d07661,cerivastatin
d07662,cetirizine
d07663,cetraxate
d07664,cetrimonium
d07665,cetrorelix
d07666,cetylpyridinium
d07667,cevimeline
d07668,chlorhexidine
d07669,chlorhexidine-acetate
d07670,chlormadinone
d07671,chlormethine
d07672,cetrimonium-chloride
d07673,cetrimonium-tosilate;-sterilene
d07674,chloramphenicol-stearate;-quemicetina
d07675,chloramphenicol-succinate;-chloramphenicol-icn
d07676,chlormidazole-hydrochloride;-unfungicid
d07677,chloroacetic-acid;-acetocaustin
d07678,chloroprocaine
d07679,chloropyramine-hydrochloride;-avapena
d07680,chloroquine-sulfate;-nivaquine
d07681,chlorothymol;-caniprevent-[veterinary]
d07682,clazosentan-sodium
d07683,chlorphenethazine-hydrochloride;-marophen
d07684,chlorphenoxamine-hydrochloride;-allergex
d07685,chlorproethazine-hydrochloride;-neuriplege
d07686,chlorprothixene-acetate;-truxal
d07687,chlorprothixene-citrate;-truxal
d07688,chlorpyrifos
d07689,chlortetracycline
d07690,choline
d07691,choline-hydrogencitrate;-choline-dihydrogen-citrate;-choline-dihydrogen-citrate
d07692,choline-orotate;-hepato-fardi
d07693,choline-stearate;-chomelanum
d07694,choline-magnesium-trisalicylate;-tricosal
d07695,chromocarb
d07696,chromocarb-diethylamine;-chromocarb-diethylazan;-campel
d07697,cicletanine-hydrochloride
d07698,cilastatin
d07699,cilazapril
d07700,cinitapride
d07701,cinitapride-tartrate;-blaston
d07702,ciprofloxacin-lactate;-ciproxin
d07703,"hydroxyethyl-cellulose,-boric-acid,-dibasic-sodium-phosphate,-potassium-chloride,-sodium-chloride-and-dried-sodium-carbonate;-scopisol"
d07704,citalopram
d07705,citalopram-hydrochloride;-seropram
d07706,l-citrulline
d07707,citrulline-malate;-stimol
d07708,clanobutin
d07709,polyvinyl-alcohol-and-iodine;-pa-iodo
d07710,clarithromycin-lactobionate;-klacid
d07711,clavulanic-acid
d07712,clemizole-penicillin
d07713,clenbuterol
d07714,climazolam
d07715,clobetasol
d07716,clobutinol
d07717,clobetasone
d07718,clocapramine
d07719,clocortolone
d07720,clodronic-acid-disodium-salt;-disodium-clodronate;-clodronate-disodium;-bonefos
d07721,clofedanol
d07722,clofenvinfos
d07723,clofibric-acid
d07724,magnesium-clofibrate
d07725,clomethiazole-edisilate;-heminevrin
d07726,clomifene
d07727,clomipramine
d07728,clonixin-lysine-salt;-clonixil
d07729,clopidogrel
d07730,cloprostenol
d07731,clostebol
d07732,clostebol-acetate
d07733,cloxacillin
d07734,cinnarizine-dihydrochloride;-celenid
d07735,clometocillin-potassium;-rixapen
d07736,cloricromen-hydrohloride;-proendotel
d07737,cethexonium-bromide;-biocidan
d07738,uridine-5'-diphosphoglucose-disodium;-cogalactoisomerase-sodium-salt;-bivitox
d07739,cocarboxylase-hydrochloride;-bivitasi
d07740,codeine-hydrochloride;-bisoltus
d07741,zibotentan
d07742,"ethyl-aminobenzoate,-lidocaine-and-bismuth-subgallate;-helmitin-s"
d07743,colesevelam
d07744,colextran
d07745,colextran-hydrochloride;-dexide
d07746,colistin
d07747,"alpha,-beta-pinene,-borneol,-anetholtrithion,-d-camphene,-cineole-and-fenchone;-rowatin"
d07748,conivaptan
d07749,cortisone
d07750,coumafos
d07751,coumarin
d07752,croconazole
d07753,cromoglicic-acid
d07754,cropropamide
d07755,crotetamide
d07756,cyamemazine-tartrate;-tercian
d07757,cyclobarbital-calcium
d07758,cyclobenzaprine
d07759,cyclopentolate
d07760,cyclophosphamide
d07761,cyfluthrin
d07762,cyhalothrin
d07763,cypermethrin
d07764,cyprodenate
d07765,cyproheptadine
d07766,cyproterone
d07767,cyromazine
d07768,cythioate
d07769,cytidine;-posilent
d07770,cytisinicline
d07771,colestipol
d07772,dacarbazine-citrate
d07773,dacisteine
d07774,danofloxacin
d07775,dapiprazole
d07776,daunorubicin
d07777,deanol
d07778,deanol-aceglumate
d07779,deanol-acetamidobenzoate;-deanol-4-acetamidobenzoate;-bimanol
d07780,deferoxamine-hydrochloride
d07781,delapril
d07782,delavirdine
d07783,delmadinone
d07784,delorazepam
d07785,deltamethrin
d07786,dembrexine
d07787,denaverine
d07788,denaverine-hydrochloride;-spasmalgan
d07789,denotivir
d07790,deptropine-citrate;-deptropine-fna
d07791,desipramine
d07792,desoxycortone
d07793,desvenlafaxine
d07794,detajmium-bitartrate
d07795,detomidine
d07796,dexamethasone-21-acetate;-dexamethasone-acetate-anhydrous;-decaject-l.a.
d07797,dexamethasone-isonicotinate;-dexamethasone-21-isonicotinate;-voren-[veterinary]
d07798,dexamethasone-sodium-hemisulfate;-dexamethasone-21-sodium-sulfate;-colircusi-dexametasona
d07799,dexamethasone-21-tebutate;-dexamethasone-tertiary-butyl-acetate;-dexamedium-[veterinary]
d07800,dexamethasone-21-valerate;-voalla
d07801,dexamethasone-phenylpropionate;-dexafort-[veterinary]
d07802,dexamethasone-phosphate;-decadron-phosphate
d07803,dexchlorpheniramine
d07804,dexetimide-hydrochloride;-tremblex
d07805,dexfenfluramine
d07806,dexmethylphenidate
d07807,dexrazoxane-hydrochloride;-savene
d07808,dextromoramide-tartrate;-palfium
d07809,dextropropoxyphene
d07810,diacetylmorphine-hydrochloride;-diamorphine-hydrochloride;-heroin-hydrochloride;-diamorphine
d07811,dibekacin
d07812,dibenzepin
d07813,dibrompropamidine-isetionate;-brolene
d07814,dichlorisone
d07815,dichlorisone-acetate;-dichlorisone-21-acetate;-dermaren
d07816,diclofenac
d07817,diclofenac-diethylamine;-voltaren-emulgel
d07818,diclofenac-hydroxyethylpyrrolidine;-diclofenac-epolamine;-flector
d07819,diclofenac-calcium;-voltaren-actingo-extra
d07820,dicycloverine
d07821,dihexyverine
d07822,didecyldimethylammonium-chloride;-alfa-bergamon
d07823,diethazine
d07824,diethylamine-salicylate;-algesal
d07825,diethylcarbamazine
d07826,hexestrol-diphosphate-sodium;-diethylstilbestrol-diphosphate-tetrasodium-salt;-stilphostrol
d07827,diflorasone
d07828,difloxacin
d07829,diflubenzuron
d07830,dihydralazine-sulfate;-dihydralazine-hydrogen-sulfate;-nepresol
d07831,dihydrocodeine
d07832,dihydrocodeine-thiocyanate;-paracodin
d07833,dihydroergocristine-mesilate
d07834,dihydroergocristine
d07835,dihydroergocryptine
d07836,dihydroergocryptine-mesilate;-almirid
d07837,dihydroergotamine
d07838,dihydroergotamine-tartrate;-divegal
d07839,dihydroergotoxine;-co-dergocrin
d07840,dihydrostreptomycin
d07841,dihydroxyacetone
d07842,diisopropylamine-hydrochloride;-disotat
d07843,dilazep
d07844,diloxanide
d07845,diltiazem
d07846,dimecrotic-acid
d07847,dimefline
d07848,dimemorfan
d07849,dimecrotic-acid-magnesium-salt;-hepadial
d07850,dimethoxanate-hydrochloride;-atuss
d07851,"ascorbic-acid,-thiamine-chloride-hydrochloride,-pyridoxine-hydrochloride,-riboflavin-sodium-phosphate,-nicotinamide-and-panthenol;-c-para"
d07852,4-dimethylaminophenol-hydrochloride;-4-dmap
d07853,dimetindene
d07854,dimetotiazine
d07855,dimetridazole
d07856,dimpylate
d07857,dinitolmide
d07858,diosmin
d07859,"ascorbic-acid,-thiamine-nitrate,-nicotinamide,-calcium-pantothenate,-pyridoxine-hydrochloride-and-riboflavin;-wasser-v"
d07860,dioxopromethazine-hydrochloride;-prothanon-gel
d07861,diphenoxylate
d07862,diphenylpyraline
d07863,diprenorphine
d07864,diprenorphine-hydrochloride;-large-animal-revivon
d07865,dixyrazine;-esucos
d07866,docetaxel
d07867,dolasetron
d07868,domperidone-maleate;-domperidone
d07869,donepezil
d07870,dopamine
d07871,dorzolamide
d07872,dosulepin
d07873,doxapram
d07874,doxazosin
d07875,doxepin
d07876,doxycycline
d07877,doxycycline-hydrochloride;-vibramycin
d07878,doxylamine
d07879,drotaverine-hydrochloride;-taverin
d07880,duloxetine
d07881,dyclonine
d07882,eberconazole
d07883,eflornithine
d07884,eberconazole-nitrate;-ebernet
d07885,ecabet
d07886,efonidipine
d07887,eletriptan
d07888,eltenac
d07889,embramine
d07890,emedastine
d07891,mefenorex
d07892,enalapril
d07893,enbucrilate
d07894,encainide
d07895,losartan-potassium-and-hydrochlorothiazide
d07896,entecavir
d07897,enviomycin
d07898,eperisone
d07899,epervudine
d07900,epinastine
d07901,epirubicin
d07902,eprazinone
d07903,epsiprantel
d07904,eptazocine
d07905,ergometrine
d07906,ergotamine
d07907,erlotinib
d07908,ertapenem
d07909,erythromycin-thiocyanate;-erythrocin
d07910,erythromycin-stinoprate
d07911,erythrosine-sodium
d07912,aescine
d07913,escitalopram
d07914,eseridine
d07915,eseridine-salicylate;-felipurgatyl
d07916,esmolol
d07917,esomeprazole
d07918,estradiol-hemihydrate;-estrasorb
d07919,estradiol-17-beta-hemisuccinate;-17beta-estradiol-hemisuccinate;-eutocol
d07920,"estriol-succinate;-estriol-16alfa,-17beta-di"
d07921,estriol-sodium-succinate
d07922,etafenone
d07923,etamiphylline-hydrochloride;-solufilina
d07924,ethacridine
d07925,ethambutol
d07926,ethaverine
d07927,ethaverine-hydrochloride;-ethaquin
d07928,ethinylestradiol-propanesulfonate;-turisteron
d07929,ethylmorphine
d07930,etifoxine-hydrochloride;-stresam
d07931,etilefrine
d07932,etiproston
d07933,etofylline
d07934,edetate-calcium-disodium;-calcium-disodium-versenate
d07935,dicobalt-edetate
d07936,eledoisin
d07937,etorphine
d07938,bupropion-hydrobromide
d07939,etynodiol
d07940,fadrozole
d07941,fasudil
d07942,febuprol
d07943,fendiline-hydrochloride;-sensit
d07944,fenetylline
d07945,fenfluramine
d07946,fenoldopam
d07947,fenproporex
d07948,fenproporex-hydrochloride;-feprorex
d07949,fenspiride
d07950,fenthion
d07951,fentonium-bromide
d07952,fenvalerate
d07953,fenyramidol
d07954,fepradinol
d07955,fenquizone-potassium-salt;-idrolone
d07956,ferrocholinate
d07957,fertirelin
d07958,fexofenadine
d07959,flavodic-acid
d07960,flavodic-acid-disodium-salt;-disodium-flavodate;-intercyton
d07961,flavoxate
d07962,flecainide
d07963,flomoxef
d07964,fluazuron
d07965,flucloxacillin-sodium-salt;-floxapen
d07966,fludarabine
d07967,fludrocortisone
d07968,flugestone
d07969,fluindione
d07970,flumethrin
d07971,flunarizine
d07972,fluocortin
d07973,fluocortolone-21-pivalate;-fluocortolone-pivalate;-ultradil
d07974,fluorouracil-sodium-salt;-fluorouracil
d07975,flupamesone;-flutenal
d07976,flupentixol-decanoate;-fluanxol-depot
d07977,fluphenazine
d07978,flupirtine
d07979,flupirtine-d-gluconate;-katadolon
d07980,fluprednidene-acetate;-fluprednidene-21-acetate;-decoderm
d07981,fluticasone
d07983,fluvastatin
d07984,fluvoxamine
d07985,folate-sodium;-folina
d07986,folinic-acid
d07987,folinic-acid-calcium-salt-pentahydrate;-leucovorin-calcium-pentahydrate;-leucovorin
d07988,fominoben
d07989,fomivirsen
d07990,formoterol
d07991,fosfosal
d07992,fosinopril
d07993,fosphenytoin
d07994,framycetin-sulfate;-neomycin-b-sulfate;-isofra
d07995,fosfomycin-calcium;-fosfocin
d07997,frovatriptan
d07998,furazidin;-furagin
d07999,sodium-furosemide;-frosemide-sodium;-lasix
d08000,diethanolamine-fusidate;-fusidic-acid-diolamine;-fucidin
d08001,furosemide-diolamine;-furosemide-diethanolamine-salt;-nuriban
d08002,fusafungine
d08003,fusidic-acid-hemihydrate;-fucithalmic
d08004,gabexate
d08005,gadofosveset
d08006,gadopentetic-acid
d08007,gadoteric-acid
d08008,gadoxetic-acid
d08009,gallopamil
d08010,ganirelix
d08011,gatifloxacin
d08012,gemifloxacin
d08013,gentamicin
d08014,glaucine;-tusidil
d08015,ferrous-succinate;-ferplex
d08016,ferrous-sulfate-glycine;-ferro-sanol
d08017,flucloxacillin-magnesium;-floxapen
d08018,gadobenic-acid
d08019,glaucine-hydrobromide;-glauvent
d08020,lorcainide
d08021,glucametacin
d08022,glucosamine-hydrochloride;-artrox
d08023,glucosamine-sulfate;-dona
d08024,vosaroxin
d08025,glutathione-sodium-salt;-tad
d08026,velneperit
d08027,gonadorelin
d08028,guaietolin
d08029,guanadrel
d08030,guanethidine
d08031,guanfacine
d08032,gusperimus
d08033,halofantrine
d08034,halofuginone
d08035,haloperidol-lactate;-haldol
d08036,halopredone
d08037,heptaminol-acefyllinate;-cariamyl
d08038,heptaminol-hydrochloride;-hept-a-myl
d08039,hexoprenaline
d08040,histamine
d08041,homochlorcyclizine
d08042,hopantenic-acid
d08043,hyaluronic-acid
d08044,hydralazine
d08045,hydrocodone
d08046,hydrocodone-hydrochloride;-dihydrocodeinone-hydrochloride;-dicodid
d08047,hydromorphone
d08048,hydroquinidine
d08049,hydroquinidine-hydrochloride;-idrochinidine
d08050,hydroxychloroquine
d08051,hydroxymethylnicotinamide;-cholamid
d08052,hydroxyprogesterone
d08053,hydroxyprogesterone-17alfa-acetate;-gestageno
d08054,hydroxyzine
d08056,ibandronic-acid
d08057,ibopamine-hydrochloride;-scandine
d08058,ibuprofen-arginine-salt;-zafen
d08059,ibuprofen-sodium;-ibuprofen-sodium-anhydrous;-esprenit
d08060,ibutilide
d08061,icosapent
d08062,idarubicin
d08063,idrocilamide
d08064,ifenprodil
d08065,iloprost-tromethamine;-iloprost-trometamol;-ventavis
d08066,imatinib
d08067,azilsartan-medoxomil
d08068,imidapril
d08069,imidocarb
d08070,imipramine
d08071,imipramine-pamoate
d08072,imipraminoxide-hydrochloride;-elepsin
d08073,incadronic-acid
d08074,penbutolol
d08075,indanazoline
d08076,indanazoline-hydrochloride;-farial
d08077,indeloxazine
d08078,indenolol
d08079,inositol
d08080,"insulin-injection,-biphasic-isophane"
d08081,iodohippurate-sodium;-bristol-myers-squibb-sodium-iodohyppurate
d08082,iosarcol;-melitrast
d08083,vedolizumab
d08084,meglumine-ioxitalamate;-ioxitalamic-acid-meglumine;-telebrix-gastro
d08085,iproniazid-phosphate;-marsilid
d08086,irinotecan
d08087,irsogladine
d08088,isoaminile
d08089,isonixin
d08090,isoprenaline
d08091,isothipendyl
d08092,isoxsuprine
d08093,isoxsuprine-lactate;-duphaspasmin-[veterinary]
d08094,itopride
d08095,ivabradine-hydrochloride
d08096,kawain;-kavaform
d08097,keracyanin-chloride
d08098,ketamine
d08099,ketanserin-tartrate;-sufrexal
d08100,ketobemidone
d08101,ketobemidone-hydrochloride;-ketogan
d08102,ketoprofen-lysine;-artrosilene
d08103,ketoprofen-sodium;-orudis
d08104,ketorolac
d08105,ketotifen
d08106,labetalol
d08107,varespladib
d08108,lapatinib
d08109,latamoxef
d08110,lenampicillin
d08111,lercanidipine
d08112,leucocianidol
d08113,leuprorelin
d08114,levamisole
d08115,levobunolol
d08116,levobupivacaine
d08117,levocabastine
d08118,levocetirizine-dihydrochloride
d08119,levodropropizine
d08120,levofloxacin
d08121,levomethadone
d08122,levomethadone-hydrochloride;-l-polamidon
d08123,levorphanol
d08124,levosalbutamol
d08125,levothyroxine
d08126,lidamidine
d08127,lidocaine-hydrochloride-monohydrate;-lidocaine
d08128,liothyronine
d08129,liothyronine-hydrochloride;-thyrotradin
d08130,lisdexamfetamine
d08131,lisinopril
d08132,lisuride
d08133,lithium;-normothymin-e
d08134,lithium-acetate;-quilonorm
d08135,lithium-bromide;-lithium-microsol
d08136,lithium-gluconate;-lithioderm
d08137,lithium-sulfate;-lithionit
d08138,lobeline-sulfate;-smokeless
d08139,lodoxamide
d08140,lofepramine
d08141,lofexidine
d08142,lonazolac-calcium-salt;-argun
d08143,loracarbef
d08144,loperamide
d08145,loprazolam-mesilate;-loprazolam-mesylate;-loprazolam-methanesulfonate;-havlane
d08146,losartan
d08147,loteprednol
d08148,loxapine-hydrochloride;-desconex
d08149,loxoprofen
d08150,lufenuron
d08151,luprostiol
d08152,lysozyme
d08153,mabuprofen
d08154,magnesium-glucoheptonate;-ratio-magnesium
d08155,manidipine
d08156,marbofloxacin
d08157,mazaticol
d08158,mazipredone
d08159,mazipredone-hydrochloride;-depersolon
d08160,mebeverine
d08161,mebhydrolin
d08162,meclofenamate-sodium;-meclomen
d08163,meclozine
d08164,mecysteine
d08165,medetomidine
d08166,medroxyprogesterone
d08167,megestrol
d08168,melarsomine
d08170,melatonin
d08171,melitracen
d08172,melperone-hydrochloride;-buronil
d08173,melphalan-hydrochloride;-alkeran
d08174,memantine
d08175,menadiol
d08176,menadiol-sodium-sulfate
d08177,menadione-sodium-bisulfite
d08178,menbutone
d08179,mepacrine
d08180,mephentermine
d08181,mepivacaine
d08182,meptazinol
d08183,mepyramine
d08184,mepyramine-theophyllineacetate;-mepifiline;-fluidasa
d08185,meropenem
d08186,metadoxine;-metadoxil
d08187,metamfetamine
d08188,metamizole;-methamizole;-dolemicin
d08189,metamizole-magnesium-salt;-dipyrone-magunesium-salt;-magnopyrol
d08190,dipyrone
d08191,metampicillin-sodium;-serfabiotic
d08192,metaraminol
d08193,metenolone
d08194,deserpidine
d08195,methadone
d08196,methandriol
d08197,methandriol-dipropionate;-anadiol
d08198,methaniazide
d08199,methenamine-sulfosalicylate;-uropurat
d08200,methoprene
d08201,methoxamine
d08204,methyl-aminolevulinate
d08205,methyldopa
d08206,methylephedrine
d08207,methylergometrine
d08208,metipamide;-hypotylin
d08209,metixene
d08210,metomidate
d08211,metomidate-hydrochloride;-hypnodil-[veterinary]
d08212,trimazosin
d08213,metoxibutropate;-benflogin
d08214,metronidazole-benzoate
d08215,mexiletine
d08216,mianserin
d08217,mibefradil
d08218,micafungin
d08219,micronomicin
d08220,midodrine
d08221,varespladib-methyl
d08222,milnacipran
d08223,miristalkonium-chloride
d08224,mitoxantrone
d08225,moexipril
d08226,molindone
d08227,mometasone
d08228,monensin
d08229,montelukast
d08230,morantel
d08231,morantel-citrate;-exhelm
d08232,moroctocog-alfa
d08233,morphine
d08234,morphine-tartrate;-morphine-tartrate
d08235,mosapramine
d08236,mosapride
d08237,moxifloxacin
d08238,moxaverine-hydrochloride;-certonal
d08239,moxisylyte
d08240,nafamostat
d08241,nafarelin
d08242,nafcillin
d08243,naftazone
d08244,naftidrofuryl
d08245,naftifine
d08246,nalbuphine
d08247,nalorphine
d08248,nalorphine-hydrochloride
d08249,naloxone
d08250,nandrolone
d08251,nandrolone-laurate;-nandrolone-dodecanoate;-laurabolin-[veterinary]
d08252,placenta-hydrolysate;-laennec
d08253,naphazoline
d08254,endralazine
d08255,naratriptan
d08256,nateplase
d08257,nefazodone
d08258,nefopam
d08259,nelfinavir
d08260,neomycin
d08261,neostigmine
d08262,mangafodipir
d08263,magnesium-pidolate;-mag-2
d08265,hydroquinine-hydrobromide;-inhibin
d08266,lactitol
d08267,hydroquinine;-dihydroquinine;-neostrata
d08268,netilmicin
d08269,nicametate
d08270,nicardipine
d08271,nicergoline-tartrate;-sermion
d08272,nicocodine
d08273,nicomorphine-hydrochloride;-vilan
d08274,ethyl-nicotinate;-nicotine-acid-ethyl-ester;-mucotherm
d08275,niflumic-acid
d08276,nimustine
d08277,turofexorate-isopropyl
d08278,nitroxinil
d08279,tozasertib
d08280,nizofenone
d08281,nomegestrol-acetate
d08282,nonivamide
d08283,nordazepam
d08284,norepinephrine-hydrochoride;
d08285,norethisterone-enantate;-noristerat
d08286,norfenefrine
d08287,norfloxacin-nicotinate;-quinabic-soluble-powder
d08288,nortriptyline
d08289,octenidine
d08290,oblimersen
d08291,ofloxacin-hydrochloride;-tarivid
d08292,olaquindox
d08293,olopatadine
d08294,olprinone
d08295,olsalazine
d08296,omoconazole
d08297,opipramol
d08298,orazamide
d08299,orbifloxacin
d08300,orciprenaline
d08301,ormeloxifene
d08302,ornithine
d08303,ornithine-aspartate;-hepa-merz
d08304,orotic-acid-calcium-salt;-calciumorotat
d08305,orphenadrine
d08306,oseltamivir
d08307,oxacillin
d08308,oxedrine-tartrate;-dacryoboraline
d08309,oxedrine-hydrochloride;-ocuton
d08310,oxeladin
d08311,oxetacaine-hydrochloride;-emoren
d08312,oxetorone
d08313,oxiconazole
d08314,oxilofrine
d08315,oxilofrine-hydrochloride;-carnigen
d08316,oxolamine-citrate;-perebron
d08317,oxolamine-phosphate;-perebron
d08318,oxprenolol
d08319,oxybuprocaine
d08320,oxyclozanide
d08321,oxyfedrine
d08322,oxymetazoline
d08323,oxymorphone
d08324,oxyphenbutazone
d08325,oxyphencyclimine
d08326,oxyphenisatine
d08327,ozagrel
d08328,palmidrol
d08329,penethamate-hydriodide
d08330,penicillamine-hydrochloride;-pemine
d08331,pentaerythritol;-auxitrans
d08332,pentalamide
d08333,pentamidine
d08334,pentoxyverine
d08335,pentoxyverine-hydrochloride;-sedotussin
d08336,peplomycin
d08337,iclaprim
d08338,perflunafene
d08339,pergolide
d08340,perhexiline
d08341,perphenazine-decanoate;-trilafon-dekanoat
d08342,perphenazine-enantate;-perphenazine-enanthate;-trilafon
d08343,pethidine
d08344,tozasertib-lactate
d08345,phenamacide-hydrochloride;-aklonin
d08346,phenazopyridine
d08347,phendimetrazine
d08348,phendimetrazine-hydrochloride;-antapentan
d08349,phenelzine
d08350,pheneticillin
d08351,phenformin
d08352,phenformin-hydrochloride;-debei
d08353,phenindamine
d08354,phenindione
d08355,pheniramine
d08356,phenobarbital-diethylamine;-gratusminal
d08357,phenothrin
d08358,phenoxybenzamine
d08359,phenoxyethanol
d08360,phenoxymethylpenicillin-calcium;-calcipen
d08361,phentetramine;-fentetramine;-alzaten
d08362,phentolamine
d08363,phenylbutazone-calcium;-peralgin
d08364,phenylbutazone-sodium;-ambene
d08365,phenylephrine
d08366,phenylephrine-tartrate;-l-phenylephrine-tartrate;-boraline
d08367,phenylphenol;-2-phenylphenol;-amocid
d08368,phenylpropanolamine
d08369,polyphloroglucinol-phosphate;-dealyd
d08370,pholedrine
d08371,pholedrine-sulfate;-pholedrin-liquidum
d08372,phosmet
d08373,phoxim
d08374,piketoprofen
d08375,piketoprofen-hydrochloride;-triparsean
d08376,pilocarpine-borate;-pilolarpin-ophtha
d08377,pilsicainide
d08378,pioglitazone
d08379,pipemidic-acid
d08380,piperacillin
d08381,piperazine-hexahydrate;-diethylenediamine-hexahydrate;-vermyl
d08382,piperidolate
d08383,piperonyl-butoxide
d08384,pipethanate
d08385,pipotiazine
d08386,pirarubicin-hydrochloride;-pinorubin
d08387,pirbuterol
d08388,pirenoxine-sodium-salt;-clarvisan
d08389,pirenzepine
d08390,pirisudanol-dimaleate;-mentis
d08391,pirlimycin
d08392,pirlindole
d08393,pirlindole-hydrochloride;-implementor
d08394,pirmenol
d08395,piroheptine
d08396,pivampicillin
d08397,pizotifen-malate;-mosegor
d08398,policosanol;-ateromixol
d08399,polihexanide
d08400,polygeline
d08401,polymyxin-b
d08402,poractant-alfa
d08403,potassium;-nabumeton-a
d08404,prajmalium-bitartrate
d08405,pramiracetam
d08406,pramiverine
d08407,pramocaine
d08408,pranlukast
d08409,prasterone
d08410,pravastatin
d08411,prazosin
d08412,prednisolone-pivalate;-prednisolone-21-pivalate;-ultracortenol
d08413,prednisolone-sodium-metazoate
d08414,prednisolone-21-(sodium-tetrahydrophthalate);-prednisolone-sodium-tetrahydrophthalate;-fenicort
d08415,prednisolone-steaglate
d08416,prednisone-acetate;-prednisone-21-acetate
d08417,prenoxdiazine-hydrochloride;-libexin
d08418,pridinol
d08419,pridinol-hydrochloride;-pridinol
d08420,primaquine
d08421,procainamide
d08422,procaine
d08423,procarbazine
d08424,procaterol
d08425,procyclidine
d08426,profenamine
d08427,proglumetacin
d08428,proguanil
d08429,proligestone
d08430,promazine
d08431,promegestone
d08432,promethazine-maleate;-romergan
d08433,promolate
d08434,propacetamol-hydrochloride;-pro-dafalgan
d08435,propafenone
d08436,propamidine-isetionate;-golden-eye-drops
d08437,propetamphos
d08438,propicillin
d08439,propiomazine-maleate;-propavan
d08440,sodium-propionate;-natriumpropionat-[veterinary]
d08441,propiverine
d08442,propoxur
d08443,propranolol
d08444,propylhexedrine-hydrochloride;-eventin
d08445,protamine-hydrochloride
d08446,prothipendyl-hydrochloride;-dominal
d08447,protriptyline
d08448,proxymetacaine
d08449,pseudoephedrine
d08450,psoralene
d08451,pyrantel
d08452,pyrethrin-i;-bubil
d08453,pargyline
d08454,pyridoxine
d08455,pyriproxyfen;-cyclio-[veterinary]
d08456,quetiapine
d08457,quinagolide-hydrochloride
d08458,quinidine
d08459,quinidine-phenylethylbarbiturate;-quinidine-5-ethyl-5-phenyl-barbiturate;-natisedine
d08460,quinine
d08461,quinine-dihydrochloride;-quinine
d08462,quinisocaine
d08463,rabeprazole
d08464,racecadotril
d08465,raloxifene
d08466,ramosetron
d08467,ranelic-acid
d08468,strontium-ranelate;-ranelic-acid-strontium-salt;-protelos
d08469,rasagiline
d08470,raubasine
d08471,razoxane
d08472,reboxetine
d08473,remifentanil
d08474,reproterol
d08475,resmethrin;-durekyl
d08476,resocortol
d08477,retinol-propionate;-microvit-a-dlc-[veterinary]
d08478,ribostamycin
d08479,rifampicin-sodium;-rifadine
d08480,rifamycin-sodium
d08481,rilmazafone
d08482,rilmenidine
d08483,rimantadine
d08484,risedronic-acid
d08485,rizatriptan
d08486,robenidine
d08487,romifidine
d08488,amlodipine-besilate-and-atorvastatin-calcium;-caduet
d08489,ropinirole
d08490,ropivacaine
d08491,rosiglitazone
d08492,rosuvastatin
d08493,dorzolamide-hydrochloride-and-timolol-maleate
d08494,roxatidine
d08495,roxatidine-acetate
d08496,rufloxacin-hydrochloride;-qari
d08497,rupatadine-fumarate
d08498,ruscogenin;-ruscorectal
d08499,rutoside
d08500,saccharin-sodium;-hermesetas-original
d08501,trolamine-salicylate
d08502,salinomycin
d08503,toceranib
d08504,samarium-sm-153-lexidronam
d08505,sapropterin
d08506,sarafloxacin
d08507,sarmazenil
d08508,sarpogrelate
d08509,sermorelin
d08510,sertaconazole-nitrate;-ertaczo
d08511,setiptiline
d08512,sevelamer
d08513,sibutramine
d08514,sildenafil
d08515,silibinin
d08516,sitagliptin
d08517,sitaxentan-sodium
d08518,beta-sitosterol;-harzol
d08519,smectite;-smecta
d08520,sobrerol;-cyclidrol;-mucoflux
d08521,sodium-aurothiosulfate
d08522,solifenacin
d08523,somatorelin
d08524,sorafenib
d08525,sotalol
d08526,spectinomycin
d08527,spiramycin-adipate;-rovamycina
d08528,spiramycin-embonate;-cofamix-sts
d08529,spirapril
d08530,varidase
d08531,streptomycin
d08532,succinimide;-succinimide-pharbiol
d08533,sulbactam
d08534,sulbenicillin
d08535,sulconazole
d08536,suleparoid;-heparitin-sulfate;-aremin
d08537,sulfaclozine
d08538,sulfadimethoxine-sodium
d08539,sulfadimidine-sodium;-sulfamethazine-sodium-salt;-intradine
d08540,sulfamethoxypyridazine-sodium-salt;-avemix
d08541,sulfametrole
d08542,sulfamidochrysoidine;-prontosil;-aseptil-rojo
d08543,sulfanilamide
d08544,toceranib-phosphate
d08545,sulfiram
d08546,sulglicotide
d08547,sulodexide
d08548,sulphobromophthalein
d08549,sultopride
d08550,sultosilic-acid
d08551,sultosilic-acid-piperazine-salt;-piperazine-sultosylate;-mimedran
d08552,sunitinib
d08553,suxethonium-chloride
d08554,tacalcitol
d08555,tacrine
d08556,tacrolimus
d08557,talampicillin
d08558,talipexole
d08559,tamoxifen
d08560,tamsulosin
d08561,tandospirone
d08562,tasonermin
d08563,iclaprim-mesylate
d08565,telmesteine
d08566,temocapril
d08567,temocillin-disodium-salt;-negaban
d08568,tenoic-acid
d08569,terazosin
d08570,terbutaline
d08571,terlipressin-acetate
d08572,tertatolol-hydrochloride;-artex
d08573,testosterone-decanoate;-testosterone-17beta-decanoate;-testocaps
d08574,testosterone-phenylpropionate;-testosterone-17beta-phenpropionate;-testanon-50
d08575,tetrabenazine
d08576,tetramisole
d08577,tetridamine-maleate;-deb
d08578,tetryzoline
d08579,thebacon-hydrochloride;-acedicone
d08580,thiamine
d08581,monophosphothiamine
d08582,thiamphenicol-glycinate-acetylcysteinate;-fluimucil-antibiotic
d08583,thiamphenicol-aminoacetate-hydrochloride
d08584,thioacetazone
d08585,thioproperazine
d08586,thiosalicylic-acid;-pirosal
d08587,thonzylamine
d08588,tiagabine
d08589,tianeptine-sodium;-stablon
d08590,tiapride
d08591,tiaprost
d08592,tiaramide
d08593,ticarcillin
d08594,ticlopidine
d08595,tiemonium-methylsulfate;-visceralgine
d08596,tiletamine
d08597,tilidine
d08598,tilisolol
d08599,tiludronic-acid
d08600,timolol
d08601,timonacic
d08602,tinoridine
d08603,tioguanine
d08604,tipepidine
d08605,tipranavir
d08606,tirilazad
d08607,tirofiban
d08608,tiropramide-hydrochloride
d08609,tisokinase
d08610,tixocortol
d08611,tizanidine
d08612,tocopherol-succinate;-white-e-[veterinary]
d08613,todralazine
d08614,tolazoline
d08615,toldimfos
d08616,teneligliptin
d08617,tolperisone
d08618,topotecan
d08619,torasemide-sodium;-torem
d08620,toremifene
d08621,tositumomab
d08622,tositumomab-131-iodine;-tositumomab-iodine-131i;-bexxar
d08623,tramadol
d08624,tramazoline
d08625,tranylcypromine
d08626,trazodone
d08627,trenbolone
d08628,treprostinil-monosodium-salt;-treprostinil-sodium;-trepulmix
d08629,tretoquinol
d08630,tribuzone
d08631,carmegliptin
d08632,tricaine-mesilate;-tricaine-methanesulfonate;-finquel
d08633,trichloroacetic-acid;-trichloroacetate;-acido-tricloroacetico
d08634,triclofos
d08635,degarelix-acetate
d08636,trifluoperazine
d08637,trifluperidol-hydrochloride;-triperidol
d08638,trihexyphenidyl
d08639,trimebutine
d08640,trimecaine
d08641,trimecaine-hydrochloride;-mesocain
d08642,trimetazidine
d08643,trimethobenzamide
d08644,trimethoprim-lactate;-wellcoprim
d08645,tripelennamine
d08646,triphosadenine
d08647,triphosadenine-disodium-salt;-adenosine-triphosphate-disodium;-atenen
d08648,triprolidine
d08649,triptorelin-acetate;-decapeptyl
d08650,troclosene
d08651,troclosene-sodium;-sodium-dichloroisocyanurate;-klorsept
d08652,tromantadine-hydrochloride;-viru-merz
d08653,tropatepine-hydrochloride;-lepticur
d08654,trovafloxacin
d08655,tubocurarine-chloride
d08656,aleplasinin
d08657,apricoxib
d08658,tymazoline-hydrochloride;-pernazene
d08659,"3,5-dibromo-l-tyrosine;-dibromotyrosine;-bromotiren"
d08660,ulobetasol
d08661,unoprostone
d08662,urapidil-hydrochloride;-ebrantil
d08663,mersalyl
d08664,valaciclovir
d08665,valnemulin
d08666,valnemulin-hydrochloride
d08667,calcium-valproate;-valproic-acid-calcium-salt;-convulsofin
d08668,vardenafil
d08669,varenicline
d08670,venlafaxine
d08671,vetrabutine
d08672,vetrabutine-hydrochloride;-monzaldon
d08673,viloxazine
d08674,viminol-4-hydroxybenzoate;-dividol
d08675,vinblastine
d08676,vinburnine
d08677,vincamine
d08678,vincamine-hydrochloride;-vadicate
d08679,vincristine
d08680,vinorelbine
d08681,vonicog-alfa
d08682,warfarin
d08683,xylazine
d08684,xylometazoline
d08685,yohimbine
d08686,ziconotide-acetate;-prialt
d08687,ziprasidone
d08688,zofenopril
d08689,zoledronic-acid
d08690,zolpidem
d08691,zuclopenthixol-acetate;-cisordinol-acutard
d08692,zuclopenthixol-decanoate;-clopixol-depot
d08693,zuclopenthixol-dihydrochloride;-clopixol
d08694,dl-methylephedrine-hydrochloride-and-chlorpheniramine-maleate;-neoas
d08695,"dl-methylephedrine-hydrochloride,-dihydrocodeine-phosphate,-diprophylline,-diphenhydramine-salicylate,-acetaminophen-and-bromovalerylurea;-coughcode-n"
d08696,"acetaminophen,-ephedra-herb,-scopolia-extract,-caffeine-and-sodium-benzoate-and-magnesium-oxide;-asgen"
d08697,"platycodon-fluidextract,-glycyrrhiza-extract,-plantago-herb-extract,-peony-root-extract-and-dihydrocodeine-phosphate;-opisezol-codeine"
d08698,"platycodon-fluidextract,-plantago-herb-extract-and-peony-root-extract;-opisezol-a"
d08699,salmeterol-xinafoate-and-fluticasone-propionate;-adoair-diskus
d08700,bifidobacterium-and-lactomin;-biosmin
d08701,lactomin-and-amylolytic-bacillus;-biofermin
d08702,"lactomin,-amylolytic-bacillus-and-clostridium-butyricum;-bio-three"
d08703,"l-glutamic-acid,-pipethanate-hydrochloride-and-aluminum-hydroxide-sodium-bicarbonate-co-precipitate;-compound-epithanate-g"
d08704,"magnesium-aluminometasilicate,-methylmethionine-sulfonium-chloride,-magnesium-carbonate-and-precipitated-calcium-carbonate;-cabagin-u"
d08705,digestive-enzyme-derived-from-aspergillus;-diastase
d08706,"l-menthol,-cinnamon-bark,-gentian,-zanthoxylum-fruit,-ginger-and-sodium-bicarbonate;-biasan"
d08707,"l-menthol,-gentian,-scopolia-extract-powder-and-sodium-bicarbonate;-bellsan"
d08708,licase
d08709,picrasma-wood-and-sodium-bicarbonate
d08710,"sulfur,-fennel,-glycyrrhiza-and-senna-leaf;-compound-glycyrrhiza"
d08711,"coptis-rhizome,-senna-leaf,-rhubarb,-magnesium-oxide-and-magnesium-sulfate-hydrate;-cetilo"
d08712,"chimaphila-umbellata,-populus-tremula,-pulsatilla-pratensis-mill,-equisetum-arvense-and-wheat-germ-oil;-nerset"
d08713,alkylpolyaminoethylglycine-hydrochloride-and-polyoxyethylenealkylphenyl-ether;-alkylpolyaminoethylglycine-hydrochloride-and-polyoxyethylenealkylphenyl-ether;-obanol
d08714,d-camphor-and-mentha-oil
d08715,"dl-camphor,-dl-menthol,-methyl-salicylate-and-diphenhydramine;-salymetick-s"
d08716,"dl-camphor,-l-menthol,-glycyrrhetinic-acid-and-methyl-salicylate;-stick-zenol-a"
d08717,"dl-camphor,-l-menthol,-glycol-salicylate,-methyl-salicylate,-diphenhydramine-and-benzyl-nicotinate;-hiship"
d08718,"dl-camphor,-l-menthol-and-methyl-salicylate;-mirusart"
d08719,"dl-camphor,-l-menthol,-methyl-salicylate,-diphenhydramine,-nonanoic-acid-vanillylamide-and-mentha-oil;-halihot"
d08720,"dl-camphor,-l-menthol,-methyl-salicylate-and-diphenhydramine-hydrochloride;-pastellhap"
d08721,"dl-camphor,-l-menthol,-methyl-salicylate,-thymol-and-mentha-oil;-kyupap-m"
d08722,"dl-camphor,-l-menthol,-methyl-salicylate-and-mentha-oil;-asmoroll"
d08723,"dl-camphor,-capsicum-extract-and-methyl-salicylate;-rakool"
d08724,"dl-camphor,-glycol-salicylate-and-nonanoic-acid-vanillylamide;-yanyan-hot"
d08725,"dl-camphor,-methyl-salicylate-and-mentha-oil;-lawter-a"
d08726,"dl-camphor,-methyl-salicylate,-mentha-oil-and-eucalyptus-oil;-lawter"
d08727,dl-camphor-and-methyl-salicylate;-menturm-q
d08728,l-menthol-and-glycol-salicylate;-es-plasta
d08729,salicylic-acid-and-zinc-oxide;-zinc-and-salicylic-acid
d08730,glycol-salicylate-and-nonanoic-acid-vanillylamide;-gs-plaster-h
d08731,methyl-salicylate-and-diphenhydramine;-air-salonpas
d08732,diphenhydramine-and-glyteer;-diphenhydramine-and-glyteer;-glypas-c
d08733,dexamethasone-and-glyteer;-dexamethasone-and-dry-distillation-tar-of-defatting-soybean;-glymesason
d08734,dry-distillation-tar-of-defatting-soybean;-glyteer
d08735,visnadine
d08736,sodium-fluoride-and-phosphoric-acid;-fluoden-a
d08738,rosskastanien-extract;-yochimin-n
d08739,l-cysteine-and-ascorbic-acid;-crystfan
d08740,"yellow-beewax,-almond-oil-and-salicylic-acid;-bone-wax"
d08741,"adenine,-sodium-citrate-hydrate,-citric-acid-hydrate,-glucose-and-potassium-phosphate,-monobasic;-cpda-solution;-karmi-ca"
d08742,"sodium-citrate-hydrate,-citric-acid-hydrate,-glucose-and-potassium-phosphate,-monobasic;-cpd-solution;-karmi-c"
d08743,"d-mannitol,-adenine,-potassium-phosphate,-monobasic,-sodium-citrate-hydrate,-citric-acid-hydrate,-glucose-and-sodium-chloride;-map-solution"
d08744,acd-a-solution-and-map-solution;-karmi-amap
d08745,cpd-solution-and-map-solution;-sepacell-integra-c-map
d08746,hot-water-extract-of-mycobacterium-tuberculosis;-ancer
d08747,dl-methionine-and-glycyrrhizic-acid;-licothion
d08748,"liver-hydrolysate,-cysteine-hydrochloride,-choline-bitartrate,-inositol-and-cyanocobalamin;-proheparum"
d08749,hydroxocobalamin-and-isotonic-sodium-chloride-solution
d08750,spherical-carbonaceous-adsorbent;-kremezin;-merckmezin
d08751,semi-alkaline-proteinase;-jeoase
d08752,dnase-and-fibrinolysin;-dnase-and-fibrinolysin;-elase
d08753,"bromelains-and-trypsin,-crystallized;-bromelains-and-trypsin,-crystallized;-kimotab"
d08754,l-arginine-and-l-arginine-hydrochloride;-argi-u
d08755,coriolus-versicolor-polysaccharide;-krestin
d08756,picibanil;-picibanil
d08757,"[n,n'-ethylenedi-l-cysteinate"
d08758,technetium
d08759,galactosyl-human-serum-albumin-diethylenetriamine-pentaacetic-acid-technetium
d08760,diethylenetriamine-pentaacetic-acid-and-diethylenetriamine-pentaacetic-acid-technetium
d08761,sodium-pertechnetate
d08762,technetium
d08763,99mtc-mibi-and-tetrakis
d08764,technetium
d08765,sodium-pyrophosphate-hydrate-and-technetium
d08766,phytate-sodium-hydrate-and-technetium
d08767,benzoylmercaptoacetylglycylglycylglycine-and-mercaptoacetylglycylglycylglycine-technetium
d08768,promethazine-hibenzate;-hiberna
d08769,diphenhydramine-hydrochloride-and-calcium-bromide;-rescalmin
d08770,allergen-extract
d08772,cefoperazone-sodium-and-sulbactam-sodium
d08774,"amoxicillin-hydrate,-clarithromycin-and-lansoprazole;-lansap"
d08775,abacavir-sulfate-and-lamivudine;-epzicom
d08776,pneumococcal-vaccine-polyvalent;-pneumococcus-vaccine;-pneumovax-23
d08777,freeze-dried-live-attenuated-varicella-vaccine
d08778,"hepatitis-a-vaccine-inactivated;-freeze-dried,-inactivated-hepatitis-a-vaccine"
d08779,ph4-treated-human-normal-immunoglobulin;-polyglobin-n
d08780,"human-c1-inactivator,-freeze-dried-concentrated;-berinert-p"
d08781,polyethylene-glycol-treated-human-anti-hbs-immunoglobulin;-hebsbulin-ih
d08782,polyethylene-glycol-treated-human-anti-tetanus-immunoglobulin;-tetanobulin-ih
d08783,polyethylene-glycol-treated-human-normal-immunoglobulin;-venoglobulin-ih
d08784,freeze-dried-ph4-treated-human-normal-immunoglobulin;-sanglopor
d08785,freeze-dried-ion-exchange-resin-treated-human-normal-immunoglobulin;-gammagard
d08786,freeze-dried-sulfonated-human-normal-immunoglobulin;-venilon-i
d08787,freeze-dried-pepsin-treated-human-normal-immunoglobulin;-globulin
d08788,freeze-dried-polyethylene-glycol-treated-human-normal-immunoglobulin;-glovenin-i
d08789,freeze-dried-human-anti-d
d08790,freeze-dried-human-anti-hbs-immunoglobulin;-hebsbulin
d08791,freeze-dried-human-anti-tetanus-immunoglobulin;-tetanothera
d08792,freeze-dried-human-fibrinogen;-fibrinogen-ht-wf
d08793,"human-blood-coagulation-factor-eight-inhibitor-bypassing-activity-complex,-dried;-feiba"
d08794,"human-blood-coagulation-factor-ix-complex,-dried;-ppsb-ht"
d08795,"human-anti-thrombin-iii,-freeze-dried-concentrated;-neuart"
d08796,"human-activated-protein-c,-freeze-dried-concentrated;-anact-c"
d08797,freeze-dried-human-blood-coagulation-factor-ix;-coagulation-factor-ix
d08798,freeze-dried-human-blood-coagulation-factor-viii;-conco-eight-ht
d08799,human-anti-hbs-immunoglobulin;-hepatothera
d08800,human-haptoglobin;-haptoglobin
d08801,human-anti-tetanus-immunoglobulin;-tetagam-p
d08802,"human-blood-coagulation-factor-xiii-fraction,-dried;-fibrogammin-p"
d08803,varicella-virus-antigen
d08804,freeze-dried-live-attenuated-measles-rubella-combined-vaccine;-mearubik
d08805,interferon-gamma-n1
d08806,histamine-dihydrochloride-and-human-normal-immunoglobulin;-histaglobin
d08807,"anti-human-t-lymphocyte-immunoglobulin,-rabbit"
d08808,"anti-human-thymocyte-immunoglobulin,-equine"
d08809,"aromatic-powder;-cinnamon-bark,-zanthoxylum-fruit-and-ginger;-aromatic-powder"
d08810,"quinine-hydrochloride,-sodium-chloride,-tartaric-acid-and-sucrose"
d08811,dicyclohexyl-ammonium-nitrite-and-benzalkonium-chloride;-lades-a
d08812,"factor-xiii-with-fibrinogen;-aprotinin,-thrombin,-human-blood-coagulation-factor-xiii-fraction,-calcium-chloride-hydrate-and-freeze-dried-human-fibrinogen;-beriplast-p-combi-set"
d08813,"aprotinin,-thrombin-and-human-fibrinogen;-tachocomb"
d08814,"potassium-chloride,-calcium-chloride-hydrate,-sodium-chloride,-magnesium-chloride-and-sodium-bicarbonate;-miotecter"
d08815,monobasic-sodium-phosphate-monohydrate-and-dibasic-sodium-phosphate-anhydrous;-z-521;-visiclear
d08816,"potassium-chloride,-sodium-chloride,-sodium-bicarbonate-and-sodium-sulfate,-dried;-niflec"
d08817,tetramethylthiuram-disulfide-and-beta-ethoxyethyl-methacryl-resin;-nobecutane-l
d08818,concentrated-frozen-thawed-human-red-blood-cells;-frozen-thawed-red-cell
d08819,synthetic-blood;-blood-for-exchange-transfusion
d08820,fresh-frozen-human-plasma;-fresh-frozen-plasma
d08821,concentrated-human-red-blood-cells;-red-cells-concentrates--leukocytes-reduced
d08822,washed-human-red-blood-cells;-washed-red-cells--leukocytes-reduced
d08823,placenta-extract;-melsmon
d08824,cyanocobalamin-and-lamb's-gastric-mucosa-extract;-gastropylore
d08825,hemolingual;-hemolingual
d08826,killed-escherichia-coli-suspension;-posterisan
d08827,hydrocortisone-and-killed-escherichia-coli-suspension;-posterisan-forte
d08828,eksalb;-eksalb
d08829,"hydroxocobalamin-acetate,-pyridoxal-phosphate-hydrate,-fursultiamine-hydrochloride-and-riboflavin;-vitaneurin-capsule"
d08830,"retinol-palmitate,-thiamine-nitrate,-riboflavin,-pyridoxine-hydrochloride,-cyanocobalamin,-ascorbic-acid,-ergocalciferol,-tocopherol-acetate,-calcium-pantothenate,-nicotinamide-and-folic-acid;-panvitan"
d08831,special-powdered-milk;-gsd-formula
d08832,digestive-enzyme-preparation;-politose
d08833,digestive-enzyme-with-bionattomin;-shin-dreiase
d08834,stomachic-and-digestive;-ohara
d08835,"zinc-oxide,-lard,-hardened-oil-and-white-beeswax;-wilson's"
d08836,acesulfame-potassium
d08837,aclidinium-bromide
d08838,acotiamide-hydrochloride
d08839,adipic-acid
d08840,adipiplon
d08841,agatolimod
d08842,agatolimod-sodium
d08843,albiglutide
d08844,albinterferon-alfa-2b
d08845,aleglitazar
d08846,alfadex
d08847,alferminogene-tadenovec
d08848,alfimeprase
d08849,aluminum-sulfate
d08850,amibegron
d08851,amibegron-hydrochloride
d08852,amitivir
d08853,ammonium-sulfate
d08854,amrubicin
d08855,anacetrapib
d08856,anamorelin-hydrochloride
d08857,anrukinzumab
d08858,antithrombin-alfa
d08859,apratastat
d08860,apremilast
d08861,arbaclofen-placarbil
d08862,aspartame-acesulfame
d08863,atizoram
d08864,azilsartan
d08865,azilsartan-kamedoxomil
d08866,baminercept
d08867,bapineuzumab
d08868,becocalcidiol
d08869,begacestat
d08870,belinostat
d08871,berubicin-hydrochloride
d08872,besifloxacin-hydrochloride
d08873,betrixaban
d08874,bevasiranib-sodium
d08875,bismuth-citrate
d08876,boceprevir
d08877,briobacept
d08878,brivanib-alaninate
d08879,brivaracetam
d08880,carfilzomib
d08881,cediranib
d08882,candelilla-wax
d08883,cediranib-maleate
d08884,ceftaroline-fosamil
d08885,ceftobiprole
d08886,ceftobiprole-medocaril
d08887,cenersen-sodium
d08888,cetyl-palmitate
d08889,cevipabulin-succinate
d08890,choline-fenofibrate
d08891,cintredekin-besudotox
d08892,clevidipine
d08893,cobiprostone
d08894,copper-undecylenate
d08895,corifollitropin-alfa
d08896,dacetuzumab
d08897,dapagliflozin
d08898,darinaparsin
d08899,deferitrin
d08900,ridaforolimus
d08901,degarelix
d08902,delmitide-acetate
d08903,dexlansoprazole
d08904,diethylene-glycol-monoethyl-ether
d08905,digalloyl-trioleate
d08906,diisopropanolamine
d08907,dovitinib-lactate
d08908,eglumegad
d08909,elesclomol
d08910,enclomiphene
d08911,epetirimod
d08912,epetirimod-esylate
d08913,eribaxaban
d08914,eribulin-mesylate
d08915,erythritol
d08916,ethopabate
d08917,ezatiostat-hydrochloride
d08918,falimarev
d08919,faropenem-medoxomil
d08920,ferric-carboxymaltose
d08921,ferric-subsulfate
d08922,ferric-sulfate
d08923,fesoterodine-fumarate
d08924,zidapamide
d08925,folitixorin-calcium
d08926,galageenan
d08927,gellan-gum
d08928,golotimod
d08929,hymetellose
d08930,hypromellose-acetate-succinate
d08931,icomucret
d08932,imexon
d08933,inotuzumab-ozogamicin
d08934,iosimenol
d08935,ispronicline
d08936,labetuzumab
d08937,labradimil
d08938,laquinimod-sodium
d08939,laromustine
d08940,laropiprant
d08941,levamlodipine-malate
d08942,lucatumumab
d08943,lusupultide
d08944,milatuzumab
d08945,milveterol-hydrochloride
d08946,mipomersen-sodium
d08947,motesanib-diphosphate
d08948,myrrh
d08949,naveglitazar
d08950,neratinib
d08951,nesbuvir
d08952,nifungin
d08953,nilotinib
d08954,obatoclax-mesylate
d08955,odanacatib
d08956,omacetaxine-mepesuccinate
d08957,onabotulinumtoxin-a
d08958,ospemifene
d08959,otelixizumab
d08960,pagibaximab
d08961,palm-kernel-oil
d08962,pamabrom
d08963,pamapimod
d08964,perampanel
d08965,perflubrodec
d08966,phenylephrine-bitartrate
d08967,phenyltoloxamine-citrate
d08968,picoplatin
d08969,pimavanserin-tartrate
d08970,piragliatin
d08971,plerixafor
d08972,polyisobutylene
d08973,polyoxyl-oleate
d08974,polytef
d08975,polyoxyl-stearyl-ether
d08976,pomalidomide
d08977,potassium-alginate
d08978,pralnacasan
d08979,propylene-glycol-dilaurate
d08980,propylene-glycol-monolaurate
d08981,quarfloxin
d08982,racephedrine-hydrochloride
d08983,regrelor-disodium
d08984,reparixin
d08985,reslizumab
d08986,retosiban
d08987,rivanicline-galactarate
d08988,rolapitant-hydrochloride
d08989,rolofylline
d08990,romiplostim
d08991,ronacaleret-hydrochloride
d08992,ropidoxuridine
d08993,rovelizumab
d08994,salclobuzate-sodium
d08995,salirasib
d08996,saxagliptin
d08997,sinecatechins
d08998,sodium-butyrate
d08999,sodium-caprylate
d09000,"sodium-phosphate,-tribasic"
d09001,sodium-sulfide
d09002,dried-sodium-sulfite
d09003,sonedenoson
d09004,"soybean-oil,-hydrogenated"
d09005,storax
d09006,sunflower-oil
d09007,tagatose
d09008,talaglumetad-hydrochloride
d09009,taranabant
d09010,tarenflurbil
d09011,technetium-tc-99m-nofetumomab-merpentan
d09012,telaprevir
d09013,teplizumab
d09014,terameprocol
d09015,tesamorelin-acetate
d09016,thrombin-alfa
d09017,ticagrelor
d09018,tilarginine-acetate
d09019,tisocalcitate
d09020,tofimilast
d09021,tolu-balsam-tincture
d09022,tomopenem
d09024,totrombopag-choline
d09025,"triglycerides,-medium-chain"
d09026,tropantiol
d09027,tucotuzumab-celmoleukin
d09028,valopicitabine-dihydrochloride
d09029,velaglucerase-alfa
d09030,velimogene-aliplasmid
d09031,veltuzumab
d09032,vinflunine-ditartrate
d09033,voclosporin
d09034,zinc-sulfide
d09035,zonampanel
d09036,zoniporide-mesylate
d09037,zuclomiphene
d09038,remikiren
d09039,ifuto
d09040,ryokeikansoto
d09042,untanto
d09043,yohakusan
d09044,hohaito
d09046,hokikenchuto
d09047,en'nenhangeto
d09048,boibukuryoto
d09049,bunshoto;-jippiin;-jippito
d09050,oshosan;-kyuosan
d09051,oren'akyoto
d09052,kashokuyohito
d09053,bukuryotakushato
d09054,kakkoshokisan
d09055,kakkon'oren'ogonto
d09056,kakkonkokato
d09057,kamiuntanto
d09058,kamigedokuto
d09059,kamishoyosangoshimotsuto;-kamishoyosankasenkyujio
d09060,kamiheiisan
d09061,kankyoninjinhangegan
d09062,kanzoshashinto
d09063,kigikenchuto
d09064,kyukichoketsuindaiichikagen
d09065,kyoseihatekigan
d09066,kyososan
d09067,kujinto
d09068,kufugedokusan;-kufugedokuto
d09069,keikangan
d09070,keishikashakuyakushokyoninjinto
d09071,bukuryoinkahange
d09072,fukankinshokisan
d09073,byakkoto
d09074,byakkokakeishito
d09075,hachimishoyosan
d09076,hainoto
d09077,hainosan
d09078,dokkatsuto
d09079,dokkatsukakkonto
d09080,tokibaimokujinganryo
d09081,tokishigyakuto
d09082,tokisan
d09083,chokoshiteito
d09084,chuoko
d09085,daihangeto
d09087,soshikokito
d09088,senshibyakujutsusan
d09089,senkinkeimeisan
d09090,sesshoin
d09091,seijokentsuto;-kufushokutsuto
d09092,seishitsuketanto
d09093,seikiankaito
d09094,jinryobyakujutsusan;-jinreibyakujutsusan
d09095,keibohaidokusan
d09096,keimeisankabukuryo
d09097,kenchuto
d09098,kojito
d09099,koshaheiisan
d09100,koshayoito
d09101,kosharikkunshito
d09102,kobokushokyohangeninjinkanzoto
d09103,goshitsusan
d09104,gomotsugedokusan
d09105,saishakurikkunshito
d09106,satotsuko
d09107,jiketsujunchoto
d09109,shiteito
d09110,shakosaito;-sammishakosaito
d09111,jashoshito
d09112,jogan'ippo
d09113,shokyoshashinto
d09114,jingyobofuto
d09115,jingyokyokatsuto
d09116,bukuryukanto
d09117,shoyosan
d09118,shobaito
d09119,shojokito
d09120,shoseiryutokasekko
d09121,shoseiryutogomakyokansekito;-shoseiryutokakyoninsekko
d09122,nardostachytis-rhizoma;-nardostachys-root
d09123,turtle-shell;-fresh-water-turtle-plastron;-tortoise-plastron
d09124,dianthus-above-ground-part;-dianthus-herb
d09125,pogostemon-herb
d09126,melia-bark
d09127,scrophularia-root
d09128,citron
d09129,gecko
d09130,polygonum-cuspidatum-root
d09131,coriandrum-sativum-fruit;-coriander
d09132,walnut
d09133,gallnut;-sumac-gallnut
d09134,trogopterus-feces;-flying-squirrel-feces
d09135,fenugreek-seed
d09136,cynomorium-herb
d09137,sparganium-tuber
d09138,aster-root
d09139,myrobalan-fruit
d09140,lonicera-flower
d09141,quisqualis-fruit;-rangoon-creeper-fruit
d09142,magnetite
d09143,musk
d09144,adenophora-root
d09145,earthworm
d09146,medicated-leaven
d09149,prepared-soybean
d09150,pyrrosia-leaf
d09151,acorus-gramineus-rhizome
d09152,dendrobium
d09153,elder
d09154,madder-root;-rubia-root
d09155,inula-flower
d09156,mantidae-mantis-egg-case
d09157,star-anise
d09158,salvia-miltiorrhiza-root
d09159,sanguisorbae-radix;-sanguisorba-root;-burnet-root
d09160,dayflower
d09161,descurainia-seed;-lepidium-seed
d09162,agglomerative-substance-of-bamboo
d09163,sichuan-pepper;-zanthoxylum-schinifolium-fruit
d09164,male-seal-sex-organ
d09165,hippocampus;-seahorse
d09166,codonopsis-root
d09168,plant-worm;-vegetative-wasp;-cordyceps-sinensis
d09169,dodder-seed;-cuscuta-seed
d09170,oriental-arborvitae-kernel
d09171,dictamnus-root-bark
d09172,morinda-root
d09173,chinese-lobelia
d09174,"dioscorea-hypoglauca,-dioscorea-tokoro-rhizome"
d09175,indian-long-pepper-fruit
d09176,stiff-silkworm
d09177,sandalwood
d09178,ampelopsis-root
d09179,raspberry
d09180,boneset
d09181,typha-pollen
d09183,blackberry-lily-root
d09184,areca-pericarp
d09185,myrica-rubra-bark
d09186,neostigmine-methylsulfate-and-atropine-sulfate;-atvagoreverse
d09187,estradiol-and-levonorgestrel;-wellnara
d09188,estradiol-and-norethindrone;-menoaid
d09189,haemophilus-b-conjugate-vaccine
d09190,"anti-human-thymocyte-immunoglobulin,-rabbit"
d09191,shrub-chaste-tree-fruit
d09192,chaenomeles-fruit
d09193,clove-fruit
d09194,curculigo-rhizome
d09196,candesartan-cilexetil-and-hydrochlorothiazide
d09197,valsartan-and-hydrochlorothiazide
d09198,minodronic-acid-hydrate
d09199,shigyakuto
d09200,bentiamine
d09201,calcium-sulfate
d09202,etofenprox
d09203,valerian-rhizome
d09205,prucalopride
d09206,saruplase
d09207,catumaxomab
d09208,cetilistat
d09209,magnolignan
d09210,chinese-angelica-root
d09211,chinese-cnidium-rhizome
d09212,german-chamomile-flower
d09213,methiodal-sodium
d09214,ustekinumab
d09215,eslicarbazepine
d09216,thiopropazate
d09217,sitimagene-ceradenovec
d09218,liquid-paraffin-and-polyethylene-resin;-plastibase
d09219,telmisartan-and-hydrochlorothiazide
d09220,isodon-herb
d09221,lycium-leaf
d09222,dipsacus-asperoides-root
d09223,brassica-juncea-seed;-brassica-hirta-seed;-brassica-nigra-seed
d09224,hypericum-herb;-otogiriso
d09225,hematite
d09226,aralia-elata-root-bark
d09227,inula-root
d09228,nandina-fruit
d09229,corn-silk
d09230,psoralea-seed
d09231,glechoma-hederacea-herb
d09232,cervus-male-sex-organ
d09233,processed-mume
d09234,sargassum-herb
d09235,cowberry-leaf
d09236,pepper;-black-pepper;-white-pepper
d09237,"rhinoceros-bicornis-horn;-rhinoceros-unicornis,-rhinoceros-sondaicus-horn;-rhinoceros-bicornis,-rhinoceros-simus,-rhinoceros-sumatrensis-horn"
d09240,viscum-stem
d09241,xanthium-fruit
d09242,sprouted-soybeans
d09244,nutmeg
d09245,boswellia-gum-substance
d09246,water-chestnut
d09247,amomi-rotundi-fructus;-amomum-fruit
d09248,tussilago-farfara-flower-bud
d09249,taraxacum-root
d09250,allium-leaf-sheath
d09251,hibiscus-syriacus-bark
d09252,actinidia-polygama-gall
d09253,saxifraga-stolonifera-herb
d09254,tremolite
d09255,sophora-japoinca-flower
d09256,polygonati-odorati-rhizoma
d09257,kaempferia-galanga-rhizome
d09258,trachycarpus-fortunei-leaf
d09260,haliotis-shell
d09274,cynanchum-root
d09278,patrinia-villosa-root;-patrinia-villosa-herb
d09279,acanthopanax-gracilistylus-root-bark
d09296,sophora-subprostrata-root
d09297,ligusticum-sinese-rhizome
d09314,ofatumumab
d09315,canakinumab
d09316,pegloticase
d09317,nabiximols
d09318,indacaterol
d09319,indacaterol-maleate
d09320,aderbasib
d09321,obinutuzumab
d09322,carzenide
d09323,ataluren
d09324,bederocin
d09325,blinatumomab
d09326,carmegliptin-dihydrochloride
d09327,cositecan
d09328,cixutumumab
d09329,conatumumab
d09330,delafloxacin
d09331,delafloxacin-meglumine
d09332,denenicokin
d09333,dutogliptin
d09334,dutogliptin-tartrate
d09335,elagolix
d09336,elagolix-sodium
d09337,elotuzumab
d09338,entinostat
d09339,esomeprazole-potassium
d09340,esreboxetine
d09341,esreboxetine-succinate
d09342,etaracizumab
d09343,farletuzumab
d09344,fasobegron
d09345,figitumumab
d09346,fosbretabulin-disodium
d09347,fostamatinib
d09348,fostamatinib-disodium
d09349,ibipinabant
d09350,indeglitazar
d09351,larazotide
d09352,larazotide-acetate
d09353,levomefolic-acid
d09354,levomefolate-calcium
d09355,linaclotide
d09356,liprotamase
d09357,mocetinostat-dihydrobromide
d09358,naluzotan
d09359,naluzotan-hydrochloride
d09360,obeticholic-acid
d09361,oleyl-oleate
d09362,otenabant
d09363,otenabant-hydrochloride
d09364,palifosfamide
d09365,palovarotene
d09366,pardoprunox-hydrochloride
d09367,pozanicline
d09368,pozanicline-tartrate
d09369,radezolid
d09370,radezolid-hydrochloride
d09371,ramucirumab
d09372,ranagengliotucel-t
d09373,"rapeseed-oil,-fully-hydrogenated"
d09374,"rapeseed-oil,-fully-hydrogenated-superglycerinated"
d09375,retaspimycin
d09376,retaspimycin-hydrochloride
d09377,semagacestat
d09378,serlopitant
d09380,sivifene
d09381,sobetirome
d09382,sofinicline
d09383,sofinicline-benzenesulfonate
d09384,spinosad
d09385,talarozole
d09386,talmapimod
d09387,tanezumab
d09388,tasimelteon
d09389,tasisulam-sodium
d09390,tecovirimat
d09391,telcagepant
d09392,telcagepant-potassium
d09393,ingenol-mebutate
d09394,fidaxomicin
d09395,dulanermin
d09396,dirucotide
d09397,pardoprunox
d09398,dirucotide-acetate
d09399,derquantel
d09400,degarelix-acetate
d09401,davunetide
d09402,darotropium-bromide
d09403,custirsen-sodium
d09404,coleneuramide
d09405,carlecortemcel-l
d09410,laninamivir
d09428,scilla-scilloides-bulb
d09432,hydnocarpus-anthelmintica-seed;-hydnocarpi-semen
d09447,perilla-fruit
d09452,vigna-angularis-seed;-phaseoli-semen
d09475,potentilla-discolor-herb;-potentilla-chinensis-herb-or-root
d09484,rhododendron-leaf
d09486,lophatherum-gracile-herb
d09516,saiga-tatarica-horn;-antelopis-cornu
d09520,soft-shell-turtle-carapace
d09524,cuttlefish-oracle-bones;-sepiae-os;-sepia-esculenta-hoyle
d09526,pearl;-margarita
d09533,midismase
d09535,mirabegron
d09537,favipiravir
d09539,gabapentin-enacarbil
d09544,ozenoxacin
d09546,edoxaban-tosilate-hydrate
d09547,laninamivir-octanoate-hydrate
d09548,osmorhiza-rhizome
d09549,senna-pods
d09550,angelica-pubescens-root
d09563,loess;-terra-flava-usta
d09564,dryobalanops-aromatica-resin
d09566,linagliptin
d09567,ulipristal
d09568,naproxcinod
d09569,ezogabine
d09570,bilastine
d09571,onapristone
d09572,riociguat
d09573,eritoran-sodium
d09574,aflibercept
d09575,ibalizumab
d09576,afegostat
d09577,afegostat-tartrate
d09578,"albumin-human,-recombinant"
d09579,arhalofenate
d09580,astuprotimut-r
d09581,atagabalin
d09582,balapiravir
d09583,balapiravir-hydrochloride
d09584,bardoxolone
d09585,bardoxolone-methyl
d09586,bixalomer
d09587,brentuximab-vedotin
d09588,briakinumab
d09589,brivanib
d09590,budiodarone
d09591,budiodarone-tartrate
d09592,canagliflozin
d09593,girentuximab
d09594,olmesartan-medoxomil-and-azelnidipine;-rezaltas
d09595,budesonide-and-formoterol-fumarate-dihydrate;-symbicort
d09596,collagenase-clostridium-histolyticum
d09598,tebipenem-pivoxil
d09599,danegaptide
d09600,davalintide
d09601,davalintide-acetate
d09602,dilmapimod
d09603,dilmapimod-tosylate
d09604,dinaciclib
d09605,duvoglustat
d09606,duvoglustat-hydrochloride
d09607,elinogrel
d09608,elinogrel-potassium
d09609,elpetrigine
d09610,emicerfont
d09612,eslicarbazepine-acetate
d09613,evatanepag
d09614,evatanepag-sodium
d09615,fezakinumab
d09616,filibuvir
d09617,florbetapir-f-18
d09618,foretinib
d09619,fosbretabulin-tromethamine
d09620,fresolimumab
d09621,gisadenafil
d09622,gisadenafil-besylate
d09623,glembatumumab
d09624,golnerminogene-pradenovec
d09625,gosogliptin
d09627,imagabalin
d09628,imagabalin-hydrochloride
d09629,imetelstat
d09630,imetelstat-sodium
d09631,intetumumab
d09632,iodine-i-124-girentuximab
d09633,lebrikizumab
d09634,lersivirine
d09635,linifanib
d09636,litronesib
d09637,lomitapide
d09638,lomitapide-mesylate
d09639,losmapimod
d09640,marizomib
d09641,mocetinostat
d09642,modithromycin
d09643,myeloperoxidase
d09644,narlaprevir
d09645,nelotanserin
d09646,ocriplasmin
d09647,omadacycline
d09648,omecamtiv-mecarbil
d09650,orvepitant
d09651,orvepitant-maleate
d09653,piperazine-dihydrochloride
d09654,pixantrone-dimaleate
d09655,plinabulin
d09656,plovamer
d09657,plovamer-acetate
d09658,razupenem
d09659,rilotumumab
d09660,rindopepimut
d09661,rintatolimod
d09662,rontalizumab
d09663,rozrolimupab
d09664,saracatinib
d09665,saracatinib-difumarate
d09666,selumetinib
d09667,setileuton
d09668,sifalimumab
d09669,siltuximab
d09670,sotatercept
d09671,sotrastaurin
d09672,sulopenem-etzadroxil
d09673,tafamidis
d09674,tafamidis-meglumine
d09675,taliglucerase-alfa
d09676,tecarfarin
d09677,tecarfarin-sodium
d09678,teglarinad-chloride
d09679,tenifatecan
d09680,teprotumumab
d09681,tiomolibdate-diammonium
d09682,tipapkinogene-sovacivec
d09683,tivozanib
d09684,tonapofylline
d09685,tedizolid
d09686,tedizolid-phosphate
d09687,ulipristal-acetate
d09688,vanutide-cridificar
d09689,varlitinib
d09690,varlitinib-tosylate
d09691,vedotin
d09692,veliparib
d09693,velusetrag
d09694,velusetrag-hydrochloride
d09695,verucerfont
d09696,vilanterol
d09697,vilanterol-trifenatate
d09698,vilazodone
d09699,vilazodone-hydrochloride
d09700,yttrium-y-90-clivatuzumab-tetraxetan
d09701,abiraterone-acetate
d09702,albaconazole
d09703,aminopentamide-sulfate
d09704,atacicept
d09705,bepotastine
d09706,carbon-monoxide
d09707,dabigatran
d09708,dalcetrapib
d09709,demiditraz
d09710,edoxaban
d09711,efungumab
d09712,elacytarabine
d09713,gantenerumab
d09714,iscotrizinol
d09715,lexgenleucel-t
d09716,mitumprotimut-t
d09717,preladenant
d09718,sotrastaurin-acetate
d09719,remestemcel-l
d09720,rilpivirine
d09721,sagopilone
d09722,sapacitabine
d09723,taspoglutide
d09724,afatinib
d09725,emulsified-influenza-ha-vaccine
d09726,riferminogene-pecaplasmid
d09727,insulin-degludec
d09728,bosutinib-hydrate
d09729,lixisenatide
d09730,olaparib
d09731,crizotinib
d09732,ritobegron-ethyl-hydrochloride
d09733,afatinib-dimaleate
d09735,sodium-hyaluronate-crosslinked-polymer-crosslinked-with-vinylsulfone
d09736,iron
d09738,asparagine
d09739,bismuth-subcitrate-potassium
d09740,bornyl-acetate
d09741,drospirenone-and-ethinylestradiol;-drospirenone-and-ethinylestradiol-betadex;-angeliq
d09742,"lansoprazole,-amoxicillin-hydrate-and-metronidazole;-lampion"
d09743,telmisartan-and-amlodipine-besilate
d09744,pioglitazone-hydrochloride-and-metformin-hydrochloride
d09745,valsartan-and-amlodipine-besilate;-exforge
d09746,dalotuzumab
d09747,difeterol-phosphate
d09748,difeterol
d09749,itasetron-hydrochloride-hydrate
d09750,ipidacrine-hydrochloride-hydrate
d09751,selandopam-hydrochloride-hydrate
d09752,carpronium-chloride-hydrate
d09753,saxagliptin-hydrate
d09754,royal-jelly
d09755,cabazitaxel
d09756,teneligliptin-hydrobromide-hydrate
d09757,terikalant
d09758,ambasilide
d09759,trecetilide
d09760,ibuprofen-sodium
d09761,mogamulizumab
d09762,pentetate-zinc-trisodium
d09763,dapagliflozin-propanediol
d09764,abobotulinumtoxin-a
d09765,vorapaxar
d09766,vorapaxar-sulfate
d09767,amatuximab
d09768,azulene
d09769,acetylsulfaphenazole
d09770,adeozast
d09771,avicatonin
d09772,alilusem-potassium
d09773,isoniazid-glucuronate-sodium
d09774,imitrodast-sodium
d09775,intacellin
d09776,uracil
d09777,urogastrone
d09778,ledismase
d09779,emiglitate
d09780,anagliptin
d09781,ipenoxazone-hydrochloride
d09782,cadrofloxacin-hydrochloride
d09783,tofacitinib-citrate
d09784,garomefrine-hydrochloride
d09785,delamanid
d09786,topiroxostat
d09787,ombrabulin-hydrochloride
d09788,enramycin-hydrochloride
d09789,kirenidipine-hydrochloride
d09790,cromoglicate-lisetil-hydrochloride
d09791,arbaclofen
d09792,diphenylpiperidinobutanol-hydrochloride
d09793,ceftizoxime-alapivoxil-hydrochloride
d09794,norepinephrine-hydrochloride
d09795,meglumine-gadopentetate
d09796,hydrocortisone-caproate
d09797,cargutocin
d09799,carotegrast-methyl
d09800,condoliase
d09801,giractide-acetate
d09802,dequalinium-salicylate
d09803,propylene-oxide
d09804,sodium-santoninate
d09805,cycotiamine
d09806,diisobutylaminobenzoyloxypropyl-theophylline
d09807,difethiarol
d09808,carbinoxamine-diphenyldisulfonate
d09809,tylosin-acetate-isovalerte
d09811,gelathrombin
d09812,bismuth-magnesium-aluminosilicate
d09813,lenalidomide-hydrate
d09814,silteplase
d09815,travoprost-and-timolol-maleate;-duotrav
d09816,sevriplatin
d09817,darexaban-maleate
d09818,oxeladin-tannate
d09819,chlorpromazine-tannate
d09820,vasopressin-tannate
d09821,l-tyrosine-ethylester-monohydrochloride
d09822,theosalicin
d09823,duteplase
d09824,domitroban-calcium-hydrate
d09825,trostin
d09826,neo-proserine
d09828,bisbutytiamine
d09829,pifonakin
d09830,fasoracetam-hydrate
d09831,phenovalin
d09832,monosodium-fumarate
d09833,levosemotiadil-fumarate
d09834,levormeloxifene-fumarate
d09835,zanapezil-fumarate
d09836,plusonermin
d09837,penaprazole-sodium-hydrate
d09838,broizine
d09839,beperminogene-perplasmid
d09840,olamufloxacin-mesilate
d09841,patomostat-mesilate
d09842,dl-methylephedrine-saccharinate
d09843,beradilol-monoethyl-maleate
d09844,mobenakin
d09845,montirelin-hydrate
d09846,montease
d09847,metildigoxin
d09848,pioglitazone-hydrochloride-and-glimepiride-tablets
d09849,ritipenem-acoxil-hydrate
d09850,linazolast
d09851,rimoprogin
d09852,regavirumab
d09853,
d09854,pocepullan
d09855,sodium-aceneuramate
d09856,asthremedin
d09857,asunaron
d09858,ferrous-orotate
d09859,iron-polymalether
d09861,aganepag
d09862,aganepag-ethanediol
d09863,aganepag-isopropyl
d09864,amuvatinib
d09865,amuvatinib-hydrochloride
d09866,atopaxar
d09867,atopaxar-hydrobromide
d09868,alvocidib
d09869,avagacestat
d09870,bavisant
d09871,bavisant-dihydrochloride
d09872,bedaquiline
d09873,bedaquiline-fumarate
d09874,benralizumab
d09875,calcium-propionate
d09876,cariprazine-hydrochloride
d09877,carlumab
d09878,cenicriviroc
d09879,cenicriviroc-mesylate
d09880,cenplacel-l
d09881,cobicistat
d09882,crolibulin
d09883,dacomitinib
d09884,danoprevir
d09885,danoprevir-sodium
d09886,dexpramipexole
d09887,dexpramipexole-dihydrochloride
d09888,drozitumab
d09889,dulaglutide
d09890,edivoxetine
d09891,edivoxetine-hydrochloride
d09892,egaptivon-pegol
d09893,eliglustat
d09894,eliglustat-tartrate
d09895,emepepimut-s
d09896,enavatuzumab
d09897,enokizumab
d09898,ensituximab
d09899,erteberel
d09900,eteplirsen
d09901,etrolizumab
d09902,florbenazine-f-18
d09903,fluciclatide-f-18
d09904,forigerimod
d09905,forigerimod-acetate
d09906,fosdevirine
d09907,fulranumab
d09908,ganitumab
d09909,gataparsen
d09910,gataparsen-sodium
d09911,gevokizumab
d09912,glembatumumab-vedotin
d09913,iniparib
d09914,ioflubenzamide-i-131
d09915,irosustat
d09916,ivacaftor
d09917,latrepirdine
d09918,latrepirdine-dihydrochloride
d09919,lenvatinib
d09920,lenvatinib-mesylate
d09921,lesinurad
d09922,lesinurad-sodium
d09923,letaxaban
d09924,levoglucose
d09925,linsitinib
d09926,icrucumab
d09927,lorvotuzumab-mertansine
d09928,lunacalcipol
d09929,maraciclatide
d09930,mavrilimumab
d09931,mibampator
d09932,moxetumomab-pasudotox
d09933,naronapride
d09934,naronapride-dihydrochloride
d09935,navitoclax
d09936,navitoclax-dihydrochloride
d09937,giractide
d09938,nivocasan
d09939,olaratumab
d09940,omadacycline-tosylate
d09941,onartuzumab
d09942,ornithine-phenylacetate
d09943,oxelumab
d09944,ozoralizumab
d09945,pegdinetanib
d09946,peginesatide
d09947,peginesatide-acetate
d09948,plecanatide
d09949,pomaglumetad-methionil
d09950,ponatinib
d09951,ponatinib-hydrochloride
d09952,ponezumab
d09953,pridopidine
d09954,pridopidine-hydrochloride
d09955,quizartinib
d09956,quizartinib-dihydrochloride
d09957,rezatomidine
d09958,rilpivirine-hydrochloride
d09959,ruxolitinib
d09960,ruxolitinib-phosphate
d09961,samalizumab
d09962,simenepag
d09963,simenepag-isopropyl
d09964,almorexant
d09965,solithromycin
d09966,talimogene-laherparepvec
d09967,secukinumab
d09968,taprenepag
d09969,taprenepag-isopropyl
d09970,tofacitinib
d09971,tegobuvir
d09972,telapristone-acetate
d09973,telotristat
d09974,telotristat-ethyl
d09975,telotristat-etiprate
d09976,temanogrel
d09977,temanogrel-hydrochloride
d09978,tofogliflozin
d09979,tralokinumab
d09980,trastuzumab-emtansine
d09981,ulimorelin
d09982,ulimorelin-hydrochloride
d09983,umirolimus
d09984,urelumab
d09985,uridine-triacetate
d09986,usistapide
d09987,vaniprevir
d09988,vapreotide-acetate
d09989,vardenafil-hydrochloride
d09990,vidupiprant
d09991,vipadenant
d09992,vismodegib
d09993,ferric-citrate-hydrate
d09994,selexipag
d09995,elpamotide
d09996,vemurafenib
d09997,cariprazine
d09998,epoetin-beta-pegol
d09999,tramadol-hydrochloride-and-acetaminophen;-tramcet
d10000,epoetin-epsilon
d10001,fingolimod
d10002,florbetaben
d10003,hemin
d10004,emricasan
d10005,ensulizole
d10006,eplivanserin
d10007,faxeladol
d10008,fispemifene
d10009,flurpiridaz-f-18
d10010,galgenprostucel-l
d10011,glucose-oxidase
d10012,incobotulinumtoxin-a
d10013,indibulin
d10014,ioflupane-i-123
d10015,litgenprostucel-l
d10016,lonaprisan
d10017,naproxen-etemesil
d10018,necitumumab
d10019,panobinostat-lactate
d10020,olodaterol-hydrochloride
d10021,efinaconazole
d10022,pexacerfont
d10023,pexelizumab
d10024,selumetinib-sulfate
d10025,semaglutide
d10026,tosedostat
d10027,udenafil
d10028,valategrast-hydrochloride
d10029,verubulin
d10030,verubulin-hydrochloride
d10031,zalutumumab
d10032,tylvalosin
d10033,tylosin-tartrate
d10034,tylvalosin-tartrate
d10035,otsujitokyodaio
d10036,kairosan
d10037,kamishimotsuto
d10038,kishukunichinto
d10039,kogikujiogan
d10040,saikosokanto
d10041,saisoin
d10042,takushato
d10043,chikuyosekkoto
d10044,jizusoippokyodaio
d10045,chibakujiogan
d10046,teikiin
d10047,tokishakuyakusankaogichoto
d10048,tokishakuyakusankaninjin
d10049,hachigesan
d10050,mibakujiogan
d10051,meiroin
d10052,yokukansankashakuyakuoren
d10053,renjuin
d10054,anchusankabukuryo
d10055,remogliflozin-etabonate
d10056,robatumumab
d10057,azficel-t
d10058,solanezumab
d10059,anivamersen
d10060,abexinostat
d10061,brodalumab
d10062,cabozantinib
d10063,cenderitide
d10064,dabrafenib
d10065,daclatasvir
d10066,dolutegravir
d10068,encaleret
d10069,fiboflapon
d10070,iofolastat-i-123
d10071,ixekizumab
d10072,levomilnacipran
d10073,lexibulin
d10074,narnatumab
d10075,navarixin
d10076,olcorolimus
d10077,pegadricase
d10078,peginterferon-lambda-1a
d10079,rucaparib
d10080,sirukumab
d10081,simeprevir
d10082,suvorexant
d10083,tabalumab
d10084,abexinostat-hydrochloride
d10085,alisertib
d10086,alisertib-sodium
d10087,alisporivir
d10088,amitifadine
d10089,amitifadine-hydrochloride
d10090,amonafide
d10091,amonafide-l-malate
d10092,anivamersen-sodium
d10093,asunaprevir
d10094,blosozumab
d10095,cabozantinib-s-malate
d10096,calaspargase-pegol
d10097,ceftolozane
d10098,ceftolozane-sulfate
d10099,cerlapirdine
d10100,cerlapirdine-hydrochloride
d10101,crenezumab
d10102,crenolanib
d10103,crenolanib-besylate
d10104,dabrafenib-mesylate
d10105,daclatasvir-dihydrochloride
d10106,dalantercept
d10107,dasolampanel
d10108,dasolampanel-etibutil
d10109,dasolampanel-etibutil-tosylate
d10110,delanzomib
d10111,dexmecamylamine
d10112,dexmecamylamine-hydrochloride
d10113,dolutegravir-sodium
d10114,drisapersen
d10115,drisapersen-sodium
d10116,encaleret-sulfate
d10117,epelsiban
d10118,epelsiban-besylate
d10119,sonidegib
d10120,esomeprazole-strontium
d10121,evacetrapib
d10122,fiboflapon-sodium
d10123,ficlatuzumab
d10124,flanvotumab
d10125,galeterone
d10126,ganetespib
d10127,glycerol-phenylbutyrate
d10128,irdabisant
d10129,irdabisant-hydrochloride
d10130,ixazomib
d10131,ixazomib-citrate
d10132,ixmyelocel-t
d10133,levomilnacipran-hydrochloride
d10134,lumacaftor
d10135,macitentan
d10136,mapracorat
d10137,regorafenib-hydrate
d10138,regorafenib
d10139,vatreptacog-alfa
d10140,niraparib
d10141,oclacitinib
d10142,oclacitinib-maleate
d10143,ondelopran
d10144,ondelopran-hydrochloride
d10145,olodaterol
d10146,orteronel
d10147,pasireotide
d10148,patiromer
d10149,patiromer-calcium
d10150,pegnivacogin-sodium
d10151,plazomicin
d10152,prucalopride-succinate
d10153,radavirsen
d10154,rigosertib
d10155,rigosertib-sodium
d10156,romosozumab
d10157,rucaparib-phosphate
d10158,safinamide
d10159,alogliptin-benzoate-and-pioglitazone-hydrochloride;-liovel
d10160,mitiglinide-calcium-hydrate-and-voglibose;-glubes
d10161,sarilumab
d10162,samidorphan
d10163,samidorphan-l-malate
d10164,sepantronium-bromide
d10165,setrobuvir
d10166,sovaprevir
d10167,sutezolid
d10168,tanzisertib
d10169,tavaborole
d10170,tedatioxetine
d10171,tedatioxetine-hydrobromide
d10172,teriflunomide
d10173,tivantinib
d10174,tozadenant
d10175,trametinib
d10176,trametinib-dimethyl-sulfoxide
d10177,trebananib
d10178,trelagliptin
d10179,trelagliptin-succinate
d10180,umeclidinium
d10181,umeclidinium-bromide
d10182,volasertib
d10183,volasertib-trihydrochloride
d10184,vortioxetine
d10185,vortioxetine-hydrobromide
d10186,bitopertin
d10187,pateclizumab
d10188,naldemedine
d10189,pictilisib
d10190,tivozanib-hydrochloride
d10191,safinamide-mesylate
d10192,recombinant-adsorbed-quadrivalent-human-papillomavirus-virus-like-particle-vaccine
d10193,"live-attenuated-human-rota-virus-vaccine,-oral;-rotarix"
d10194,remimazolam-besylate
d10195,luseogliflozin-hydrate
d10196,ipragliflozin
d10197,profluthrin
d10198,calcipotriol-hydrate
d10199,tapentadol-hydrochloride
d10200,ipragliflozin-l-proline
d10202,bafetinib
d10203,trabedersen
d10204,l-arginine-l-glutamate-hydrate
d10205,sodium-phenylacetate-and-sodium-benzoate;-ammonul
d10206,olanzapine-and-fluoxetine-hydrochloride;-symbyax
d10207,chlordiazepoxide-and-amitriptyline-hydrochloride;-chlordiazepoxide-and-amitriptyline-hcl
d10208,dextromethorphan-hydrobromide-and-quinidine-sulfate;-nuedexta
d10209,hydralazine-hydrochloride-and-isosorbide-dinitrate;-bidil
d10210,"rifampin,-isoniazid-and-pyrazinamide;-rifater"
d10211,"rotavirus-vaccine,-live,-oral,-pentavalent;-rotateq"
d10212,recombinant-adsorbed-bivalent-human-papillomavirus-like-particle-vaccine
d10213,pneumococcal-polysaccharide-conjugate-vaccine
d10214,adsorbed-diphtheria-purified-pertussis-tetanus-inactivated-polio-combined-vaccine;-quattrovac
d10215,adsorbed-influenza-virus-vaccine
d10216,apaflurane
d10217,miripirium-chloride
d10218,enzalutamide
d10219,abediterol
d10220,abediterol-napadisylate
d10221,enobosarm
d10222,gemcitabine-elaidate
d10223,ibrutinib
d10224,golvatinib
d10225,sacubitril
d10226,sacubitril-valsartan-sodium-hydrate
d10227,turoctocog-alfa
d10228,amifampridine
d10229,masitinib
d10230,quifenadine
d10231,flutemetamol-f-18
d10232,cinnamon-twig
d10233,gentiana-macrophylla-root
d10234,agarwood
d10235,immature-citrus-unshiu-peel
d10236,melia-fruit
d10237,common-rush
d10238,coix-fruit-with-involucre
d10239,hop-strobile
d10240,aralia-root
d10241,boschniakia-herb
d10242,lipegfilgrastim
d10243,irbesartan-and-amlodipine-besilate
d10244,metformin-hydrochloride-and-rosiglitazone-maleate;-avandamet
d10245,"bismuth-subcitrate,-tetracycline-and-metronidazole;-helidac"
d10246,"omeprazole,-clarithromycin-and-amoxicillin;-omeclamox-pak"
d10247,chlordiazepoxide-hydrochloride-and-clidinium-bromide;-chlordiazepoxide-hydrochloride-and-clidinium-buromide
d10248,docusate-sodium-and-sennosides
d10249,irbesartan-and-hydrochlorothiazide;-avalide
d10250,buprenorphine-and-naloxone;-bunavail
d10251,glimepiride-and-rosiglitazone-maleate;-avandaryl
d10252,fexofenadine-hydrochloride-and-pseudoephedrine-hydrochloride;-allegra-d
d10253,alogliptin-benzoate-and-metformin-hydrochloride;-kazano
d10254,esflurbiprofen
d10255,anagrelide-hydrochloride-hydrate
d10256,albuterol-sulfate-and-ipratropium-bromide;-combivent
d10257,ezetimibe-and-simvastatin;-vytorin
d10258,simvastatin-and-sitagliptin-phosphate;-juvisync
d10259,"famotidine,-calcium-carbonate-and-magnesium-hydroxide;-pepcid-complete"
d10260,glucarpidase
d10261,metformin-hydrochloride-and-sitagliptin-phosphate;-janumet
d10262,saxagliptin-hydrochloride;-onglyza
d10263,metformin-hydrochloride-and-saxagliptin-hydrochloride;-kombiglyze
d10264,linagliptin-and-metformin-hydrochloride;-jentaduet
d10265,glipizide-and-metformin-hydrochloride;-metaglip
d10266,glyburide-and-metformin-hydrochloride;-glibenclamide-and-metformin-hydrochloride;-glucovance
d10267,methyldopa-and-hydrochlorothiazide;-methyldopa-and-hydrochlorothiazide
d10268,hydrochlorothiazide-and-lisinopril;-prinzide
d10269,hydrochlorothiazide-and-triamterene;-dyazide
d10270,spironolactone-and-hydrochlorothiazide;-aldactazide
d10271,amiloride-hydrochloride-and-hydrochlorothiazide;-amiloride-hydrochloride-and-hydrochlorothiazide
d10272,nadolol-and-bendroflumethiazide;-corzide
d10273,metoprolol-and-hydrochlorothiazide;-dutoprol
d10274,propranolol-hydrochloride-and-hydrochlorothiazide;-inderide
d10275,bisoprolol-fumarate-and-hydrochlorothiazide;-ziac
d10276,captopril-and-hydrochlorothiazide;-capozide
d10277,enalapril-maleate-and-hydrochlorothiazide;-vaseretic
d10278,quinapril-hydrochloride-and-hydrochlorothiazide;-accuretic
d10279,benazepril-hydrochloride-and-hydrochlorothiazide;-lotensin-hct
d10280,fosinopril-and-hydrochlorothiazide;-fosinopril-sodium-and-hydrochlorothiazide
d10281,moexipril-hydrochloride-and-hydrochlorothiazide;-uniretic
d10282,trandolapril-and-verapamil-hydrochloride;-tarka
d10283,eprosartan-mesylate-and-hydrochlorothiazide;-teveten-htc
d10284,olmesartan-medoxomil-and-hydrochlorothiazide;-benicar-hct
d10285,amlodipine-besylate-and-olmesartan-medoxomil;-azor
d10286,"amlodipine,-valsartan-and-hydrochlorothiazide;-exforge-hct"
d10287,aliskiren-hemifumarate-and-valsartan;-valturna
d10288,"olmesartan-medoxomil,-amlodipine-besylate-and-hydrochlorothiazide;-tribenzor"
d10289,aliskiren-hemifumarate-and-hydrochlorothiazide;-tekturna-hct
d10290,aliskiren-and-amlodipine;-aliskiren-and-amlodipine;-tekamulo
d10291,"aliskiren-hemifumarate,-amlodipine-besylate-and-hydrochlorothiazide;-amturnide"
d10292,niacin-and-lovastatin;-advicor
d10293,"carbidopa,-levodopa-and-entacapone;-stalevo"
d10294,perphenazine-and-amitriptyline-hydrochloride;-perphenazine-and-amitriptyline-hydrochloride
d10295,mometasone-furoate-and-formoterol-fumarate;-dulera
d10296,ciprofloxacin-hydrochloride-and-dexamethasone;-ciprodex
d10297,theophylline-and-dextrose;-theophylline-in-dextrose
d10298,brimonidine-tartrate-and-timolol-maleate;-combigan
d10299,nystatin-and-triamcinolone-acetonide;-nystatin-and-triamcinolone-acetonide
d10300,clotrimazole-and-betamethasone;-lotrisone
d10301,chlorhexidine-gluconate-and-alcohol;-prevantics
d10302,prednisolone-acetate-and-gentamicin;-pred-g
d10303,kanroin
d10304,aladorian
d10305,aladorian-sodium
d10306,avatrombopag
d10307,avatrombopag-maleate
d10308,baricitinib
d10309,brexpiprazole
d10310,balugrastim
d10311,blisibimod
d10312,clazakizumab
d10313,ertugliflozin
d10314,giminabant
d10315,momelotinib
d10316,nivolumab
d10317,omarigliptin
d10318,oprozomib
d10319,panobinostat
d10320,placulumab
d10321,quisinostat
d10322,quisinostat-hydrochloride
d10323,rilimogene-glafolivec
d10324,patidegib
d10325,patidegib-hydrochloride
d10326,setipiprant
d10327,tirasemtiv
d10328,vocimagene-amiretrorepvec
d10329,zicronapine
d10330,camicinal
d10331,ozanezumab
d10332,elubrixin
d10333,elosulfase-alfa
d10334,rebastinib
d10335,alirocumab
d10336,fasiglifam
d10337,fasinumab
d10338,lasmiditan
d10339,mafodotin
d10340,avibactam-sodium
d10341,vorsetuzumab-mafodotin
d10342,vorsetuzumab
d10343,delparantag
d10344,nelipepimut-s
d10345,filorexant
d10346,recilisib
d10347,ramatercept
d10348,emixustat
d10349,bevenopran
d10351,algenpantucel-l
d10352,dusigitumab
d10353,demcizumab
d10354,dupilumab
d10355,aripiprazole-cavoxil
d10356,inclacumab
d10357,doxylamine-succinate-and-pyridoxine-hydrochloride;-diclegis
d10358,momelotinib-dihydrochloride
d10359,migalastat
d10360,actoxumab
d10361,afoxolaner
d10362,evodenoson
d10363,emixustat-hydrochloride
d10364,aripiprazole-lauroxil
d10365,gandotinib
d10366,sofosbuvir
d10367,etirinotecan-pegol
d10368,entolimod
d10369,eravacycline
d10370,mavatrep
d10371,methylsamidorphan
d10372,palbociclib
d10373,palifosfamide-tromethamine
d10374,lifitegrast
d10375,naloxegol-oxalate
d10376,recilisib-sodium
d10377,sebelipase-alfa
d10378,vercirnon
d10379,vercirnon-sodium
d10380,surotomycin
d10381,afuresertib
d10382,afuresertib-hydrochloride
d10383,aldoxorubicin
d10384,aldoxorubicin-hydrochloride
d10385,ezetimibe-and-atorvastatin;-atozet
d10386,cindunistat
d10387,danirixin
d10388,deferitazole
d10389,deferitazole-magnesium
d10390,pidilizumab
d10391,telmapitant
d10392,lifitegrast-sodium
d10393,deldeprevir
d10394,deldeprevir-sodium
d10395,nesvacumab
d10396,nintedanib-esylate
d10397,rabusertib
d10398,radium-ra-223-dichloride
d10399,rebastinib-tosylate
d10400,tildrakizumab
d10401,trenonacog-alfa
d10402,fluralaner
d10403,eluxadoline
d10404,eldelumab
d10405,cobimetinib
d10406,dianexin
d10407,vatiquinone
d10408,vedroprevir
d10409,quilizumab
d10410,vantictumab
d10411,tovetumab
d10412,sisapronil
d10413,pevonedistat
d10414,brilacidin
d10415,brilacidin-tetrahydrochloride
d10416,belnacasan
d10417,birinapant
d10418,delparantag-pentahydrochloride
d10419,cindunistat-hydrochloride-maleate
d10420,elubrixin-tosylate
d10421,eravacycline-dihydrochloride
d10422,etirinotecan-pegol-tetrahydrochloride
d10423,ilorasertib
d10424,lasmiditan-succinate
d10425,lomibuvir
d10426,pimasertib
d10427,etirinotecan-pegol-tetratriflutate
d10428,tenofovir-alafenamide
d10429,tergenpumatucel-l
d10430,treprostinil-diolamine
d10431,ulodesine
d10432,ulodesine-succinate
d10433,vibegron
d10434,vintafolide
d10435,acorafloxacin
d10436,cebranopadol
d10437,galunisertib
d10438,guselkumab
d10439,imgatuzumab
d10440,lampalizumab
d10441,latanoprostene-bunod
d10442,ledipasvir
d10443,liafensine
d10444,lirilumab
d10445,lubabegron
d10446,margetuximab
d10447,pegbovigrastim
d10448,dried-wine-grape-leaf-extracts;-antistax
d10449,ibuprofen-and-scopolamine-butylbromide
d10450,alectinib-hydrochloride
d10451,olanexidine-gluconate
d10452,cabazitaxel-acetonate
d10453,bezlotoxumab
d10454,cantuzumab-ravtansine
d10455,pneumococcal-13-valent-conjugate-vaccine;-prevnar-13
d10456,delcasertib
d10457,delcasertib-acetate
d10458,ketotifen-fumarate-and-naphazoline-hydrochloride
d10459,empagliflozin
d10460,enoticumab
d10461,dienogest-and-estradiol-valerate;-natazia
d10462,faldaprevir-sodium
d10463,ripasudil-hydrochloride-hydrate
d10464,firtecan-pegol
d10465,golvatinib-tartrate
d10466,vonoprazan-fumarate
d10467,tipiracil-hydrochloride
d10468,cysteamine-bitartrate
d10469,simeprevir-sodium
d10470,strychnine-nitrate
d10471,idraparinux-sodium
d10472,imilecleucel-t
d10473,insulin-peglispro
d10474,iodine-povacrylex
d10475,ioforminol
d10476,lusutrombopag
d10477,mericitabine
d10478,naldemedine-tosylate
d10479,naloxegol
d10480,irbesartan-and-trichlormethiazide;-irtra
d10481,nintedanib
d10482,ocaratuzumab
d10483,peginterferon-beta-1a
d10484,pegnivacogin
d10485,pexastimogene-devacirepvec
d10486,pimasertib-hydrochloride
d10487,rivipansel
d10488,serelaxin
d10489,sodium-glycerophosphate
d10490,tafenoquine
d10491,technetium-tc-99m-etarfolatide
d10492,tildipirosin
d10493,trabodenoson
d10494,vesencumab
d10495,zicronapine-succinate
d10496,urea-c14
d10497,pasireotide-diaspartate;-signifor
d10498,choline-c-11;-choline-c-11
d10499,hoyokangoto
d10500,metformin-hydrochloride-and-repaglinide;-prandimet
d10501,fluticasone-furoate-and-vilanterol-trifenatate;-breo-ellipta
d10502,gemigliptin
d10503,ethacizine
d10504,meldonium
d10505,glycopyrronium-bromide-and-indacaterol-maleate;-ultibro
d10506,fluticasone-propionate-and-formoterol-fumarate-hydrate;-flutiform
d10507,cridanimod
d10508,mebicar
d10509,phenibut
d10510,sequifenadine
d10511,afamelanotide
d10512,brinzolamide-and-timolol-maleate;-azorga
d10513,clopidogrel-sulfate-and-aspirin;-clopidogrel-and-acetylsalicyclic-acid;-complavin
d10514,dacomitinib
d10515,zoledronic-acid-hemipentahydrate
d10516,aripiprazole-hydrate
d10517,crisantaspase
d10518,valaciclovir-hydrochloride-hydrate
d10519,"rabeprazole,-amoxicillin-and-clarithromycin;-rabecure"
d10520,"rabeprazole,-amoxicillin-and-metronidazole;-rabefine"
d10521,cistanche-herb
d10522,eftrenonacog-alfa
d10523,shinsentaitsuko
d10524,azilsartan-and-amlodipine-besilate;-zacras
d10525,valsartan-and-cilnidipine;-atedio
d10526,trifluridine-and-tipiracil-hydrochloride;-lonsurf
d10527,acetylsalicylic-acid-and-lansoprazole;-acetylsalicylic-acid-and-lansoprazole;-takelda
d10528,aldosterone
d10529,paraoxon
d10530,sodium-selenite
d10531,clindamycin-phosphate-hydrate
d10532,catridecacog
d10533,umeclidinium-bromide-and-vilanterol;-anoro
d10534,calcipotriene-and-betamethasone-dipropionate;-calcipotriol-and-betamethasone-dipropionate;-dovobet
d10535,"meningococcus-a,c,y,w-135,-tetravalent-purified-polysaccharides-antigen-conjugated;-menactra"
d10536,japanese-cedar-pollen-extract
d10537,methylthioninium-chloride-hydrate
d10538,nonacog-gamma
d10539,efraloctocog-alfa
d10540,abrilumab
d10541,aducanumab
d10542,alectinib
d10543,apitolisib
d10544,acorafloxacin-hydrochloride
d10545,batefenterol
d10546,batefenterol-succinate
d10547,brincidofovir
d10548,cabotegravir
d10549,cabotegravir-sodium
d10550,censavudine
d10551,ceritinib
d10552,dactolisib
d10553,dasabuvir
d10554,deleobuvir
d10555,duvelisib
d10556,fimasartan
d10557,evolocumab
d10558,umifenovir
d10559,dinutuximab
d10560,idelalisib
d10561,fabomotizole
d10562,macimorelin-acetate
d10563,macimorelin
d10564,amenamevir
d10565,pefcalcitol
d10566,pasireotide-pamoate
d10567,fasiglifam-hydrate
d10568,pitavastatin-calcium-hydrate
d10569,tafluprost-and-timolol-maleate;-tapcom
d10570,insulin-degludec
d10571,"rilpivirine-hydrochloride,-tenofovir-disoproxil-fumarate-and-emtricitabine;-complera"
d10572,fosnetupitant-and-palonosetron-hydrochloride;-netupitant-and-palonosetron-hydrochloride;-akynzeo
d10573,sodium-hyaluronate-crosslinked-polymer
d10574,pembrolizumab
d10575,finafloxacin
d10576,ombitasvir
d10577,ceftolozane-sulfate-and-tazobactam-sodium;-zerbaxa
d10578,ledipasvir-and-sofosbuvir;-harvoni
d10579,conjugated-estrogens-and-bazedoxifene-acetate;-oestrogens-conjugated-with-bazedoxifene-acetate;-duavee
d10580,paritaprevir
d10581,dasabuvir-sodium-hydrate;-dasabuvir-sodium-monohydrate;-exviera
d10582,"dasabuvir,-ombitasvir,-paritaprevir-and-ritonavir;-viekira-pak"
d10583,aftobetin
d10584,buparlisib
d10585,decernotinib
d10586,dapagliflozin-and-metformin;-xigduo-xr
d10587,canagliflozin-and-metformin;-invokamet
d10588,empagliflozin-and-linagliptin;-glyxambi
d10589,azilsartan-medoxomil-and-chlorthalidone;-edarbyclor
d10590,norgestimate-and-ethinyl-estradiol;-mononessa
d10591,clonidine-and-chlorthalidone;-clorpres
d10592,atenolol-and-chlorthalidone;-tenoretic
d10593,roxadustat
d10594,rovatirelin-hydrate
d10595,asfotase-alfa
d10596,pemetrexed-sodium-hemipentahydrate
d10597,paritaprevir-hydrate
d10598,ombitasvir-hydrate
d10599,ledipasvir-acetonate
d10600,"dolutegravir,-abacavir-and-lamivudine;-triumeq"
d10601,pneumococcal-10-valent-conjugate-vaccine;-synflorix
d10602,clindamycin-phosphate-and-benzoyl-peroxide;-duac
d10603,mite-allergen-extract
d10604,binimetinib
d10605,tenofovir-alafenamide-fumarate
d10606,raloxifene-hydrochloride-hydrate
d10607,aftobetin-hydrochloride
d10609,buparlisib-hydrochloride
d10610,beclabuvir
d10611,beclabuvir-hydrochloride
d10612,benzhydrocodone
d10613,bradanicline
d10614,briciclib
d10615,cobimetinib-fumarate
d10616,dactolisib-tosylate
d10617,dagrocorat
d10618,defactinib
d10619,defactinib-hydrochloride
d10620,bimagrumab
d10621,bococizumab
d10622,deleobuvir-sodium
d10623,dianhydrogalactitol
d10624,doravirine
d10625,elbasvir
d10626,encenicline
d10627,esketamine-hydrochloride
d10628,esuberaprost
d10629,etiguanfacine
d10630,fedratinib
d10631,fevipiprant
d10632,filociclovir
d10633,finerenone
d10634,fosdagrocorat
d10635,gedatolisib
d10636,glasdegib
d10637,glyceryl-tristearate
d10638,grapiprant
d10639,grazoprevir
d10640,indoximod
d10641,ipatasertib
d10642,irinotecan-sucrosofate
d10643,isavuconazonium-sulfate
d10644,isavuconazonium
d10645,lubabegron-fumarate
d10646,luminespib
d10647,luminespib-mesylate
d10648,methylsamidorphan-chloride
d10649,muparfostat
d10650,muparfostat-sodium
d10651,orilotimod
d10652,palbociclib-isethionate
d10653,peficitinib
d10654,pevonedistat-hydrochloride
d10655,plazomicin-sulfate
d10656,polmacoxib
d10657,pradigastat-sodium
d10658,ralimetinib
d10659,ralimetinib-mesylate
d10660,relamorelin
d10661,ricolinostat
d10662,rimegepant
d10663,rimegepant-sulfate
d10664,pradigastat
d10665,samatasvir
d10666,sarecycline
d10667,sarecycline-hydrochloride
d10668,sarolaner
d10669,sotagliflozin
d10670,tafenoquine-succinate
d10671,taladegib
d10672,tilapertin
d10673,ubrogepant
d10674,uprosertib
d10675,valbenazine
d10676,etelcalcetide
d10677,etelcalcetide-hydrochloride
d10678,veledimex
d10679,venetoclax
d10680,vepoloxamer
d10681,butyl-stearate
d10682,diethyl-sebacate
d10683,technetium-tc99m-trofolastat-chloride
d10684,antithrombin-gamma
d10685,lumacaftor-and-ivacaftor;-orkambi
d10686,momfluorothrin
d10687,abametapir
d10688,abemaciclib
d10689,amifampridine-phosphate
d10690,axelopran-sulfate
d10691,bempedoic-acid
d10692,benzhydrocodone-hydrochloride
d10693,bradanicline-hydrochloride
d10694,briciclib-sodium
d10695,butylene-glycol
d10696,capmatinib
d10697,centanafadine
d10698,centanafadine-hydrochloride
d10699,cholic-acid
d10700,dasotraline
d10701,deutetrabenazine
d10702,encenicline-hydrochloride
d10703,esuberaprost-sodium
d10704,evofosfamide
d10705,ferric-citrate
d10706,flutafuranol-f-18
d10707,fostemsavir
d10708,fostemsavir-tromethamine
d10709,gilteritinib
d10710,idalopirdine
d10711,pemafibrate
d10712,lanopepden
d10713,lanopepden-mesylate
d10714,lauric-acid
d10715,mipsagargin
d10716,motolimod
d10717,napabucasin
d10718,omipalisib
d10719,onalespib
d10720,orilotimod-potassium
d10721,peficitinib-hydrobromide
d10722,pretomanid
d10723,rabacfosadine
d10724,rabacfosadine-succinate
d10725,ralinepag
d10726,relebactam
d10727,sodium-zirconium-cyclosilicate
d10728,solcitinib
d10729,sonidegib-phosphate
d10730,spebrutinib
d10731,spebrutinib-besylate
d10732,talazoparib
d10733,talazoparib-tosylate
d10734,temsavir
d10735,toreforant
d10736,toreforant-tartrate
d10737,verosudil
d10738,verosudil-hydrochloride
d10739,verubecestat
d10740,axelopran
d10741,idarucizumab
d10742,rolapitant
d10743,vildagliptin-and-metformin-hydrochloride
d10744,tiotropium-and-olodaterol;-spiolto
d10745,"ombitasvir,-paritaprevir-and-ritonavir;-technivie"
d10746,esflurbiprofen-and-mentha-oil;-loqoa
d10747,idalopirdine-hydrochloride
d10748,chaste-berry-extract
d10749,pitolisant
d10750,isavuconazole
d10751,naltrexone-and-bupropion;-contrave
d10752,empagliflozin-and-metformin;-synjardy
d10753,atazanavir-and-cobicistat;-evotaz
d10754,lamivudine-and-raltegravir;-lamivudine-and-raltegravir-potassium;-dutrebis
d10755,"elvitegravir,-cobicistat,-emtricitabine-and-tenofovir-alafenamide;-genvoya"
d10756,"elvitegravir,-cobicistat,-emtricitabine-and-tenofovir-disoproxil;-stribild"
d10757,nonacog-beta-pegol
d10758,turoctocog-alfa-pegol
d10759,damoctocog-alfa-pegol
d10760,rurioctocog-alfa-pegol
d10761,polatuzumab-vedotin
d10762,fosravuconazole-l-lysine-ethanolate
d10763,quercus-salicina-leaf
d10764,allium-chinense-bulb
d10765,panax-notoginseng-root
d10766,osimertinib-mesylate
d10767,alpinia-katumadai-seed
d10768,bamboo-leaf
d10769,melilot
d10770,albutrepenonacog-alfa
d10771,octocog-beta
d10772,lascufloxacin-hydrochloride
d10773,atezolizumab
d10774,"vonoprazan,-amoxicillin-and-metronidazole;-vonopion"
d10775,"vonoprazan,-amoxicillin-and-clarithromycin;-vonosap"
d10776,obiltoxaximab
d10777,daratumumab
d10778,elbasvir-and-grazoprevir;-zepatier
d10779,ceftazidime-and-avibactam;-avycaz
d10780,perampanel-hydrate
d10781,deoxycholic-acid
d10782,hedysarum-root
d10783,zanthoxylum-peel
d10784,bamboo-sap
d10785,dried-egg-yoak-powder
d10786,plum-bark
d10787,daunorubicin-citrate;-daunoxome
d10788,maxacalcitol-and-betamethasone-butyrate-propionate;-marduox
d10789,encenicline-hydrochloride-hydrate
d10790,mirogabalin-besylate
d10791,nusinersen-sodium
d10792,adapalene-and-benzoyl-peroxide;-epiduo
d10793,"sodium-picosulfate-hydrate,-magnesium-oxide-and-citric-acid,-anhydrous;-picoprep"
d10794,patisiran-sodium
d10795,elobixibat-hydrate
d10796,elobixibat
d10797,copanlisib-hydrochloride
d10798,copanlisib-hydrochloride-hydrate
d10799,brilliant-blue-g
d10800,gilteritinib-fumarate
d10801,letermovir
d10802,calcium-carbonate
d10803,plevitrexed
d10804,carteolol-and-latanoprost;-mikeluna
d10805,"telmisartan,-amlodipine-and-hydrochlorothiazide;-micatrio"
d10806,velpatasvir
d10807,pradimotide
d10808,durvalumab
d10809,guadecitabine-sodium
d10810,latromotide
d10811,fentanyl-hydrochloride
d10812,nalmefene-hydrochloride-hydrate
d10813,cerliponase-alfa
d10814,glecaprevir
d10815,glecaprevir-hydrate
d10816,pibrentasvir
d10817,avelumab
d10818,lonoctocog-alfa
d10819,aflibercept-beta
d10820,olipudase-alfa
d10821,emicizumab
d10822,ciprofloxacin-hydrate
d10823,clopidogrel-hydrochloride;-clopidogrel
d10824,clopidogrel-besilate;-clopidogrel-besylate;-clopidogrel
d10825,opicapone
d10826,saxagliptin-and-dapagliflozin;-qtern
d10827,sofosbuvir-and-velpatasvir;-epclusa
d10828,lutetium
d10829,rasagiline-tartrate;-rasagiline
d10830,efmoroctocog-alfa
d10831,susoctocog-alfa
d10832,darunavir-and-cobicistat;-prezcobix
d10833,ferric-maltol
d10834,tenofovir-disoproxil-phosphate
d10835,emtricitabine-and-tenofovir-alafenamide;-descovy
d10836,"emtricitabine,-rilpivirine-and-tenofovir-alafenamide;-odefsey"
d10837,phenylephrine-and-ketorolac;-omidria
d10838,"abacavir,-lamivudine-and-zidovudine;-trizivir"
d10839,norelgestromin-and-ethinyl-estradiol;-evra
d10840,bimatoprost-and-timolol;-ganfort
d10841,alendronic-acid-and-colecalciferol;-adrovance
d10842,simoctocog-alfa
d10843,alipogene-tiparvovec
d10844,besilesomab
d10845,conestat-alfa
d10846,epoetin-theta
d10847,epoetin-zeta
d10848,follitropin-alfa-and-lutropin-alfa;-pergoveris
d10850,desloratadine-and-pseudoephedrine-sulfate;-clarinex-d
d10851,"efavirenz,-emtricitabine-and-tenofovir-disoproxil;-atripla"
d10852,tiazotic-acid
d10853,desfesoterodine
d10854,brinzolamide-and-brimonidine-tartrate;-simbrinza
d10855,fenofibrate-and-pravastatin;-pravafenix
d10856,nomegestrol-acetate-and-estradiol;-zoely
d10857,fenofibrate-and-simvastatin;-cholib
d10858,rociletinib
d10859,olmutinib
d10860,fluciclovine-f-18
d10861,adomeglivant
d10862,altiratinib
d10863,basmisanil
d10864,basimglurant
d10865,bexagliflozin
d10866,brigatinib
d10867,copanlisib
d10868,ciraparantag
d10869,ciraparantag-acetate
d10870,dasotraline-hydrochloride
d10871,filgotinib
d10872,filgotinib-hydrochloride
d10873,crisaborole
d10874,daprodustat
d10875,decoglurant
d10876,enclomiphene-citrate
d10877,guadecitabine
d10878,gepotidacin
d10879,gepotidacin-mesylate
d10880,fonadelpar
d10881,nusinersen
d10882,"daclatasvir,-asunaprevir-and-beclabuvir;-ximency"
d10883,ribociclib
d10884,"human-prothrombin-complex,-freeze-dried-concentrated"
d10885,abaloparatide
d10886,naquotinib-mesylate
d10887,vistusertib
d10888,relugolix
d10889,momelotinib-hydrochloride-hydrate
d10890,difelikefalin-acetate
d10891,capmatinib-hydrochloride
d10892,esaxerenone
d10893,acalabrutinib
d10894,valtorcitabine
d10895,fosaprepitant
d10896,pomaglumetad-methionil
d10897,teneligliptin-and-canagliflozin;-teneligliptin-and-canagliflozin;-canalia
d10898,neratinib-maleate;-nerlynx
d10899,voxilaprevir
d10900,"sofosbuvir,-velpatasvir-and-voxilaprevir;-vosevi"
d10901,enasidenib
d10902,afasevikumab
d10903,amcasertib
d10904,amiselimod-hydrochloride
d10905,amiselimod
d10906,atelocantel
d10907,baliforsen
d10908,baltaleucel-t
d10909,bictegravir
d10910,bictegravir-sodium
d10911,birabresib
d10912,brazikumab
d10913,burosumab
d10914,calcium-succinate
d10915,cannabidiol
d10916,cavosonstat
d10917,cergutuzumab-amunaleukin
d10918,citarinostat
d10919,cosfroviximab
d10920,dapansutrile
d10921,daxibotulinumtoxin-a
d10922,dexisometheptene
d10923,dexisometheptene-mucate
d10924,dezapelisib
d10925,elamipretide
d10926,entrectinib
d10927,erdafitinib
d10928,erenumab
d10929,ethylparaben-sodium
d10930,etrasimod
d10931,etrasimod-arginine
d10932,etripamil
d10933,ferric-pyrophosphate-citrate
d10934,fosmetpantotenate
d10935,frunevetmab
d10936,galcanezumab
d10937,galinpepimut-s
d10938,glycopyrronium
d10939,glycopyrronium-tosylate
d10940,inotersen
d10941,inotersen-sodium
d10942,intepirdine
d10943,istiratumab
d10944,itacitinib
d10945,itacitinib-adipate
d10946,lanabecestat
d10947,lanabecestat-camsylate
d10948,larcaviximab
d10949,letibotulinumtoxin-a
d10950,levoketoconazole
d10951,maralixibat
d10952,maralixibat-chloride
d10953,mirvetuximab
d10954,mirvetuximab-soravtansine
d10955,mongersen-sodium
d10956,mongersen
d10957,murepavadin
d10958,naquotinib
d10959,neflamapimod
d10960,nirogacestat
d10961,nivobotulinumtoxin-a
d10962,ofranergene-obadenovec
d10963,oleclumab
d10964,omaveloxolone
d10965,omidenepag
d10966,omidenepag-isopropyl
d10967,ozanimod-hydrochloride
d10968,ozanimod
d10969,pamrevlumab
d10970,pegapamodutide
d10971,piclidenoson
d10972,plozalizumab
d10973,padeliporfin
d10974,porgaviximab
d10975,ranevetmab
d10976,recanaclotide
d10977,remetinostat
d10978,revefenacin
d10979,ribociclib-succinate
d10980,rosomidnar
d10981,rovalpituzumab-tesirine
d10982,rucaparib-camsylate
d10983,ruclosporin
d10984,sacituzumab
d10985,sacituzumab-govitecan
d10986,segesterone-acetate
d10987,segesterone
d10988,selonsertib
d10989,sofpironium-bromide
d10990,somatrogon
d10991,suptavumab
d10992,talinexomer
d10993,tucidinostat
d10994,upadacitinib
d10995,upadacitinib-tartrate
d10996,uprifosbuvir
d10997,utomilumab
d10998,vaborbactam
d10999,valbenazine-tosylate
d11000,vamorolone
d11001,vandortuzumab
d11002,vandortuzumab-vedotin
d11003,vesatolimod
d11004,vestronidase-alfa
d11005,vobarilizumab
d11006,volixibat-potassium
d11007,volixibat
d11008,voretigene-neparvovec
d11009,indacaterol-acetate
d11010,micafungin-sodium-hydrate
d11011,alpelisib
d11012,lorlatinib
d11013,cefiderocol-sulfate-tosylate
d11014,glecaprevir-and-pibrentasvir;-mavyret
d11015,meropenem-and-vaborbactam;-vabomere
d11016,aceneuramic-acid
d11017,elapegademase
d11018,depatuxizumab
d11019,depatuxizumab-mafodotin
d11020,diclofenac-etalhyaluronate-sodium
d11021,baloxavir-marboxil
d11022,lemborexant
d11023,evogliptin
d11024,velmanase-alfa
d11025,idursulfase-beta
d11026,pegteograstim
d11027,ropeginterferon-alfa-2b
d11028,cenegermin
d11029,andexanet-alfa
d11030,netarsudil
d11031,netarsudil-mesylate
d11032,plitidepsin
d11033,lutetium
d11034,insulin-glargine-and-lixisenatide;-insulin-glargine
d11035,"fluticasone-furoate,-umeclidinium-bromide-and-vilanterol;-trelegy-ellipta"
d11036,glycopyrrolate-and-formoterol;-bevespi
d11037,patiromer-sorbitex-calcium
d11038,ulixertinib
d11039,"bictegravir,-emtricitabine-and-tenofovir-alafenamide;-biktarvy"
d11040,apalutamide
d11041,tezacaftor
d11042,tezacaftor-and-ivacaftor;-symdeko
d11043,ertugliflozin-pidolate;-ertugliflozin-l-pyroglutamic-acid;-steglatro
d11044,enasidenib-mesylate
d11045,darolutamide
d11046,delgocitinib
d11047,domagrozumab
d11048,upadacitinib-hydrate
d11049,epacadostat
d11050,isatuximab
d11051,vericiguat
d11052,risankizumab
d11053,encorafenib
d11054,ravulizumab
d11055,fremanezumab
d11056,mirtazapine-hydrate
d11057,adegrapepimut-s
d11058,adegramotide-acetate
d11059,elatipepimut-s
d11060,nelatimotide-trifluoroacetate
d11061,osilodrostat
d11062,osilodrostat-phosphate
d11063,evocalcet
d11064,sitagliptin-and-ipragliflozin;-sujanu
d11065,fosnetupitant
d11066,ertugliflozin-and-sitagliptin;-steglujan
d11067,ertugliflozin-and-metformin;-segluromet
d11068,letrozole-and-ribociclib;-kisqali-femara
d11069,amlodipine-and-benazepril;-amlobenz
d11070,tirabrutinib-hydrochloride
d11071,dotinurad
d11072,siponimod-fumarate
d11073,tepotinib-hydrochloride
d11074,ipatasertib-hydrochloride
d11075,chlorpheniramine-and-hydrocodone;-tussicaps
d11076,homatropine-meylbromide-and-hydrocodone;-tussigon
d11077,pegvaliase
d11078,vadadustat
d11079,satralizumab
d11080,nemolizumab
d11081,febuxostat-hydrate
d11082,anifrolumab
d11083,brolucizumab
d11084,clindamycin-phosphate-and-tretinoin;-veltin
d11085,trimethoprim-hydrochloride;-primsol
d11086,polymyxin-b-and-trimethoprim;-polytrim
d11087,hydrocodone-and-guaifenesin;-flowtuss
d11088,"chlorpheniramine-maleate,-hydrocodone-bitartrate-and-pseudoephedrine;-zutripro"
d11089,ciprofloxacin-hydrochloride-and-fluocinolone-acetonide;-otovel
d11090,ivosidenib
d11091,diclofenac-sodium-and-misoprostol;-arthrotec
d11092,pitavastatin-magnesium;-zypitamag
d11093,avacopan
d11094,lanadelumab
d11095,atorvastatin-calcium-propylene-glycol-solvate
d11096,neomycin-and-polymyxin-b-sulfate
d11097,polymyxin-b-sulfate-and-bacitracin-zinc;-polycin
d11098,telenzepine-hydrochloride-hydrate
d11099,nebracetam-fumarate
d11100,sepimostat-mesilate
d11101,danofloxacin-mesilate-hydrate
d11102,tamolarizine-hydrochloride
d11103,batebulast-hydrochloride
d11104,vinconate-hydrochloride
d11105,osaterone-acetate
d11106,filgotinib-maleate
d11107,glasdegib-maleate
d11108,cemiplimab
d11109,anagliptin-and-metformin-hydrochloride
d11110,cergutuzumab
d11111,difelikefalin
d11112,ingenol-disoxate
d11113,levothyroxine-sodium
d11114,esomeprazole-magnesium-dihydrate
d11115,olmutinib-hydrochloride
d11116,patisiran
d11117,rovalpituzumab
d11118,cofetuzumab-pelidotin
d11119,cofetuzumab
d11120,emapalumab
d11121,gimsilumab
d11122,letolizumab
d11123,mirikizumab
d11124,suvratoxumab
d11125,modotuximab
d11126,navicixizumab
d11127,tibulizumab
d11128,namodenoson
d11129,verinurad
d11130,trilaciclib
d11131,apabetalone
d11132,avadomide
d11133,avadomide-hydrochloride
d11134,iberdomide
d11135,iberdomide-hydrochloride
d11136,glesatinib
d11137,larotrectinib
d11138,larotrectinib-sulfate
d11139,savolitinib
d11140,sitravatinib
d11141,tucatinib
d11142,angiotensin-ii-acetate
d11143,adimlecleucel
d11144,axicabtagene-ciloleucel
d11145,rivogenlecleucel
d11146,tabelecleucel
d11147,azeliragon
d11148,berzosertib
d11149,brexanolone
d11150,cenobamate
d11151,crenigacestat
d11152,deudextromethorphan
d11153,deudextromethorphan-hydrobromide
d11154,diroximel-fumarate
d11155,eleclazine
d11156,funapide
d11157,landipirdine
d11158,leniolisib
d11159,leniolisib-phosphate
d11160,caplacizumab
d11161,atesidorsen
d11162,atesidorsen-sodium
d11163,cobomarsen
d11164,cobomarsen-sodium
d11165,prexigebersen
d11166,temavirsen
d11167,temavirsen-sodium
d11168,biropepimut-s
d11169,lumateperone
d11170,lumateperone-tosylate
d11171,mardepodect
d11172,midomafetamine
d11173,"freeze-dried-botulisum-antitoxin,-type-e"
d11174,"macrogol-4000,-sodium-chloride,-sodium-bicarbonate-and-potassium-chloride;-movicol"
d11175,lesinurad-and-allopurinol;-duzallo
d11176,oxycodone-hydrochloride-and-aspirin;-percodan
d11177,"dexamethasone,-neomycin-sulfate-and-polymyxin-b-sulfate;-dexasporin"
d11178,tobramycin-and-dexamethasone;-tobradex
d11179,vixotrigine
d11180,vixotrigine-hydrochloride
d11181,vilaprisan
d11182,tinostamustine
d11183,sapanisertib
d11184,ralaniten
d11185,ralaniten-acetate
d11186,olumacostat-glasaretil
d11187,dociparstat-sodium
d11188,eflapegrastim
d11189,efizonerimod-alfa
d11190,vosoritide
d11191,tigilanol-tiglate
d11192,veldoreotide
d11193,somavaratan
d11194,somapacitan
d11195,rimiducid
d11196,ribaxamase
d11197,rezafungin
d11198,rezafungin-acetate
d11199,lesinidase-alfa
d11200,pegilodecakin
d11201,pegvorhyaluronidase-alfa
d11202,pelidotin
d11203,mirogabalin
d11204,octreotide-hydrochloride
d11205,adagloxad-simolenin
d11206,prexasertib
d11207,cadazolid
d11208,elafibranor
d11209,entospletinib
d11210,flortaucipir-f-18
d11211,icosabutate
d11212,lotilaner
d11213,olesoxime
d11214,oliceridine
d11215,ponesimod
d11216,presatovir
d11217,ruzasvir
d11218,cibinetide
d11219,idasanutlin
d11220,relenopride
d11221,relenopride-hydrochloride
d11222,selinexor
d11223,verdinexor
d11224,sembragiline
d11225,trifarotene
d11226,tavilermide
d11227,tavilermide-hydrochloride
d11228,soravtansine
d11229,brontictuzumab
d11230,crotedumab
d11231,denintuzumab
d11232,denintuzumab-mafodotin
d11233,dolcanatide
d11234,emactuzumab
d11235,landogrozumab
d11236,lenzilumab
d11237,lifastuzumab
d11238,lifastuzumab-vedotin
d11239,lumretuzumab
d11240,sofituzumab
d11241,sofituzumab-vedotin
d11242,trevogrumab
d11243,ublituximab
d11244,vanucizumab
d11245,balipodect
d11246,dapivirine
d11247,fexapotide
d11248,fexapotide-triflutate
d11249,enisamium-iodide
d11250,pentanedioic-acid-imidazolyl-ethanamide
d11251,icotinib
d11252,fexinidazole
d11253,bermekimab
d11254,fluorocholine-f-18
d11255,navoximod
d11256,seladelpar
d11257,seladelpar-lysine
d11258,roluperidone
d11259,roluperidone-hydrochloride
d11260,carotuximab
d11261,marstacimab
d11262,andecaliximab
d11263,telacebec
d11264,brilanestrant
d11265,taldefgrobep-alfa
d11266,diclofenac-etalhyaluronate
d11267,nemiralisib
d11268,vonlerolizumab
d11269,seltorexant
d11270,pexidartinib
d11271,pexidartinib-hydrochloride
d11272,borofalan
d11273,molidustat-sodium
d11274,praliciguat
d11275,rosiptor
d11276,rosiptor-acetate
d11277,tozuleristide
d11278,baloxavir
d11279,avapritinib
d11280,bivalirudin-trifluoroacetate
d11281,reltecimod
d11282,dolutegravir-sodium-and-rilpivirine-hydrochloride;-juluca
d11283,cenerimod
d11284,gancotamab
d11285,ravoxertinib
d11286,brivoligide-sodium
d11287,pimodivir
d11288,rivoceranib
d11289,rivoceranib-mesylate
d11290,articaine-hydrochloride-and-epinephrine;-orabloc
d11291,asalhydromorphone
d11292,asalhydromorphone-hydrochloride
d11293,gosuranemab
d11294,vadastuximab
d11295,vadastuximab-talirine
d11296,fedratinib-hydrochloride
d11297,contezolid
d11298,contezolid-acefosamil
d11299,apimostinel
d11300,nevanimibe
d11301,tavolimab
d11302,cefiderocol
d11303,eptinezumab
d11304,cotadutide
d11305,lotamilast
d11306,flotetuzumab
d11307,telisotuzumab
d11308,abivertinib
d11309,reproxalap
d11310,uproleselan-sodium
d11311,nevanimibe-hydrochloride
d11312,lenabasum
d11313,atogepant
d11314,difamilast
d11315,solriamfetol
d11316,lumicitabine
d11317,rodatristat
d11318,rodatristat-ethyl
d11319,fimepinostat
d11320,vatinoxan
d11321,vatinoxan-hydrochloride
d11322,umbralisib
d11323,umbralisib-tosylate
d11324,camidanlumab
d11325,camidanlumab-tesirine
d11326,molibresib
d11327,rovazolac
d11328,solriamfetol-hydrochloride
d11329,nacubactam
d11330,voxelotor
d11331,olendalizumab
d11332,uproleselan
d11333,loncastuximab
d11334,afamelanotide-acetate
d11335,tepilamide-fumarate
d11336,relacorilant
d11337,glepaglutide
d11338,loncastuximab-tesirine
d11339,valziflocept
d11340,rislenemdaz
d11341,brivoligide
d11342,dorzagliatin
d11343,otilimab
d11344,telisotuzumab-vedotin
d11345,pavinetant
d11346,ensartinib
d11347,molibresib-besylate
d11348,reltecimod-sodium
d11349,gefapixant
d11350,relatlimab
d11351,opigolix
d11352,pemetrexed-tromethamine
d11353,ripretinib
d11354,nemiralisib-succinate
d11355,elezanumab
d11356,ensartinib-hydrochloride
d11357,bleselumab
d11358,tagraxofusp
d11359,dasiglucagon
d11360,tirzepatide
d11361,adavosertib
d11362,abivertinib-maleate
d11363,reldesemtiv
d11364,adafosbuvir
d11365,tapinarof
d11366,dostarlimab
d11367,pimodivir-hydrochloride
d11368,mavelertinib
d11369,rosmantuzumab
d11370,fosnetupitant-chloride-hydrochloride
d11371,capivasertib
d11372,duvortuxizumab
d11373,birtamimab
d11374,arimoclomol
d11375,trastuzumab-duocarmazine
d11376,petesicatib
d11377,cobolimab
d11378,edicotinib
d11379,edicotinib-hydrochloride
d11380,nirsevimab
d11381,gedivumab
d11382,"darunavir,-cobicistat,-emtricitabine-and-tenofovir-alafenamide;-symtuza"
d11383,blarcamesine
d11384,hydromethylthionine-mesylate
d11385,inarigivir-soproxil
d11386,tisagenlecleucel-t
d11387,memantine-and-donepezil;-namzaric
d11388,nebivolol-and-valsartan;-byvalson
d11389,dutasteride-and-tamsulosin;-jalyn
d11390,daunorubicin-and-cytarabine;-vyxeos
d11391,tenofovir-disoproxil-maleate
d11392,"efavirenz,-lamivudine-and-tenofovir-disoproxil-fumarate;-symfi"
d11393,rituximab-and-hyaluronidase;-rituxan-hycela
d11394,sodium-levofolinate;-levoleucovorin-disodium;-khapzory
d11395,lamivudine-and-tenofovir-disoproxil;-cimduo
d11396,"doravirine,-lamivudine-and-tenofovir-disoproxil;-delstrigo"
d11397,darvadstrocel
d11398,frovocimab
d11399,leronlimab
d11400,abrocitinib
d11401,serdexmethylphenidate-chloride
d11402,olacaftor
d11403,asciminib
d11404,asciminib-hydrochloride
d11405,prabotulinumtoxin-a
d11406,risdiplam
d11407,cimlanod
d11408,mitapivat-sulfate
d11409,miransertib
d11410,lifirafenib
d11411,lifirafenib-maleate
d11412,linrodostat
d11413,linrodostat-mesylate
d11414,troriluzole
d11415,troriluzole-hydrochloride
d11416,naxitamab
d11417,pemigatinib
d11418,avexitide
d11419,avexitide-acetate
d11420,prasinezumab
d11421,tebipenem-pivoxil-hydrobromide
d11422,zanubrutinib
d11423,deutivacaftor
d11424,oxycodegol
d11425,oxycodegol-phosphate
d11426,pamiparib
d11427,hydromethylthionine
d11428,vecabrutinib
d11429,olorinab
d11430,nazartinib
d11431,tavapadon
d11432,islatravir
d11433,vopratelimab
d11434,nazartinib-mesylate
d11435,nimacimab
d11436,risuteganib
d11437,parsaclisib
d11438,bemcentinib
d11439,lucerastat
d11440,bimiralisib
d11441,aprocitentan
d11442,nanatinostat
d11443,garetosmab
d11444,tazemetostat
d11445,vofatamab
d11446,esuberaprost-potassium
d11447,arfolitixorin
d11448,elismetrep
d11449,etokimab
d11450,maftivimab
d11451,clascoterone
d11452,tomivosertib
d11453,nirogacestat-hydrobromide
d11454,repotrectinib
d11455,lerociclib
d11456,atabecestat
d11457,fenebrutinib
d11458,onvansertib
d11459,onvansertib-fumarate
d11460,siponimod
d11461,derazantinib-hydrochloride
d11462,exebacase
d11463,mosunetuzumab
d11464,miridesap
d11465,triheptanoin
d11466,gremubamab
d11467,cinpanemab
d11468,atoltivimab
d11469,pepinemab
d11470,imlifidase
d11471,dezamizumab
d11472,remdesivir
d11473,nomacopan
d11474,onvatilimab
d11475,olinciguat
d11476,balovaptan
d11477,pozelimab
d11478,branebrutinib
d11479,mivebresib
d11480,crizanlizumab
d11481,tomivosertib-hydrochloride
d11482,tiragolumab
d11483,lesofavumab
d11484,pegcantratinib
d11485,tazemetostat-hydrobromide
d11486,lonapegsomatropin
d11487,tislelizumab
d11488,cetrelimab
d11489,cibisatamab
d11490,pitolisant-hydrochloride
d11491,selicrelumab
d11492,monomethyl-fumarate
d11493,arimoclomol-citrate
d11494,lisavanbulin
d11495,belapectin
d11496,obexelimab
d11497,flubrobenguane-f18
d11498,quetmolimab
d11499,eltanexor
d11500,donanemab
d11501,samotolisib
d11502,vecabrutinib-succinate
d11503,tomaralimab
d11504,tilsotolimod
d11505,tilsotolimod-sodium
d11506,parsaclisib-hydrochloride
d11507,elexacaftor
d11508,miransertib-mesylate
d11509,elenbecestat
d11510,mavorixafor
d11511,duocarmazine
d11512,pegbelfermin
d11513,estetrol
d11514,estetrol
d11515,omburtamab
d11516,faricimab
d11517,abicipar-pegol
d11518,potassium-copper-chlorophyllin
d11519,sodium-pantothenate
d11520,ezetimibe-and-rosuvastatin;-roszet
d11521,"lamivudine,-nevirapine-and-zidovudine"
d11522,dolutegravir-and-lamivudine;-dovato
d11523,enarodustat
d11524,enfortumab
d11525,enfortumab-vedotin
d11526,broflanilide
d11527,zolbetuximab
d11528,viltolarsen
d11529,trastuzumab-deruxtecan
d11530,sutimlimab
d11531,narsoplimab
d11532,lodapolimab
d11533,zagotenemab
d11534,odronextamab
d11535,bamocaftor
d11536,bamocaftor-potassium
d11537,brepocitinib
d11538,brepocitinib-tosylate
d11539,linerixibat
d11540,razuprotafib
d11541,sitravatinib-malate
d11542,elamipretide-hydrochloride
d11543,technetium-tc99m-tilmanocept
d11544,ibrexafungerp
d11545,ibrexafungerp-citrate
d11546,amylopectin
d11547,ciforadenant
d11548,tropifexor
d11549,blarcamesine-hydrochloride
d11550,bimekizumab
d11551,valemetostat
d11552,"polyethylene-glycol-3350,-sodium-sulfate,-sodium-chloride,-potassium-chloride,-sodium-ascorbate-and-ascorbic-acid;-moviprep"
d11553,lidocaine-and-tetracaine;-pliaglis
d11554,oxymetazoline-and-tetracaine;-kovanaze
d11555,calcium-levofolinate-hydrate
d11556,idecabtagene-vicleucel
d11557,tecovirimat-monohydrate;-tpoxx
d11558,netarsudil-and-latanoprost;-rocklatan
d11559,onasemnogene-abeparvovec
d11560,trastuzumab-and-hyaluronidase;-trastuzumab-and-hyaluronidase-oysk;-herceptin-hylecta
d11561,butalbital-and-acetaminophen;-allzital
d11562,freeze-dried-recombinant-herpes-zoster-vaccine
d11563,abaloparatide-acetate
d11564,upacicalcet-sodium-hydrate
d11565,grazoprevir
d11566,lorcaserin-hydrochloride-hemihydrate;-belviq
d11567,insulin-degludec-and-liraglutide;-xultophy
d11568,edoxaban-tosylate
d11569,bupivacaine-and-epinephrine;-vivacaine
d11570,risedronate-sodium-monohydrate
d11571,cefdinir-monohydrate;-cefdinir
d11572,beclomethasone-dipropionate-monohydrate;-beconase-aq
d11573,oxycodone-and-ibuprofen
d11574,probenecid-and-colchicine;-col-probenecid
d11575,ibuprofen-and-famotidine;-duexis
d11576,naproxen-and-esomeprazole-magnesium;-vimovo
d11577,sumatriptan-and-naproxen-sodium;-treximet
d11578,rifampin-and-isoniazid
d11579,fenofibric-acid;-fibricor
d11580,perindopril-arginine
d11581,perindopril-and-amlodipine;-prestalia
d11582,ciprofloxacin-hydrochloride-and-hydrocortisone;-cipro-hc
d11583,difenoxin-hydrochloride
d11584,"budesonide,-glycopyrronium-bromide-and-formoterol-fumarate;-budesonide,-glycopyrrolate-and-formoterol-fumarate;-breztri"
d11585,terazosin-hydrochloride-anhydrous
d11586,carisoprodol-and-aspirin
d11587,"carisoprodol,-aspirin-and-codeine-phosphate"
d11588,lorecivivint
d11589,infigratinib
d11590,soticlestat
d11591,durlobactam
d11592,durlobactam-sodium
d11593,etigilimab
d11594,belantamab
d11595,belantamab-mafodotin
d11596,lanraplenib
d11597,ravagalimab
d11598,romilkimab
d11599,zotiraciclib
d11600,zotiraciclib-citrate
d11601,tafasitamab
d11602,resmetirom
d11603,leriglitazone
d11604,leriglitazone-hydrochloride
d11605,spartalizumab
d11606,racemetyrosine
d11607,efinopegdutide
d11608,linzagolix
d11609,linzagolix-choline
d11610,iscalimab
d11611,infigratinib-phosphate
d11612,efavaleukin-alfa
d11613,pegcetacoplan
d11614,volagidemab
d11615,aspirin-and-dipyridamole;-aggrenox
d11616,aspirin-and-omeprazole;-yosprala
d11617,eletriptan-hydrobromide-monohydrate
d11618,moxifloxacin-hydrochloride-monohydrate
d11619,desvenlafaxine-succinate-anhydrous;-desvenlafaxine-succinate
d11620,naloxone-hydrochloride-dihydrate
d11621,"imipenem,-cilastatin-and-relebactam;-relebactam-hydrate,-imipenem-hydrate-and-cilastatin-sodium;-recarbrio"
d11622,amphetamine-aspartate-monohydrate
d11623,dextroamphetamine-saccharate
d11624,"amphetamine-aspartate,-amphetamine-sulfate,-dextroamphetamine-saccharate-and-dextroamphetamine-sulfate;-adderall"
d11625,hydroxyamphetamine-hydrobromide-and-tropicamide;-paremyd
d11626,guanidine-hydrochloride;-guanidine-hydrochloride
d11627,acyclovir-and-hydrochortisone;-xerese
d11628,benzhydrocodone-and-acetaminophen;-apadaz
d11629,bremelanotide-acetate
d11630,aminophylline-dihydrate
d11631,lefamulin
d11632,lefamulin-acetate
d11633,venglustat
d11634,venglustat-malate
d11635,tasipimidine
d11636,tasipimidine-sulfate
d11637,relmapirazin
d11638,lanraplenib-succinate
d11639,foslinanib
d11640,firsocostat
d11641,danicopan
d11642,dilpacimab
d11643,budigalimab
d11644,lurbinectedin
d11645,fluorescein-sodium-and-benoxinate-hydrochloride;-altafluor-benox
d11646,benzoyl-peroxide-and-erythromycin;-aktipak
d11647,"brompheniramine,-pseudoephedrine-and-dextromethorphan;-bromfed"
d11648,volanesorsen
d11649,trientine-tetrahydrochloride
d11650,volanesorsen-sodium
d11651,edotreotide-gallium-ga-68;-ga-68-dotatoc
d11652,tenapanor
d11653,tenapanor-hydrochloride
d11654,ethinylestradiol-and-segesterone;-annovera
d11655,ethinylestradiol-and-etonogestrel;-nuvaring
d11656,azelastine-hydrochloride-and-fluticasone-propionate;-dymista
d11657,hydrocortisone-acetate-and-pramoxine-hydrochloride;-hydrocortisone-acetate-and-pramocaine-hydrochloride;-pramosone
d11658,duvelisib-hydrate
d11659,tolvaptan-sodium-phosphate
d11660,redasemtide-trifluoroacetate
d11661,bendamustine-hydrochloride-hydrate
d11662,valemetostat-tosilate
d11663,onatasertib
d11664,clazosentan
d11665,exicorilant
d11666,nipocalimab
d11667,miricorilant
d11668,mosedipimod
d11669,bempegaldesleukin
d11670,morphine-sulfate-and-naltrexone-hydrochloride;-embeda
d11671,elacestrant
d11672,elacestrant-hydrochloride
d11673,berotralstat
d11674,berotralstat-hydrochloride
d11675,mirdametinib
d11676,gusacitinib
d11677,gusacitinib-hydrochloride
d11678,lecanemab
d11679,cedazuridine
d11680,genistein
d11681,avanbulin
d11682,nesolicaftor
d11683,posenacaftor
d11684,verdiperstat
d11685,pegunigalsidase-alfa
d11686,plamotamab
d11687,semorinemab
d11688,ampreloxetine
d11689,ampreloxetine-hydrochloride
d11690,umibecestat
d11691,tirbanibulin
d11692,tirbanibulin-mesylate
d11693,gefapixant-citrate
d11694,fosmanogepix
d11695,pegzilarginase
d11696,crovalimab
d11697,vipivotide-tetraxetan
d11698,cyclopentolate-hydrochloride-and-phenylephrine-hydrochloride;-cyclomydril
d11699,sulfacetamide-sodium-and-prednisolone
d11700,"elexacaftor,-ivacaftor-and-tezacaftor;-trikafta"
d11701,luspatercept
d11702,givosiran
d11703,opinercept
d11704,patent-blue-v
d11705,amlodipine-and-celecoxib;-consensi
d11706,omeprazole-and-sodium-bicarbonate;-zegerid
d11707,golodirsen
d11708,givosiran-sodium
d11709,ascrinvacumab
d11710,phentermine-and-topiramate;-qsymia
d11711,"dapagliflozin,-metformin-and-saxagliptin;-qternmet-xr"
d11712,pralsetinib
d11713,selpercatinib
d11714,vocacapsaicin
d11715,vocacapsaicin-hydrochloride
d11716,odevixibat
d11717,tepotinib
d11718,taniborbactam
d11719,taniborbactam-hydrochloride
d11720,acalabrutinib-maleate
d11721,rovafovir-etalafenamide
d11722,rovafovir-etalafenamide-citrate
d11723,levamlodipine-maleate
d11724,galicaftor
d11725,futibatinib
d11726,zoliflodacin
d11727,voxtalisib
d11728,tradipitant
d11729,nerinetide
d11730,nerinetide-acetate
d11731,nerinetide-hydrochloride
d11732,dubermatinib
d11733,dubermatinib-tartrate
d11734,aldafermin
d11735,fanotaprim
d11736,rintodestrant
d11737,fisogatinib
d11738,telaglenastat
d11739,telaglenastat-hydrochloride
d11740,roducitabine
d11741,lazucirnon
d11742,lazucirnon-hydrochloride
d11743,ensifentrine
d11744,avalglucosidase-alfa
d11745,cantharidin
d11746,eftozanermin-alfa
d11747,inbakicept
d11748,avacincaptad-pegol-sodium
d11749,cinhyaluronate-sodium
d11750,duligotuzumab
d11751,dusquetide
d11752,enoblituzumab
d11753,evinacumab
d11754,filanesib
d11755,filanesib-hydrochloride
d11756,fletikumab
d11757,inebilizumab
d11758,ipafricept
d11759,isunakinra
d11760,lexanopadol
d11761,ligelizumab
d11762,lucitanib
d11763,merestinib
d11764,necuparanib
d11765,necuparanib-sodium
d11766,onalespib-lactate
d11767,opicinumab
d11768,pacritinib
d11769,asenapine
d11770,vonapanitase
d11771,tezepelumab
d11772,tesevatinib
d11773,tesevatinib-tosylate
d11774,taselisib
d11775,tarextumab
d11776,sparsentan
d11777,seribantumab
d11778,daxdilimab
d11779,fosdenopterin
d11780,fosdenopterin-hydrobromide
d11781,dirocaftor
d11782,encequidar
d11783,encequidar-mesylate
d11784,vonoprazan
d11785,oteseconazole
d11786,vodobatinib
d11787,ceralasertib
d11788,remimazolam
d11789,mivavotinib
d11790,mivavotinib-citrate
d11791,ibezapolstat
d11792,numidargistat
d11793,zuranolone
d11794,bempedoic-acid-and-ezetimibe;-nexlizet
d11795,vibostolimab
d11796,melrilimab
d11797,apitegromab
d11798,cipaglucosidase-alfa
d11799,bentracimab
d11800,vixarelimab
d11801,omodenbamab
d11802,milvexian
d11803,cetuximab-sarotalocan
d11804,aspirin-and-vonoprazan;-cabpirin
d11805,cetuximab-sarotalocan-sodium
d11807,imeglimin-hydrochloride
d11808,ferric-derisomaltose
d11809,omecamtiv-mecarbil-hydrochloride-hydrate
d11810,fitusiran-sodium
d11811,tofersen
d11812,pabinafusp-alfa
d11813,tisotumab
d11814,tisotumab-vedotin
d11815,belumosudil
d11816,belumosudil-mesylate
d11817,deucravacitinib
d11818,ethyl-butylacetylaminopropionate
d11819,adriforant
d11820,balstilimab
d11821,nogapendekin-alfa
d11822,mevidalen-hydroxybenzoate
d11823,zalifrelimab
d11824,danicamtiv
d11825,sibofimloc
d11826,mevidalen
d11827,retifanlimab
d11828,clervonafusp-alfa
d11829,fluoroestradiol-f18;-cerianna
d11830,ralmitaront
d11831,aticaprant
d11832,astegolimab
d11833,glofitamab
d11834,vorasidenib
d11835,vorasidenib-citrate
d11836,taurursodiol
d11837,zotatifin
d11838,vilobelimab
d11839,foslevodopa
d11840,tilavonemab
d11841,vibecotamab
d11842,padsevonil
d11843,cendakimab
d11844,ziritaxestat
d11845,tidutamab
d11846,magrolimab
d11847,concizumab
d11848,decitabine-and-cedazuridine;-inqovi
d11849,"orphenadrine-citrate,-aspirin-and-caffeine;-norgesic-forte"
d11850,"butalbital,-acetaminophen-and-caffeine"
d11851,"butalbital,-acetaminophen,-caffeine-and-codeine-phosphate"
d11852,codeine-and-promethazine
d11853,phenylephrine-and-promethazine
d11854,promethazine-hydrochloride-and-dextromethorphan-hydrobromide;-promethazine-dm
d11855,"neomycin,-polymyxin-b-sulfate-and-hydrocortisone;-casporyn-hc"
d11856,"empagliflozin,-linagliptin-and-metformin-hydrochloride;-trijardy-xr"
d11857,aclidinium-bromide-and-formoterol-fumarate;-duaklir-pressair
d11858,"omeprazole-magnesium,-amoxicillin-and-rifabutin;-talicia"
d11859,"butalbital,-aspirin-and-caffeine;-fiorinal"
d11860,"butalbital,-aspirin,-caffeine-and-codeine;-fiorinal-with-codeine"
d11861,"indacaterol-acetate,-glycopyrronium-bromide-and-mometasone-furoate;-enerzair"
d11862,indacaterol-and-mometasone-furoate;-atectura
d11863,"human-papillomavirus-9-valent-vaccine,-recombinant;-recombinant-adsorbed-9-valent-human-papillomavirus-virus-like-particle-vaccine"
d11864,deudomperidone
d11865,melphalan-flufenamide
d11866,deuruxolitinib
d11867,deuruxolitinib-phosphate
d11868,efruxifermin
d11869,paxalisib
d11870,melphalan-flufenamide-hydrochloride
d11871,selgantolimod
d11872,serclutamab
d11873,rilzabrutinib
d11874,serclutamab-talirine
d11875,ansuvimab
d11876,efgartigimod-alfa
d11877,bulevirtide
d11878,bulevirtide-acetate;-hepcludex
d11879,foscarbidopa-hydarate
d11880,brexucabtagene-autoleucel
d11881,amlodipine-benzoate;-katerzia
d11882,copper-cu-64-dotatate;-detectnet
d11883,lenrispodun
d11884,lenrispodun-phosphate
d11885,surufatinib
d11886,daridorexant
d11887,daridorexant-hydrochloride
d11888,deutarserine
d11889,unesblin
d11890,emvododstat
d11891,rimtuzalcap
d11892,imsidolimab
d11893,bintrafusp-alfa
d11894,amivantamab
d11895,niraparib-tosilate-hydrate
d11896,eganelisib
d11897,acetaminophen-and-ibuprofen
d11898,zavegepant
d11899,zavegepant-hydrochloride
d11900,navafenterol
d11901,navafenterol-saccharinate
d11902,clesacostat
d11903,clesacostat-tromethamine
d11904,zansecimab
d11905,ebvaciclib
d11906,lirentelimab
d11907,rozibafusp-alfa
d11908,afimetoran
d11909,ponsegromab
d11910,danuglipron
d11911,danuglipron-tromethamine
d11912,transcrocetin
d11913,oportuzumab-monatox
d11914,islatravir-hydrate
d11915,tiomolibdate-choline
d11916,vutrisiran-sodium
d11917,vutrisiran
d11918,renadirsen-sodium
d11919,fuzapladib-sodium-hydrate
d11920,pimitespib
d11921,odesivimab
d11922,"atoltivimab,-maftivimab-and-odesivimab;-atoltivimab,-maftivimab,-and-odesivimab-ebgn;-inmazeb"
d11923,lobeglitazone
d11924,beinaglutide
d11925,lumasiran
d11926,lumasiran-sodium;-oxlumo
d11927,setmelanotide
d11928,setmelanotide-acetate;-imcivree
d11929,setmelanotide-hydrochloride
d11930,betibeglogene-autotemcel
d11931,inclisiran
d11932,halobetasol-and-tazarotene;-ulobetsol-and-tazarotene;-duobrii
d11933,levonadifloxacin
d11934,"pertuzumab,-trastuzumab-and-hyaluronidase;-pertuzumab,-trastuzumab-and-hyaluronidase-zzxf;-phesgo"
d11935,enzastaurin
d11936,bamlanivimab
d11937,velsecorat
d11938,casirivimab
d11939,imdevimab
d11940,toludesvenlafaxine
d11941,toludesvenlafaxine-hydrochloride
d11942,inavolisib
d11943,molnupiravir
d11944,etesevimab
d11945,mezagitamab
d11946,cosibelimab
d11947,efpeglenatide
d11948,pacmilimab
d11949,ligustrum-fruit
d11950,hampi
d11951,antler-velvet
d11952,axatilimab
d11953,efmarodocokin-alfa
d11954,belzutifan
d11955,irsenontrine
d11956,irsenontrine-maleate
d11957,efineptakin-alfa
d11958,ridinilazole
d11959,praluzatamab
d11960,praluzatamab-ravtansine
d11961,giredestrant
d11962,murizatoclax
d11963,tapotoclax
d11964,sovatelitide
d11965,"alpha-1-antitrypsin;-human-alpha-1-proteinase-inibitor,-freeze-dried-concentrated;-lynspad"
d11966,cabotegravir-and-rilpivirine;-cabenuva
d11967,daratumumab-and-hyaluronidase;-daratumumab
d11968,teneligliptin-hydrobromide
d11969,mobocertinib-succinate
d11970,ritlecitinib-tosilate
d11971,tozinameran
d11972,acoramidis
d11973,acoramidis-hydrochloride
d11974,centhaquine
d11975,centhaquine-citrate
d11976,fezolinetant
d11977,fruquintinib
d11978,inupadenant
d11979,inupadenant-hydrochloride
d11980,lazertinib
d11981,luvadaxistat
d11982,trazpiroben
d11983,batoclimab
d11984,cevostamab
d11985,"magnesium-sulfate,-anhydous-sodium-sulfate-and-potassium-sulfate;-sulprep"
d11986,efbemalenograstim-alfa
d11987,trilaciclib-dihydrochloride;-cosela
d11988,casimersen
d11989,serdexmethylphenidate-and-dexmethylphenidate;-azstarys
d11990,lisocabtagene-maraleucel
d11991,zenocutuzumab
d11992,pavurutamab
d11993,tixagevimab
d11994,cilgavimab
d11995,aldumastat
d11996,feladilimab
d11997,ilacirnon
d11998,ilacirnon-sodium
d11999,itepekimab
d12000,mezigdomide
d12001,mobocertinib
d12002,seralutinib
d12003,simufilam
d12004,simufilam-hydrochloride
d12005,treprostinil-palmitil
d12006,trotabresib
d12007,ubamatamab
d12008,sirpiglenastat
d12009,zandelisib
d12010,pacanalotamab
d12011,zanidatamab
d12012,tominersen-sodium
d12013,tominersen
d12014,sotrovimab
d12015,st.-john's-wort;-sjw
d12016,linum-usitatissimum-seed;-lini-semen;-flaxseed
d12017,sterculia-seed;-sterculiae-semen
d12018,ginkgo;-maidenhair-tree
d12019,marsh-mallow;-althea-root
d12020,garlic
d12021,psylla
d12022,turpentine-oil
d12023,dark-male-donkey-sex-organ
d12024,japanese-yew
d12025,arnica
d12026,canis-male-sex-organ
d12027,civet
d12028,horse-chestnut;-conker-tree
d12029,thorn-apple-leaf;-daturae-folium
d12030,foxtail-millet-seed;-setariae-semen
d12031,guarana
d12032,soy-bean;-black-soy-bean
d12033,chicken-liver
d12034,hawthorn
d12035,thyme
d12036,thyme-oil
d12037,juniper-oil;-juniper-berry
d12038,nutmeg-oil
d12039,allium-tuberosum-leaf;-allii-tuberosi-folium
d12040,prunus-mume-flower-bud;-mume-flos
d12041,chimonanthus-praecox-flower-bud;-chimonanthi-flos
d12042,witch-hazel
d12043,bergamot-oil
d12044,lycoris-radiata-bulb
d12045,allume
d12046,trichosanthes-fruit
d12047,drospirenone-and-estetrol;-nextstellis
d12048,potassium-citrate-and-potassium-bicarbonate;-potassium-citrate-monohydrate-and-potassium-hydrogen-carbonate;-sibnayal
d12049,camizestrant
d12050,pirtobrutinib
d12051,zalunfiban
d12052,luxeptinib
d12053,vebreltinib
d12054,vebicorvir
d12055,sotorasib
d12056,ropsacitinib
d12057,foscarbidopa
d12058,elranatamab
d12059,temuterkib
d12060,temuterkib-mesylate
d12061,suvecaltamide
d12062,suvecaltamide-hydrocloride
d12063,zimberelimab
d12064,rusfertide
d12065,rusfertide-acetate
d12066,spesolimab
d12067,uyakujunkisan
d12068,ureitsukisan
d12069,eppikajutsubuto
d12070,ogikeishigomotsuto
d12071,kaikyushokushoto
d12072,kagenryokakusan-asada
d12073,kagenryokakusan-kyoteiken
d12074,karougaihakuto
d12075,karogaihakuhakushuto
d12076,kanzokankyoto
d12077,kanzobushito
d12078,keikyososooshinbuto
d12079,keishieppito
d12080,keishinieppiitto
d12081,keishinieppiichitokajutsubu
d12082,gedaishimotsutokami
d12083,saikatsugekito
d12084,saikatsutokasenkyushin'i
d12085,saikyohangeto
d12086,saikokikitsuto
d12087,shigyakukaninjinto
d12088,shikonboreito
d12089,shishishito
d12090,jijintsujito
d12091,jijinmeimokuto
d12092,shozokumeito
d12093,seinetsuhokito
d12094,seinetsuhoketsuto
d12095,senkanmeimokuto
d12096,senkin'naitakusan
d12097,zenshikunshito
d12098,zokumeito
d12099,daiobushito
d12100,chukenchuto
d12101,hachimisenkiho
d12102,hangesankyuto
d12103,byakujutsubushito
d12104,bukuryokyoninkanzoto
d12105,bukuryoshigyakuto
d12106,bushikobeito
d12107,fuhisyomyakusan
d12108,hontonto-kinkyoryaku
d12109,hontonto-chugoho
d12110,yokuibushihaishosan
d12111,ryokeimikanto
d12112,reitakutsukito
d12113,reitakutsukitokashin'i
d12114,elasomeran
d12115,covid-19-vaccine
d12116,teserpaturev
d12117,olanzapine-and-samidorphan;-lybalvi
d12118,nezulcitinib
d12119,sintilimab
d12120,brensocatib
d12121,acapatamab
d12122,molidustat
d12123,elinzanetant
d12124,lilotomab
d12125,lutetium
d12126,bersacapavir
d12127,aviptadil
d12128,balixafortide
d12129,covid-19-vaccine
d12130,"drospirenone,-ethinyl-estradiol-and-levomefolate-calcium;-beyaz"
d12131,"calcium-oxybate,-magnesium-oxybate,-potassium-oxybate-and-sodium-oxybate;-xywav"
d12132,piflufolastat-f-18
d12133,loteprednol-etabonate-and-tobramycin;-zylet
d12134,"neomycin,-polymyxin-b-sulfate,-bacitracin-zinc-and-hydrocortisone;-neo-polycin-hc"
d12135,"neomycin-sulfate,-polymyxin-b-sulfate-and-gramicidin;-neosporin"
d12136,l-lysine-hydrochlroide-and-l-arginine-hydrochloride;-lysakare
d12137,"elagolix,-estradiol-and-norethisterone;-oriahnn"
d12138,"promethazine-hydrochloride,-phenylephrine-hydrochloride-and-codeine-phosphate;-phenergan-vc-w/-codeine"
d12139,darovasertib
d12140,navocaftor
d12141,emerfetamab
d12142,casirivimab-and-imdevimab;-casirivimab
d12143,pimivalimab
d12144,orilanolimab
d12145,amcenestrant
d12146,darigabat
d12148,dersimelagon-phosphate
d12149,"plasminogen;-glu-plasminogen;-plasminogen,-human-tvmh;-ryplazim"
d12150,elivaldogene-autotemcel
d12151,ianalumab
d12152,eluvixtamab
d12153,clesrovimab
d12154,mirzotamab
d12155,mirzotamab-clezutoclax
d12156,ieramilimab
d12157,felcisetrag
d12158,elsubrutinib
d12159,imifoplatin
d12160,orelabrutinib
d12161,lenacapavir
d12162,lenacapavir-sodium
d12163,zalunfiban-acetate
d12164,sabatolimab
d12165,ragifilimab
d12166,mupadolimab
d12167,zimlovisertib
d12168,pegipanermin
d12169,depemokimab
d12170,larsucosterol
d12171,larsucosterol-sodium
d12172,lufotrelvir
d12173,zatolmilast
d12174,bebtelovimab
d12175,olverembatinib
d12176,simurosertib
d12177,teclistamab
d12178,sotigalimab
d12179,tesnatilimab
d12180,talquetamab
d12181,edasalonexent
d12182,rozanolixizumab
d12183,farletuzumab-ecteribulin
d12184,patritumab-deruxtecan
d12185,patritumab
d12186,vudalimab
d12187,ancremonam
d12188,aspacytarabine
d12189,aspacytarabine-hydrochloride
d12190,cadonilimab
d12191,emprumapimod
d12192,eprenetapopt
d12193,evorpacept
d12194,florquinitau-f18
d12195,izuralimab
d12196,laduviglusib
d12197,pegtibatinase
d12198,penpulimab
d12199,plutavimab
d12200,sisunatovir
d12201,sisunatovir-hydrochloride
d12202,toripalimab
d12203,tovinontrine
d12204,oxypetazoline-hydrochloride-and-chlorpheniramine-maleate
d12205,pneumococcal-15-valent-conjugate-vaccine;-vaxneuvance
d12206,tick-borne-encephalitis-vaccine;-ticovac
d12207,pneumococcal-20-valent-conjugate-vaccine;-prevnar-20
d12208,gefurulimab
d12209,ozuriftamab
d12210,ozuriftmab-vedotin
d12211,ivarmacitinib
d12212,ivarmacitinib-sulfate
d12213,tolebrutinib
d12214,esmethadone
d12215,esmethadone-hydrochloride
d12216,imlunestrant
d12217,imlunestrant-tosylate
d12218,valiltramiprosate
d12219,mecbotamab
d12220,mecbotamab-vedotin
d12221,olitigaltin
d12222,linvoseltamab
d12223,rosnilimab
d12224,iopofosine-i-131
d12225,mazdutide
d12226,"relugolix,-estradiol-and-norethindrone-acetate;-myfembree"
d12227,"dengue-tetravalent-vaccine,-live;-dengvaxia"
d12228,bepranemab
d12229,poziotinib
d12230,poziotinib-hydrochloride
d12231,peresolimab
d12232,litifilimab
d12233,quavonlimab
d12234,tarlatamab
d12235,osugacestat
d12236,runimotamab
d12237,zunsemetinib
d12238,vimseltinib
d12239,pesampator
d12240,valiloxybate
d12241,regdanvimab
d12242,bocidelpar
d12243,bocidelpar-sulfate
d12244,nirmatrelvir
d12245,lazertinib-mesilate-hydrate
d12246,tegoprazan
d12247,coblopasvir
d12248,peginterferon-alfacon-2
d12249,pafolacianine
d12250,pafolacianine-sodium
d12251,iptacopan
d12252,iptacopan-hydrochloride
d12253,aficamten
d12254,amubarvimab
d12255,bemnifosbuvir
d12256,boserolimab
d12257,gallium-ga-68-gozetotide
d12258,aumolertinib
d12259,aumolertinib-mesylate
d12260,bemnifosbuvir-sulfate
d12261,enpatoran
d12262,tixagevimab-and-cilgavimab;-tixagevimab
d12263,bomedemstat
d12264,bomedemstat-tosylate
d12265,mavacamten
d12266,pelabresib
d12267,romlusevimab
d12268,subasumstat
d12269,nirmatrelvir-and-ritonavir;-paxlovid
d12270,bupivacaine-and-meloxicam;-zynrelef
d12271,batiraxcept
d12272,branaplam
d12273,branaplam-hydrochloride
d12274,cedirogant
d12275,cobitolimod
d12276,cobitolimod-sodium
d12277,ilofotase-alfa
d12278,izokibep
d12279,mipasetamab
d12280,mipasetamab-uzoptirine
d12281,motixafortide
d12282,motixafortide-acetate
d12283,ociperlimab
d12284,recifercept
d12285,remibrutinib
d12286,sepiapterin
d12287,terevalefim
d12288,ulonivirine
d12289,vamifeport
d12290,vamifeport-trihydrochloride
d12291,tovorafenib
d12292,uzoptirine
d12293,inclisiran-sodium
d12294,sitagliptin-phosphate
d12295,"acetaminophen,-caffeine-and-dihydrocodeine-bitartrate;-trezix"
d12296,tebentafusp
d12297,penicillin-g-benzathine-and-penicillin-g-procaine;-bicillin-c-r
d12298,abequolixron
d12299,abequolixron-zinc
d12300,acazicolcept
d12301,adagrasib
d12302,beludavimab
d12303,deutenzalutamide
d12304,elraglusib
d12305,onternabez
d12306,ordesekimab
d12307,pivekimab
d12308,pivekimab-sunirine
d12309,tusamitamab
d12310,tusamitamab-ravtansine
d12311,bortezomib-hydrate
d12312,codeine-phosphate-and-chlorpheniramine-maleate;-tuxarin
d12313,chlorpheniramine-polistirex-and-codeine-polistirex;-tuzistra
d12314,dasiglucagon-hydrochloride;-zegalogue
d12315,ciltacabtagene-autoleucel
d12316,bavdegalutamide
d12317,bavunalimab
d12318,buntanetap
d12319,buntanetap-tartrate
d12320,cadisegliatin
d12321,camonsertib
d12322,crexavibart
d12323,eliapixant
d12324,golcadomide
d12325,ogalvibart
d12326,opelconazole
d12327,pegozafermin
d12328,rezpegaldesleukin
d12329,tinlorafenib
d12330,zeteletinib
d12331,zeteletinib-adipate
d12332,zeluvalimab
d12333,zelpultide-alfa
d12334,nivolumab-and-relatlimab;-nivolumab-and-relatlimab-rmbw;-opdualag
d12335,lutetium-lu-177-vipivotide-tetraxetan
d12336,sars-cov-2-spike-glycoprotein-vaccine-antigen-nvx-cov2373;-sars-cov-2-rs;-novavax-covid-19-vaccine
d12337,leuprolide-mesylate;-leuprorelin-mesylate;-leuprorelin-mesilate;-camcevi
d12338,benzoyl-peroxide-and-tretinoin;-twyneo
d12339,zolunicant
d12340,zolunicant-hydrochloride
d12341,vurolenatide
d12342,anzurstobart
d12343,fepixnebart
d12344,socazolimab
d12345,obefazimod
d12346,idrevloride
d12347,volrustomig
d12348,belrestotug
d12349,danburstotug
d12350,vilamakitug
d12351,tinlarebant
d12352,eclitasertib
d12353,ensitrelvir-fumaric-acid
d12354,pralsetinib-hydrate
d12355,sivopixant
d12356,zilucoplan-sodium
d12357,zilucoplan
d12358,insulin-icodec
d12359,datopotamab-deruxtecan
d12360,datopotamab
d12361,deulinoleate-ethyl
d12362,etavopivat
d12363,taletrectinib
d12364,taletrectinib-adipate
d12365,belzupacap-sarotalocan
d12366,crinecerfont
d12367,domvanalimab
d12368,epcoritamab
d12369,etrumadenant
d12370,lutikizumab
d12371,nemvaleukin-alfa
d12372,ninerafaxstat
d12373,quemliclustat
d12374,sibeprenlimab
d12375,tozorakimab
d12376,udifitimod
d12377,udifitimod-hydrochloride
d12378,navtemadlin
d12379,galegenimab
d12380,ebaresdax
d12381,ebaresdax-hydrochloride
d12382,alogabat
d12383,edralbrutinib
d12384,govorestat
d12385,lemzoparlimab
d12386,melredableukin-alfa
d12387,fosgemcitabine-palabenamide
d12388,fosifloxuridine-nafalbenamide
d12389,adintrevimab
d12390,caficrestat
d12391,denifanstat
d12392,fosgonimeton
d12393,fosgonimeton-sodium
d12394,inobrodib
d12395,palopegteriparatide
d12396,sebetralstat
d12397,tranimilast
d12398,oremepermin-alfa
d12399,sulanemadlin
d12400,trofinetide
d12401,uliledlimab
d12402,zinpentraxin-alfa
d12403,venlafaxine-besylate-monohydrate;-venlafaxine-besylate
d12404,tasurgratinib
d12405,tasurgratinib-succinate
d12406,ensovibep
d12407,eladocagene-exuparvovec
d12408,atamparib
d12409,barzolvolimab
d12410,landiolol
d12411,emavusertib
d12412,emavusertib-hydrochloride
d12413,glenzocimab
d12414,ivospemin
d12415,ivospemin-hydrochloride
d12416,petosemtamab
d12417,siremadlin
d12418,siremadlin-succinate
d12419,ziftomenib
d12420,licaminlimab
d12421,freeze-dried-activated-human-blood-coagulation-factor-vii-concentrate-containing-factor-x;-byclot
d12422,selnoflast
d12423,selnoflast-potassium
d12424,davutamig
d12425,deupirfenidone
d12426,itolizumab
d12427,latozinemab
d12428,remternetug
d12429,surzebiclimab
d12430,retatrutide
d12431,lutetium-lu177-edotreotide
d12432,zurletrectinib
d12433,hypericin
d12434,valoctocogene-roxaparvovec
d12435,gadopiclenol
d12436,tetravalent-meningococcal-vaccine
d12437,ripasudil-hydrochloride-and-brimonidine-tartrate;-gla-alpha
d12438,pitavastatin-calcium-and-ezetimibe;-livazebe
d12439,sodium-phenylbutyrate-and-taurursodiol;-relyvrio
d12440,zinc-histidine-hydrate
d12441,efanesoctocog-alfa
d12442,tucatinib-ethanolate
d12443,nanvuranlat-hydrochloride-hydrate
d12444,nilotinib-hydrochloride-dihydrate
d12445,foscenvivint
d12446,anpocogin
d12447,avibactam-tomilopil
d12448,botensilimab
d12449,cipepofol
d12450,elenestinib
d12451,fostroxacitabine-bralpamide
d12452,fostroxacitabine-bralpamide-hydrochloride
d12453,guretolimod
d12454,icenticaftor
d12455,lirafugratinib
d12456,lirafugratinib-hydrochloride
d12457,tuxobertinib
d12458,ozekibart
d12459,vipalanebart
d12460,muvalaplin
d12461,rucosopasem-manganese
d12462,cebsulfase-alfa
d12463,davoceticept
d12464,dazukibart
d12465,doxecitine
d12466,doxribtimine
d12467,evobrutinib
d12468,emraclidine
d12469,favezelimab
d12470,gorivitug
d12471,ledaborbactam
d12472,ledaborbactam-etzadroxil
d12473,zapnometinib
d12474,ulotaront
d12475,ulotaront-hydrochloride
d12476,tuspetinib
d12477,paltusotine
d12478,paltusotine-hydrochloride
d12479,lusvertikimab
d12480,tuparstobart
d12481,vemircopan
d12482,anselamimab
d12483,olutasidenib
d12484,carfloglitazar
d12485,tiomolibdic-acid
d12486,finasteride-and-tadalafil;-entadfi
d12487,olokizumab
d12488,sepofarsen
d12489,atuzabrutinib
d12490,fazpilodemab
d12491,celecoxib-and-tramadol-hydrochloride;-seglentis
d12492,naloxone-hydrochloride-and-pentazocine-hydrochloride
d12493,dextromethorphan-hydrobromide-and-bupropion-hydrochloride;-auvelity
d12494,foslevodopa-and-foscarbidopa;-vyalev
d12495,anacaulase;-purified-pineapple-stem-juice;-anacaulase-bcdb;-nexobrid
d12496,xenon-xe-129-hyperpolarized;-xenoview
d12497,drospirenone-and-estradiol;-angeliq
d12498,"lactic-acid,-l-citric-acid-and-potassium-bitartrate;-phexxi"
d12499,"fluocinolone-acetonide,-hydroquinone-and-tretinoin;-tri-luma"
d12500,etranacogene-dezaparvovec
d12501,olopatadine-and-mometasone-furoate;-ryaltris
d12502,golidocitinib
d12503,linvencorvir
d12504,nemtabrutinib
d12505,olorofim
d12506,sunvozertinib
d12507,tarcocimab
d12508,tarcocimab-tedromer
d12509,trontinemab
d12510,utreloxastat
d12511,vicasinabin
d12512,zetomipzomib
d12513,zetomipzomib-maleate
d12514,amdizalisib
d12515,avutometinib
d12516,zagociguat
d12517,vobramitamab
d12518,voramitamab-duocarmazine
d12519,sabizabulin
d12520,sabizabulin-hydrochloride
d12521,ruzotolimod
d12522,pomotrelvir
d12523,fipravirimat
d12524,fasedienol
d12525,enitociclib
d12526,catequentinib
d12527,iclepertin
d12529,orforglipron-calcium
d12530,isomalt-hydrate
d12531,nadofaragene-firadenovec
d12532,emavusertib-mesylate
d12533,emavusertib-maleate
d12534,avutometinib-potassium
d12535,fipravirimat-mesylate
d12536,orforglipron
d12537,catequentinib-hydrochloride
d12538,emavusertib-phosphate
d12539,emavusertib-tosylate
d12540,briquilimab
d12541,gruticibart
d12542,itruvone
d12543,rocatinlimab
d12544,vortioxetine-hemihydrobromide
d12545,tinengotinib
d12546,venanprubart
d12547,zilurgisertib
d12548,zilurgisertib-fumarate
d12549,fingolimod-lauryl-sulfate;-tascenso
d12550,amlitelimab
d12551,bocodepsin
d12552,bocodepsin-besylate
d12553,nevadistinel
d12554,risevistinel
d12555,lotiglipron
d12556,eltrekibart
d12557,elzovantinib
d12558,emzadirib
d12559,enbezotinib
d12560,gamcemetinib
d12561,enristomig
d12562,florbenguane-f-18
d12563,frunexian
d12564,frunexian-hydrochloride
d12565,xevinapant
d12566,nezastomig
d12567,imvotamab
d12568,regadenoson
d12569,apadamtase-alfa
d12570,cinaxadamtase-alfa
d12571,elfucose
d12572,demannose
d12573,feniralstat
d12574,feniralstat-hydrochloride
d12575,povorcitinib
d12576,povorcitinib-phosphate
d12577,seclidemstat
d12578,seclidemstat-mesylate
d12579,sudocetaxel
d12580,sudotaxel-zendusortide
d12581,zendusortide
d12582,opadotin
d12583,anvatabart-opadotin
d12584,anvatabart-pactil
