Compound ID,compound
c00001,h2o; water
c00002,atp; adenosine 5'-triphosphate
c00003,nad+; nad; nicotinamide adenine dinucleotide; dpn; diphosphopyridine nucleotide; nadide; beta-nad+
c00004,nadh; dpnh; reduced nicotinamide adenine dinucleotide
c00005,nadph; tpnh; reduced nicotinamide adenine dinucleotide phosphate
c00006,nadp+; nadp; nicotinamide adenine dinucleotide phosphate; beta-nicotinamide adenine dinucleotide phosphate; tpn; triphosphopyridine nucleotide; beta-nadp+
c00007,oxygen; o2
c00008,adp; adenosine 5'-diphosphate
c00009,orthophosphate; phosphate; phosphoric acid; orthophosphoric acid
c00010,coa; coenzyme a; coa-sh
c00011,co2; carbon dioxide
c00012,peptide
c00013,diphosphate; diphosphoric acid; pyrophosphate; pyrophosphoric acid; ppi
c00014,ammonia; nh3
c00015,udp; uridine 5'-diphosphate
c00016,fad; flavin adenine dinucleotide
c00017,protein
c00018,pyridoxal phosphate; pyridoxal 5'-phosphate; pyridoxal 5-phosphate; plp
c00019,s-adenosyl-l-methionine; s-adenosylmethionine; adomet; sam
c00020,amp; adenosine 5'-monophosphate; adenylic acid; adenylate; 5'-amp; 5'-adenylic acid; 5'-adenosine monophosphate; adenosine 5'-phosphate
c00021,s-adenosyl-l-homocysteine; s-adenosylhomocysteine
c00022,pyruvate; pyruvic acid; 2-oxopropanoate; 2-oxopropanoic acid; pyroracemic acid
c00023,iron
c00024,acetyl-coa; acetyl coenzyme a
c00025,l-glutamate; l-glutamic acid; l-glutaminic acid; glutamate
c00026,2-oxoglutarate; oxoglutaric acid; 2-ketoglutaric acid; alpha-ketoglutaric acid
c00027,hydrogen peroxide; h2o2; oxydol
c00028,acceptor; hydrogen-acceptor; a; oxidized donor
c00029,udp-glucose; udpglucose; udp-d-glucose; uridine diphosphate glucose; udp-alpha-d-glucose
c00030,reduced acceptor; ah2; hydrogen-donor; donor
c00031,d-glucose; grape sugar; dextrose; glucose; d-glucopyranose
c00032,heme; haem; protoheme; heme b; protoheme ix
c00033,acetate; acetic acid; ethanoic acid
c00034,manganese
c00035,gdp; guanosine 5'-diphosphate; guanosine diphosphate
c00036,oxaloacetate; oxalacetic acid; oxaloacetic acid; 2-oxobutanedioic acid; 2-oxosuccinic acid; keto-oxaloacetate
c00037,glycine; aminoacetic acid; gly
c00038,zinc cation; zn2+; zn(ii); zinc ion
c00039,dna; dnan; dnan+1; (deoxyribonucleotide)n; (deoxyribonucleotide)m; (deoxyribonucleotide)n+m; deoxyribonucleic acid
c00040,acyl-coa; acyl coenzyme a
c00041,l-alanine; l-2-aminopropionic acid; l-alpha-alanine
c00042,succinate; succinic acid; butanedionic acid; ethylenesuccinic acid
c00043,udp-n-acetyl-alpha-d-glucosamine; udp-n-acetyl-d-glucosamine; udp-n-acetylglucosamine
c00044,gtp; guanosine 5'-triphosphate
c00045,amino acid; amino acids
c00046,rna; rnan; rnan+1; rna(linear); (ribonucleotide)n; (ribonucleotide)m; (ribonucleotide)n+m; ribonucleic acid
c00047,"l-lysine; lysine acid; 2,6-diaminohexanoic acid"
c00048,glyoxylate; glyoxalate; glyoxylic acid
c00049,l-aspartate; l-aspartic acid; 2-aminosuccinic acid; l-asp
c00050,metal
c00051,glutathione; 5-l-glutamyl-l-cysteinylglycine; n-(n-gamma-l-glutamyl-l-cysteinyl)glycine; gamma-l-glutamyl-l-cysteinyl-glycine; gsh; reduced glutathione
c00052,udp-alpha-d-galactose; udp-d-galactose; udp-galactose; udp-d-galactopyranose; udp-alpha-d-galactopyranose
c00053,3'-phosphoadenylyl sulfate; 3'-phosphoadenosine 5'-phosphosulfate; 3'-phospho-5'-adenylyl sulfate; paps
c00054,"adenosine 3',5'-bisphosphate; pap; 3'-phosphoadenylate; phosphoadenosine phosphate"
c00055,cmp; cytidine-5'-monophosphate; cytidylic acid
c00058,formate; methanoic acid; formic acid
c00059,sulfate; sulfuric acid
c00060,carboxylate; r-cooh; monocarboxylate; carboxylic acid
c00061,fmn; riboflavin-5-phosphate; flavin mononucleotide
c00062,l-arginine; (s)-2-amino-5-guanidinovaleric acid; l-arg
c00063,ctp; cytidine 5'-triphosphate; cytidine triphosphate
c00064,l-glutamine; l-2-aminoglutaramic acid
c00065,l-serine; l-2-amino-3-hydroxypropionic acid; l-3-hydroxy-alanine; serine
c00066,trna; trna(n); trna(n+1); transfer rna
c00067,formaldehyde; methanal; oxomethane; oxomethylene; methylene oxide; formalin
c00068,thiamin diphosphate; thiamine diphosphate; thiamin pyrophosphate; tpp; thpp
c00069,alcohol
c00070,copper
c00071,aldehyde; rcho
c00072,ascorbate; ascorbic acid; l-ascorbate; l-ascorbic acid; vitamin c
c00073,l-methionine; methionine; l-2-amino-4methylthiobutyric acid
c00074,phosphoenolpyruvate; phosphoenolpyruvic acid; pep
c00075,utp; uridine 5'-triphosphate; uridine triphosphate
c00076,calcium cation; ca2+; calcium(2+); calcium ion
c00077,"l-ornithine; (s)-2,5-diaminovaleric acid; (s)-2,5-diaminopentanoic acid; (s)-2,5-diaminopentanoate"
c00078,l-tryptophan; tryptophan; (s)-alpha-amino-beta-(3-indolyl)-propionic acid
c00079,l-phenylalanine; (s)-alpha-amino-beta-phenylpropionic acid
c00080,h+; hydron
c00081,itp; inosine 5'-triphosphate; inosine triphosphate; inosine tripolyphosphate
c00082,l-tyrosine; (s)-3-(p-hydroxyphenyl)alanine; (s)-2-amino-3-(p-hydroxyphenyl)propionic acid; tyrosine
c00083,malonyl-coa; malonyl coenzyme a
c00084,acetaldehyde; ethanal
c00085,d-fructose 6-phosphate; d-fructose 6-phosphoric acid; neuberg ester
c00086,urea; carbamide
c00087,sulfur; s; elemental sulfur
c00088,nitrite
c00089,sucrose; cane sugar; saccharose; 1-alpha-d-glucopyranosyl-2-beta-d-fructofuranoside
c00090,"catechol; 1,2-benzenediol; o-benzenediol; 1,2-dihydroxybenzene; brenzcatechin; pyrocatechol"
c00091,succinyl-coa; succinyl coenzyme a
c00092,d-glucose 6-phosphate; glucose 6-phosphate; robison ester
c00093,sn-glycerol 3-phosphate; glycerophosphoric acid; d-glycerol 1-phosphate
c00094,sulfite; sulfurous acid
c00095,d-fructose; levulose; fruit sugar; d-arabino-hexulose
c00096,gdp-mannose; gdp-d-mannose; gdp-alpha-d-mannose
c00097,l-cysteine; l-2-amino-3-mercaptopropionic acid
c00098,oligopeptide
c00099,beta-alanine; 3-aminopropionic acid; 3-aminopropanoate
c00100,propanoyl-coa; propionyl-coa; propionyl coenzyme a
c00101,"tetrahydrofolate; 5,6,7,8-tetrahydrofolate; tetrahydrofolic acid; thf; (6s)-tetrahydrofolate; (6s)-tetrahydrofolic acid; (6s)-thfa"
c00102,"2,6-dichloroindophenol; 2,6-dichlorophenolindophenol; dcip"
c00103,d-glucose 1-phosphate; alpha-d-glucose 1-phosphate; cori ester; d-glucose alpha-1-phosphate
c00104,idp; inosine 5'-diphosphate; inosine diphosphate
c00105,ump; uridylic acid; uridine monophosphate; uridine 5'-monophosphate; 5'uridylic acid; uridylate
c00106,uracil
c00107,dipeptide
c00108,anthranilate; anthranilic acid; o-aminobenzoic acid; vitamin l1; 2-aminobenzoate
c00109,2-oxobutanoate; 2-ketobutyric acid; 2-oxobutyric acid; 2-oxobutyrate; 2-oxobutanoic acid; alpha-ketobutyric acid; alpha-ketobutyrate
c00110,dolichyl phosphate; dolichol phosphate
c00111,glycerone phosphate; dihydroxyacetone phosphate; 3-hydroxy-2-oxopropyl phosphate
c00112,cdp; cytidine 5'-diphosphate; cytidine diphosphate
c00113,"pqq; pyrrolo-quinoline quinone; pyrroloquinoline-quinone; pyrroloquinoline quinone; 4,5-dioxo-4,5-dihydro-1h-pyrrolo[2,3-f]quinoline-2,7,9-tricarboxylate; methoxatin"
c00114,choline; bilineurine
c00116,"glycerol; glycerin; 1,2,3-trihydroxypropane; 1,2,3-propanetriol"
c00117,d-ribose 5-phosphate; ribose 5-phosphate
c00118,d-glyceraldehyde 3-phosphate; (2r)-2-hydroxy-3-(phosphonooxy)-propanal; glyceraldehyde 3-phosphate
c00119,5-phospho-alpha-d-ribose 1-diphosphate; 5-phosphoribosyl diphosphate; 5-phosphoribosyl 1-pyrophosphate; prpp
c00120,biotin; d-biotin; vitamin h; coenzyme r
c00121,d-ribose
c00122,fumarate; fumaric acid; trans-butenedioic acid
c00123,l-leucine; 2-amino-4-methylvaleric acid; (2s)-alpha-2-amino-4-methylvaleric acid; (2s)-alpha-leucine
c00124,d-galactose; d-galactopyranose
c00125,ferricytochrome c; cytochrome c3+
c00126,ferrocytochrome c; cytochrome c2+; reduced cytochrome c
c00127,glutathione disulfide; gssg; oxiglutatione; oxidized glutathione
c00128,cmp-n-acetylneuraminate; cmp-n-acetyl-beta-neuraminate
c00129,isopentenyl diphosphate; delta3-isopentenyl diphosphate; delta3-methyl-3-butenyl diphosphate; 3-methylbut-3-en-1-yl diphosphate
c00130,imp; inosinic acid; inosine monophosphate; inosine 5'-monophosphate; inosine 5'-phosphate; 5'-inosinate; 5'-inosinic acid; 5'-inosine monophosphate; 5'-imp
c00131,datp; 2'-deoxyadenosine 5'-triphosphate; deoxyadenosine 5'-triphosphate; deoxyadenosine triphosphate
c00132,methanol; methyl alcohol; ch3oh
c00133,d-alanine; d-2-aminopropionic acid; d-ala
c00134,"putrescine; 1,4-butanediamine; 1,4-diaminobutane; tetramethylenediamine; butane-1,4-diamine"
c00135,l-histidine; (s)-alpha-amino-1h-imidazole-4-propionic acid
c00136,butanoyl-coa; butyryl-coa
c00137,myo-inositol; d-myo-inositol; 1d-myo-inositol; l-myo-inositol; 1l-myo-inositol; meso-inositol; inositol; dambose; cyclohexitol; meat sugar; bios i
c00138,reduced ferredoxin; reduced ferredoxin [iron-sulfur] cluster
c00139,oxidized ferredoxin; oxidized ferredoxin [iron-sulfur] cluster
c00140,n-acetyl-d-glucosamine; n-acetylchitosamine; 2-acetamido-2-deoxy-d-glucose; glcnac
c00141,3-methyl-2-oxobutanoic acid; 3-methyl-2-oxobutyric acid; 3-methyl-2-oxobutanoate; 2-oxo-3-methylbutanoate; 2-oxoisovalerate; 2-oxoisopentanoate; alpha-ketovaline; 2-ketovaline; 2-keto-3-methylbutyric acid; alpha-ketoisovalerate
c00143,"5,10-methylenetetrahydrofolate; (6r)-5,10-methylenetetrahydrofolate; 5,10-methylene-thf"
c00144,gmp; guanosine 5'-phosphate; guanosine monophosphate; guanosine 5'-monophosphate; guanylic acid
c00145,thiol; mercaptan
c00146,phenol; benzenol; hydroxybenzene; phenic acid; phenylic acid
c00147,adenine; 6-aminopurine
c00148,l-proline; 2-pyrrolidinecarboxylic acid
c00149,(s)-malate; l-malate; l-apple acid; l-malic acid; l-2-hydroxybutanedioic acid; malate; malic acid
c00150,molybdenum
c00151,l-amino acid; l-2-amino acid
c00152,l-asparagine; 2-aminosuccinamic acid
c00153,nicotinamide; nicotinic acid amide; niacinamide; vitamin pp
c00154,palmitoyl-coa; hexadecanoyl-coa
c00155,l-homocysteine; l-2-amino-4-mercaptobutyric acid; homocysteine
c00156,4-hydroxybenzoate; hydroxybenzoic acid; 4-hydroxybenzoic acid; hydroxybenzenecarboxylic acid
c00157,"phosphatidylcholine; lecithin; phosphatidyl-n-trimethylethanolamine; 1,2-diacyl-sn-glycero-3-phosphocholine; choline phosphatide; 3-sn-phosphatidylcholine"
c00158,"citrate; citric acid; 2-hydroxy-1,2,3-propanetricarboxylic acid; 2-hydroxytricarballylic acid"
c00159,d-mannose; mannose; seminose; carubinose; d-mannopyranose
c00160,glycolate; glycolic acid; hydroxyacetic acid
c00161,2-oxo acid; 2-oxocarboxylate; 2-oxocarboxylic acid; 2-oxo carboxylate
c00162,fatty acid
c00163,propanoate; propionate; propanoic acid; propionic acid
c00164,acetoacetate; 3-oxobutanoic acid; beta-ketobutyric acid; acetoacetic acid
c00165,diacylglycerol; diglyceride
c00166,phenylpyruvate; phenylpyruvic acid; alpha-ketohydrocinnamic acid; keto-phenylpyruvate; 3-phenyl-2-oxopropanoate; 2-oxo-3-phenylpropanoate
c00167,udp-glucuronate; udpglucuronate; udp-d-glucuronate; udp-alpha-d-glucuronate
c00168,hydroxypyruvate; hydroxypyruvic acid; 3-hydroxypyruvate; 3-hydroxypyruvic acid
c00169,carbamoyl phosphate
c00170,5'-methylthioadenosine; methylthioadenosine; s-methyl-5'-thioadenosine; 5-methylthioadenosine; 5'-deoxy-5'-(methylthio)adenosine; thiomethyladenosine; mta; 5'-deoxy-5'-(methylsulfanyl)adenosine
c00171,5'-phosphomononucleotide; 5'-nucleotide
c00172,3'-phosphooligonucleotide
c00173,acyl-[acyl-carrier protein]
c00174,acid
c00175,cobalt ion; cobalt(2+); co2+; co(ii)
c00176,flavin
c00177,cyanide ion; prussiate; cn-; cyano; cyanide
c00178,thymine; 5-methyluracil
c00179,agmatine; (4-aminobutyl) guanidine
c00180,benzoate; benzoic acid; benzenecarboxylic acid; phenylformic acid; dracylic acid
c00181,d-xylose; wood sugar
c00182,glycogen
c00183,l-valine; 2-amino-3-methylbutyric acid
c00184,"glycerone; dihydroxyacetone; 1,3-dihydroxyacetone; 1,3-dihydroxy-2-propanone; 1,3-dihydroxypropan-2-one"
c00185,cellobiose; 1-beta-d-glucopyranosyl-4-d-glucopyranose
c00186,(s)-lactate; l-lactate; l-lactic acid
c00187,cholesterol; cholest-5-en-3beta-ol
c00188,l-threonine; 2-amino-3-hydroxybutyric acid
c00189,ethanolamine; aminoethanol; 2-hydroxyethylamine
c00190,udp-d-xylose; udp-xylose; udp-alpha-d-xylose
c00191,d-glucuronate; glucuronic acid; glucuronate
c00192,hydroxylamine; nh2oh
c00193,aromatic aldehyde
c00194,"cobamide coenzyme; adenosylcobalamin; adenosylcob(iii)alamin; deoxyadenosylcobalamin; cobamamide; vitamin b12 coenzyme; 5,6-dimethylbenzimidazolyl-5-deoxyadenosyl-cobamide; (5'-deoxy-5'-adenosyl)cobamide coenzyme; (5,6-dimethylbenzimidazolyl)cobamide coenzyme; alpha-(5,6-dimethylbenzimidazolyl)cobamide coenzyme; 5'-deoxy-5'-adenosylcobalamin; 5'-deoxy-5'-adenosyl vitamin b12; 5'-deoxy-5'-adenosyl-5,6-dimethylbenzimidazolylcobamide; 5,6-dimethylbenzimidazolyl-co-5'-deoxy-5'-adenosylcobamide; calomide; cobalamin coenzyme; coenzyme b12; dmbc coenzyme; dibencozide; funacomide"
c00195,n-acylsphingosine; ceramide; n-acylsphing-4-enine; (4e)-sphing-4-enine ceramide
c00196,"2,3-dihydroxybenzoate; 2,3-dihydroxybenzoic acid"
c00197,3-phospho-d-glycerate; d-glycerate 3-phosphate; 3-phospho-(r)-glycerate; 3-phosphoglycerate
c00198,"d-glucono-1,5-lactone; gluconic lactone; gluconic acid lactone; 1,5-gluconolactone; delta-gluconolactone; d-gluconolactone; gluconolactone"
c00199,d-ribulose 5-phosphate
c00200,phenazine methosulfate; n-methylphenazonium methosulfate; 5-methylphenazinium methyl sulphate
c00201,nucleoside triphosphate; ntp; nucleoside 5'-triphosphate
c00202,isoflurophate; diisopropyl fluorophosphate; dfp
c00203,udp-n-acetyl-d-galactosamine; udp-n-acetyl-alpha-d-galactosamine
c00204,2-dehydro-3-deoxy-d-gluconate; 2-keto-3-deoxy-d-gluconate; 2-dehydro-3-deoxy-d-gluconic acid
c00205,hn; light; photon; hnu
c00206,dadp; 2'-deoxyadenosine 5'-diphosphate
c00207,acetone; dimethyl ketone; 2-propanone; propan-2-one
c00208,maltose; malt sugar; alpha-d-glucopyranosyl-(1->4)-d-glucopyranose
c00209,oxalate; oxalic acid; ethanedioic acid
c00210,cobamide
c00211,collagen
c00212,adenosine
c00213,sarcosine; n-methylglycine
c00214,thymidine; deoxythymidine
c00215,nucleotide
c00216,d-arabinose; d-arabinopyranose
c00217,d-glutamate; d-glutamic acid; d-glutaminic acid; d-2-aminoglutaric acid
c00218,methylamine; methanamine
c00219,"arachidonate; arachidonic acid; (5z,8z,11z,14z)-icosatetraenoic acid; cis-5,8,11,14-eicosatetraenoic acid; 5z,8z,11z,14z-eicosatetraenoic acid; (5z,8z,11z,14z)-icosa-5,8,11,14-tetraenoic acid"
c00220,methylene blue; methylthioninium chloride
c00221,beta-d-glucose; beta-d-glucopyranose
c00222,3-oxopropanoate; malonate semialdehyde
c00223,p-coumaroyl-coa; 4-coumaroyl-coa; 4-hydroxycinnamoyl-coa; trans-4-coumaroyl-coa; (e)-4-coumaroyl-coa
c00224,adenylyl sulfate; adenosine 5'-phosphosulfate; aps; 5'-adenylyl sulfate
c00225,"methyl viologen; paraquat dichloride; 1,1'-dimethyl-4,4'-bipyridinium dichloride"
c00226,primary alcohol; 1-alcohol
c00227,acetyl phosphate
c00229,acyl-carrier protein; acp; [acyl-carrier protein]; holo-[acyl-carrier protein]
c00230,"3,4-dihydroxybenzoate; 3,4-dihydroxybenzoic acid; protocatechuate; protocatechuic acid"
c00231,d-xylulose 5-phosphate
c00232,succinate semialdehyde; succinic semialdehyde; 4-oxobutanoate
c00233,4-methyl-2-oxopentanoate; 2-oxoisocaproate; alpha-ketoisocaproate
c00234,10-formyltetrahydrofolate; 10-formyl-thf
c00235,dimethylallyl diphosphate; 2-isopentenyl diphosphate; delta2-isopentenyl diphosphate; dimethylallyl pyrophosphate; dmapp; monoprenyl diphosphate; prenyl diphosphate
c00236,"3-phospho-d-glyceroyl phosphate; 1,3-bisphospho-d-glycerate; (r)-2-hydroxy-3-(phosphonooxy)-1-monoanhydride with phosphoric propanoic acid; d-glycerate 1,3-diphosphate"
c00237,co; carbon monoxide
c00238,potassium cation; k+; potassium(1+); potassium ion
c00239,dcmp; deoxycytidylic acid; deoxycytidine monophosphate; deoxycytidylate; 2'-deoxycytidine 5'-monophosphate
c00240,rrna; ribosomal rna
c00241,amide
c00242,guanine; 2-amino-6-hydroxypurine
c00243,lactose; 1-beta-d-galactopyranosyl-4-d-glucopyranose; beta-d-gal-(1->4)-d-glc; milk sugar
c00244,nitrate; nitric acid
c00245,taurine; 2-aminoethanesulfonic acid; aminoethylsulfonic acid
c00246,butanoic acid; butanoate; butyrate; butyric acid
c00247,l-sorbose; l-xylo-hexulose
c00248,lipoamide; thioctic acid amide
c00249,hexadecanoic acid; hexadecanoate; hexadecylic acid; palmitic acid; palmitate; cetylic acid
c00250,pyridoxal
c00251,"chorismate; chorismic acid; (3r,4r)-3-[(1-carboxyethenyl)oxy]-4-hydroxycyclohexa-1,5-diene-1-carboxylate"
c00252,isomaltose; brachiose
c00253,nicotinate; nicotinic acid; niacin; 3-pyridinecarboxylic acid
c00254,prephenate; prephenic acid
c00255,"riboflavin; lactoflavin; 7,8-dimethyl-10-ribitylisoalloxazine; vitamin b2"
c00256,(r)-lactate; d-lactate; d-lactic acid; d-2-hydroxypropanoic acid; d-2-hydroxypropionic acid
c00257,d-gluconic acid; d-gluconate; d-gluco-hexonic acid
c00258,d-glycerate; glycerate; (r)-glycerate; glyceric acid
c00259,l-arabinose; l-arabinopyranose
c00261,benzaldehyde; benzoic aldehyde
c00262,hypoxanthine; purine-6-ol
c00263,l-homoserine; 2-amino-4-hydroxybutyric acid
c00264,3-oxoacyl-coa
c00265,"dithiothreitol; 1,4-dithiothreitol; threo-1,4-dimercapto-2,3-butanediol; dl-threo-1,4-dimercapto-2,3-butanediol"
c00266,glycolaldehyde; hydroxyacetaldehyde
c00267,alpha-d-glucose
c00268,"dihydrobiopterin; 6,7-dihydrobiopterin; quinoid-dihydrobiopterin; 6-[(1r,2s)-1,2-dihydroxypropyl]-6,7-dihydropterin"
c00269,"cdp-diacylglycerol; cdp-1,2-diacylglycerol; 1,2-diacyl-sn-glycero-3-cytidine-5'-diphosphate"
c00270,"n-acetylneuraminate; n-acetylneuraminic acid; 5-acetamido-3,5-dideoxy-d-glycero-d-galacto-2-nonulosonic acid; neu5ac"
c00272,"tetrahydrobiopterin; 5,6,7,8-tetrahydrobiopterin; 2-amino-6-(1,2-dihydroxypropyl)-5,6,7,8-tetrahydoro-4(1h)-pteridinone; l-erythro-tetrahydrobiopterin"
c00273,5-dehydro-d-fructose
c00275,d-mannose 6-phosphate
c00279,d-erythrose 4-phosphate
c00280,"androstenedione; androst-4-ene-3,17-dione; 4-androstene-3,17-dione"
c00282,hydrogen; h2
c00283,hydrogen sulfide; hydrogen-sulfide; h2s; sulfide
c00284,edta; ethylenediaminetetraacetic acid; edetic acid; ethylenediaminetetraacetate
c00286,dgtp; 2'-deoxyguanosine 5'-triphosphate; deoxyguanosine 5'-triphosphate; deoxyguanosine triphosphate
c00288,hco3-; hydrogencarbonate; bicarbonate; hydrogen carbonate; acid carbonate
c00290,fibrin
c00291,nickel
c00292,aniline; phenylamine; benzenamine; arylamine
c00294,inosine
c00295,orotate; orotic acid; uracil-6-carboxylic acid
c00296,quinate; quinic acid; kinic acid; chinic acid; l-quinic acid; l-quinate; (-)-quinic acid
c00297,sulfide; thioether
c00298,trypsin; trypsin crystallized
c00299,uridine
c00300,creatine; alpha-methylguanidino acetic acid; methylglycocyamine
c00301,adp-ribose; adp-d-ribose; adenosine diphosphate ribose
c00302,glutamate; glutaminic acid; 2-aminoglutaric acid
c00303,glutamine; 2-aminoglutaramic acid
c00304,kanamycin
c00305,magnesium cation; mg2+; magnesium(2+); magnesium ion
c00306,bradykinin
c00307,cdp-choline; cytidine 5'-diphosphocholine; citicoline
c00308,canavanine; l-canavanine; 2-amino-4-(guanidinooxy)butyric acid
c00309,d-ribulose; d-erythro-2-pentulose; d-arabinoketose; d-arabinulose; d-riboketose
c00310,d-xylulose; d-threo-pentulose; d-lyxulose
c00311,"isocitrate; isocitric acid; 1-hydroxytricarballylic acid; 1-hydroxypropane-1,2,3-tricarboxylic acid"
c00312,l-xylulose; l-threo-pentulose; l-lyxulose
c00313,oxalyl-coa
c00314,pyridoxine; pyridoxol
c00315,"spermidine; n-(3-aminopropyl)-1,4-butane-diamine"
c00317,amylopectin
c00318,"l-carnitine; l-gamma-trimethyl-beta-hydroxybutyrobetaine; vitamin bt; 3-carboxy-2-hydroxy-n,n,n-trimethyl-1-propanaminium hydroxide, inner salt; levocarnitine; (r)-carnitine"
c00319,sphingosine; sphingenine; sphingoid; sphing-4-enine
c00320,thiosulfate; hyposulfite
c00322,2-oxoadipate; 2-oxoadipic acid; 2-oxohexanedioic acid
c00323,"caffeoyl-coa; (2e)-3-(3,4-dihydroxyphenyl)prop-2-enoyl-coa"
c00324,ferricyanide; hexacyanoferrate(iii)
c00325,gdp-l-fucose; gdp-beta-l-fucose
c00326,glycoprotein
c00327,l-citrulline; 2-amino-5-ureidovaleric acid; citrulline
c00328,l-kynurenine; 3-anthraniloyl-l-alanine
c00329,d-glucosamine; chitosamine; 2-amino-2-deoxy-d-glucose
c00330,deoxyguanosine; 2'-deoxyguanosine
c00331,indolepyruvate; indolepyruvic acid; (indol-3-yl)pyruvate; indole-3-pyruvate; 3-(indol-3-yl)pyruvate
c00332,acetoacetyl-coa; acetoacetyl coenzyme a; 3-acetoacetyl-coa
c00333,d-galacturonate; d-galacturonic acid
c00334,4-aminobutanoate; 4-aminobutanoic acid; 4-aminobutyrate; 4-aminobutyric acid; gamma-aminobutyric acid; gaba
c00337,"(s)-dihydroorotate; (s)-4,5-dihydroorotate; l-dihydroorotate; l-dihydroorotic acid; dihydro-l-orotic acid"
c00338,lipopolysaccharide; lps
c00339,long-chain alcohol
c00340,reduced rubredoxin
c00341,geranyl diphosphate
c00342,thioredoxin; reduced thioredoxin
c00343,thioredoxin disulfide; oxidized thioredoxin; thioredoxin sulfide
c00344,phosphatidylglycerol; 3-(3-sn-phosphatidyl)glycerol; 3(3-phosphatidyl-)glycerol; ptdgro
c00345,6-phospho-d-gluconate
c00346,ethanolamine phosphate; o-phosphorylethanolamine; phosphoethanolamine; o-phosphoethanolamine
c00347,long-chain carboxylate; long-chain carboxylic acid
c00348,all-trans-undecaprenyl phosphate
c00349,2-methyl-3-oxopropanoate; 3-oxo-2-methylpropanoate; methylmalonate semialdehyde
c00350,phosphatidylethanolamine; (3-phosphatidyl)ethanolamine; (3-phosphatidyl)-ethanolamine; cephalin; o-(1-beta-acyl-2-acyl-sn-glycero-3-phospho)ethanolamine; 1-acyl-2-acyl-sn-glycero-3-phosphoethanolamine; l-1-phosphatidylethanolamine
c00351,5'-phosphooligonucleotide
c00352,d-glucosamine 6-phosphate; d-glucosamine phosphate
c00353,"geranylgeranyl diphosphate; geranylgeranyl pyrophosphate; all-trans-geranylgeranyl diphosphate; all-trans-geranylgeranyl pyrophosphate; (2e,6e,10e)-3,7,11,15-tetramethylhexadeca-2,6,10,14-tetraen-1-yl diphosphate"
c00354,"d-fructose 1,6-bisphosphate"
c00355,"3,4-dihydroxy-l-phenylalanine; l-dopa; 3-hydroxy-l-tyrosine; l-beta-(3,4-dihydroxyphenyl)alanine; levodopa; dihydroxy-l-phenylalanine"
c00356,(s)-3-hydroxy-3-methylglutaryl-coa; hydroxymethylglutaryl-coa; hydroxymethylglutaroyl coenzyme a; hmg-coa; 3-hydroxy-3-methylglutaryl-coa
c00357,n-acetyl-d-glucosamine 6-phosphate
c00360,damp; 2'-deoxyadenosine 5'-phosphate; 2'-deoxyadenosine 5'-monophosphate; deoxyadenylic acid; deoxyadenosine monophosphate
c00361,dgdp; 2'-deoxyguanosine 5'-diphosphate
c00362,dgmp; 2'-deoxyguanosine 5'-monophosphate; 2'-deoxyguanosine 5'-phosphate; deoxyguanylic acid; deoxyguanosine monophosphate
c00363,dtdp; deoxythymidine 5'-diphosphate
c00364,dtmp; thymidine 5'-phosphate; deoxythymidine 5'-phosphate; thymidylic acid; 5'-thymidylic acid; thymidine monophosphate; deoxythymidylic acid; thymidylate
c00365,dump; deoxyuridylic acid; deoxyuridine monophosphate; deoxyuridine 5'-phosphate; 2'-deoxyuridine 5'-phosphate
c00366,urate; uric acid
c00367,casein
c00369,starch; glycogen
c00370,sterol
c00371,zeatin; n6-(4-hydroxyisopentenyl)adenine; (e)-2-methyl-4-(1h-purin-6-ylamino)but-2-en-1-ol; trans-zeatin
c00372,"dextran; 1,6-alpha-d-glucan; (1,6-alpha-d-glucosyl)n; (1,6-alpha-d-glucosyl)n+1; (1,6-alpha-d-glucosyl)m; (1,6-alpha-d-glucosyl)m+1; dextran 40; dextran 70; dextran 75"
c00373,elastin
c00374,heparin; enoxaparin; bemiparin
c00375,rch2nh2
c00376,retinal; vitamin a aldehyde; retinene; all-trans-retinal; all-trans-vitamin a aldehyde; all-trans-retinene
c00377,steroid
c00378,thiamine; thiamin; vitamin b1; aneurin; antiberiberi factor
c00379,xylitol
c00380,cytosine
c00381,"dolichol; ditrans,polycis-dolichol"
c00383,malonate; malonic acid; propanedioic acid
c00384,neomycin
c00385,xanthine
c00386,carnosine; nalpha-(beta-alanyl)-l-histidine
c00387,guanosine
c00388,histamine; 1h-imidazole-4-ethanamine; 2-(4-imidazolyl)ethylamine
c00389,"quercetin; 3,3',4,5,7-pentahydroxyflavone; 3,5,7,3',4'-pentahydroxyflavone"
c00390,ubiquinol; qh2; coqh2; ubiquinol-n
c00391,calmodulin
c00392,mannitol; d-mannitol
c00393,fibrinogen; coagulation factor i
c00394,gdp-glucose; gdp-d-glucose; gdp-alpha-d-glucose
c00395,penicillin; penam
c00396,pyrimidine; pyrimidine base
c00397,tobramycin; nebramycin factor 6; 3'-deoxykanamycin b
c00398,tryptamine; 3-(2-aminoethyl)indole
c00399,ubiquinone; coenzyme q; coq; q
c00400,(-)-menthol; l-menthol
c00401,chondroitin; chondroitin-d-glucuronate
c00402,d-aspartate; d-aspartic acid
c00403,polypeptide
c00404,polyphosphate; (phosphate)n; (phosphate)n+1; (phosphate)n-1; (polyphosphate)n; (polyphosphate)n-1
c00405,d-amino acid
c00406,feruloyl-coa; trans-feruloyl-coa; 4-hydroxy-3-methoxycinnamoyl-coa; (e)-3-(4-hydroxy-3-methoxyphenyl)propenoyl-coa
c00407,l-isoleucine; 2-amino-3-methylvaleric acid
c00408,l-pipecolate; pipecolinic acid; pipecolic acid; 2-piperidinecarboxylic acid; (s)-piperidine-2-carboxylic acid
c00409,methanethiol; methylmercaptan
c00410,"progesterone; 4-pregnene-3,20-dione"
c00411,sinapoyl-coa
c00412,stearoyl-coa; stearyl-coa; stearyl coenzyme a; octadecanoyl-coa
c00413,streptomycin
c00414,cyclohexanone
c00415,"dihydrofolate; dihydrofolic acid; 7,8-dihydrofolate; 7,8-dihydrofolic acid; 7,8-dihydropteroylglutamate"
c00416,"phosphatidate; phosphatidic acid; 1,2-diacyl-sn-glycerol 3-phosphate; 3-sn-phosphatidate"
c00417,cis-aconitate; cis-aconitic acid
c00418,"(r)-mevalonate; mevalonic acid; 3,5-dihydroxy-3-methylvaleric acid; (3r)-3,5-dihydroxy-3-methylpentanoic acid; (r)-mevalonic acid"
c00419,polynucleotide
c00420,polysaccharide; glycan; polyglycose
c00422,triacylglycerol; triglyceride
c00423,trans-cinnamate; trans-cinnamic acid; (e)-cinnamate; (2e)-3-phenylprop-2-enoate
c00424,(s)-lactaldehyde; l-lactaldehyde; l-2-hydroxypropionaldehyde
c00426,dermatan sulfate
c00427,"prostaglandin h2; (5z,13e)-(15s)-9alpha,11alpha-epidioxy-15-hydroxyprosta-5,13-dienoate; (5z,13e,15s)-9alpha,11alpha-epidioxy-15-hydroxyprosta-5,13-dienoate; pgh2; (5z,9alpha,11alpha,13e,15s)-9,11-epidioxy-15-hydroxy-prosta-5,13-dienoate"
c00429,"5,6-dihydrouracil; dihydro-2,4(1h,3h)-pyrimidinedione; dihydrouracile; dihydrouracil; 5,6-dihydro-2,4-dihydroxypyrimidine; hydrouracil; 2,4-dioxotetrahydropyrimidine"
c00430,5-aminolevulinate; 5-amino-4-oxopentanoate; 5-amino-4-oxovaleric acid; 5-amino-4-oxopentanoic acid
c00431,5-aminopentanoate; 5-aminopentanoic acid; 5-aminovaleric acid
c00433,"2,5-dioxopentanoate; 2-oxoglutarate semialdehyde"
c00434,double-stranded dna
c00435,oxidized rubredoxin
c00436,n-carbamoylputrescine
c00437,n-acetylornithine; n2-acetyl-l-ornithine
c00438,n-carbamoyl-l-aspartate
c00439,n-formimino-l-glutamate; n-formimidoyl-l-glutamate
c00440,5-methyltetrahydrofolate
c00441,l-aspartate 4-semialdehyde; aspartate beta-semialdehyde; l-aspartic 4-semialdehyde
c00444,5'-phosphooligoribonucleotide
c00445,"5,10-methenyltetrahydrofolate"
c00446,alpha-d-galactose 1-phosphate; alpha-d-galactopyranose 1-phosphate
c00447,"sedoheptulose 1,7-bisphosphate; d-sedoheptulose 1,7-bisphosphate; d-altro-heptulose 1,7-biphosphate"
c00448,"trans,trans-farnesyl diphosphate; farnesyl diphosphate; farnesyl pyrophosphate; 2-trans,6-trans-farnesyl diphosphate; (2e,6e)-farnesyl diphosphate"
c00449,"n6-(l-1,3-dicarboxypropyl)-l-lysine; saccharopine; l-saccharopine; n-[(s)-5-amino-5-carboxypentyl]-l-glutamic acid"
c00450,"(s)-2,3,4,5-tetrahydropyridine-2-carboxylate; delta1-piperideine-6-l-carboxylate"
c00451,"(1r,2s)-1-hydroxypropane-1,2,3-tricarboxylate; d-threo-isocitric acid"
c00454,ndp; nucleoside diphosphate; nucleoside 5'-diphosphate
c00455,nicotinamide d-ribonucleotide; nmn; nicotinamide mononucleotide; nicotinamide ribonucleotide; nicotinamide nucleotide; beta-nicotinamide d-ribonucleotide; beta-nicotinamide ribonucleotide; beta-nicotinamide mononucleotide
c00458,dctp; deoxycytidine 5'-triphosphate; deoxycytidine triphosphate; 2'-deoxycytidine 5'-triphosphate
c00459,dttp; deoxythymidine triphosphate; deoxythymidine 5'-triphosphate; ttp
c00460,dutp; 2'-deoxyuridine 5'-triphosphate
c00461,"chitin; beta-1,4-poly-n-acetyl-d-glucosamine; [1,4-(n-acetyl-beta-d-glucosaminyl)]n; [1,4-(n-acetyl-beta-d-glucosaminyl)]n+1"
c00462,halide; hydrogen halide; hx; halo acid
c00463,"indole; 2,3-benzopyrrole"
c00464,mannan; mannoglycan
c00466,acetoin; 2-acetoin; 3-hydroxybutan-2-one; 3-hydroxy-2-butanone; dimethylketol
c00468,"estrone; 3-hydroxy-1,3,5(10)-estratrien-17-one"
c00469,ethanol; ethyl alcohol; methylcarbinol
c00470,"pectate; pectic acid; alpha-d-polygalacturonic acid; poly(1,4-alpha-d-galacturonate); poly(1,4-alpha-d-galacturonate)(n); (1,4-alpha-d-galacturonide)n; [(1->4)-alpha-d-galacturonosyl]n; de-esterified pectin; (1,4-alpha-d-galacturonosyl)n"
c00471,plasmin
c00472,"p-benzoquinone; quinone; chinone; 2,5-cyclohexadiene-1,4-dione; 1,4-benzoquinone"
c00473,retinol; all-trans-retinol; vitamin a; vitamin a1
c00474,ribitol; adonitol
c00475,cytidine
c00476,d-lyxose
c00477,"ecdysone; (2beta,3beta,5beta,22r)-2,3,14,22,25-pentahydroxycholest-7-en-6-one"
c00478,lichenin; lichenan
c00479,propanal; propionaldehyde
c00480,pullulan
c00481,"pyrazole; 1,2-diazole"
c00482,"sinapate; sinapic acid; 3,5-dimethoxy-4-hydroxycinnamic acid"
c00483,tyramine; 2-(p-hydroxyphenyl)ethylamine
c00484,arylamide
c00486,bilirubin
c00487,carnitine; gamma-trimethyl-hydroxybutyrobetaine; 3-hydroxy-4-trimethylammoniobutanoate
c00488,formamide; methanamide
c00489,"glutarate; glutaric acid; pentanedioic acid; 1,3-propanedicarboxylic acid"
c00490,itaconate; itaconic acid; methylenesuccinic acid
c00491,l-cystine; l-dicysteine; l-alpha-diamino-beta-dithiolactic acid
c00492,raffinose; melitose; melitriose; gossypose; 6g-alpha-d-galactosylsucrose
c00493,"shikimate; shikimic acid; 3,4,5-trihydroxy-1-cyclohexenecarboxylic acid"
c00494,sisomicin; antibiotic 6640; dehydrogentamicin cla; rickamicin
c00495,sulochrin
c00496,ubiquitin
c00497,(r)-malate; d-malate; d-malic acid
c00498,adp-glucose; adp-alpha-d-glucose; adenosine diphosphoglucose
c00499,allantoate; allantoic acid
c00500,biliverdin; biliverdin ix alpha
c00501,cdp-glucose; cdp-d-glucose
c00502,d-xylonate
c00503,erythritol; erythrol; phycitol; phycite; erythrite
c00504,folate; pteroylglutamic acid; folic acid
c00505,gentamicin
c00506,l-cysteate; l-cysteic acid; 3-sulfoalanine; 2-amino-3-sulfopropionic acid
c00507,l-rhamnose; 6-deoxy-l-mannose; l-mannomethylose; l-rhamnopyranose
c00508,l-ribulose; l-erythro-pentulose; l-arabinoketose; l-arabinulose; l-riboketose
c00509,"naringenin; 4',5,7-trihydroxyflavanone; (2s)-naringenin; (-)-(2s)-naringenin"
c00510,oleoyl-coa; (9z)-octadecenoyl-coa
c00511,acrylic acid; propenoate; acrylate; 2-propenoic acid; vinylformic acid
c00512,benzoyl-coa; s-benzoyl-coenzyme a
c00513,cdp-glycerol
c00514,d-mannonate
c00515,d-ornithine
c00516,fibronectin
c00517,hexadecanal; palmitaldehyde
c00518,"hyaluronate; hyaluronic acid; hyaluronan; [beta-n-acetyl-d-glucosaminyl(1,4)beta-d-glucuronosyl(1,3)]n"
c00519,hypotaurine; 2-aminoethanesulfinic acid
c00521,(s)-limonene; (-)-limonene; (4s)-1-methyl-4-(prop-1-en-2-yl)cyclohexene; (-)-(s)-limonene; (-)-(4s)-limonene
c00522,(r)-pantoate; pantoate; pantoic acid
c00523,androsterone; 3alpha-hydroxy-5alpha-androstan-17-one
c00524,cytochrome c; holocytochrome c
c00525,d-tryptophan
c00526,deoxyuridine; 2-deoxyuridine; 2'-deoxyuridine
c00527,glutaryl-coa
c00528,glycopeptide
c00530,"hydroquinone; p-benzenediol; 1,4-benzenediol; 1,4-dihydroxybenzene; benzene-1,4-diol; quinol; 4-hydroxyphenol"
c00531,itaconyl-coa
c00532,l-arabitol; l-arabinol; l-arabinitol; l-lyxitol
c00533,nitric oxide; no; nitrogen monoxide
c00534,pyridoxamine; pm
c00535,testosterone; 17beta-hydroxy-4-androsten-3-one
c00536,triphosphate; triphosphoric acid; tripolyphosphate; inorganic triphosphate
c00538,2-oxoaldehyde
c00539,aromatic acid; aromatic carboxylic acid
c00540,cinnamoyl-coa; s-(cinnamoyl) coenzyme a
c00541,cob(ii)alamin; vitamin b12r
c00542,cystathionine
c00543,dimethylamine; (ch3)2nh
c00544,"homogentisate; homogentisic acid; 2,5-dihydroxyphenylacetic acid; 2,5-dihydroxyphenylacetate"
c00545,l-arabinonate
c00546,methylglyoxal; pyruvaldehyde; pyruvic aldehyde; 2-ketopropionaldehyde; 2-oxopropanal
c00547,"l-noradrenaline; noradrenaline; norepinephrine; arterenol; 4-[(1r)-2-amino-1-hydroxyethyl]-1,2-benzenediol"
c00548,"phenyl acetate; acetylphenol; acetic acid,phenyl ester"
c00549,rna (poly(u))
c00550,sphingomyelin
c00551,beta-d-glucan; beta-glucan
c00552,meso-tartaric acid; meso-tartrate
c00553,(+)-neomenthol
c00555,4-aminobutyraldehyde; 4-aminobutanal
c00556,benzyl alcohol; alpha-hydroxytoluene; benzenemethanol; phenylmethanol; phenylcarbinol; hydroxymethylbenzene
c00557,cyclopentanone
c00558,d-tagaturonate; d-tagaturonic acid
c00559,deoxyadenosine; 2'-deoxyadenosine
c00561,mandelonitrile; benzaldehyde cyanohydrin; (r)-mandelonitrile
c00562,phosphoprotein
c00563,phosphoramidon
c00565,"trimethylamine; (ch3)3n; n,n-dimethylmethanamine"
c00566,(3s)-citryl-coa
c00568,4-aminobenzoate; abee; 4-aminobenzoic acid; p-aminobenzoate
c00569,arabinogalactan; arabinogalactoglycan
c00570,cdp-ethanolamine; cytidine diphosphate ethanolamine
c00571,cyclohexylamine; cyclohexanamine
c00573,keratan sulfate; kerato sulfate; keratan 6'-sulfate; keratan; kerato 6'-sulfate
c00574,beta-d-fucoside
c00575,"3',5'-cyclic amp; cyclic adenylic acid; cyclic amp; adenosine 3',5'-phosphate; adenosine 3',5'-cyclic phosphate; camp"
c00576,betaine aldehyde
c00577,d-glyceraldehyde
c00579,dihydrolipoamide; dihydrothioctamide
c00580,dimethyl sulfide; methyl sulfide; methyl thioether
c00581,guanidinoacetate; guanidinoacetic acid; glycocyamine; n-amidinoglycine; guanidoacetic acid
c00582,phenylacetyl-coa; phenylacetyl coenzyme a
c00583,"propane-1,2-diol; 1,2-propanediol; propylene glycol"
c00584,"prostaglandin e2; (5z,13e)-(15s)-11alpha,15-dihydroxy-9-oxoprosta-5,13-dienoate; dinoprostone; pge2"
c00585,protein tyrosine; [protein]-l-tyrosine
c00586,2-deoxy-d-glucose; 2-deoxy-d-arabino-hexose; d-arabino-2-deoxyhexose
c00587,3-hydroxybenzoate; 3-hydroxybenzoic acid; m-hydroxybenzoic acid
c00588,choline phosphate; phosphorylcholine; phosphocholine; o-phosphocholine
c00590,coniferyl alcohol; coniferol; 4-(3-hydroxy-1-propenyl)-2-methoxyphenol; trans-coniferyl alcohol
c00591,n-acylneuraminate
c00593,sulfoacetaldehyde; 2-sulfoacetaldehyde; 2-oxoethanesulfonate
c00596,"2-hydroxy-2,4-pentadienoate; cis-2-hydroxypenta-2,4-dienoate; oxopent-4-enoate; 2-oxopent-4-enoate; 2-hydroxypenta-2,4-dienoate"
c00597,glycerate 3-phosphate; 3-phosphoglycerate
c00599,cholest-4-en-3-one; cholestenone; 4-cholesten-3-one
c00601,phenylacetaldehyde; alpha-tolualdehyde
c00602,beta-d-galactoside
c00603,(s)-ureidoglycolate; (-)-ureidoglycolate
c00604,"1,10-phenanthroline; o-phenanthroline"
c00605,"2,3-dehydroacyl-coa; dehydroacyl-coa"
c00606,3-sulfino-l-alanine; l-cysteinesulfinic acid; 3-sulphino-l-alanine; 3-sulfinoalanine
c00607,chondroitin sulfate
c00608,deoxyribonucleotide
c00609,long-chain aldehyde
c00611,"n-acetyllactosamine; beta-d-galactosyl-1,4-n-acetyl-d-glucosamine; beta-d-galactosyl-1,4-n-acetyl-beta-d-glucosamine"
c00612,n1-acetylspermidine
c00613,protein-l-arginine; peptide l-arginine
c00614,protein glutamate; protein l-glutamate
c00615,protein histidine; protein l-histidine; [protein]-l-histidine
c00616,quercetin 3-sulfate
c00617,udp-d-galacturonate; udpgalacturonate; udp-alpha-d-galacturonate
c00618,3-dehydro-l-gulonate
c00619,3-oxo-delta4-steroid
c00620,alpha-d-ribose 1-phosphate; ribose 1-phosphate; d-ribose 1-phosphate
c00621,dolichyl diphosphate; dolichol diphosphate
c00623,sn-glycerol 1-phosphate; sn-gro-1-p; l-glycerol 1-phosphate
c00624,n-acetyl-l-glutamate; n-acetyl-l-glutamic acid
c00625,n-acyl-d-mannosamine
c00627,pyridoxine phosphate; pyridoxine 5'-phosphate; pyridoxine 5-phosphate; pyridoxol 5'-phosphate
c00628,"2,5-dihydroxybenzoate; 2,5-dihydroxybenzoic acid; gentisic acid; hydroquinonecarboxylic acid; gentisate"
c00630,2-methylpropanoyl-coa; 2-methylpropionyl-coa; isobutyryl-coa
c00631,2-phospho-d-glycerate; d-glycerate 2-phosphate; 2-phospho-(r)-glycerate
c00632,3-hydroxyanthranilate; 3-hydroxyanthranilic acid
c00633,4-hydroxybenzaldehyde; p-hydroxybenzaldehyde
c00634,chondroitin 4-sulfate; chondroitin sulfate a; chondroitin 4'-sulfate
c00635,chondroitin 6-sulfate; chondroitin sulfate c; chondroitin 6'-sulfate
c00636,d-mannose 1-phosphate; alpha-d-mannose 1-phosphate
c00637,indole-3-acetaldehyde; 2-(indol-3-yl)acetaldehyde; indoleacetaldehyde
c00638,long-chain fatty acid; higher fatty acid
c00639,"prostaglandin f2alpha; (5z,13e)-(15s)-9alpha,11alpha,15-trihydroxyprosta-5,13-dienoate; (+)-prostaglandin f2a; 7-[3,5-dihydroxy-2-(3-hydroxy-1-octenyl)cyclopentyl]-5-heptenoic acid; 9a,11a-pgf2; amoglandin; cyclosin; dinoprost; enzaprost; enzaprost f; panacelan; pgf2a; 9,11,15-trihydroxy-(5z,9a,11a,13e,15s)-prosta-5,13-dien-1-oic acid; prostaglandin f2a; prostin f 2 alpha; protamodin; u 14583; (5z,9alpha,11alpha,13e,15s)-9,11,15-trihydroxyprosta-5,13-dienoate"
c00640,(3s)-3-hydroxyacyl-coa; (s)-3-hydroxyacyl-coa
c00641,"1,2-diacyl-sn-glycerol; 1,2-diacylglycerol; l-1,2-diacylglycerol"
c00642,4-hydroxyphenylacetate; 4-hydroxyphenylacetic acid
c00643,5-hydroxy-l-tryptophan; oxitriptan
c00644,d-mannitol 1-phosphate
c00645,n-acetyl-d-mannosamine; 2-acetamido-2-deoxy-d-mannose
c00647,pyridoxamine phosphate; pyridoxamine 5'-phosphate; pyridoxamine 5-phosphate
c00650,4-hydroxymandelonitrile
c00651,4-methylene-l-glutamate
c00652,"d-arabinono-1,4-lactone"
c00653,"poly(ribitol phosphate); poly-1,5-ribitol phosphate; (ribitol phosphate)n; (ribitol phosphate)n+1"
c00655,xanthosine 5'-phosphate; xanthylic acid; xmp; (9-d-ribosylxanthine)-5'-phosphate
c00658,"trans-2,3-dehydroacyl-coa; trans-2-enoyl-coa; trans-2,3-didehydroacyl-coa; trans-didehydroacyl-coa; (2e)-2-enoyl-coa"
c00659,2-aceto-2-hydroxybutanoate
c00661,glyceraldehyde 3-phosphate
c00662,reduced adrenal ferredoxin; reduced adrenodoxin
c00663,beta-d-glucose 1-phosphate
c00664,5-formiminotetrahydrofolate; 5-formimidoyltetrahydrofolate
c00665,"beta-d-fructose 2,6-bisphosphate; d-fructose 2,6-bisphosphate"
c00666,"ll-2,6-diaminoheptanedioate; ll-2,6-diaminopimelate; ll-2,6-diaminopimelic acid; (2s,6s)-2,6-diaminoheptanedioic acid"
c00667,oxidized adrenal ferredoxin; oxidized adrenodoxin
c00668,alpha-d-glucose 6-phosphate
c00669,gamma-l-glutamyl-l-cysteine; l-gamma-glutamylcysteine; 5-l-glutamyl-l-cysteine; gamma-glutamylcysteine
c00670,sn-glycero-3-phosphocholine; glycerophosphocholine
c00671,(s)-3-methyl-2-oxopentanoic acid; (s)-3-methyl-2-oxopentanoate; (3s)-3-methyl-2-oxopentanoic acid; (3s)-3-methyl-2-oxopentanoate
c00672,2-deoxy-d-ribose 1-phosphate; 2-deoxy-alpha-d-ribose 1-phosphate
c00673,2-deoxy-d-ribose 5-phosphate
c00674,"5alpha-androstane-3,17-dione; androstanedione"
c00675,deoxynucleoside 3'-phosphate; 2'-deoxyribonucleoside 3'-phosphate
c00676,deoxynucleoside 5'-phosphate; 2'-deoxynucleoside 5'-phosphate; 2'-deoxyribonucleoside 5'-phosphate; 2'-deoxynucleoside 5'-monophosphate; 2'-deoxyribonucleoside 5'-monophosphate
c00677,deoxynucleoside triphosphate; 2'-deoxyribonucleoside 5'-triphosphate; 2'-deoxyribonucleoside triphosphate
c00679,"5-dehydro-4-deoxy-d-glucarate; (2r,3s)-2,3-dihydroxy-5-oxohexanedioate"
c00680,"meso-2,6-diaminoheptanedioate; meso-2,6-diaminopimelate; meso-2,6-diaminopimelic acid; meso-diaminoheptanedioate"
c00681,1-acyl-sn-glycerol 3-phosphate; 2-lysophosphatidate; lysophosphatidate; lysophosphatidic acid
c00682,2-hydroxymuconate semialdehyde; 2-hydroxymuconic semialdehyde; 2-hydroxymuconate-6-semialdehyde
c00683,(s)-methylmalonyl-coa; (s)-methylmalonyl-coenzyme a; (2s)-methylmalonyl-coa; d-methylmalonyl-coa
c00684,2-dehydro-3-deoxy-l-arabinonate; 2-dehydro-3-deoxy-l-pentonate; 2-dehydro-3-deoxy-l-arabinonic acid
c00685,3-oxoacyl-[acyl-carrier protein]
c00686,n-acyl-d-mannosamine 6-phosphate
c00688,dtdp-4-dehydro-beta-l-rhamnose; dtdp-4-dehydro-6-deoxy-beta-l-mannose; dtdp-4-oxo-6-deoxy-l-mannose; dtdp-4-oxo-l-rhamnose
c00689,"alpha,alpha'-trehalose 6-phosphate; trehalose 6-phosphate"
c00691,"2,4,6/3,5-pentahydroxycyclohexanone; scyllo-inosose; 2-inosose"
c00692,udp-n-acetylmuramoyl-l-alanyl-d-glutamate; udp-n-acetyl-alpha-d-muramoyl-l-alanyl-d-glutamate
c00693,"trans-2,3-dehydroacyl-[acyl-carrier protein]; trans-2-enoyl-[acyl-carrier protein]; (2e)-unsaturated fatty acyl-[acyl-carrier protein]"
c00694,"beta-d-galactosyl-(1->4)-n-acetyl-beta-d-glucosaminyl-r; beta-d-galactosyl-1,4-n-acetyl-d-glucosaminyl-r; beta-d-galactosyl-(1->4)-n-acetyl-d-glucosaminyl-r"
c00695,"cholic acid; cholate; 3alpha,7alpha,12alpha-trihydroxy-5beta-cholanate; 3alpha,7alpha,12alpha-trihydroxy-5beta-cholanic acid"
c00696,"prostaglandin d2; (5z,13e)-(15s)-9alpha,15-dihydroxy-11-oxoprosta-5,13-dienoate; (5z,13e,15s)-9alpha,15-dihydroxy-11-oxoprosta-5,13-dienoate; pgd2"
c00697,nitrogen; n2
c00698,cl-; chloride; chloride ion
c00700,xtp; xanthosine 5'-triphosphate
c00701,base; nucleobase; base1; base2
c00703,mercury(2+); hg2+; mercuric ion
c00704,superoxide; o2.-; superoxide anion; o2-
c00705,dcdp; 2'-deoxycytidine diphosphate; 2'-deoxycytidine 5'-diphosphate
c00706,amine; primary amine; substituted amine
c00707,xylan
c00708,iodide; i-; iodide ion
c00711,malate; malic acid; 2-hydroxybutanedioic acid
c00712,(9z)-octadecenoic acid; (z)-octadec-9-enoic acid; oleate; oleic acid
c00713,panose
c00714,"pectin; poly(1,4-alpha-d-galacturonide)"
c00715,pterin; 2-amino-4-oxopteridine; 2-amino-4-hydroxypteridine
c00716,serine; 2-amino-3-hydroxypropionic acid; 3-hydroxyalanine
c00717,alditol; glycitol; sugar alcohol
c00718,"amylose; amylose chain; (1,4-alpha-d-glucosyl)n; (1,4-alpha-d-glucosyl)n+1; (1,4-alpha-d-glucosyl)n-1; 4-{(1,4)-alpha-d-glucosyl}(n-1)-d-glucose; 1,4-alpha-d-glucan"
c00719,"betaine; trimethylaminoacetate; glycine betaine; n,n,n-trimethylglycine; trimethylammonioacetate"
c00720,rbr
c00721,dextrin
c00722,epoxide; oxirane; alkene oxide; olefin oxide
c00723,insulin
c00725,lipoate; lipoic acid; thioctic acid; dl-alpha-lipoic acid; dl-thioctic acid
c00726,nitrile; r-cn
c00727,"orcinol; 5-methyl-1,3-benzenediol; 5-methylresorcinol; 3,5-toluenediol; 3,5-dihydroxytoluene"
c00729,tropine; 3alpha-tropanol
c00732,ubenimex
c00734,"chitosan; beta-1,4-poly-d-glucosamine"
c00735,"cortisol; hydrocortisone; 11beta,17alpha,21-trihydroxy-4-pregnene-3,20-dione; kendall's compound f; reichstein's substance m"
c00736,cysteine; 2-amino-3-mercaptopropionic acid
c00737,d-aldose; d-aldose1; d-aldose2
c00738,d-hexose; hexose
c00739,"d-lysine; d-2,6-diaminohexanoic acid"
c00740,d-serine
c00741,"diacetyl; biacetyl; dimethylglyoxal; 2,3-butanedione"
c00742,fluoride; f-; fluoride ion
c00744,macrocin; tylosin c
c00745,nicotine; (s)-3-(1-methylpyrrolidin-2-yl)pyridine; (s)-nicotine; 3-[(s)-1-methylpyrrolidin-2-yl]pyridine
c00746,oxytocin; ocytocin; ot; oxt
c00747,pyridine; azabenzene
c00748,siroheme
c00750,"spermine; n,n'-bis(3-aminopropyl)-1,4-butanediamine"
c00751,squalene; spinacene; supraene
c00752,thrombin; coagulation factor iia
c00753,tungsten
c00755,4-hydroxy-3-methoxy-benzaldehyde; vanillin; vanillaldehyde; 4-hydroxy-3-methoxybenzaldehyde
c00756,1-octanol; octan-1-ol
c00757,berberine; umbellatine
c00758,bergaptol; 5-hydroxypsoralen; 5-hydroxyfuranocoumarin
c00759,caldesmon
c00760,"cellulose; (1,4-beta-d-glucosyl)n; (1,4-beta-d-glucosyl)n+1; (1,4-beta-d-glucosyl)n-1; 1,4-beta-d-glucan; microcrystalline cellulose"
c00761,coniferin
c00762,"cortisone; 17alpha,21-dihydroxy-4-pregnene-3,11,20-trione; kendall's compound e; reichstein's substance fa"
c00763,d-proline
c00764,d-sorbose; d-xylo-hexulose
c00765,digitonin
c00766,"flavanone; 2,3-dihydroflavone"
c00768,histidine; alpha-amino-1h-imidazole-4-propionic acid
c00770,l-idonate
c00771,laminarin; laminaran
c00772,mevaldate; mevaldic acid
c00773,pepstatin
c00774,"phloretin; 3-(4-hydroxyphenyl)-1-(2,4,6-trihydroxyphenyl)propan-1-one"
c00775,porphyran
c00777,"retinoate; retinoic acid; vitamin a acid; all-trans-retinoate; acide retinoique (french) (dsl); tretinoine (french) (einecs); 3,7-dimethyl-9-(2,6,6-trimethyl-1-cyclohexene-1-yl)-2,4,6,8-nonatetraenoic acid (ecl); (all-e)-3,7-dimethyl-9-(2,6,6-trimethyl-1-cyclohexen-1-yl)-2,4,6,8-nonatetraenoic acid; beta-retinoic acid; agn 100335; all-(e)-retinoic acid; all-trans-beta-retinoic acid; all-trans-retinoic acid; all-trans-tretinoin; all-trans-vitamin a acid; ro 1-5488; trans-retinoic acid; tretin m; all-trans-vitamin a1 acid"
c00778,rhodopsin; visual purple
c00779,"scytalone; 3,4-dihydro-3,6,8-trihydoroxy-1(2h)-napthalenone"
c00780,serotonin; 3-(2-aminoethyl)-1h-indol-5-ol; 5-hydroxytryptamine; enteramine
c00783,tropinone; 3-tropanone
c00785,urocanate; urocanic acid
c00786,(-)-vestitone; vestitone
c00787,trna(tyr)
c00788,"l-adrenaline; (r)-(-)-adrenaline; (r)-(-)-epinephrine; (r)-(-)-epirenamine; (r)-(-)-adnephrine; 4-[(1r)-1-hydroxy-2-(methylamino)ethyl]-1,2-benzenediol"
c00789,cdp-ribitol; cdp-l-ribitol; cdp 5-ester with d-ribitol
c00791,creatinine; 1-methylglycocyamidine
c00792,d-arginine; d-2-amino-5-guanidinovaleric acid
c00793,d-cysteine; d-amino-3-mercaptopropionic acid
c00794,d-sorbitol; d-glucitol; l-gulitol; sorbitol
c00795,d-tagatose; lyxo-hexulose
c00796,dicumarol; dicoumarol
c00797,ethylamine
c00798,formyl-coa
c00799,isoflavone
c00800,l-gulonate; l-gulonic acid; gulonate; gulonic acid
c00801,nucleoside
c00802,oxalureate; oxaluric acid; monooxalylurea; oxalurate; n-carbamoyl-2-oxoglycine
c00803,pentanoate; valerate; pentanoic acid; valeric acid; valerianic acid; n-pentanoate; n-valeric acid
c00804,propynoate; propiolic acid; acetylenecarboxylic acid; acetylenemonocarboxylate
c00805,salicylate; o-hydroxybenzoic acid; salicylic acid
c00806,tryptophan; alpha-amino-beta-(3-indolyl)-propionic acid
c00807,xyloglucan
c00808,"(+)-camphor; d-camphor; (1r,4r)-1,7,7-trimethylbicyclo[2.2.1]heptan-2-one"
c00809,"(-)-camphor; (-)-bornan-2-one; (1s,4s)-1,7,7-trimethylbicyclo[2.2.1]heptan-2-one"
c00810,(r)-acetoin; (r)-2-acetoin; (r)-3-hydroxy-2-butanone; (r)-dimethylketol; (r)-3-hydroxybutan-2-one; (3r)-3-hydroxybutan-2-one
c00811,4-coumarate; p-coumaric acid; trans-4-hydroxycinnamate; trans-p-hydroxycinnamate; 4-hydroxycinnamic acid; 4-hydroxycinnamate
c00812,alkyl thiol
c00813,barbiturate; barbituric acid; malonylurea
c00814,biochanin a
c00815,citramalate; citramalic acid; alpha-hydroxypyrotartaric acid; 2-methylmalic acid
c00816,collagenase
c00817,d-altronate
c00818,d-glucarate; d-glucaric acid; l-gularic acid; d-saccharic acid; d-glucosaccharic acid; glucaric acid; glucarate
c00819,d-glutamine; d-2-aminoglutaramic acid
c00820,d-threonine; d-2-amino-3-hydroxybutyric acid
c00821,dna adenine; adenine in dna
c00822,dopaquinone
c00823,1-hexadecanol; hexadecanol; cetyl alcohol; palmityl alcohol; 16-hexadecanol
c00824,iron-sulfur; iron-sulfur cluster
c00825,kanamycin b; bekanamycin; nebramycin factor 5
c00826,l-arogenate; l-arogenic acid; pretyrosine
c00827,lactoyl-coa
c00828,menaquinone; vitamin k2
c00829,naphthalene
c00830,oxomalonate; oxomalonic acid; ketomalonic acid; mesoxalic acid
c00831,pantetheine; (r)-pantetheine
c00832,paromomycin; paromomycin i; aminosidin; catenulin; hydroxymycin; monomycin a; zygomycin a1; neomycin e
c00835,sepiapterin
c00836,"sphinganine; dihydrosphingosine; 2-amino-1,3-dihydroxyoctadecane"
c00837,streptidine
c00839,tropomyosin; tropomyosin serine; unphosphorylated tropomyosin
c00840,vasopressin; antidiuretic hormone; adh; vp
c00841,xanthotoxol; 8-hydroxypsoralen; 8-hydroxyfuranocoumarin
c00842,dtdp-glucose; dtdp-d-glucose; dtdp-alpha-d-glucose
c00843,(-)-menthone; l-menthone; p-menthan-3-one
c00844,prunasin; (r)-prunasin
c00845,2-furoyl-coa
c00846,3-oxoadipate; 3-oxoadipic acid; 3-keto-adipate; 3-oxohexanedioic acid
c00847,4-pyridoxate; 4-pyridoxic acid
c00848,"6-oxocineole; (1r,4s)-1,3,3-trimethyl-2-oxabicyclo[2.2.2]octan-6-one; 2-oxo-1,8-cineole"
c00849,ethyl acetate
c00850,aryl sulfate; phenol sulfate
c00852,chlorogenate; chlorogenic acid; caffeoyl quinic acid; trans-5-o-caffeoyl-d-quinate
c00853,cob(i)alamin; cbl; vitamin b12s
c00854,cyclohexanol; hexalin; hexahydrophenol; cyclohexan-1-ol
c00855,d-methionine; d-2-amino-4-(methylthio)butyric acid
c00856,dna cytosine; cytosine (in dna)
c00857,deamino-nad+; deamido-nad+; deamido-nad; nicotinic acid adenine dinucleotide
c00858,formononetin
c00859,gibberellin a1; gibberellin 1
c00860,l-histidinol
c00861,l-rhamnulose; 6-deoxy-l-fructose
c00862,methanofuran; carbon dioxide reduction factor
c00863,monoterpenol
c00864,pantothenate; pantothenic acid; (r)-pantothenate
c00865,phospholipid
c00868,trna uridine; uracil in trna
c00869,2-oxooctadecanoic acid; 2-oxostearate
c00870,4-nitrophenol; p-nitrophenol; pnp; niphen; 4-hydroxynitrobenzene
c00871,alkylated dna
c00872,aminomalonate; aminomalonic acid; 2-aminomalonic acid
c00873,angiotensin i
c00875,cephalosporin
c00876,coenzyme f420; oxidized coenzyme f420; coenzyme gamma-f420-2
c00877,crotonoyl-coa; crotonyl-coa; 2-butenoyl-coa; trans-but-2-enoyl-coa; but-2-enoyl-coa; (e)-but-2-enoyl-coa; (2e)-but-2-enoyl-coa
c00878,d-arabinonate; d-arabinonic acid
c00879,d-galactarate; d-mucic acid; d-galactaric acid; galactaric acid; galactarate; mucic acid
c00880,d-galactonate; d-galactonic acid
c00881,deoxycytidine; 2'-deoxycytidine
c00882,dephospho-coa; dephosphocoenzyme a; 3'-dephospho-coa
c00883,galactomannan; galactomannoglycan
c00884,homocarnosine; l-homocarnosine; gamma-aminobutyryl histidine; n-(4-amino-1-oxobutyryl)histidine
c00885,isochorismate; isochorismic acid
c00886,l-alanyl-trna; l-alanyl-trna(ala)
c00887,nitrous oxide; dinitrogen monoxide; dinitrogen oxide; n2o
c00888,pentanoyl-coa; valeryl-coenzyme a
c00889,peptidoglycan; peptideglycan; murein; mucopeptide
c00891,pregnan-21-al
c00892,pregnan-21-ol; 5-beta-pregnan-21-ol
c00893,primary monoamine
c00894,propenoyl-coa; acryloyl-coa; acrylyl-coa
c00895,rna (poly(a)); poly(a); polyadenylic acid
c00896,tos-lys-ch2cl
c00897,alpha-maltose; alpha-malt sugar
c00898,"(r,r)-tartaric acid; (r,r)-tartrate; l-tartaric acid; tartaric acid; tartrate; 2,3-dihydroxybutanedioic acid; (2r,3r)-tartaric acid; (+)-tartaric acid"
c00899,11-cis-retinol
c00900,2-acetolactate; 2-hydroxy-2-methyl-3-oxobutanoic acid
c00902,2-oxohexanoic acid; 2-oxohexanoate; alpha-ketocaproic acid
c00903,cinnamaldehyde
c00904,citramalyl-coa
c00905,d-fructuronate; d-fructuronic acid
c00906,"5,6-dihydrothymine; dihydrothymine; 5,6-dihydro-5-methyluracil"
c00908,gentamicin c1a
c00909,"leukotriene a4; lta4; (7e,9e,11z,14z)-(5s,6s)-5,6-epoxyeicosa-7,9,11,14-tetraenoic acid; (7e,9e,11z,14z)-(5s,6s)-5,6-epoxyeicosa-7,9,11,14-tetraenoate; (7e,9e,11z,14z)-(5s,6s)-5,6-epoxyicosa-7,9,11,14-tetraenoate; (5s,6s,7e,9e,11z,14z)-5,6-epoxyicosa-7,9,11,14-tetraenoate"
c00911,ribonucleoside
c00912,alpha-d-glucan; alpha-glucan
c00913,3-methyladenine
c00915,benzyl viologen
c00916,cephalosporin c
c00917,chelating agent; metal chelator
c00918,chloramphenicol
c00919,choline sulfate
c00920,coa-glutathione; coenzyme a-glutathione mixed disulfide
c00921,"dihydropteroate; 7,8-dihydropteroate"
c00922,"2,3-dimethylmaleate; dimethylmaleic acid"
c00923,ferricytochrome
c00924,ferrocytochrome
c00925,heparan sulfate; heparitin sulfate; heparin sulfate; heparin monosulfate
c00927,isonocardicin a; 1-azetidineacetic acid
c00928,mercaptoethanol; 2-mercaptoethanol; thioglycol
c00929,oligonucleotide
c00930,oligosaccharide
c00931,porphobilinogen
c00933,sinapine; sinapoylcholine
c00934,sugar phosphate
c00935,udp-l-arabinose; udp-l-arabinopyranose; udp-beta-l-arabinopyranose
c00936,alpha-d-mannose; alpha-d-mannopyranose
c00937,(r)-lactaldehyde; d-lactaldehyde; d-2-hydroxypropionaldehyde
c00938,"1,3-beta-d-xylan"
c00939,2-aminoadenosine
c00940,2-oxoglutaramate; 2-oxoglutaramic acid; alpha-ketoglutaramate; 2-ketoglutaramate
c00941,"3',5'-cyclic cmp; cytidine 3',5'-cyclic monophosphate"
c00942,"3',5'-cyclic gmp; guanosine 3',5'-cyclic monophosphate; guanosine 3',5'-cyclic phosphate; cyclic gmp; cgmp"
c00943,"3',5'-cyclic imp; inosine 3',5'-cyclic monophosphate"
c00944,3-dehydroquinate; 3-dehydroquinic acid; 5-dehydroquinate; 5-dehydroquinic acid
c00946,adenosine 2'-phosphate; 2'-adenylic acid; adenosine-2'-monophosphate; amp 2'-phosphate
c00949,cytochrome c-552
c00950,"dithioerythritol; erythro-1,4-dimercapto-2,3-butanediol; dte"
c00951,estradiol-17beta; estradiol; beta-estradiol
c00952,fibrinopeptide a
c00954,indole-3-acetate; indole-3-acetic acid; (indol-3-yl)acetate; indoleacetate; indoleacetic acid; (1h-indol-3-yl)acetate; iaa
c00955,indole-3-ethanol; tryptophol
c00956,l-2-aminoadipate; l-alpha-aminoadipate; l-alpha-aminoadipic acid; l-2-aminoadipic acid; l-2-aminohexanedioate
c00957,mercaptopyruvate; 2-oxo-3-sulfanylpropanoate; 3-mercaptopyruvic acid; 3-mercaptopyruvate
c00958,plasmenylcholine; choline plasmalogen; 1-alkenyl-2-acylglycerophosphocholine; 2-acyl-1-(1-alkenyl)-sn-glycero-3-phosphocholine
c00959,prostaglandin b1; pgb1
c00960,rna 5'-phosphate
c00961,sterigmatocystin
c00962,beta-d-galactose
c00963,beta-d-glucoside
c00964,(-)-trans-carveol
c00965,"1,3-beta-d-glucan; 1,3-beta-glucan; (1,3-beta-d-glucosyl)n; (1,3-beta-d-glucosyl)n+1; (1,3-beta-d-glucosyl)n-1"
c00966,2-dehydropantoate
c00968,"3',5'-cyclic damp"
c00969,3-hydroxypropanal
c00971,4-pyridoxolactone; 4-pyridoxic acid lactone
c00972,aromatic oxo acid
c00973,cyclomaltodextrin; cyclodextrin
c00974,dihydrokaempferol; aromadendrin; (+)-dihydrokaempferol; (+)-aromadendrin
c00975,dihydroxyfumarate; dihydroxyfumaric acid
c00976,gdp-d-mannuronate; gdp-d-mannuronic acid
c00977,l-tryptophanamide
c00978,n-acetylserotonin; n-acetyl-5-hydroxytryptamine
c00979,o-acetyl-l-serine; o3-acetyl-l-serine
c00980,polyvinyl alcohol; pva
c00982,"renilla luciferin; coelenterazine h; 2,8-dibenzyl-6-(4-hydroxyphenyl)imidazo[1,2-a]pyrazin-3(7h)-one"
c00984,alpha-d-galactose
c00985,p-mercuribenzoate; p-mercuribanzoic acid
c00986,"1,3-diaminopropane; trimethylenediamine; 1,3-propanediamine; propane-1,3-diamine"
c00988,2-phosphoglycolate; phosphoglycolic acid
c00989,4-hydroxybutanoic acid; 4-hydroxybutanoate; 4-hydroxybutyric acid
c00990,5-aminopentanamide
c00991,alpha-d-aldose 1-phosphate; beta-l-aldose 1-phosphate; monosaccharide 1-phosphate
c00992,aquacob(iii)alamin; aquacobalamin
c00993,d-alanyl-d-alanine; d-ala-d-ala
c00994,d-prephenyllactate
c00995,ferricytochrome b1
c00996,ferricytochrome b5
c00997,ferricytochrome c2
c00998,ferrocytochrome b1
c00999,ferrocytochrome b5
c01000,ferrocytochrome c2
c01001,formylmethanofuran
c01002,hexose 1-phosphate
c01003,myosin light chain
c01004,n-methylnicotinate; trigonelline; trigenelline; 1-methylpyridinio-3-carboxylate; betaine nicotinate; caffearin; gynesine
c01005,o-phospho-l-serine; l-o-phosphoserine; 3-phosphoserine; dexfosfoserine; 3-phospho-l-serine
c01007,reduced riboflavin
c01008,trimethylsulfonium
c01009,udp-2-deoxyglucose
c01010,urea-1-carboxylate; allophanate; allophanic acid
c01011,(3s)-citramalyl-coa; l-citramalyl-coa; (s)-citramalyl-coa; (3s)-3-carboxy-3-hydroxybutanoyl-coa
c01012,"(r)-pantolactone; (r)-pantoyl lactone; (3r)-dihydro-3-hydroxy-4,4-dimethyl-2(3h)-furanone"
c01013,3-hydroxypropanoate; 3-hydroxypropanoic acid; 3-hydroxypropionate; 3-hydroxypropionic acid; hydracrylic acid
c01014,3-isopropylcatechol
c01015,cis-4-hydroxy-l-proline; l-allohydroxyproline
c01016,5'-phosphomonoester
c01017,5-hydroxytryptophan; 5-htp
c01018,6-deoxy-d-galactose; d-fucose
c01019,l-fucose; l-fucopyranose; 6-deoxy-l-galactose
c01020,6-hydroxynicotinate; 6-hydroxynicotinic acid
c01021,aromatic amino acid; aromatic l-amino acid
c01022,caldesmon phosphate
c01023,dihydrostreptomycin
c01024,hydroxymethylbilane
c01025,lipid hydroperoxide
c01026,"n,n-dimethylglycine; dimethylglycine"
c01028,n6-hydroxy-l-lysine
c01029,n8-acetylspermidine
c01031,s-formylglutathione
c01032,alpha-l-arabinoside
c01033,2-methylbutanoyl-coa; 2-methylbutyryl-coa
c01034,3-oxo-delta5-steroid
c01035,4-guanidinobutanoate; 4-guanidinobutyric acid
c01036,"4-maleylacetoacetate; 4-maleylacetoacetic acid; (2z)-4,6-dioxooct-2-enedioic acid"
c01037,"7,8-diaminononanoate; 7,8-diaminopelargonic acid; dapa; 7,8-diaminononanoic acid"
c01040,"l-gulono-1,4-lactone; l-gulono-gamma-lactone; gamma-gulonolactone; l-gulonic acid gamma-lactone; l-gulonolactone"
c01041,monodehydroascorbate; monodehydroascorbate radical; ascorbate radical; semidehydroascorbic acid
c01042,n-acetyl-l-aspartate; n-acetyl-l-aspartic acid
c01043,n-carbamoylsarcosine
c01044,n-formyl-l-aspartate
c01045,n-formyl-l-glutamate
c01046,n-methyl-l-glutamate; n-methyl-l-glutamic acid
c01047,n5-ethyl-l-glutamine; l-theanine
c01048,polyprenyl phosphate
c01050,udp-n-acetylmuramate; udp-n-acetyl-alpha-d-muramate; udp-n-acetylmuramic acid; udp-murnac
c01051,uroporphyrinogen iii
c01053,(r)-4-dehydropantoate; (r)-4-dehydropantoic acid
c01054,"(s)-2,3-epoxysqualene; squalene 2,3-epoxide; squalene 2,3-oxide; (s)-squalene-2,3-epoxide; 2,3-oxidosqualene; (3s)-2,3-epoxy-2,3-dihydrosqualene"
c01056,(s)-6-hydroxynicotine
c01058,11beta-hydroxysteroid
c01059,"2,5-dihydroxypyridine"
c01060,"3,5-diiodo-l-tyrosine; 3,5-diiodotyrosine; l-diiodotyrosine"
c01061,"4-fumarylacetoacetate; 4-fumarylacetoacetic acid; fumarylacetoacetate; (2e)-4,6-dioxooct-2-enedioic acid"
c01062,5-dehydro-d-gluconate; 5-dehydrogluconate
c01063,pimeloyl-coa; 6-carboxyhexanoyl-coa
c01064,cmp-n-acylneuraminate
c01065,coagulation factor xa; thromboplastin
c01066,"cyclohexane-1,3-dione; 1,3-cyclohexanedione; dihydroresorcinol"
c01067,d-galactose 6-sulfate
c01068,d-ribitol 5-phosphate; ribitol 5-phosphate; l-ribitol 1-phosphate
c01069,desulfoglucotropeolin
c01070,ferricytochrome c-553
c01071,ferrocytochrome c-553
c01073,n-acetyl-beta-alanine
c01074,n-acetylgalactosamine; n-acetylchondrosamine; 2-acetamido-2-deoxygalactose; galnac
c01075,n-sulfo-d-glucosamine
c01076,n-terminal amino acid
c01077,o-acetyl-l-homoserine; o-acetylhomoserine
c01078,procollagen l-proline; [procollagen]-l-proline
c01079,protoporphyrinogen ix
c01080,reduced coenzyme f420
c01081,thiamin monophosphate; thiamine monophosphate; thiamin phosphate; thiamine phosphate; tmp
c01083,"alpha,alpha-trehalose; alpha,alpha'-trehalose; trehalose"
c01086,(3r)-3-hydroxyacyl-coa; (r)-3-hydroxyacyl-coa
c01087,(r)-2-hydroxyglutarate; (r)-hydroxyglutarate
c01088,"(r)-3,3-dimethylmalate"
c01089,(r)-3-hydroxybutanoate; (r)-3-hydroxybutanoic acid; (r)-3-hydroxybutyric acid; d-beta-hydroxybutyric acid
c01090,16alpha-hydroxysteroid
c01091,deacetylvindoline; 17-o-deacetylvindoline; desacetylvindoline
c01092,8-amino-7-oxononanoate; 8-amino-7-oxononanoic acid; 7-keto-8-aminopelargonic acid; kapa
c01093,"cellobiono-1,5-lactone; cellobiose-1,5-lactone; cellobionolactone"
c01094,d-fructose 1-phosphate
c01095,d-ribose 5-diphosphate
c01096,sorbitol 6-phosphate; d-sorbitol 6-phosphate; d-glucitol 6-phosphate
c01097,d-tagatose 6-phosphate
c01099,l-fuculose 1-phosphate
c01100,l-histidinol phosphate
c01101,l-ribulose 5-phosphate
c01102,o-phospho-l-homoserine
c01103,orotidine 5'-phosphate; orotidylic acid
c01104,trimethylamine n-oxide; (ch3)3no
c01107,(r)-5-phosphomevalonate; (r)-5-phosphomevalonic acid; (r)-mevalonic acid 5-phosphate
c01108,"1,2,3-trihydroxybenzene; pyrogallol; pyrogallic acid; 1,2,3-benzenetriol"
c01109,4-methylene-l-glutamine
c01110,5-amino-2-oxopentanoic acid; 5-amino-2-oxopentanoate; 2-oxo-5-amino-pentanoate; 2-oxo-5-aminopentanoate; alpha-keto-delta-aminopentanoate; 2-oxo-5-aminovalerate
c01111,"7,8-dihydroxykynurenate"
c01112,d-arabinose 5-phosphate
c01113,d-galactose 6-phosphate; 6-phospho-d-galactose
c01114,"l-arabinono-1,4-lactone; l-arabonolactone"
c01115,"l-galactono-1,4-lactone"
c01117,nucleoside 5'-phosphate
c01118,o-succinyl-l-homoserine; o4-succinyl-l-homoserine; o-succinylhomoserine
c01119,oxidized dithiothreitol
c01120,sphinganine 1-phosphate; dihydrosphingosine 1-phosphate
c01121,streptidine 6-phosphate
c01122,"cis-2,3-dehydroacyl-coa"
c01123,(-)-trans-isopiperitenol
c01124,18-hydroxycorticosterone
c01125,"dihydro-4,4-dimethyl-2,3-furandione; 2-dehydropantoyl lactone; 2-dehydropantolactone"
c01126,"(2e,6e)-farnesol; 2-trans,6-trans-farnesol; trans-farnesol"
c01127,4-hydroxy-2-oxoglutarate; 4-hydroxy-2-oxoglutaric acid
c01131,l-rhamnulose 1-phosphate
c01132,n-acetyl-d-galactosamine; n-acetyl-d-chondrosamine; 2-acetamido-2-deoxy-d-galactose
c01133,n-acetyl-d-glucosaminate
c01134,pantetheine 4'-phosphate; 4'-phosphopantetheine; phosphopantetheine; d-pantetheine 4'-phosphate
c01135,phospho-beta-d-glucoside
c01136,s-acetyldihydrolipoamide; 6-s-acetyldihydrolipoamide
c01137,s-adenosylmethioninamine; (5-deoxy-5-adenosyl)(3-aminopropyl)methylsulfonium; (5-deoxy-5-adenosyl)(3-aminopropyl)methylsulfonium cation; s-adenosyl-(5')-3-methylthiopropylamine; s-adenosyl 3-(methylthio)propylamine; s-adenosyl 3-(methylsulfanyl)propylamine; decarboxy-adomet
c01138,streptomycin 6-phosphate
c01139,[acetyl-coa carboxylase]
c01140,alpha-d-glucosyl-protein
c01141,beta-adrenergic receptor; [beta-adrenergic receptor]
c01142,"(3s)-3,6-diaminohexanoate; l-beta-lysine"
c01143,(r)-5-diphosphomevalonate; (r)-5-diphosphomevalonic acid
c01144,(s)-3-hydroxybutanoyl-coa; (s)-3-hydroxybutyryl-coa
c01146,2-hydroxy-3-oxopropanoate; tartronate semialdehyde
c01147,2-hydroxycyclohexan-1-one; 2-hydroxycyclohexanone; adipoin
c01149,4-trimethylammoniobutanal
c01151,"d-ribose 1,5-bisphosphate; ribose 1,5-bisphosphate; alpha-d-ribose 1,5-bisphosphate"
c01152,n(pi)-methyl-l-histidine; n-pros-methyl-l-histidine; 3-methylhistidine; 1-methylhistidine
c01153,orthophosphoric monoester; phosphate monoester
c01155,"quercetin 3,3'-bissulfate"
c01156,"quercetin 3,4'-bissulfate"
c01157,hydroxyproline; l-hydroxyproline; trans-4-hydroxy-l-proline
c01158,1-o-galloyl-beta-d-glucose; 1-galloyl-beta-glucose; beta-glucogallin; 1-galloyl-beta-d-glucose
c01159,"2,3-bisphospho-d-glycerate; 2,3-diphospho-d-glycerate; d-greenwald ester; dpg"
c01161,"3,4-dihydroxyphenylacetate; 3,4-dihydroxyphenylacetic acid; homoprotocatechuate"
c01162,3-(pyrazol-1-yl)-l-alanine; beta-pyrazol-1-ylalanine
c01163,"3-carboxy-cis,cis-muconate; beta-carboxy-cis,cis-muconate; cis,cis-butadiene-1,2,4-tricarboxylate"
c01164,"7-dehydrocholesterol; provitamin d3; cholesta-5,7-dien-3beta-ol"
c01165,l-glutamate 5-semialdehyde; l-glutamate gamma-semialdehyde
c01166,oxidized polyvinyl alcohol
c01167,protein tyrosine phosphate; [protein]-l-tyrosine phosphate
c01168,pseudouridine 5'-phosphate
c01169,s-succinyldihydrolipoamide
c01170,udp-n-acetyl-d-mannosamine; udp-n-acetyl-alpha-d-mannosamine
c01171,alpha-d-hexose 1-phosphate
c01172,beta-d-glucose 6-phosphate
c01173,"1,3,8-naphthalenertriol; 1,3,8-trihydroxynaphthalene"
c01175,1-o-sinapoyl-beta-d-glucose; 1-o-sinapoyl beta-d-glucoside
c01176,"17alpha-hydroxyprogesterone; 17alpha-hydroxy-4-pregnene-3,20-dione; pregn-4-ene-3,20-dione-17-ol; 17alpha-hydroxy-progesterone"
c01177,inositol 1-phosphate; myo-inositol 1-phosphate; 1d-myo-inositol 1-phosphate; d-myo-inositol 1-phosphate; 1d-myo-inositol 1-monophosphate
c01179,3-(4-hydroxyphenyl)pyruvate; 4-hydroxyphenylpyruvate; p-hydroxyphenylpyruvic acid
c01180,4-methylthio-2-oxobutanoic acid; 4-methylthio-2-oxobutanoate; 4-(methylsulfanyl)-2-oxobutanoate; 2-keto-4-methylthiobutyric acid; 2-oxo-4-methylthiobutanoate; 2-oxo-4-methylthiobutanoic acid
c01181,4-trimethylammoniobutanoate; butyro-betaine; gamma-butyrobetaine
c01182,"d-ribulose 1,5-bisphosphate"
c01183,"n,n-dimethylaniline n-oxide"
c01185,nicotinate d-ribonucleotide; beta-nicotinate d-ribonucleotide; nicotinate ribonucleotide; nicotinic acid ribonucleotide
c01186,"(3s,5s)-3,5-diaminohexanoate; l-erythro-3,5-diaminohexanoate; (3s,5s)-3,5-diaminocaproate; l-erythro-3,5-diaminocaproate"
c01187,3-deoxy-d-manno-octulosonate; ketodeoxyoctonate; kdo; 2-dehydro-3-deoxy-d-octonate; 3-deoxy-d-manno-2-octulosonate; 3-deoxyoctulosonic acid
c01188,3-hydroxy-2-methylpropanoate; 3-hydroxyisobutyrate; 3-hydroxyisobutyric acid
c01189,lathosterol; 5alpha-cholest-7-en-3beta-ol
c01190,glucosylceramide; glucocerebroside; beta-d-glucosyl-(1<->1)-ceramide; d-glucosyl-n-acylsphingosine; beta-d-glucosyl-n-acylsphingosine
c01191,dolichyl d-xylosyl phosphate
c01192,palmitoylglycerone phosphate
c01194,"1-phosphatidyl-d-myo-inositol; 1-phosphatidyl-1d-myo-inositol; 1-phosphatidyl-myo-inositol; phosphatidyl-1d-myo-inositol; (3-phosphatidyl)-1-d-inositol; 1,2-diacyl-sn-glycero-3-phosphoinositol; phosphatidylinositol"
c01196,3'-hydroxyoligoribonucleotide
c01197,"caffeate; caffeic acid; 3,4-dihydroxy-trans-cinnamate; trans-caffeate; (2e)-3-(3,4-dihydroxyphenyl)prop-2-enoate"
c01198,3-(2-hydroxyphenyl)propanoate; 2-hydroxyphenylpropanoate; 3-(2-hydroxyphenyl)propionic acid; melilotate; 3-(2-hydroxyphenyl)propionate
c01199,5'-hydroxyoligoribonucleotide
c01200,n-acylneuraminate 9-phosphate
c01201,n(omega)-(adp-d-ribosyl)-l-arginine; nomega-(adp-d-ribosyl)-l-arginine
c01203,oleoyl-[acyl-carrier protein]; octadecenoyl-[acyl-carrier protein]; octadecenoyl-[acp]; (9z)-octadecenoyl-[acp]
c01204,"phytic acid; phytate; myo-inositol hexakisphosphate; 1d-myo-inositol 1,2,3,4,5,6-hexakisphosphate; d-myo-inositol 1,2,3,4,5,6-hexakisphosphate; myo-inositol 1,2,3,4,5,6-hexakisphosphate; inositol 1,2,3,4,5,6-hexakisphosphate; 1d-myo-inositol hexakisphosphate"
c01205,(r)-3-amino-2-methylpropanoate; (r)-3-aminoisobutyrate; d-3-aminoisobutanoate; (r)-beta-aminoisobutyrate; (r)-3-aminoisobutyric acid
c01207,"3-(3,4-dihydroxyphenyl)lactate; 3,4-dihydroxyphenyllactic acid"
c01209,malonyl-[acyl-carrier protein]; malonyl-[acp]
c01210,n-methylethanolamine phosphate
c01211,"procollagen 5-hydroxy-l-lysine; procollagen l-erythro-5-hydroxylysine; [procollagen]-(2s,5r)-5-hydroxy-l-lysine"
c01212,udp-n-acetylmuramoyl-l-alanine; udp-n-acetyl-alpha-d-muramoyl-l-alanine
c01213,(r)-methylmalonyl-coa; l-methylmalonyl-coa
c01214,1-amino-1-deoxy-scyllo-inositol; scyllo-inosamine
c01215,2-(acetamidomethylene)succinate; 2-(acetamidomethylidene)succinate
c01216,2-dehydro-3-deoxy-d-galactonate; 2-dehydro-3-deoxy-d-galactonic acid
c01217,"5,6,7,8-tetrahydromethanopterin; h4mpt; thmpt; tetrahydromethanopterin"
c01218,6-phospho-2-dehydro-d-gluconate; 2-dehydro-d-gluconate 6-phosphate
c01219,cdp-4-dehydro-6-deoxy-d-glucose
c01220,"1d-myo-inositol 1,4-bisphosphate; d-myo-inositol 1,4-bisphosphate; myo-inositol 1,4-bisphosphate; inositol 1,4-bisphosphate"
c01221,dihydrostreptomycin 6-phosphate
c01222,gdp-4-dehydro-6-deoxy-d-mannose; gdp-4-dehydro-6-deoxy-d-talose; gdp-4-oxo-6-deoxy-d-mannose; gdp-4-dehydro-d-rhamnose; gdp-4-keto-6-deoxy-d-mannose; gdp-4-dehydro-alpha-d-rhamnose; gdp-4-dehydro-6-deoxy-alpha-d-mannose
c01223,methyl 2-diazoacetamidohexonate
c01225,sn-glycero-3-phospho-1-inositol; 1-(sn-glycero-3-phospho)-1d-myo-inositol
c01226,"12-opda; (15z)-12-oxophyto-10,15-dienoate; (15z)-12-oxophyto-10,15-dienoic acid; 9(s),13(s)-12-oxo-pda; 12-oxo-10,15(z)-phytodienoic acid; (9s,13s)-12-oxophytodienoate; (9s,13s)-opda"
c01227,dehydroepiandrosterone; 3beta-hydroxyandrost-5-en-17-one; dehydroisoandrosterone; dha; dhea
c01228,"guanosine 3',5'-bis(diphosphate); guanosine 3'-diphosphate 5'-diphosphate; guanosine 5'-diphosphate,3'-diphosphate"
c01229,phospholipid olefinic fatty acid
c01230,all-trans-hexaprenyl diphosphate
c01231,"alpha-d-glucose 1,6-bisphosphate; alpha-d-glucose 1,6-biphosphate; d-glucose 1,6-bisphosphate"
c01233,sn-glycero-3-phosphoethanolamine; glycerophosphoethanolamine
c01234,1-aminocyclopropane-1-carboxylate; 1-aminocyclopropane-1-carboxylic acid
c01235,alpha-d-galactosyl-(1->3)-1d-myo-inositol; o-alpha-d-galactosyl-(1->3)-1d-myo-inositol; 3-o-alpha-d-galactosyl-1d-myo-inositol; 1-alpha-d-galactosyl-myo-inositol; galactinol
c01236,"d-glucono-1,5-lactone 6-phosphate; 6-phospho-d-glucono-1,5-lactone"
c01239,n-acetyl-beta-d-glucosaminylamine
c01240,"2',3'-cyclic nucleotide; nucleoside 2',3'-cyclic phosphate"
c01241,phosphatidyl-n-methylethanolamine
c01242,[protein]-s8-aminomethyldihydrolipoyllysine; [h-protein]-s-aminomethyldihydrolipoyllysine; s-aminomethyldihydrolipoylprotein; [glycine-cleavage complex h protein]-s-aminomethyl-n6-dihydrolipoyl-l-lysine; [gcsh]-s-aminomethyl-n6-dihydrolipoyl-l-lysine; [gcvh]-s-aminomethyl-n6-dihydrolipoyl-l-lysine
c01243,"1d-myo-inositol 1,3,4-trisphosphate; d-myo-inositol 1,3,4-trisphosphate; inositol 1,3,4-trisphosphate"
c01244,"3,5-diiodo-4-hydroxyphenylpyruvate; 3-(3,5-diiodo-4-hydroxyphenyl)pyruvate"
c01245,"d-myo-inositol 1,4,5-trisphosphate; 1d-myo-inositol 1,4,5-trisphosphate; inositol 1,4,5-trisphosphate; ins(1,4,5)p3"
c01246,dolichyl beta-d-glucosyl phosphate
c01247,[acetyl-coa carboxylase] phosphate
c01249,"7,8-dihydro-7,8-dihydroxykynurenate"
c01250,n-acetyl-l-glutamate 5-semialdehyde; 2-acetamido-5-oxopentanoate
c01251,"(r)-2-hydroxybutane-1,2,4-tricarboxylate; homocitrate; homocitric acid; 3-hydroxy-3-carboxyadipic acid; (r)-2-hydroxy-1,2,4-butanetricarboxylic acid"
c01252,"4-(2-aminophenyl)-2,4-dioxobutanoate"
c01253,adp-d-ribosyl-[dinitrogen reductase]; [dinitrogen reductase]-nomega-alpha-(adp-d-ribosyl)-l-arginine
c01255,n-(6-aminohexanoyl)-6-aminohexanoate
c01256,[pyruvate dehydrogenase (acetyl-transferring)]
c01259,"(3s)-3-hydroxy-n6,n6,n6-trimethyl-l-lysine"
c01260,"p1,p4-bis(5'-adenosyl)tetraphosphate; appppa"
c01261,"p1,p4-bis(5'-guanosyl) tetraphosphate; gppppg; bis(5'-guanosyl) tetraphosphate"
c01262,beta-alanyl-n(pi)-methyl-l-histidine; anserine
c01263,"3,6,9-trihydroxypterocarpan; (6as,11as)-3,6a,9-trihydroxypterocarpan; (-)-glycinol"
c01264,2-acetyl-1-alkyl-sn-glycero-3-phosphate; 1-alkyl-2-acetyl-sn-glycero-3-phosphate; 1-alkyl-2-acetyl-sn-glycerol 3-phosphate
c01265,"3,7-di-o-methylquercetin; 3',4',5-trihydroxy-3,7-dimethoxyflavone"
c01266,3'-deoxydihydrostreptomycin 6-phosphate
c01267,3-(imidazol-4-yl)-2-oxopropyl phosphate; imidazole-acetol phosphate
c01268,"5-amino-6-(5'-phosphoribosylamino)uracil; 5-amino-6-(ribosylamino)-2,4-(1h,3h)-pyrimidinedione 5'-phosphate; 5-amino-6-(5-phosphoribosylamino)uracil"
c01269,5-o-(1-carboxyvinyl)-3-phosphoshikimate; o5-(1-carboxyvinyl)-3-phosphoshikimate
c01270,3-hydroxy-2-methylpyridine-5-carboxylate
c01271,(3r)-3-hydroxyacyl-[acyl-carrier protein]; (r)-3-hydroxyacyl-[acyl-carrier protein]
c01272,"1d-myo-inositol 1,3,4,5-tetrakisphosphate; d-myo-inositol 1,3,4,5-tetrakisphosphate; inositol 1,3,4,5-tetrakisphosphate"
c01273,"2-hydroxy-6-oxo-6-phenylhexa-2,4-dienoate; 2,6-dioxo-6-phenylhexa-3-enoate"
c01274,"5-formyl-5,6,7,8-tetrahydromethanopterin; 5-formyl-h4mpt"
c01275,(3e)-4-(2-carboxyphenyl)-2-oxobut-3-enoate; trans-2'-carboxybenzalpyruvate
c01277,"1-phosphatidyl-1d-myo-inositol 4-phosphate; phosphatidylinositol 4-phosphate; 1,2-diacyl-sn-glycero-3-phospho-(1'-myo-inositol-4'-phosphate)"
c01278,"2-carboxy-2,5-dihydro-5-oxofuran-2-acetate; 5-carboxy-2,5-dihydro-2-oxofuran-5-acetate; 4-carboxymuconolactone; gamma-carboxymuconolactone"
c01279,4-amino-5-hydroxymethyl-2-methylpyrimidine; toxopyrimidine; 4-amino-2-methyl-5-pyrimidinemethanol; hmp
c01280,"dihydrostreptomycin 3'alpha,6-bisphosphate"
c01281,[l-glutamate:ammonia ligase (adp-forming)]; [l-glutamate:ammonia ligase (adp-forming)]-l-tyrosine; [glutamine synthetase]-l-tyrosine
c01282,1-acyl-2-oleoyl-sn-glycero-3-phosphocholine
c01283,1-amino-1-deoxy-scyllo-inositol 4-phosphate; scyllo-inosamine 4-phosphate
c01284,"1d-myo-inositol 1,3,4,5,6-pentakisphosphate; d-myo-inositol 1,3,4,5,6-pentakisphosphate; inositol 1,3,4,5,6-pentakisphosphate"
c01285,"2,6-dichlorophenol-4-(2,3-dihydro-1,4-naphthoquinone imine); 4-(3,5-dichloro-4-hydroxyphenylimino)tetralin-1-one"
c01286,2-dehydro-3-deoxy-6-phospho-d-galactonate; 2-dehydro-3-deoxy-d-galactonate 6-phosphate
c01288,n-acetyl-d-glucosaminylphosphatidylinositol; 6-(n-acetyl-alpha-d-glucosaminyl)-1-phosphatidyl-1d-myo-inositol
c01289,"n-acetyl-d-glucosaminyldiphosphoundecaprenol; n-acetyl-d-glucosaminyldiphospho-ditrans,octacis-undecaprenol; n-acetyl-alpha-d-glucosaminyl-diphospho-ditrans,octacis-undecaprenol; lipid i"
c01290,"lactosylceramide; beta-d-galactosyl-(1->4)-beta-d-glucosyl-(1<->1)-ceramide; beta-d-galactosyl-1,4-beta-d-glucosylceramide; gal-beta1->4glc-beta1->1'cer; laccer; lactosyl-n-acylsphingosine; d-galactosyl-1,4-beta-d-glucosylceramide"
c01291,3-(4-methylpent-3-en-1-yl)pent-2-enedioyl-coa; isohexenyl-glutaconyl-coa
c01292,"3alpha,7alpha-dihydroxy-12-oxo-5beta-cholanate"
c01293,[pyruvate dehydrogenase (acetyl-transferring)] phosphate
c01294,1-guanidino-1-deoxy-scyllo-inositol 4-phosphate; n-amidino-scyllo-inosamine 4-phosphate
c01295,"2d-5-o-methyl-2,3,5/4,6-pentahydroxycyclohexanone; 5d-5-o-methyl-2,3,5/4,6-pentahydroxycyclohexanone; d-5-o-methyl-2,3,5/4,6-pentahydroxycyclohexanone"
c01297,6-hydroxypseudooxynicotine; 1-(6-hydroxypyridin-3-yl)-4-(methylamino)butan-1-one
c01298,"1d-1-guanidino-3-amino-1,3-dideoxy-scyllo-inositol; amidinostreptamine"
c01299,adenylyl-[l-glutamate:ammonia ligase (adp-forming)]; [l-glutamate:ammonia ligase (adp-forming)] inactive form; [l-glutamate:ammonia ligase (adp-forming)]-o4-(5'-adenylyl)-l-tyrosine; [glutamine synthetase]-o4-(5'-adenylyl)-l-tyrosine
c01300,"6-(hydroxymethyl)-7,8-dihydropterin; 6-hydroxymethyl-7,8-dihydropterin; 2-amino-4-hydroxy-6-hydroxymethyl-7,8-dihydropteridine"
c01301,"3alpha,7alpha,12alpha-trihydroxy-5beta-cholestan-26-al"
c01302,1-(2-carboxyphenylamino)-1-deoxy-d-ribulose 5-phosphate
c01304,"2,5-diamino-6-(5-phospho-d-ribosylamino)pyrimidin-4(3h)-one; 2,5-diamino-6-(1-d-ribosylamino)pyrimidin-4(3h)-one 5'-phosphate"
c01306,n-acetyl-beta-d-glucosaminyl-(1->3)-n-acetyl-d-galactosaminyl-r; n-acetyl-beta-d-glucosaminyl-(1->3)-n-acetyl-alpha-d-galactosaminyl-r; core 3
c01308,[3-methyl-2-oxobutanoate dehydrogenase (2-methylpropanoyl-transferring)] phosphate; [3-methyl-2-oxobutanoate dehydrogenase (lipoamide)] phosphate
c01310,"4-deoxy-beta-d-gluc-4-enuronosyl-(1,3)-n-acetyl-d-galactosamine"
c01311,"beta-d-galactosyl-(1->4)-[alpha-l-fucosyl-(1->3)]-n-acetyl-d-glucosaminyl-r; 1,4-beta-d-galactosyl-(alpha-1,3-l-fucosyl)-n-acetyl-d-glucosaminyl-r"
c01312,"prostaglandin i2; (5z,13e)-(15s)-6,9alpha-epoxy-11alpha,15-dihydroxyprosta-5,13-dienoate; prostacyclin; pgi2; epoprostenol"
c01313,"(s)-n-[3-(3,4-methylenedioxyphenyl)-2-(mercaptomethyl)-1-oxoprolyl]glycine"
c01314,"(s)-n-[3-(3,4-methylenedioxyphenyl)-2-(mercaptomethyl)-1-oxoprolyl]-(s)-alanine"
c01315,"(s)-n-[3-(3,4-methylenedioxyphenyl)-2-(acetylthio)methyl-1-oxoprolyl]glycine benzyl ester"
c01316,"(s)-n-[3-(3,4-methylenedioxyphenyl)-2-(acetylthio)methyl-1-oxoprolyl]-(s)-alanine benzyl ester"
c01319,hg; mercury; elemental mercury
c01321,ri
c01322,rx; organic halide
c01324,bromide; br-
c01326,hydrogen cyanide; hcn; cyanide
c01327,hydrochloric acid; hcl; hydrogen chloride; hydrochloride
c01328,ho-; oh-; hydroxide ion
c01329,nucleoside phosphate; nucleoside monophosphate; nmp
c01330,sodium cation; na+; sodium(1+); sodium ion
c01334,rcl
c01335,roh
c01336,aryl thiol; rsh
c01337,xdp; xanthosine 5'-pyrophosphate; xanthosine 5'-diphosphate
c01341,e-64; proteinase inhibitor e 64
c01342,nh4+; ammonia ion; ammonium(1+)
c01343,alkylmercury; rhg+; alkylmercury ion
c01344,didp; 2'-deoxyinosine-5'-diphosphate; 2'-deoxyinosine 5'-diphosphate
c01345,ditp; 2'-deoxyinosine-5'-triphosphate; 2'-deoxyinosine 5'-triphosphate
c01346,dudp; 2'-deoxyuridine 5'-diphosphate
c01347,dxdp
c01348,dxtp
c01349,docebenone; aa861
c01352,fadh2
c01353,carbonic acid; dihydrogen carbonate; h2co3
c01355,fructan; beta-d-fructan
c01356,lipid
c01358,nh4oh; ammonium hydroxide
c01359,pqqh2; reduced pyrroloquinoline-quinone
c01362,ricin
c01365,x-trp
c01367,3'-amp; 3'-adenylic acid; 3'-adenosine monophosphate; adenosine-3'-monophosphate; adenosine 3'-phosphate; amp 3'-phosphate
c01368,3'-ump; uridine 3'-monophosphate; uridine 3'-phosphate
c01370,aldose
c01371,alkane; rh
c01372,alkene
c01375,tacrolimus; fk506; fk 506
c01378,"fustin; 2,3-dihydrofisetin"
c01380,"ethylene glycol; 1,2-ethanediol; ethane-1,2-diol"
c01382,iodine; i2; diiodine
c01384,maleic acid; maleate; cis-butenedioic acid
c01386,nh2mec; 7-amino-4-methylcoumarin
c01387,octane; n-octane
c01389,phytol
c01390,prenol; prenyl alcohol; 3-methyl-2-buten-1-ol
c01392,alpha-tubulin; c-terminal-tyrosinated alpha-tubulin
c01394,xylose
c01397,arachidonyltrifluoromethane; aacocf3
c01398,acyloin
c01399,agarose
c01401,alanine; 2-aminopropionic acid; 2-aminopropanoic acid
c01402,anilide
c01403,anisole; methoxybenzene; methyl phenyl ether; phenol methyl ether
c01404,arg-oet
c01405,aspirin; acetylsalicylic acid; 2-acetoxybenzenecarboxylic acid; acetylsalicylate
c01407,benzene
c01408,"benzoin; 2-hydroxy-1,2-diphenylethanone; benzoin tincture"
c01410,boc-asn; n-alpha-boc-l-asparagine
c01411,borneol
c01412,butanal; butyraldehyde
c01413,cadmium
c01414,casbene
c01416,cocaine; l-cocain; beta-cocain
c01417,cyanate; cyanic acid
c01418,cycasin
c01419,cys-gly; l-cysteinylglycine
c01420,cystine; dicysteine; alpha-diamino-beta-dithiolactic acid
c01421,daphnin
c01424,"gallate; gallic acid; 3,4,5-trihydroxybenzoic acid; 3,4,5-trihydroxybenzoate; pyrogallol-5-carboxylic acid"
c01425,glutamyl-glutamic acid; l-alpha-glutamyl-l-glutamic acid; glu-glu
c01432,lactate; lactic acid; 2-hydroxypropanoic acid; 2-hydroxypropionic acid
c01433,loganin
c01438,methane; ch4
c01441,neamine; neomycin a
c01443,ouabain; g-strophanthin
c01444,oxamate; oxamic acid; oxalic monoamide
c01445,poly(g)
c01448,questin
c01449,queuine; base q
c01450,ketone; r-co-r'
c01451,salicin; salicoside
c01452,sorbose; xylo-hexulose
c01453,tacrine
c01454,toluate; p-toluate; p-toluic acid; 4-methylbenzoic acid; toluenecarboxylic acid; crithminic acid
c01455,toluene; methylbenzene; toluol
c01456,tropate; tropic acid; alpha-(hydroxymethyl)phenylacetic acid
c01457,tylosin
c01458,tyr-oet
c01460,vitexin; apigenin 8-c-glucoside
c01464,xanthan; xanthene
c01467,3-cresol; m-cresol; 3-hydroxytoluene; 3-methylphenol
c01468,4-cresol; p-cresol; 4-hydroxytoluene; 4-methylphenol
c01469,adp-sugar
c01470,"acacetin; 5,7-dihydroxy-4'-methoxyflavone; 4'-methoxy-5,7-dihydroxyflavone"
c01471,acrolein; acrylaldehyde; acrylic aldehyde; propenal
c01474,"alizarin; dihydroxyanthraquinone; 1,2-dihydroxyanthraquinone; dihydroxy-9,10-anthracenedione"
c01477,"apigenin; 4',5,7-trihydroxyflavone; 5,7,4'-trihydroxyflavone"
c01478,arsenic acid; orthoarsenic acid
c01479,atropine; dl-hyoscyamine
c01481,"caffeate; caffeic acid; 3,4-dihydroxycinnamic acid"
c01484,"chalcone; benzylideneacetophenone; 1,3-diphenyl-2-propen-1-one"
c01485,chloric acid; chlorate
c01486,chlorous acid; chlorite
c01487,d-allose
c01488,d-apiose
c01489,d-iditol
c01490,dermatan; dermatan l-iduronate
c01491,factor h; complement factor h
c01493,farnesol
c01494,ferulate; ferulic acid; 4-hydroxy-3-methoxycinnamic acid; 3-methoxy-4-hydroxy-trans-cinnamate; 4-hydroxy-3-methoxycinnamate
c01495,flavonol
c01496,fructose; arabino-hexulose
c01498,gelatine; gelatin
c01499,geranial; trans-citral
c01500,geraniol
c01501,glucagon
c01502,o-methoxyphenol; guaiacol; catechol mono methyl ether; 2-methoxyphenol
c01504,"indanone; hydrindone; 1-indanone; 1h-inden-1-one, 2,3-dihydro-"
c01505,kallidin; lysylbradykinin; lysyl-bradykinin
c01506,l-glycol
c01507,l-iditol
c01508,l-lyxose
c01510,l-xylose; l-xylofuranose
c01512,loganate; loganic acid
c01513,lupinate; lupinic acid; 3-[n6-(4-hydroxyisopentenyl)adeninyl]-l-alanine; (s)-2-amino-3-{[(e)-4-hydroxy-3-methylbut-2-enylamino]purin-9-yl}propanoic acid
c01514,"luteolin; 3',4',5,7-tetrahydroxyflavone; 5,7,3',4'-tetrahydroxyflavone"
c01516,morphine
c01517,naproxen
c01518,nigerose; sakebiose; 3-o-alpha-d-glucopyranosyl-d-glucose
c01520,pachyman
c01523,pregnane; 5beta-pregnane
c01525,r'c(r)sh
c01526,ricinine
c01527,scopolin
c01528,hydrogen selenide; selenide
c01529,selenium
c01530,octadecanoic acid; stearate; stearic acid
c01531,sulindac
c01533,syringin; eleutheroside b
c01536,tyrosine; 3-(p-hydroxyphenyl)alanine; 2-amino-3-(p-hydroxyphenyl)propionic acid
c01537,urethane; ethyl carbamate
c01540,viomycin
c01541,warfarin
c01542,o-cresol; 2-hydroxytoluene; o-methylphenol
c01545,octanal; 1-octanal; 1-caprylaldehyde; 1-octylaldehyde; 1-octaldehyde
c01546,2-furoate; 2-furoic acid; 2-furancarboxylic acid; pyromucic acid
c01547,adp-aldose
c01548,acetylene; ethyne
c01550,agaritine
c01551,allantoin; 5-ureidohydantoin; glyoxyldiureide
c01552,amastatin
c01553,amsacrine; mamsa; 4'-(9-acridinylamino)-3'-methoxymethanesulfonanilide
c01554,5alpha-androstane
c01555,apramycin
c01557,bergapten; 5-methoxypsoralen; o-methylbergaptol; 5-methoxyfuranocoumarin
c01558,bile salt; bile acid
c01559,butirosin
c01561,"calcidiol; 25-hydroxyvitamin d3; calcifediol; calcifediol anhydrous; (3s,5z,7e)-9,10-seco-5,7,10(19)-cholestatriene-3,25-diol"
c01562,calycosin; 3'-hydroxyformononetin
c01563,carbamate; carbamic acid; aminoformic acid
c01564,cetraxate
c01566,cyanamide; carbodiimide
c01567,cytomycin
c01569,d-apiitol; 3-(hydroxymethyl)erythritol
c01570,d-leucine; d-2-amino-4-methylvaleric acid
c01571,decanoic acid; decanoate; decylic acid; n-capric acid
c01572,digallate; digallic acid
c01573,peptide diphthine; diphthine; ef-2 diphthine; elongation factor 2 diphthine; diphthine-[translation elongation factor 2]
c01574,dynorphin; dynorphin a
c01575,"ephedrine; (-)-(1r,2s)-ephedrine; (1r,2s)-1-phenyl-1-hydroxy-2-methylaminopropane; (-)-ephedrine; l-ephedrine"
c01576,etoposide; vp-16
c01579,flavonoid
c01581,gdphexose
c01582,galactose
c01585,hexanoic acid; hexanoate; hexylic acid; n-caproic acid
c01586,hippurate; hippuric acid; n-benzoylglycine; benzoylaminoacetic acid
c01588,ibuprofen
c01589,"imidazole; glyoxaline; 1,3-diazole"
c01590,kievitone
c01591,leupeptin
c01592,"licodione; 1-(2,4-dihydroxyphenyl)-3-(4-hydroxyphenyl)propane-1,3-dione"
c01593,limonoate
c01594,linamarin; phaseolunatin
c01595,"linoleate; linoleic acid; (9z,12z)-octadecadienoic acid; 9-cis,12-cis-octadecadienoate; 9-cis,12-cis-octadecadienoic acid"
c01596,maleamate; maleamic acid
c01598,melatonin; n-acetyl-5-methoxytryptamine
c01599,ndp-aldose
c01600,ndp-hexose
c01601,nonanoic acid; nonanoate; pelargonic acid
c01602,"ornithine; 2,5-diaminovaleric acid; 2,5-diaminopentanoic acid; 2,5-diaminopentanoate"
c01604,phlorizin; phlorhizin; phloridzin
c01606,"phthalate; o-phthalic acid; 1,2-benzenedicarboxylic acid"
c01607,"phytanate; phytanic acid; 3,7,11,15-tetramethylhexadecanoic acid"
c01608,piroxicam
c01609,protamine
c01610,puromycin
c01612,secondary alcohol; r-choh-r'
c01613,stachyose
c01614,sulfamate; sulfamic acid; amidosulfuric acid; sulfamidic acid; aminosulfonic acid
c01615,sulfinate; sulfinic acid
c01616,tauropine; n2-(d-1-carboxyethyl)taurine
c01617,taxifolin; dihydroquercetin; (+)-dihydroquercetin; (+)-taxifolin; trans-dihydroquercetin
c01618,testolate
c01619,thiorphan
c01620,"threonate; l-threonate; (2r,3s)-2,3,4-trihydroxybutanoic acid"
c01621,tolrestat
c01623,udp-apiose; udp-d-apiose; udp-alpha-d-apiose
c01624,"vermelone; 3,4-dihydro-3,8-dihydroxy-1(2h)-naphthalenone"
c01625,vicianose; o-alpha-l-arabinopyranosyl-(1-6)-d-glucopyranose
c01626,vindoline
c01628,vitamin k
c01629,wax ester
c01630,xylobiose
c01632,n-carbobenzoxyglycylproline; z-gly-pro; z-gly-pro-oh
c01633,1-decanol; n-decanol; decyl alcohol
c01635,trna(ala)
c01636,trna(arg)
c01637,trna(asn)
c01638,trna(asp)
c01639,trna(cys)
c01640,trna(gln)
c01641,trna(glu)
c01642,trna(gly)
c01643,trna(his)
c01644,trna(ile)
c01645,trna(leu)
c01646,trna(lys)
c01647,trna(met)
c01648,trna(phe)
c01649,trna(pro)
c01650,trna(ser)
c01651,trna(thr)
c01652,trna(trp)
c01653,trna(val)
c01654,"1,6-mannan"
c01655,2-aminoamp
c01656,3-oxo acid; 3-keto acid
c01657,ac-tyr-oet; n-acetyl-l-tyrosine ethyl ester; ethyl n-alpha-acetyl-tyrosinate
c01658,acid amide
c01659,acrylamide; 2-propenamide
c01661,doxorubicin; adriamycin
c01663,alkylamide
c01664,alkylamine
c01667,bacitracin
c01670,bz-arg-oet
c01672,"cadaverine; 1,5-pentanediamine; 1,5-diaminopentane; pentamethylenediamine"
c01673,"calcitriol; 1alpha,25-dihydroxyvitamin d3; (1s,3r,5z,7e)-9,10-seco-5,7,10(19)-cholestatriene-1,3,25-triol"
c01674,"chitobiose; diacetylchitobiose; n,n'-diacetylchitobiose"
c01675,cilastatin
c01677,coformycin
c01678,cysteamine; 2-aminoethanethiol; beta-aminoethanethiol; beta-mercaptoethylamine; mercaptamine; thioethanolamine
c01680,d-fuconate
c01682,"nopaline; d-nopaline; n2-(d-1,3-dicarboxypropyl)-l-arginine; n-[(1s)-4-carbamimidamido-1-carboxybutyl]-d-glutamic acid"
c01683,ornaline; nopalinic acid
c01684,d-rhamnose; 6-deoxy-d-mannose; d-mannomethylose
c01685,d-ribonate; d-ribonic acid
c01687,tylosin b; desmycosin
c01688,destomysin; destomycin a
c01690,diclofenac
c01691,diflunisal
c01692,disulfiram; tetraethylthiuram disulfide
c01693,"l-dopachrome; 2-l-carboxy-2,3-dihydroindole-5,6-quinone"
c01694,"ergosterol; provitamin d2; (3beta,22e)-ergosta-5,7,22-trien-3-ol"
c01695,ferredoxin
c01697,galactitol; dulcitol; dulcose
c01698,galactogen
c01699,gibberellin a3; gibberellic acid; gibberellin
c01700,globomycin
c01701,(-)-glyceollin i; glyceollin
c01702,glycogenin
c01705,glyphosate; roundup (tn)
c01706,haloalkene
c01707,hemiacetal
c01708,hemoglobin
c01709,"hesperetin; 3',5,7-trihydroxy-4'-methoxyflavanone"
c01710,indan-1-ol
c01711,inulobiose; 1-o-beta-d-fructo-furanosyl-d-fructose
c01712,"(9e)-octadecenoic acid; 9-octadecenoic acid, (e)-; (e)-oleic acid; d9-trans-octadecenoic acid; 9-trans-octadecenoic acid; trans-d9-octadecenoic acid; trans-9-octadecenoic acid; trans-elaidic acid; trans-oleic acid; elaidic acid; acide elaidique; elaidinsaure"
c01714,isovitexin; saponaretin; apigenin-6-c-glucoside; 6-c-glucosylapigenin; apigenin 6-c-glucoside
c01715,plasma kallikrein; pka; kininogenase; kininogenin
c01716,ketoprofen
c01717,4-hydroxy-2-quinolinecarboxylic acid; kynurenic acid; kynurenate
c01718,kynurenine; 3-anthraniloylalanine
c01719,l-fructose; l-arabino-hexulose
c01720,l-fuconate
c01721,l-fuculose; 6-deoxy-l-tagatose
c01722,l-glucitol; l-sorbitol; d-gulitol
c01723,lactenocin; demycarosylmacrocin
c01724,"lanosterol; 4,4',14alpha-trimethyl-5alpha-cholesta-8,24-dien-3beta-ol"
c01725,levanbiose
c01726,d-lombricine
c01727,"lumichrome; 7,8-dimethylalloxazine"
c01728,"mannobiose; alpha-1,6-mannobiose; alpha-d-manp-(1->6)-d-manp"
c01729,(+)-medicarpin; 3-hydroxy-9-methoxypterocarpan
c01731,mercury mercaptide
c01732,mesaconate; 2-methylfumarate; mesaconic acid; methylfumaric acid; (e)-2-methyl-2-butenedioic acid
c01733,methionine; 2-amino-4-(methylthio)butyric acid
c01735,morphinone
c01736,nebularine; purine riboside; n-d-ribosylpurine
c01737,neomycin b; fradiomycin b; framycetin
c01739,nocardicin e
c01740,octylamine; n-octylamine; monoctylamine
c01742,palatinose; isomaltulose; 6-o-alpha-d-glucopyranosyl-d-fructofuranose
c01743,paromamine; neomycin d
c01744,phloretate; phloretic acid; 3-(4-hydroxyphenyl)propanoate; 3-(4-hydroxyphenyl)propionic acid
c01745,"pinosylvin; 3,5-stilbenediol"
c01746,piperidine; azacyclohexane; hexahydropyridine
c01747,psychosine; galactosylsphingosine; o-galactosylsphingosine
c01748,pyocyanine; pyocyanin; 5-methylphenazin-5-ium-1-olate; 5-methylphenazin-1(5h)-one
c01750,quercitrin; quercetin 3-l-rhamnoside; quercetin 3-o-alpha-l-rhamnopyranoside
c01751,"resorcinol; resorcin; 1,3-benzenediol; 1,3-dihydroxybenzene; m-hydroquinone"
c01752,scopoletin; 7-hydroxy-6-methoxy-2h-chromen-2-one
c01753,beta-sitosterol; sitosterol
c01754,spiramycin
c01755,thiocyanate; thiocyanic acid
c01756,thiopurine
c01757,"triacetate; 3,5-dioxo-hexanoic acid"
c01759,ribostamycin; vistamycin
c01760,"(6s,9r)-vomifoliol; (6s,9r)-6-hydroxy-3-oxo-alpha-ionol"
c01761,vomilenine
c01762,xanthosine
c01764,trna containing uridine at position 54; trna upsic
c01765,"(+)-borneol; d-borneol; borneocamphor; endo-2-bornanol; sumatra camphor; (1r,2s,4r)-(+)-borneol"
c01766,"(-)-borneol; l-borneol; (1s,2r,4s)-(-)-borneol; linderol"
c01767,(-)-carvone; (4r)-carvone
c01768,(alginate)n; (alginate)n+1; alginate; alginic acid
c01769,(s)-acetoin; (s)-2-acetoin; (3s)-3-hydroxybutan-2-one
c01770,"gamma-butyrolactone; 1,4-lactone"
c01771,2-butenoate; 2-butenoic acid; crotonic acid; 3-methylacrylic acid; (e)-but-2-enoic acid
c01772,trans-2-hydroxycinnamate; trans-2-hydroxycinnamic acid; 2-hydroxycinnamate; 2-coumaric acid; o-coumaric acid; 2-coumarate
c01775,actinomycin
c01776,aculeacin a
c01777,acylcholine; choline ester
c01779,albendazole
c01780,"aldosterone; 11beta,21-dihydroxy-3,20-dioxo-4-pregnen-18-al"
c01782,benzene oxide; arene oxide
c01783,arylmercury
c01784,benzamidine; benzenecarboxamidine
c01785,benzenediol
c01788,cdp-abequose; cdp-alpha-d-abequose
c01789,campesterol
c01790,capreomycin
c01792,chlordecone; kepone
c01793,chlorophyll
c01794,"choloyl-coa; 3alpha,7alpha,12alpha-trihydroxy-5beta-cholanoyl-coa; 3alpha,7alpha,12alpha-trihydroxy-5beta-cholan-24-one-coa"
c01795,columbamine
c01796,d-erythrose
c01798,d-glucoside
c01799,d-norvaline; d-2-aminovaleric acid; d-2-aminopentanoic acid
c01800,deazaflavin; 5-deazaflavin
c01801,deoxyribose; 2-deoxy-d-erythro-pentose; thyminose; 2-deoxy-d-ribose
c01802,"desmosterol; 24-dehydrocholesterol; cholesta-5,24-dien-3beta-ol"
c01804,discadenine; 3-(3-amino-3-carboxypropyl)-n6-(delta2-isopentenyl)-adenine
c01806,gtp-gamma-s
c01810,glucomannan; glucomannoglycan
c01812,haloacetate
c01813,haloalcohol
c01814,haloperidol
c01816,heptadecane; n-heptadecane
c01817,l-homocystine; homocystine
c01818,hyponitrite; hyponitrous acid
c01819,indoleamine; indolamine
c01821,isoorientin; homoorientin; luteolin-6-c-glucoside
c01822,kanamycin a
c01823,kanamycin c
c01825,l-galactose
c01826,l-norvaline; l-2-aminovaleric acid; l-2-aminopentanoic acid; (s)-2-aminopentanoic acid
c01829,"thyroxine; levothyroxin; l-thyroxine; o-(4-hydroxy-3,5-diidophenyl)-3,5-diiodo-l-tyrosine; 3,5,3'5'-tetraiodo-l-thyronine; t4"
c01832,lauroyl-coa; lauroyl coenzyme a; dodecanoyl-coa
c01833,leu-gly-pro
c01834,lipoprotein
c01835,maltotriose; amylotriose
c01836,neurotensin
c01837,nitroethane
c01838,octadecanal
c01839,"orsellinate; o-orsellinic acid; 2,4-dihydroxy-6-methylbenzoic acid; 2,4-dihydroxy-6-methylbenzoate; 4,6-dihydroxy-o-toluic acid"
c01841,pentalenene
c01842,pentanamide; valeramide
c01843,polyproline
c01844,pravastatin
c01845,propan-2-ol; 2-propanol; isopropanol; isopropyl alcohol
c01847,reduced fmn; fmnh2
c01848,rifamycin b
c01849,rifamycin o
c01850,rosmarinate; rosmarinic acid
c01851,scopolamine; (-)-hyoscine
c01852,secologanin; (-)-secologanin
c01853,"stipitatate; stipitatic acid; 3,6-dihydroxy-5-oxo-1,3,6-cycloheptatriene-1-carboxylic acid"
c01854,streptamine
c01855,taxiphyllin; (r)-4-hydroxymandelonitrile beta-d-glucoside
c01857,thioacetate; thioacetic acid
c01860,trichodiene
c01861,trithionate; (o3s.s.so3)2-
c01863,xanthoaphin; xanthoaphin fb
c01864,xanthotoxin; methoxsalen; o-methylxanthotoxol; 8-methoxypsoralen; 8-methoxyfuranocoumarin
c01865,zopolrestat
c01866,beta-lactam
c01867,tau-protein
c01868,(+)-sabinone
c01869,(-)-sympatol; (-)-synephrine; (r)-synephrine
c01870,vicianin; (r)-vicianin
c01871,"1,4-dithiane"
c01872,1-haloalkane
c01874,2-iodophenol
c01875,2-undecanone; undecan-2-one; methyl nonyl ketone; 2-hendecanone
c01876,3-oxosteroid
c01877,4-oxoproline; 4-oxo-l-proline
c01879,5-oxoproline; pidolic acid; pyroglutamic acid; 5-pyrrolidone-2-carboxylic acid; pyroglutamate; 5-oxo-l-proline; l-pyroglutamic acid; l-5-pyrrolidone-2-carboxylic acid
c01880,epsilon-caprolactone; 6-hexanolide; 1-oxa-2-oxocycloheptane; 2-oxepanone; hexano-6-lactone
c01881,7-oxosteroid
c01882,adp-d-ribose
c01883,acetic ester; acetyl ester
c01884,acyldolichol
c01885,1-acylglycerol; glyceride; monoglyceride; monoacylglycerol; 1-monoacylglycerol
c01887,alkylnitrile
c01888,aminoacetone; 1-amino-2-propanone
c01889,arabinoxylan
c01890,arylalkylamine; aralkylamine
c01892,"asparagusate; asparagusic acid; 1,2-dithiolane-4-carboxylate"
c01893,biotin amide
c01894,biotinyl-coa
c01895,bleomycin b2
c01897,camptothecin
c01898,cellodextrin; cellooligosaccharide
c01901,cucurbitacin
c01902,"cycloartenol; 9beta,19-cyclo-24-lanosten-3beta-ol"
c01904,d-arabitol; d-arabinitol; d-arabinol; d-lyxitol
c01905,d-asparagine
c01906,d-hamamelose; hamamelose
c01907,daunorubicin; daunomycin; (+)-daunomycin
c01909,dethiobiotin; desthiobiotin
c01910,dinucleotide
c01912,erythromycin; erythromycin a; abomacetin
c01913,ferrocyanide; hexacyanoferrate(ii)
c01915,galactolipid
c01917,gentamicin a
c01918,gentamicin c
c01920,geranoyl-coa; cis-geranyl-coa
c01921,"glycocholate; glycocholic acid; 3alpha,7alpha,12alpha-trihydroxy-5beta-cholan-24-oylglycine"
c01923,heteroglycan; heteropolysaccharide
c01924,homoarginine; l-homoarginine
c01925,hygromycin b; antibiotic a-396-ii
c01926,indomethacin; indometacin
c01927,isoflavanone
c01928,ketoaldehyde
c01929,l-histidinal
c01930,l-lysinamide
c01931,l-lysyl-trna; l-lysyl-trna(lys)
c01933,l-norleucine; l-aminohexanoic acid; l-aminohexanoate; l-2-aminohexanoic acid; l-2-aminohexanoate; (s)-2-aminohexanoic acid
c01934,l-rhamnonate; 6-deoxy-l-mannonic acid
c01935,maltodextrin; maltodextrin(n); maltodextrin(n-2); n+2 maltodextrin; linear maltodextrin; maltooligosaccharide
c01936,maltohexaose
c01937,methotrexate
c01938,"naphthazarin; 5,8-dihydroxy-1,4-naphthoquinone"
c01941,nocardicin a
c01942,nonanoyl-coa
c01943,"obtusifoliol; 4alpha,14alpha-dimethyl-5alpha-ergosta-8,24(28)-dien-3beta-ol; 4alpha,14alpha-dimethyl-24-methylene-5alpha-cholesta-8-en-3beta-ol"
c01944,octanoyl-coa
c01945,okadaic acid
c01946,oleandomycin; amimycin; landomycin; matromycin; romicil
c01948,pentadecanal; 1-pentadecanal
c01949,pentan-2-one; 2-pentanone; methyl propyl ketone
c01950,picolinamide
c01951,piperitenone
c01952,polyarginine
c01953,pregnenolone; 5-pregnen-3beta-ol-20-one; 3beta-hydroxypregn-5-en-20-one
c01956,pyrazinamide; pyrazinoic acid amide
c01957,secologanate
c01958,steryl ester; sterol ester
c01959,taurocyamine
c01960,tetrapeptide
c01961,thalassemine; l-thalassemine
c01962,thiocysteine; s-mercapto-l-cysteine; l-thiocysteine
c01963,tolylacetate; p-cresyl acetate; p-tolyacetate
c01964,tos-ph-ch2cl
c01965,trimethoprim
c01967,ubiquinone-9; ubiquinone-45; coenzyme q(9)
c01968,undecaprenol
c01969,xanthommatin
c01970,beta-lactose; beta-d-lactose
c01971,beta-maltose
c01972,m7g(5')pppam-mrna; mrna containing a 2'-o-methyladenosine cap; 5-(n7-methyl 5-triphosphoguanosine)-2'-o-methyladenosine-[mrna]
c01977,trna guanine; guanine in trna
c01978,trna queuine; queuine in trna
c01983,(r)-mandelate; (r)-2-hydroxy-2-phenylacetic acid; (r)-2-hydroxy-2-phenylacetate; (r)-mandelic acid
c01984,(s)-mandelate; (s)-2-hydroxy-2-phenylacetic acid; (s)-2-hydroxy-2-phenylacetate; (s)-mandelic acid
c01985,11-oxosteroid
c01986,16-oxosteroid
c01987,2-aminophenol; 2-hydroxyaniline; 2-aminobenzenol; o-aminophenol
c01988,2-nitrophenol; o-nitrophenol
c01989,3-ethylmalate
c01990,3-oxalomalate; 3-oxalomalic acid
c01991,4-hydroxyacid; 4-hydroxyalkanoic acid; 4-hydroxycarboxylic acid
c01993,5'-oxoinosine; 5'-dehydroinosine
c01995,acetone oxime; acetoxime
c01996,acetylcholine; o-acetylcholine
c01997,histone n6-acetyl-l-lysine; acetylhistone
c01998,acrylonitrile; propenenitrile; vinyl cyanide
c02000,alkyl sulfate
c02001,allyl alcohol; 2-propen-1-ol
c02002,c3a anaphylatoxin
c02003,anthocyanidin
c02004,aristolochene; (+)-aristolochene
c02006,aspulvinone e; (5z)-4-hydroxy-3-(4-hydroxyphenyl)-5-[(4-hydroxyphenyl)methylene]-2(5h)-furanone
c02007,aspulvinone g
c02008,aspulvinone h
c02009,benzimidazole
c02010,blasticidin s
c02012,catecholamine
c02013,cellotetraose
c02015,coa-disulfide
c02017,corticotropin; adrenocorticotropic hormone; acth
c02018,cyanopyrazine; 2-cyanopyrazine
c02020,cyclopentanol; cyclopentyl alcohol
c02021,cytochrome c1
c02022,d-erythrulose; d-glycero-tetrulose
c02023,d-galactoside
c02024,d-mannuronate; d-mannuronic acid
c02026,deoxycytosine; 2'-deoxycytosine
c02027,deoxylimonate; deoxylimonic acid
c02028,dicarboxylate; dicarboxylic acid
c02029,dihydrozeatin; 2-methyl-4-(1h-purin-6-ylamino)butan-1-ol; n6-(4-hydroxyisopentanyl)adenine
c02030,farnesoyl-coa
c02031,g(5')ppppur-mrna; 5'-(5'-triphosphoguanosine)-[mrna]; guanosine 5'-triphospho-mrna
c02033,gentamicin c2
c02034,gibberellin a19; gibberellin 19
c02035,gibberellin a20; gibberellin 20
c02037,glycylglycine; n-glycylglycine
c02038,n-terminal-glycyl-[protein]; glycylpeptide
c02040,hydroxyindole; 4-hydroxyindole
c02041,eicosanoyl-coa; icosanoyl-coa; arachidoyl-coa
c02043,indolelactate
c02045,l-erythrulose; l-glycero-tetrulose
c02046,l-hyoscyamine; l-tropine tropate; daturine; duboisine
c02047,l-leucyl-trna; l-leucyl-trna(leu)
c02048,laminaribiose; laminariaceae; 3-beta-d-glucosyl-d-glucose
c02049,limit dextrin; alpha- and beta-limit dextrin
c02050,"linoleoyl-coa; (9z,12z)-octadecadienoyl-coa"
c02051,lipoylprotein; [h-protein]-lipoyllysine; [gcsh]-n6-lipoyl-l-lysine; [gcvh]-n6-lipoyl-l-lysine; [glycine cleavage system h]-n6-lipoyl-l-lysine; [glycine-cleavage complex h protein]-n6-lipoyl-l-lysine
c02052,maltotetraose
c02055,n-acylglycine
c02056,peptidyl-trna
c02057,phenylalanine; alpha-amino-beta-phenylpropionic acid
c02058,phosphoramide
c02059,"phylloquinone; vitamin k1; phytonadione; 2-methyl-3-phytyl-1,4-naphthoquinone"
c02060,phytanoyl-coa
c02061,plastoquinone
c02064,prostanoic acid
c02065,protein alanine
c02066,pseudotropine
c02067,pseudouridine
c02069,reduced putidaredoxin
c02072,rna (poly(c))
c02073,rna(circular)
c02074,raucaffricine; vomilenine beta-d-glucoside
c02075,retinyl ester; all-trans-retinyl ester
c02076,sedoheptulose; d-altro-heptulose; d-sedoheptulose; volemulose
c02077,semicarbazide; carbamoylhydrazine; aminourea; hydrazinecarboxamide
c02078,spectinomycin
c02079,staurosporine; sts
c02080,stipitatonate
c02081,streptonigrin
c02083,"styrene oxide; styrene-7,8-oxide"
c02084,tetrathionate; tetrathionic acid
c02085,thioglucoside
c02086,thioglycolate; mercaptoacetic acid; mercaptoethanoic acid; thioglycolic acid
c02087,tos-arg-ch2cl
c02088,tos-phe-ch2cl; tpck; n-tosyl-l-phenylalanyl chloromethyl ketone
c02089,o-acyltropine
c02090,"trypanothione; n1,n8-bis(gamma-l-glutamyl-l-cysteinyl-glycyl)spermidine; n1,n8-bis(glutathionyl)spermidine; reduced trypanothione"
c02091,(s)-ureidoglycine; (s)-(carbamoylamino)glycine
c02094,beta-carotene; all-trans-beta-carotene
c02095,beta-d-fucose
c02096,beta-d-xylose
c02097,dtdp-galactose; dtdp-d-galactose
c02099,(2s)-flavanone; (2s)-flavan-4-one
c02100,(5')pppur-mrna; 5'-diphospho-[mrna]
c02101,glucomannan longer by one mannose unit
c02103,(s)-2-haloacid
c02104,"(s)-mevalonate; (s)-mevalonic acid; (s)-3,5-dihydroxy-3-methylvaleric acid"
c02105,(s)-reticuline; (+)-reticuline
c02106,"(s)-scoulerine; (13as)-5,8,13,13a-tetrahydro-3,10-dimethoxy-6h-dibenzo[a,g]quinolizine-2,9-diol"
c02107,"(s,s)-tartaric acid; (s,s)-tartrate; d-tartrate; d-tartaric acid; (2s,3s)-tartaric acid; (-)-tartaric acid"
c02108,"1,2-campholide"
c02110,11-cis-retinal; 11-cis-vitamin a aldehyde; 11-cis-retinene
c02111,"2,4-dioxo acid"
c02112,2-acylglycerol; 2-glyceride; 2-monoacylglycerol
c02115,2-methylserine
c02116,2-nitropropane
c02117,2-oxophytanate; 2-oxophytanic acid
c02118,"3,5-dioxo acid"
c02119,3-acylpyruvate
c02122,3-oxohexanoic acid; 3-oxohexanoate
c02123,3-propylmalate; 3-propylmalic acid
c02124,4-chlorophenol; p-chlorophenol; parachlorophenol
c02125,4-nitroanilide
c02126,4-nitroaniline; p-nitroaniline; 4-nitrobenzeneamine
c02128,5'-phospho-dna; dna 5'-phosphate
c02129,5-oxohexanoic acid; 5-oxohexanoate; 4-acetylbutyric acid
c02130,acetyl-maltose; 6-o-acetyl-alpha-d-glucopyranosyl-(1->4)-d-glucose
c02131,acetylagmatine
c02132,"acetylpyruvate; acetylpyruvic acid; 2,4-dioxopentanoate"
c02133,acyl phosphate; fatty acyl phosphate
c02134,allocryptopine
c02135,angiotensin ii; angiotensin; angiotonin; hypertensin
c02137,alpha-oxo-benzeneacetic acid; benzoylformate; benzoylformic acid; phenylglyoxylic acid; phenylglyoxylate; 2-oxo-2-phenylacetate
c02138,boc-asn-ophno2
c02139,chlorophyllide; chlorophyllide a
c02140,"corticosterone; 11beta,21-dihydroxy-4-pregnene-3,20-dione; kendall's compound b; reichstein's substance h"
c02141,cycloeucalenol
c02142,d-ribosyl-base; d-ribosyl-base1; d-ribosyl-base2
c02143,"d-threo-aldose; (2s,3r)-aldose"
c02144,dehydropeptide
c02146,dialkyl ketone
c02147,dihydrolipoate; dihydrolipoic acid; dihydrothioctic acid
c02150,formylpyruvate
c02151,geissoschizine
c02153,glucotropaeolin; glucotropeolin; benzyl glucosinolate
c02154,"glyceraldehyde; 2,3-dihydroxypropionaldehyde; 2,3-dihydroxypropanal; glycerose; aldotriose"
c02155,glycyl-leucine; glycyl-l-leucine
c02159,hydroxysteroid
c02160,isomaltotriose
c02161,2-aminophenoxazin-3-one; 3-aminophenoxazone; isophenoxazine
c02162,"isopimpinellin; 5,8-dimethoxypsoralen"
c02163,l-arginyl-trna(arg); l-arginyl-trna
c02165,"leukotriene b4; (6z,8e,10e,14z)-(5s,12r)-5,12-dihydroxyeicosa-6,8,10,14-tetraenoate; (6z,8e,10e,14z)-(5s,12r)-5,12-dihydroxyicosa-6,8,10,14-tetraenoate; ltb4"
c02166,leukotriene c4; ltc4
c02167,"maleylpyruvate; maleylpyruvic acid; 3-maleylpyruvate; (2z)-4,6-dioxohept-2-enedioic acid"
c02168,mefenamic acid
c02170,methylmalonate; methylmalonic acid
c02171,mononucleotide
c02172,n-acetylisatin; 1-acetylisatin
c02173,n-acylmuramate
c02174,oligophosphate
c02179,[peptide]-amide; peptidyl amide
c02180,phenylsulfate; phenol sulfate
c02181,phenoxyacetate; phenoxyacetic acid
c02183,"phloroglucinol; 1,3,5-benzenetriol; 1,3,5-trihydroxybenzene; benzene-1,3,5-triol"
c02185,plastoquinol-1
c02186,prolyl-peptide
c02188,protein lysine; peptidyl-l-lysine; [protein]-l-lysine
c02189,[protein]-l-serine; protein serine; protein l-serine
c02191,protoporphyrin; protoporphyrin ix; porphyrinogen ix
c02193,pyruvate oxime
c02195,steryl sulfate
c02196,tertiary amine
c02197,"testolactone; 13-hydroxy-3-oxo-13,17-secoandrosta-1,4-dien-17-oic acid delta-lactone"
c02198,"thromboxane a2; (5z,13e)-(15s)-9alpha,11alpha-epoxy-15-hydroxythromboxa-5,13-dienoate; (5z,9alpha,11alpha,13e,15s)-9,11-epoxy-15-hydroxythromboxa-5,13-dien-1-oic acid; txa2"
c02199,udp-l-rhamnose; udp-rhamnose; udp-beta-l-rhamnose
c02200,udp-glucosamine; udp-alpha-d-glucosamine
c02201,"veratraldehyde; veratric aldehyde; 3,4-dimethoxybenzaldehyde"
c02202,z-phe-phe-chn2
c02203,z-tyr-leu-nhoh; benzyloxycarbonyl-tyr-leu-nhoh; cbz-tyr-leu-nhoh
c02204,alpha-d-lyxose
c02205,alpha-d-xylose; alpha-d-xylopyranose
c02206,alpha-santonin
c02207,beta-alanopine; n-(d-1-carboxyethyl)-beta-alanine
c02209,beta-d-mannose; beta-d-mannopyranose
c02210,beta-endorphin
c02211,trna precursor
c02213,(+)-cis-sabinol; sabinol
c02214,(e)-glutaconate; trans-glutaconate; trans-glutaconic acid; glutaconic acid; (e)-glutaconic acid; (2e)-pent-2-enedioic acid
c02216,1-methyladenine
c02217,10-oxodecanoate; 10-oxodecanoic acid
c02218,dehydroalanine; 2-aminoacrylate; 2-aminoprop-2-enoate
c02220,"2-aminomuconate; 2-aminomuconic acid; o-aminomuconate; (2e,4z)-2-aminohexa-2,4-dienedioate; (2e,4z)-2-aminohexa-2,4-dienedioic acid"
c02221,2-cyanopyridine
c02222,2-maleylacetate; 4-oxohex-2-enedioate; maleylacetate
c02223,2-methylbutanal; 2-methylbutyraldehyde
c02224,2-methylcholine
c02225,"2-methylcitrate; (2s,3s)-2-methylcitrate; 2-hydroxybutane-1,2,3-tricarboxylate; (2s,3s)-2-hydroxybutane-1,2,3-tricarboxylate; (2s,3s)-2-methylcitric acid"
c02226,2-methylmaleate; citraconate; citraconic acid; methylmaleic acid
c02227,2-naphthylamine; 2-naphthalenamine; 2-aminonaphthalene; beta-naphthylamine
c02230,"3-methylguanine; 2-amino-3,7-dihydro-3-methyl-6h-purin-6-one"
c02231,3-nitroacrylate
c02232,3-oxoadipyl-coa; beta-ketoadipyl-coa
c02233,3-oxopentanoic acid; 3-oxopentanoate
c02234,4-cyanopyridine
c02235,4-nitrocatechol
c02236,4-sulfobenzoate; 4-sulfobenzoic acid
c02237,5-oxo-d-proline; d-pyroglutamic acid; d-5-pyrrolidone-2-carboxylic acid
c02240,5-valerolactone; delta-valerolactone; gamma-valerolactone
c02241,7-methyladenine
c02242,7-methylguanine
c02243,8-oxocoformycin
c02244,aliphatic amide
c02245,alkyl sulfenate
c02246,angiotensinogen; proangiotensin
c02247,anthraniloyl-coa; 2-aminobenzoyl-coa
c02248,apocytochrome c
c02249,"arachidonyl-coa; arachidonoyl-coa; (5z,8z,11z,14z)-icosatetraenoyl-coa"
c02252,arylhydroxamate
c02253,benzoylagmatine
c02255,cdp-acylglycerol; 1-acyl-sn-glycero-3-cytidine-5'-diphosphate
c02256,castanospermine
c02257,d-glucan
c02261,d-2-aminobutyrate; d-2-aminobutyric acid; d-2-aminobutanoic acid; (r)-2-aminobutanoic acid
c02262,d-galactosamine; d-chondrosamine; 2-amino-2-deoxy-d-galactose
c02264,d-glucose oxime
c02265,d-phenylalanine; d-alpha-amino-beta-phenylpropionic acid
c02266,"d-xylonolactone; d-xylono-1,5-lactone"
c02267,deoxycoformycin; pentostatin
c02269,deoxynucleoside; 2'-deoxynucleoside; 2-deoxy-d-ribosyl-base; 2-deoxy-d-ribosyl-base1; 2-deoxy-d-ribosyl-base2; 2'-deoxyribonucleoside
c02270,depurinated dna; apurinic site in dna
c02271,dichloromethane; methylene chloride; methylene dichloride
c02272,diethyl sulfide; ethyl sulfide; ethyl thioether; diethyl thioether
c02273,digalacturonate; digalacturonic acid; alpha-d-galacturonosyl-(1->4)-d-galacturonate
c02274,"dihydrocoumarin; 3,4-dihydrocoumarin"
c02277,1-dodecanol; dodecylalcohol; dodecyl alcohol; lauryl alcohol
c02278,dodecylaldehyde; dodecyl aldehyde; dodecanal; 1-dodecanal; lauraldehyde
c02280,gdp-l-galactose; gdp-beta-l-galactose
c02282,glutaminyl-trna; l-glutaminyl-trna(gln); glutaminyl-trna(gln); gln-trna(gln)
c02283,glycyrrhetinate; enoxolone; glycyrrhetinic acid
c02284,"glycyrrhizinate; glycyrrhizin; glycyrrhizic acid; (3beta,20beta)-20-carboxy-11-oxo-30-norolean-12-en-3-yl 2-o-beta-d-glucuronosyl-beta-d-glucosiduronic acid"
c02287,hydroxymalonate; tartronic acid; hydroxymalonic acid; 2-hydroxymalonate; 2-hydroxymalonic acid; 2-tartronic acid
c02288,reduced insulin
c02289,isopiperitenone
c02290,l-carnitinamide
c02291,l-cystathionine
c02293,latia luciferin
c02294,methylguanidine
c02295,methylitaconate; 2-methylene-3-methylsuccinate
c02297,n-acetyldiamine
c02298,n-acetylindoxyl; acetylindoxyl
c02299,n-methylaniline; n-methylbenzenamine
c02301,o-acylcarnitine
c02303,[peptide]-glycine; peptidylglycine
c02304,phenylhydrazine; hydrazinobenzene; phenyldiazane
c02305,phosphocreatine; n-phosphocreatine; creatine phosphate
c02306,phosphoramidate; phosphoramidic acid; amidophosphoric acid; phosphoramide
c02307,phosphorylase a; [phosphorylase a]
c02308,phosphorylase b; [phosphorylase b]
c02311,primary diamine
c02314,"prostaglandin f2beta; prostaglandin f2b; prosta-5,13-dien-1-oic acid, 9,11,15-trihydroxy-,(5z,9beta,11alpha,13e,15s)-; 5-heptenoic acid, 7-[3,5-dihydroxy-2(3-hydroxy-1-octenyl)cyclopentyl]-, stereoisomer; 9beta,11alpha-pgf2a; 9beta,11alpha-pgf2alpha; pgf2b; pgf2beta"
c02315,protein dithiol
c02318,r'c(r)s-s(r)cr'
c02319,r-choh-co-ch2oh
c02320,r-s-glutathione
c02321,"cis-1,4-polyisoprene; rubber particle; rubber; rubber (all-cis)"
c02323,salicyl alcohol; saligenin; 2-hydroxybenzyl alcohol; 2-(hydroxymethyl)phenol
c02324,secondary amine
c02325,sinapyl alcohol; sinapoyl alcohol
c02327,thiogalactoside
c02328,tolmetin sodium
c02330,udp-l-iduronate
c02331,vinylacetyl-coa; 3-butenoyl-coa; but-3-enoyl-coa
c02332,vitamin a ester
c02333,"xanthopterin-b2; 1-(7,8-dihydro-2,4-dihydroxypteridin-6-yl)-2-hydroxypropan-1-one"
c02334,z-arg-arg-nhmec; benzyloxycarbonylarginyl-arginine 4-methylcoumarin-7-ylamide
c02335,beta-alanyl-coa
c02336,beta-d-fructose; beta-fruit sugar; beta-d-arabino-hexulose; beta-levulose; fructose
c02337,beta-d-xyloside
c02338,beta-l-rhamnose; beta-6-deoxy-l-mannose; beta-l-mannomethylose; beta-l-rhamnopyranose
c02339,m7g(5')pppr-mrna; m7g(5')ppppur-mrna; mrna containing an n7-methylguanine cap; 5'-(n7-methyl 5'-triphosphoguanosine)-[mrna]; 5'-(n7-methylguanosine 5'-triphospho)-[mrna]; 5'-(n7-methyl 5'-triphosphoguanosine)-(purine-ribonucleotide)-[mrna]
c02341,trans-aconitate; trans-aconitic acid
c02342,'activated' trna
c02343,(+)-norephedrine; d-norephedrine; norephedrine
c02344,(-)-endo-fenchol; (-)-alpha-fenchyl alcohol
c02345,(2s)-flavan-4-ol
c02347,phosphomannan; phosphomannan backbone
c02348,(r)(-)-allantoin; (r)-allantoin
c02350,(s)-allantoin; (s)(+)-allantoin
c02351,"o-benzoquinone; 1,2-benzoquinone"
c02352,"1,4-beta-d-xylan; (1,4-beta-d-xylan)n; (1,4-beta-d-xylan)n+1"
c02353,"2',3'-cyclic amp"
c02354,"2',3'-cyclic cmp"
c02355,"2',3'-cyclic ump"
c02356,(s)-2-aminobutanoate; (s)-2-aminobutanoic acid; (s)-2-aminobutyric acid
c02357,2-chlorobenzoate; 2-chlorobenzoic acid; o-chlorobenzoic acid
c02359,2-fluorobenzoate; 2-fluorobenzoic acid
c02360,2-hydroxyadipate; 2-hydroxyadipic acid; 2-hydroxyhexanedioic acid
c02362,2-oxosuccinamate; 2-oxosuccinamic acid; gamma-aminooxaloacetate; oxaloacetamide
c02363,3-ethoxybenzoate; 3-ethoxybenzoic acid
c02364,3-fluorobenzoate; 3-fluorobenzoic acid
c02366,"3-methyloxindole; 1,3-dihydro-3-methyl-2h-indol-2-one"
c02367,3-oxododecanoic acid; 3-oxododecanoate
c02370,4-chlorobenzoate; 4-chlorobenzoic acid
c02371,4-fluorobenzoate; 4-fluorobenzoic acid
c02372,4-hydroxyaniline; 4-aminophenol; p-aminophenol; 4-aminobenzenol
c02373,4-methylpentanal; isocaproaldehyde; isohexanal
c02374,5'-dephospho-dna
c02375,4-chlorocatechol
c02376,5-methylcytosine
c02377,5-oxoprolyl-trna
c02378,6-aminohexanoate; 6-aminohexanoic acid; epsilcapramine; 6-aminocaproic acid
c02379,6-hydroxymellein
c02380,6-mercaptopurine; mercaptopurine
c02381,6-methoxymellein
c02385,amino acid(arg-); arginine; 2-amino-5-guanidinovaleric acid
c02389,p-benzosemiquinone; 4-hydroxyphenoxy radical
c02390,methylazoxymethanol; ch3-n(o)=n-ch2oh
c02391,ester; carboxylic ester
c02394,cinnamyl alcohol; 3-phenyl-2-propen-1-ol; styrylcarbinol
c02395,cyclohex-2-enone; 2-cyclohexen-1-one
c02399,d-xylosylprotein; o-beta-d-xylosylprotein; protein o-d-xyloside
c02400,demethylmacrocin; 2'''-o-demethyllactenocin
c02401,dialkylarylamine
c02403,fatty acid anion; alkanate; alkane acid
c02404,fibrinopeptide b
c02405,formyl phosphate
c02410,glucosylated dna
c02411,glutaconyl-1-coa; 4-carboxybut-2-enoyl-coa; glutaconyl-coa; (e)-glutaconyl-coa; (2e)-4-carboxybut-2-enoyl-coa
c02412,glycyl-trna(gly)
c02413,heptopyranosides
c02415,histone-l-lysine
c02419,hypotaurocyamine
c02420,isobutyronitrile; 2-methylpropanenitrile
c02421,isonicotineamide; isonicotinamide
c02424,l-arginine ester
c02426,"l-glyceraldehyde; l-2,3-dihydroxypropionaldehyde; l-2,3-dihydroxypropanal; l-glycerose; l-aldotriose"
c02427,l-homocitrulline
c02429,l-leucyl-protein
c02430,l-methionyl-trna; l-methionyl-trna(met)
c02431,l-rhamnofuranose
c02434,long-chain ester
c02436,methylated amine
c02440,n-desulfoheparin; heparamine
c02441,n-ethylmaleimide
c02442,n-methyltyramine
c02444,n6-acyl-l-lysine
c02445,"nonane-4,6-dione"
c02446,o-alkylglycerone
c02447,o-methylated rna
c02451,pent-2-enoyl-coa
c02452,"(-)-perillyl alcohol; perillyl alcohol; (s)-perillyl alcohol; [(4s)-4-(prop-1-en-2-yl)cyclohex-1-en-1-yl]methanol; p-mentha-1,8-dien-7-ol; (-)-perillylalcohol"
c02453,phenolic steroid
c02454,"phenylenediamine; m-phenylenediamine; diaminobenzene; m-diaminobenzene; benzenediamine; 1,3-benzenediamine; meta-phenylenediamine"
c02455,1-phenylethylamine; alpha-phenylethylamine; alpha-methylbenzylamine
c02456,phosphorhodopsin
c02457,"propane-1,3-diol; 1,3-propanediol; trimethylene glycol"
c02461,protein cys-cys
c02462,sabinene hydrate
c02463,precorrin 2; dihydrosirohydrochlorin
c02465,"triiodothyronine; 3,3',5-triiodo-l-thyronine; l-3,5,3'-triiodothyronine; 3,5,3'-triiodothyronine; liothyronine; 3,5,3'-triiodo-l-thyronine; t3"
c02466,trimetaphosphoric acid; trimetaphosphate; cyclo-triphosphoric acid
c02467,udp-galactosamine; udp-alpha-d-galactosamine
c02469,uroporphyrin iii
c02470,xanthurenic acid; xanthurenate
c02471,[glu(-cys)]n-gly; poly(gamma-glutamylcysteine)glycine; (gamma-glutamylcysteine)n-glycine
c02472,alpha-d-fucoside
c02473,alpha-d-lyxoside
c02474,arabinan; alpha-l-arabinan; alpha-l-araban
c02475,alpha-l-fucoside
c02476,alpha-l-rhamnose; alpha-6-deoxy-l-mannose; alpha-l-mannomethylose; alpha-l-rhamnopyranose
c02477,alpha-tocopherol; vitamin e
c02478,beta-d-mannoside
c02479,beta-l-arabinopyranose; beta-l-arabinose
c02480,"cis,cis-muconate; cis,cis-hexadienedioate; cis,cis-2,4-hexadienedioic acid; (2z,4z)-hexa-2,4-dienedioic acid"
c02483,gamma-tocopherol
c02484,(+)-trans-pulegol
c02485,(-)-isopiperitenone; (-)-(4r)-isopiperitenone
c02486,(3r)-beta-leucine; (3r)-3-amino-4-methylpentanoic acid; (3r)-3-amino-4-methylvaleric acid
c02487,(ac)2-l-lys-d-ala; (ac)2-l-lysyl-d-alanine
c02488,(r)-2-ethylmalate; (r)-2-ethylmalic acid
c02489,(r)-2-hydroxyacid; (r)-2-hydroxycarboxylate; (r)-2-hydroxycarboxylic acid
c02490,"1,2-beta-d-glucan; [(1->2)-beta-d-glucosyl]n"
c02492,"1,4-beta-d-mannan"
c02493,"1,6-beta-d-glucan"
c02494,1-methyladenosine
c02495,"2'-hydroxydaidzein; 3-(2,4-dihydroxyphenyl)-7-hydroxychromen-4-one"
c02496,"2,4-dinitrophenol"
c02497,"2-butyne-1,4-diol; 1,4-butynediol"
c02498,2-ethylhexan-1-ol; 2-ethyl-1-hexanol
c02499,2-hydroxybiphenyl; orthophenyl phenol; 2-biphenylol; 2-phenylphenol
c02501,2-hydroxymuconate
c02502,2-hydroxypyridine; 2-pyridone; 2-pyridinol
c02504,alpha-isopropylmalate; (2s)-2-isopropylmalate; (2s)-2-hydroxy-2-isopropylsuccinic acid; 2-isopropylmalic acid; 3-carboxy-3-hydroxy-4-methylpentanoate; 3-carboxy-3-hydroxyisocaproate; (2s)-2-isopropylmalic acid
c02505,2-phenylacetamide; alpha-phenylacetamide
c02506,21-hydroxysteroid
c02507,"3',5'-cyclic dgmp"
c02508,3'-ribonucleotide; 3'-phosphomononucleotides; 3'-nucleoside monophosphate
c02509,3-(adp)-glycerate
c02512,3-cyano-l-alanine; l-3-cyanoalanine; l-beta-cyanoalanine
c02513,"3-dehydroecdysone; (2beta,5beta,22r)-2,14,22,25-tetrahydroxycholest-7-ene-3,6-dione"
c02514,3-fumarylpyruvate
c02515,3-iodo-l-tyrosine
c02517,3-oxohexobarbital
c02518,4-aminosalicylate; 4-aminosalicylic acid
c02519,4-methoxybenzoate; 4-methoxybenzoic acid; 4-anisic acid
c02520,5'-ribonucleotide
c02521,5s-rrna precursor
c02522,6-deoxy-d-glucose; d-quinovose; 6-deoxy-d-glucopyranose; d-chinovose; d-glucomethylose; isorhamnose; d-epifucose; isorhodeose
c02525,aliphatic alcohol
c02526,"biphenyl-2,3-diol; 2,3-dihydroxybiphenyl; 3-phenylcatechol"
c02527,butanoylphosphate; butanoyl phosphate
c02528,"chenodeoxycholate; chenodeoxycholic acid; 3alpha,7alpha-dihydroxy-5beta-cholanic acid; chenodiol"
c02530,cholesterol ester
c02532,o-phospho-d-serine; d-o-phosphoserine
c02533,dehydrovomifoliol; (6s)-6-hydroxy-3-oxo-alpha-ionone
c02534,dialkyl phosphate
c02535,dimethyl selenide
c02536,dolichyl palmitate
c02537,estradiol-17alpha; 17alpha-estradiol
c02538,estrone 3-sulfate
c02539,fenoprofen calcium
c02543,glycerone sulfate; dihydroxyacetone sulfate
c02545,glycosaminoglycan
c02546,glycyl amino acid
c02548,2-(2-aminoethyl)indole
c02549,kievitone hydrate
c02553,l-seryl-trna(ser)
c02554,l-valyl-trna(val)
c02555,luciferyl sulfate
c02557,methylmalonyl-coa; methylmalonyl coenzyme a; 2-methylmalonyl-coa
c02560,n-acetylimidazole; 1-acetyl-1h-imidazole
c02562,n-acyl-l-arginine
c02564,n-feruloylglycine; n-[3-(4-hydroxy-3-methoxyphenyl)-1-oxo-2-propen-1-yl]glycine
c02565,"n-methylhydantoin; n-methylimidazolidine-2,4-dione"
c02567,n1-acetylspermine
c02569,neryl diphosphate; neryl pyrophosphate
c02571,o-acetylcarnitine; o-acetyl-l-carnitine
c02572,5-o-feruloylquinic acid; o-feruloylquinate; 3-o-feruloylquinic acid
c02574,o-phosphoviomycin
c02575,pentachlorophenol; pcp
c02576,perillyl aldehyde; perillaldehyde
c02577,phenoxyacetyl-coa
c02578,phenylgalactoside
c02579,polygalacturonide
c02581,propanoylagmatine; propionylagmatine
c02582,protein disulfide
c02583,protein glutamine; protein l-glutamine
c02587,"pyrimidodiazepine; 2-amino-6-acetyl-3,7,8,9-tetrahydro-3h-pyrimido[4,5-b][1,4]diazepin-4-one"
c02588,retinyl palmitate; vitamin a palmitate; all-trans-retinyl palmitate; retinol palmitate
c02589,s-acylglutathione
c02590,steroid o-sulfate; phenolic steroid o-sulfate
c02591,sucrose 6'-phosphate; sucrose 6f-phosphate
c02592,taurolithocholate; taurolithocholic acid
c02593,tetradecanoyl-coa; myristoyl-coa
c02595,thien-2-ylacetate; 2-thiopheneacetic acid; 2-thienylacetic acid
c02596,tolylacetonitrile; o-tolylacetonitrile; o-methylbenzyl cyanide; 2-methylbezeneacetonitrile
c02601,[pyruvate kinase]
c02603,alpha-d-mannoside
c02604,alpha-l-arabinopyranose; alpha-l-arabinose
c02605,beta-l-rhamnoside
c02607,kappa-carrageenan
c02611,"(e,e)-piperoyl-coa"
c02612,(r)-2-methylmalate; (r)-2-methylmalic acid; (r)-citramalate; (r)-citramalic acid; (r)-alpha-hydroxypyrotartaric acid; d-citramalate; d-citramalic acid; d-alpha-hydroxypyrotartaric acid; (2r)-2-hydroxy-2-methylbutanedioate
c02614,(s)-2-methylmalate; (s)-2-methylmalic acid; (s)-citramalate; (s)-citramalic acid; (s)-alpha-hydroxypyrotartaric acid; l-citramalate; l-citramalic acid; l-alpha-hydroxypyrotartaric acid; (2s)-2-hydroxy-2-methylbutanedioate; (s)-2-hydroxy-2-methylsuccinic acid
c02615,(s)-mandelonitrile; (s)-benzaldehyde cyanohydrin
c02616,"1,3-alpha-d-glucan; [alpha-d-glucosyl-(1,3)]n; [alpha-d-glucosyl-(1,3)]n+1; [(1->3)-alpha-d-glucosyl]n"
c02617,"1,4-naphthoquinone; 1,4-naphthalenedione"
c02621,13-hydroxylupanine; 13-hydroxylupinine; (+)-13alpha-hydroxylupanine
c02623,"2,2-dialkylglycine"
c02625,"2,4-dichlorophenol"
c02627,2-deoxystreptamine
c02628,"2-deoxystreptidine; n,n'-bis(aminoiminomethyl)-2-deoxy-streptamine"
c02630,2-hydroxyglutarate; alpha-hydroxyglutarate; 2-hydroxyglutaric acid
c02631,2-isopropylmaleate; beta-isopropylmaleate
c02632,2-methylpropanoate; 2-methylpropanoic acid; isobutyric acid; isobutanoate; dimethylacetic acid; isobutyrate
c02633,"20-hydroxyecdysone; crustecdysone; ecdysterone; (2beta,3beta,5beta,22r)-2,3,14,20,22,25-hexahydroxycholest-7-en-6-one"
c02634,3-chloro-d-alanine
c02635,3-chloro-l-alanine
c02636,"3-dehydrocarnitine; 3-carboxy-n,n,n-trimethyl-2-oxo-1-propanaminium"
c02637,3-dehydroshikimate
c02638,3-fluoro-d-alanine; (s)-3-fluoroalanine
c02639,3-methoxytropolone
c02640,3-methylbutanamine; isoamylamine; isopentylamine
c02642,3-ureidopropionate; 3-ureidopropanoate; beta-ureidopropionic acid; n-carbamoyl-beta-alanine
c02645,"4,5-leukotriene a4"
c02646,4-coumaryl alcohol; 4-hydroxycinnamyl alcohol; p-coumaryl alcohol
c02647,4-guanidinobutanal
c02648,4-hydroxy-2-butynal; 4-hydroxybut-2-ynal
c02652,5-dehydroshikimate
c02654,5-substituted dcmp
c02655,6-acetyl-d-glucose
c02656,pimelate; pimelic acid; heptanedioic acid; 6-carboxyhexanoate
c02657,6-methylsalicylate; 6-methylsalicylic acid; 2-hydroxy-6-methylbenzoic acid; 6-methyl-2-hydroxybenzenecarboxylate
c02658,aldoxime; aliphatic aldoxime
c02659,acetone cyanohydrin; alpha-hydroxyisobutyronitrile; 2-hydroxy-2-methylpropanenitrile; 2-methyllactonitrile; acetone cyanhydrin; 2-hydroxyisobutyronitrile
c02660,benzyl thiocyanate
c02661,bromochloromethane; methylene chlorobromide
c02666,coniferyl aldehyde; coniferaldehyde; 4-hydroxy-3-methoxycinnamaldehyde; ferulaldehyde
c02669,"d-galactono-1,5-lactone"
c02670,"d-glucuronolactone; glucurone; d-glucurono-3,6-lactone; d-glucurone"
c02671,d-glutamyl-peptide; gamma-d-glutamyl-peptide
c02672,d-hexose phosphate
c02673,"desacetoxyvindoline; 16-methoxy-2,3-dihydro-3-hydroxy-n-methyltabersonine; deacetoxyvindoline"
c02674,deoxyribonolactone; 2-deoxyribonolactone
c02675,"dihydrobiochanin a; 2,3-dihydrobiochanin a"
c02677,dimethyl telluride
c02678,dodecanedioic acid
c02679,dodecanoic acid; dodecanoate; dodecylcarboxylate; lauric acid
c02681,ecdysone palmitate; ecdysone 3-palmitate
c02682,ferricytochrome c3
c02683,ferrileghemoglobin
c02684,ferrocytochrome c3; reduced cytochrome c3
c02685,ferroleghemoglobin
c02686,galactosylceramide; galactocerebroside; cerebroside; d-galactosyl-n-acylsphingosine; d-galactosylceramide; beta-d-galactosyl-n-acylsphingosine
c02687,alpha-d-glucosylglycogenin
c02691,heteropyrithiamine; 1-[(4-amino-2-methylpyrimidin-5-yl)methyl]pyridinium
c02692,"hexose-1,5-lactone"
c02693,(indol-3-yl)acetamide; indole-3-acetamide
c02695,isomaltosaccharide
c02699,l-citrulline ester
c02700,l-formylkynurenine; n-formyl-l-kynurenine; n-formylkynurenine
c02702,l-prolyl-trna(pro)
c02703,l-serine o-sulfate
c02704,monomethyl sulfate; methyl sulfate
c02705,mucus glycoprotein
c02706,myelin proteolipid
c02707,myosin heavy chain
c02709,n-(acetyloxy)benzenamine
c02710,n-acetyl-l-leucine
c02711,n-acetylhexosamine
c02712,n-acetylmethionine; n-acetyl-l-methionine
c02713,n-acetylmuramate; n-acetylmuramic acid; n-acetyl-d-muramoate
c02714,n-acetylputrescine
c02715,n-acyl-l-aspartate
c02716,n-acyl-l-glutamine
c02717,n-feruloyltyramine; trans-n-feruloyltyramine
c02718,n-formiminoglycine; formiminoglycine; n-formimidoylglycine
c02720,hydroxylaminobenzene; (hydroxyamino)benzene; n-phenylhydroxylamine
c02721,n-methyl-l-alanine
c02722,n-methylhexanamide
c02723,n-methylputrescine
c02724,n-methylpyridinium
c02725,n3'-acetylneomycin
c02726,phosphoagmatine; agmatine phosphate
c02727,n6-acetyl-l-lysine
c02728,n6-methyl-l-lysine
c02729,o-phosphoprotamine
c02730,2-succinylbenzoate; o-succinylbenzoate; succinylbenzoate
c02732,peptide tryptophan
c02734,phenolic phosphate; phenylphosphate; phenyl phosphate
c02735,phenylethanolamine; 2-amino-1-phenylethanol
c02736,phosphatidyl ester
c02737,"phosphatidylserine; phosphatidyl-l-serine; 1,2-diacyl-sn-glycerol 3-phospho-l-serine; 3-o-sn-phosphatidyl-l-serine; o3-phosphatidyl-l-serine; l-1-phosphatidylserine"
c02739,1-(5-phospho-d-ribosyl)-atp; phosphoribosyl-atp; n1-(5-phospho-d-ribosyl)-atp; 1-(5-phosphoribosyl)-atp; 1-(5-phospho-beta-d-ribosyl)-atp
c02740,"photinus luciferin; (s)-4,5-dihydro-2-(6-hydroxy-1,3-benzothiazol-2-yl)thiazole-4-carboxylic acid; (s)-4,5-dihydro-2-(6-hydroxy-2-benzothiazolyl)-4-thiazolecarboxylic acid; firefly luciferin; d-firefly luciferin"
c02741,phosphoribosyl-amp; n1-(5-phospho-d-ribosyl)-amp; 1-(5-phosphoribosyl)-amp; 1-(5-phospho-beta-d-ribosyl)-amp
c02743,[protein]-l-cysteine; protein l-cysteine
c02744,psychosine sulfate
c02745,reduced flavodoxin
c02749,s-alkyl-l-cysteine
c02750,sinapoyltartronate
c02752,triacetate lactone; 4-hydroxy-6-methyl-2-pyrone
c02753,"d-xylono-1,4-lactone"
c02755,[glu(-cys)]n+1-gly
c02756,[xanthine oxidase]
c02757,alpha-l-rhamnoside
c02758,alpha-melanotropin; alpha-melanocyte-stimulating hormone; alpha-intermedin; alpha-msh
c02759,alpha-pinene-oxide
c02761,beta-l-arabinoside
c02762,beta-limit dextrin
c02763,2-hydroxy-3-phenylpropenoate; enol-phenylpyruvate; enol-phenylpyruvic acid; enol-alpha-ketohydrocinnamic acid
c02764,trna pseudouridine
c02765,"(+)-(1s,2s)-pseudoephedrine; (+)-pseudoephedrine; pseudoephedrine; (1s,2s)-2-(methylamino)-1-phenylpropan-1-ol"
c02766,(r)-ureidoglycolate; (+)-ureidoglycolate; (+)-ureidoglycolic acid
c02768,(glycerophosphate)n; (glycerophosphate)n+1; poly(glycerol phosphate)
c02771,"1,2-dihydrosantonin; 1,2-dihydro-alpha-santonin"
c02773,1-alkyl-sn-glycerol; 1-o-alkyl-sn-glycerol
c02774,10-hydroxydecanoic acid; 10-hydroxydecanoate
c02775,"2,3-dihydroxyindole; dihydroxyindole"
c02777,"2,5-dioxopiperazine; diketopiperazine; 2,5-diazacyclohexane-1,4-dione; 2,5-piperazinedione; glycine anhydride"
c02778,2-acetamidofluorene; n-2-fluorenylacetamide
c02779,2-dehydro-d-glucose
c02780,"2,5-didehydro-d-gluconate; 2,5-diketogluconic acid; 2,5-didehydro-d-gluconic acid"
c02781,2-deoxy-d-galactose
c02782,2-deoxy-d-gluconate
c02783,2-deoxy-l-arabinose
c02784,2-fluorobenzoyl-coa
c02785,"3-hydroxy-vitamin k; 3-hydroxy-2-methyl-3-phytyl-2,3-dihydronaphthoquinone; 3-hydroxy-2-methyl-3-phytyl-2,3-dihydro-1,4-naphthoquinone"
c02787,2-methylpropanamine; 2-methyl-1-propanamine; 2-methylpropan-1-amine; isobutylamine
c02789,3'-extranucleotides
c02790,3'-hydroxyflavonoid
c02791,"3,4-dichloroaniline"
c02792,3-fluorobenzoyl-coa
c02793,"2-hydroxy-vitamin k; 2-hydroxy-2-methyl-3-phytyl-2,3-dihydronaphthoquinone"
c02794,3-hydroxykynurenine; 3-hydroxy-dl-kynurenine
c02796,3-methyleneoxindole
c02797,3-oxo-5beta-steroid
c02798,3-phosphonopyruvate
c02800,"4,5-dioxopentanoate; 4-oxoglutarate semialdehyde"
c02801,4-aminobutanoyl-coa
c02802,4-fluorobenzoyl-coa
c02803,4-nitroacetophenone; p-nitroacetophenone
c02804,5-hydroxypentanoate; 5-hydroxypentanoic acid
c02805,5-oxoprolyl-peptide; pyroglutamyl-peptide; pyrrolidone-carboxylyl-peptide; pyrrolidone-carboxyl-peptide
c02806,"8-hydroxykaempferol; herbacetin; 3,4',5,7,8-pentahydroxyflavone"
c02807,"acenaphthenequinone; acenaphthoquinone; 1,2-diketoacenaphthene"
c02808,acetylblasticidin s
c02809,albendazole s-oxide
c02810,alditol 6-phosphate; hexitol 1-phosphate
c02811,anhydrotetracycline
c02812,ascorbate 2-sulfate
c02814,"benzene-1,2,4-triol; hydroxyhydroquinone; 1,2,4-benzenetriol; 1,2,4-trihydroxybenzene; hydroxyquinol"
c02816,calmodulin l-lysine
c02817,chlordecone alcohol
c02821,cortisol 21-acetate; hydrocortisone acetate; cortell
c02822,cortisol 21-sulfate
c02823,cyanocobalamin; cyanocob(iii)alamin; dicopac; vitamin b12 complex
c02824,cyclohexylsulfamate; cyclohexylsulfamic acid; cylamic acid; cyclohexylamide sulfate
c02825,cypridina luciferin
c02827,d-glucose 6-sulfate
c02828,d-phe-pro-arg-ch2cl
c02834,heparin-glucosamine
c02835,imidazole-4-acetate; imidazoleacetic acid; 4-imidazoleacetate
c02837,"l-lysine 1,6-lactam; l-2-aminohexano-6-lactam; l-alpha-aminocaprolactam; (s)-2-aminohexano-6-lactam"
c02838,l-octanoylcarnitine
c02839,l-tyrosyl-trna(tyr)
c02843,long-chain acyl-coa; long-chain-fatty acyl-coa
c02845,methyl ethyl ketone; ethyl methyl ketone; 2-butanone; butan-2-one; mek
c02846,"n,n-dimethylaniline; dimethylaminobenzene; n,n-dimethylbenzenamine"
c02847,n-acetyl amino acid
c02850,n-acyl-l-amino acid
c02851,n-acyl-l-citrulline
c02852,n-ethylglycocyamine
c02853,n-formyl amino acid
c02854,n-furfurylformamide
c02855,n-phospho-d-lombricine
c02856,n3'-acetylapramycin
c02857,n3'-acetylkanamycin
c02858,n5-acyl-l-ornithine
c02860,n6-alkylaminopurine
c02862,o-butanoylcarnitine
c02863,3-o-(alpha-d-mannosyl)-l-serinyl-[protein]; o-d-mannosylprotein
c02864,o-demethylpuromycin
c02866,o-sinapoylglucarate
c02867,oligoribonucleotide
c02868,lecanoric acid; orsellinate depside
c02869,oxidized flavodoxin
c02871,peptide l-aspartate
c02872,peptide diphthamide; diphthamide; ef-2 diphthamide; elongation factor 2 diphthamide
c02876,propanoyl phosphate; propionyl phosphate
c02879,protoaphin aglucone; protoaphin aglycone
c02880,protochlorophyllide; protochlorophyllide a
c02882,l-cysteine-s-conjugate; s-aryl-l-cysteine
c02884,ribose triphosphate; d-ribose 5-triphosphate
c02885,s-alkyl thiosulfate
c02886,s-hexyl-glutathione; s-hexyl-l-glutathione
c02887,sinapoyl malate; sinapoyl-(s)-malate
c02888,sorbose 1-phosphate; l-sorbose 1p; l-xylo-hexulose 1-phosphate; l-sorbose 1-phosphate
c02890,tetrahydropalmatine; (s)-tetrahydropalmatine
c02892,thiamine acetic acid; thiamin acetic acid
c02893,unsaturated alcohol
c02894,watasenia luciferin
c02895,xylitol 5-phosphate; d-xylitol 5-phosphate
c02896,"alpha,omega-diamine"
c02897,alpha-d-arabinoside
c02899,beta-cyclopiazonate; beta-cyclopiazonic acid
c02900,beta-d-galactosyl-r
c02903,omega-aminoaldehyde
c02904,"p-menthane-3,8-diol; (-)-3,8-p-menthanediol"
c02905,queuosine in trna(asp)
c02906,dihydromyricetin; ampelopsin; (+)-dihydromyricetin; (+)-ampelopsin
c02909,(2-naphthyl)methanol; 2-naphthalenemethanol; 2-hydroxymethylnaphthalene
c02912,"(r)-propane-1,2-diol; (r)-1,2-propanediol; (r)-propylene glycol"
c02914,(s)-2-o-sulfolactate
c02915,(s)-n-methylcanadine
c02916,(s)-norlaudanosoline; (s)-tetrahydropapaveroline
c02917,"(s)-propane-1,2-diol; (s)-1,2-propanediol; (s)-propylene glycol"
c02918,1-methylnicotinamide; n(1)-methylnicotinamide
c02919,4-o-beta-d-glucosyl-sinapate
c02920,2'-hydroxyformononetin; 2'-hydroformononetin
c02921,2'-hydroxyisoflavone
c02922,2'-o-methyllicodione
c02923,"2,3-dihydroxytoluene; 3-methylcatechol"
c02924,"dimercaprol; 2,3-mercaptopropanol; 2,3-dimercapto-1-propanol; british anti-lewisite"
c02926,homoserine lactone; 2-aminobutan-4-olide
c02927,2-caffeoylisocitrate; (e)-caffeoylisocitrate
c02928,2-dehydro-d-xylonate
c02929,2-hydroxy carboxylate
c02930,2-methyleneglutarate; alpha-methylene glutarate; 2-methylideneglutaric acid
c02932,"3,4-dihydroxypyridine"
c02933,"3,5-dichlorocatechol"
c02934,3-dehydrosphinganine; 3-dehydro-d-sphinganine
c02937,indole-3-acetaldehyde oxime; indole-3-acetaldoxime; 3-indoleacetaldoxime; (e)-indol-3-ylacetaldoxime; (indol-3-yl)acetaldehyde oxime
c02938,3-indoleacetonitrile; indol-3-ylacetonitrile; indole-3-acetonitrile; (indol-3-yl)acetonitrile
c02939,3-methylbutanoyl-coa; isovaleryl-coa
c02940,3-oxo-5alpha-steroid
c02941,3-oxo-delta1-steroid
c02942,3-oxo-hydroxysteroid
c02943,3-oxoglycyrrhetinate
c02944,3-cis-dodecenoyl-coa; 3-cis-dodecenoyl coenzyme a; (3z)-dodecenoyl-coa; (3z)-dodec-3-enoyl-coa
c02945,3beta-hydroxysteroid
c02946,4-acetamidobutanoate; n4-acetylaminobutanoate
c02947,4-coumaroylshikimate; trans-5-o-(4-coumaroyl)shikimate
c02948,4-hydroxyhexan-3-one; 4-hydroxy-3-hexanone; propioin
c02949,4-hydroxybenzoyl-coa
c02951,5-hydroxyxanthotoxin
c02952,"5-oxo-1,2-campholide; (+)-5-oxo-1,2-campholide; (1r,5r)-1,8,8-trimethyl-2-oxabicyclo[3.2.1]octane-3,6-dione"
c02953,"7,8-dihydrobiopterin; l-erythro-7,8-dihydrobiopterin"
c02954,6-aminopenicillanate; 6-aminopenicillanic acid
c02956,7beta-hydroxysteroid
c02957,8-oxodeoxycoformycin
c02960,ceramide 1-phosphate; ceramide phosphate
c02961,cytarabine; cytosine arabinoside; cytosine-1-beta-d-arabinofuranoside; ara-c
c02962,d-allose 6-phosphate
c02964,4-o-beta-d-glucopyranosyl-d-mannose
c02965,d-hexose 6-phosphate
c02967,5-methylcytosine in dna; dna 5-methylcytosine; dna containing 5-methylcytosine
c02970,"decaprenol phosphate; mono-trans, poly-cis-decaprenyl phosphate; trans,octacis-decaprenyl phosphate"
c02972,dihydrolipoylprotein; [h-protein]-dihydrolipoyllysine; [gcsh]-n6-[(r)-dihydrolipoyl]-l-lysine; [gcvh]-n6-[(r)-dihydrolipoyl]-l-lysine; [glycine cleavage system h]-n6-[(r)-dihydrolipoyl]-l-lysine
c02975,ethyl 3-oxohexanoate; ethyl butyrylacetate
c02977,gdp-6-deoxy-d-talose; gdp-6-deoxy-alpha-d-talose
c02979,glycerol 2-phosphate; beta-glycerophosphoric acid
c02980,hydroxyanthraquinone; 1-hydroxyanthraquinone
c02982,l-2-hydroxyphytanate
c02983,abrine; l-abrine; n-methyl-l-tryptophane
c02984,l-aspartyl-trna(asp)
c02985,l-fucose 1-phosphate; 6-deoxy-l-galactose 1-phosphate; beta-l-fucose 1-phosphate
c02986,l-glutaminyl-peptide; l-glutaminyl-protein; n-terminal l-glutaminyl-[protein]
c02987,l-glutamyl-trna(glu)
c02988,l-histidyl-trna(his)
c02989,l-methionine s-oxide
c02990,l-palmitoylcarnitine
c02991,"l-rhamnono-1,4-lactone; l-rhamno-1,4-lactone"
c02992,l-threonyl-trna(thr)
c02993,kyotorphin; l-tyrosyl-l-arginine
c02994,"l-xylono-1,4-lactone"
c02995,maltose 6'-phosphate
c02996,meclofenamate sodium; meclofenamic acid sodium salt
c02997,n-acetyl-l-histidine
c02998,n-acetylarylalkylamine; n-acetylaralkylamine
c02999,n-acetylmuramoyl-ala; n-acetyl-d-muramoyl-l-alanine
c03000,n-acyl-d-glucosamine
c03001,n-benzoyl-d-arginine
c03002,n-caffeoylputrescine
c03003,n-glucosylnicotinate
c03004,n-hydroxy-l-tyrosine
c03005,n-methylanthranilate; n-methylanthranilic acid; 2-(methylamino)benzoic acid
c03007,1-(1-oxopropyl)-1h-imidazole; n-propanoylimidazole; n-propionylimidazole
c03010,n3'-acetyltobramycin
c03011,nalpha-acetylpeptide
c03012,"naphthalene-1,2-diol; 1,2-naphthalenediol; beta-naphthohydroquinone; 1,2-dihydroxynaphthalene"
c03015,o-carbamoyl-l-serine
c03016,o-phosphotropomyosin; tropomyosin phosphoserine; phosphorylated tropomyosin
c03017,o-propanoylcarnitine; o-propionylcarnitine
c03018,oligoglycosylglucose
c03019,phorbol 13-butanoate
c03021,protein asparagine; protein l-asparagine
c03022,protein l-citrulline
c03023,peptide-l-methionine
c03024,[reduced nadph---hemoprotein reductase]; reduced flavoprotein
c03025,reduced plastocyanin
c03027,testosterone acetate
c03028,thiamin triphosphate; thiamine triphosphate
c03029,transferrin[fe(ii)]2
c03030,uracil 5-carboxylate; uracil 5-carboxylic acid; 5-carboxyuracil
c03031,uridine 2'-phosphate
c03032,cyclopiazonic acid; alpha-cyclopiazonate; alpha-cyclopiazonic acid; cpa
c03033,beta-d-glucuronoside; o-beta-d-glucuronoside; glucuronide; beta-d-glucuronide
c03034,dtdp-d-galacturonate
c03035,"gamma-linolenoyl-coa; (6z,9z,12z)-octadecatrienoyl-coa"
c03036,(+)-bisdechlorogeodin
c03037,"(+)-bornane-2,5-dione; (1r)-bornane-2,5-dione; 2,5-diketocamphane; (1r,4r)-1,7,7-trimethylbicyclo[2.2.1]heptane-2,5-dione"
c03039,(+)-trans-piperitenol
c03040,(-)-bisdechlorogeodin
c03042,(r)-2-hydroxystearate; (r)-2-hydroxystearic acid; (r)-2-hydroxyoctadecanoate; (r)-2-hydroxyoctadecanoic acid
c03043,(r)-6-hydroxynicotine
c03044,"(r,r)-butane-2,3-diol; (r,r)-2,3-butanediol; (r,r)-2,3-butylene glycol"
c03045,(s)-2-hydroxystearate; (s)-2-hydroxystearic acid; (s)-2-hydroxyoctadecanoic acid
c03046,"(s,s)-butane-2,3-diol; (s,s)-2,3-butanediol; (s,s)-2,3-butylene glycol; (2s,3s)-butane-2,3-diol"
c03047,"arcaine; 1,4-diguanidinobutane"
c03049,13-hydroxydocosanoic acid; 13-hydroxydocosanoate
c03050,16beta-hydroxysteroid
c03051,17beta-hydroxysteroid
c03052,"2,3-dihydrogossypetin"
c03056,"2,6-dihydroxypyridine"
c03057,2-carboxybenzaldehyde; phthalaldehydic acid; o-formylbenzoic acid; 2-formylbenzoic acid; 2-formylbenzoate
c03058,2-hydroxyglutaryl-coa
c03059,2-hydroxymethylserine
c03062,2-o-caffeoylglucarate
c03063,"2-oxohept-3-enedioate; 2-oxohept-3-ene-1,7-dioate"
c03064,3-dehydro-l-threonate; 3-dehydro-d-erythronate
c03065,3-guanidinopropanoate; guanidinopropionic acid
c03066,3-hydroxy-l-glutamate; 3-hydroxy-l-glutamic acid
c03067,3-hydroxybenzaldehyde
c03068,3-hydroxyhexobarbital
c03069,3-methylcrotonyl-coa; 3-methylbut-2-enoyl-coa; 3-methylcrotonoyl-coa; dimethylacryloyl-coa
c03070,3-oxo-5beta-cholanate; 3-oxo-5beta-cholan-24-oate
c03071,3-aci-nitropropanoate; 3-aci-nitropropionic acid
c03072,3alpha-hydroxysteroid
c03074,4'-methoxyisoflavone; 4'-o-methylisoflavone
c03076,4-bromophenylacetate; 4-bromophenylacetic acid
c03077,4-chlorophenylacetate; 4-chlorophenylacetic acid
c03078,4-guanidinobutanamide
c03079,4-hydroxy-l-glutamate; 4-hydroxy-l-glutamic acid
c03080,4-hydroxyhydratropate
c03081,4-methylumbelliferone; hymecromone
c03082,4-phospho-l-aspartate; l-4-aspartyl phosphate
c03083,4-substituted anilide
c03084,4-substituted aniline
c03085,5'-acylphosphoinosine
c03086,5'-acylphosphouridine
c03087,5-acetamidopentanoate
c03088,5-hydroxymethyluracil
c03089,5-methylthio-d-ribose; s-methyl-5-thio-d-ribose; 5-(methylsulfanyl)-d-ribose
c03090,5-phosphoribosylamine; 5-phospho-beta-d-ribosylamine; 5-phospho-d-ribosylamine; 5-phosphoribosyl-1-amine
c03091,5beta-cholestan-3-one; coprostan-3-one
c03092,"6-endo-hydroxycineole; 2-endo-hydroxy-1,8-cineole; (1r,4s,6r)-1,3,3-trimethyl-2-oxabicyclo[2.2.2]octan-6-ol"
c03093,"7,8-dihydroxycoumarin; daphnetin"
c03095,n-aminoacyl-l-histidine
c03097,aryl beta-d-glucoside
c03098,benzyl isothiocyanate
c03103,cyclobutadipyrimidine; cyclobutadipyrimidine (in dna)
c03104,cytidine 2'-phosphate; 2'-cytidylic acid; cytidine 2'-monophosphate
c03105,cytochrome c l-lysine
c03106,d-galactosaminoglycan
c03107,"d-glucono-1,4-lactone"
c03108,d-glucosylsphingosine
c03109,d-threose 4-phosphate
c03110,dna n4-methylcytosine
c03112,deacetylcephalosporin c
c03113,diisopropyl phosphate
c03114,"dimethylbenzimidazole; 5,6-dimethylbenzimidazole"
c03115,farnesyl triphosphate
c03117,gdp-6-deoxy-d-mannose; gdp-d-rhamnose; gdp-6-deoxy-alpha-d-mannose; gdp-alpha-d-rhamnose
c03120,glycerophosphodiester
c03121,glycoprotein inositol
c03122,haloaromatic compound
c03124,beta-l-aspartylhydroxamate
c03125,l-cysteinyl-trna(cys)
c03126,l-iduronate 2-sulfate
c03127,l-isoleucyl-trna(ile)
c03129,long-chain acid anion
c03130,lower primary alcohol
c03134,"n,n-dimethylformamide; n,n-dimethylmethanamide; dmf"
c03135,n-acetyl-d-amino acid
c03136,n-acetyl-d-hexosamine
c03137,n-acetyl-d-tryptophan
c03139,n-amidino-l-aspartate; n-amidino-l-aspartic acid; guanidinosuccinic acid
c03140,n-amidino-l-glutamate
c03141,n-benzoylanthranilate; 2-benzoylaminobenzoic acid
c03142,n-d-glucosylarylamine
c03145,n-formylmethionine; n-formyl-l-methionine
c03146,n-glycolyl-d-glucosamine
c03147,n-malonylanthranilate
c03148,n-methyl-l-amino acid
c03149,n-phosphotaurocyamine; taurocyamine phosphate; n(omega)-phosphotaurocyamine
c03150,nicotinamide-beta-riboside; n-ribosylnicotinamide; 1-(beta-d-ribofuranosyl)nicotinamide
c03151,n2-acylated arg-ch2cl
c03152,n2-acylated lys-ch2cl
c03153,n5-methyl-l-glutamine
c03154,n6'-acetylkanamycin-b
c03156,o-feruloylgalactarate; o-feruloylgalactaric acid; 2'-(e)-o-feruloylgalactaric acid
c03157,o-phospho-tau-protein
c03160,2-succinylbenzoyl-coa; o-succinylbenzoyl-coa; succinylbenzoyl-coa; 4-(2-carboxyphenyl)-4-oxobutanoyl-coa
c03161,[oxidized nadph---hemoprotein reductase]; oxidized flavoprotein
c03162,oxidized plastocyanin
c03164,"phenanthrene-3,4-diol; 3,4-dihydroxyphenanthrene"
c03166,phosphoguanidinoacetate; guanidinoacetate phosphate
c03167,phosphonoacetaldehyde; 2-phosphonoacetaldehyde; 2-oxoethylphosphonate
c03168,poly(d-galactosamine)
c03169,pyrimidine nucleoside; n-d-ribosylpyrimidine
c03170,trypanothione disulfide; oxidized trypanothione
c03172,s-methyl-l-methionine
c03173,s-methylthioglycolate; (methylsulfanyl)acetic acid; (methylthio)acetic acid; (methylsulfanyl)acetate
c03174,s-succinylglutathione
c03175,shikimate 3-phosphate; shikimate 5-phosphate
c03176,steroid hydroperoxide
c03177,streptamine phosphate
c03178,tetrahydroxypteridine
c03179,transferrin[fe(iii)]2
c03183,z-gly-pro-leu-gly-pro; carbobenzoxyglycyl-prolyl-leucyl-glycyl-proline; n-[(phenylmethoxy)carbonyl]glycyl-l-prolyl-l-leucylglycyl-l-proline
c03184,zinc protoporphyrin-9; zinc protoporphyrin
c03185,[glycogen-synthase d]
c03186,[glycogen-synthase i]
c03187,dtdp-6-deoxy-beta-l-talose; dtdp-beta-l-pneumose
c03188,omega-carboxyacyl-coa
c03189,dl-glycerol 1-phosphate; glycerol 1-phosphate; glycerol-3-phosphate; rac-glycerol 1-phosphate; dl-glyceryl 1-phosphate; dl-glycerol 3-phosphate
c03190,(+)-bornyl diphosphate
c03193,(5-l-glutamyl)-peptide
c03194,(r)-1-aminopropan-2-ol; (r)-1-amino-2-propanol
c03195,(r)-10-hydroxystearate; (r)-10-hydroxystearic acid; (r)-10-hydroxyoctadecanoic acid
c03196,(s)-2-hydroxyglutarate
c03197,(s)-3-hydroxybutanoate; (s)-3-hydroxybutanoic acid
c03198,(s)-4-hydroxymandelate; (s)-2-hydroxy-2-(4-hydroxyphenyl)acetate; l-4-hydroxymandelate; l-p-hydroxymandelate
c03199,"1,2-didecanoylglycerol; 1,2-didecanoyl-sn-glycerol"
c03200,"1,3-beta-d-oligoglucan"
c03201,1-alkyl-2-acylglycerol; 2-acyl-1-alkyl-sn-glycerol
c03203,1-hydroxy-2-naphthoate; 1-hydroxy-2-naphthoic acid; 1-naphthol-2-carboxylic acid
c03204,10-formyldihydrofolate
c03205,"11-deoxycorticosterone; deoxycorticosterone; cortexone; 21-hydroxy-4-pregnene-3,20-dione; desoxycortone; doc"
c03206,"5a,11a-dehydrotetracycline; 12-dehydrotetracycline"
c03207,"16-dehydroprogesterone; 16,17-didehydroprogesterone"
c03209,"2,2'-dihydroxybiphenyl"
c03210,"alanopine; 2,2'-iminodipropanoate; meso-n-(1-carboxyethyl)-alanine"
c03212,"2,4-dihydroxypteridine; lumazine; pteridine-2,4-dione; 2,4(3h,8h)-pteridinedione"
c03214,2-amino-3-oxobutanoate; 2-amino-acetoacetate
c03215,2-carboxy-d-arabinitol
c03217,2-hydroxy-3-oxoadipate; 2-hydroxy-3-oxoadipic acid
c03218,2-methylaminoadenosine
c03219,(e)-2-methylpropanal oxime; (e)-isobutyraldehyde oxime; (e)-isobutanal oxime
c03220,"(2z,6e)-farnesol; 2-cis,6-trans-farnesol"
c03221,2-trans-dodecenoyl-coa; (2e)-dodec-2-enoyl-coa; (2e)-dodecenoyl-coa
c03223,"3,4-dihydroxyphthalate; 3,4-dihydroxyphthalic acid"
c03224,"3,5-dibromo-l-tyrosine"
c03225,"3,5-dinitro-l-tyrosine"
c03226,3-demethylubiquinone-9
c03227,3-hydroxy-l-kynurenine
c03228,3-hydroxycyclohexanone
c03230,(indol-3-yl)glycolaldehyde; 3-indoleglycolaldehyde
c03231,3-methylglutaconyl-coa; trans-3-methylglutaconyl-coa; (e)-3-methylglutaconyl-1-coa
c03232,3-phosphonooxypyruvate; 3-phosphonooxypyruvic acid; 3-phosphohydroxypyruvate; 3-phosphohydroxypyruvic acid; 3-phosphooxypyruvate
c03233,"4,5-dihydroxyphthalate; 4,5-dihydroxyphthalic acid"
c03235,4-hydroxypheoxyacetate
c03236,5'-phosphodinucleotide
c03237,5-hydroxypentanoyl-coa
c03238,5alpha-cholestan-3-one
c03239,6-amino-2-oxohexanoate; 2-oxo-6-aminocaproate
c03240,6-deoxyerythronolide b
c03241,6-hydroxyhexan-6-olide; 6-hydroxy-6-hexanolactone
c03242,"dihomo-gamma-linolenate; dihomo-gamma-linolenic acid; (8z,11z,14z)-icosatrienoic acid; (z,z,z)-8,11,14-eicosatrienoic acid; (z,z,z)-8,11,14-icosatrienoic acid; (z,z,z)-8,11,14-eicosatrienoate; (z,z,z)-8,11,14-icosatrienoate; 8,11,14-eicosatrienoate; 8,11,14-icosatrienoate; 8z,11z,14z-eicosatrienoic acid; (8z,11z,14z)-icosa-8,11,14-trienoic acid"
c03243,"9,10-phenanthroquinone; 9,10-phenanthrenedione; phenanthraquinone; phenanthrenequinone"
c03245,adp-d-ribosyl-acceptor; (adp-d-ribosyl)n-acceptor; (adp-d-ribosyl)n+1-acceptor
c03246,adpribose 2'-phosphate
c03248,acetylenedicarboxylate; acetylenedicarboxylic acid; 2-butynedioic acid
c03251,aldohexose 6-phosphate
c03254,aryl dialkyl phosphate
c03256,cetraxate benzyl ester
c03259,coagulation factor ixa
c03262,coagulation factor xia
c03263,coproporphyrinogen iii
c03264,(r)-2-hydroxyisocaproate; d-2-hydroxyisocaproate; (r)-2-hydroxy-4-methylpentanoate; (2r)-2-hydroxy-4-methylpentanoic acid; d-leucate
c03267,beta-d-fructose 2-phosphate; beta-d-fructofuranose 2-phosphate
c03268,d-mannosylglycoprotein; glycoprotein d-mannose
c03269,d-galacto-hexodialdose
c03272,"globoside; globoside i; n-acetyl-galactosaminyl-1,3-d-galactosyl-1,4-d-galactosyl-1,4-d-glucosylceramide; n-acetyl-d-galactosaminyl-1,3-d-galactosyl-1,4-d-galactosyl-1,4-d-glucosylceramide"
c03273,5-oxopentanoate; glutarate semialdehyde; 5-oxopentanoic acid
c03274,glycerophosphoglycerol
c03277,imidazol-5-yl-pyruvate; 3-(imidazol-5-yl)pyruvate; imidazole pyruvate; imidazole pyruvic acid
c03280,inosine-5'-carboxylate
c03281,kanamycin a 3'-phosphate; kanamycin 3'-phosphate
c03283,"l-2,4-diaminobutanoate; alpha,gamma-diaminobutyrate; l-2,4-diaminobutyrate"
c03284,l-3-aminoisobutanoate; (s)-3-aminoisobutyrate; l-3-aminoisobutyrate; (s)-3-aminoisobutanoate; (s)-3-amino-2-methylpropanoate; (s)-beta-aminoisobutyrate; (s)-3-aminoisobutyric acid
c03287,l-glutamyl 5-phosphate; l-glutamate 5-phosphate
c03289,"l-xylo-hexulonolactone; l-xylo-hex-2-ulono-1,4-lactone"
c03290,l-threo-3-phenylserine
c03291,l-xylulose 5-phosphate
c03292,mercaptoacetyl-phe-leu
c03294,n-formylmethionyl-trna
c03296,n2-succinyl-l-arginine; (2s)-2-(3-carboxypropanoylamino)-5-(diaminomethylideneamino)pentanoic acid
c03297,n3-acetylgentamicin c; 3-n-acetylgentamicin c; n3'-acetylgentamicin c
c03298,nalpha-methylhistidine; n-methyl-l-histidine
c03299,o-decanoyl-l-carnitine
c03300,o-beta-d-xylosylzeatin; o-beta-d-xyloxylzeatin
c03302,oxidized putidaredoxin
c03303,[peptide]-(2s)-2-hydroxyglycine; peptidylamidoglycolate; peptidyl(2-hydroxyglycine)
c03305,prolyl-2-naphthylamide
c03306,protein l-isoaspartate
c03309,strictosidine aglycone
c03311,thien-2-ylacetonitrile
c03312,urate d-ribonucleotide
c03313,phylloquinol; vitamin k1 hydroquinone; phytonadiol
c03314,xanthine-8-carboxylate
c03315,[dinitrogen reductase]; [dinitrogen reductase]-l-arginine
c03317,alpha-amino acid ester
c03318,[alpha-tubulin]-l-lysine
c03319,dtdp-l-rhamnose; dtdp-6-deoxy-l-mannose; dtdp-6-deoxy-beta-l-mannose; dtdp-beta-l-rhamnose
c03323,"(2,1-beta-d-fructosyl)n; (2,1-beta-d-fructosyl)n+1; inulin; (1,2-beta-d-fructosyl)n; (1,2-beta-d-fructosyl)m; (1,2-beta-d-fructosyl)n+1; (1,2-beta-d-fructosyl)m-1"
c03325,(6s)-hydroxyhyoscyamine; (6s)-6-hydroxyhyoscyamine
c03326,(ac)2-l-lys-d-ala-d-ala; (ac)2-l-lysyl-d-alanyl-d-alanine
c03328,(r)-2-(n-propyl)-malate
c03329,"(s)-canadine; (s)-tetrahydroberberine; (13as)-5,8,13,13a-tetrahydro-9,10-dimethoxy-6h-benzo[g]-1,3-benzodioxolo[5,6-a]quinolizine; (-)-canadine"
c03330,(ubiquitin)n-calmodulin
c03336,17alpha-hydroxysteroid
c03338,"2,3,5-trihydroxytoluene"
c03339,"2,3-bisphosphoglycerate; 2,3-diphosphoglycerate; greenwald ester"
c03340,"l-2,3-dihydrodipicolinate; dihydrodipicolinic acid; dihydrodipicolinate; 2,3-dihydrodipicolinate; (s)-2,3-dihydropyridine-2,6-dicarboxylate"
c03341,2-amino-4-oxopentanoic acid; 2-amino-4-oxopentanoate; (2r)-2-amino-4-oxopentanoate
c03342,2-dehydro-d-galactonate
c03343,mono-(2-ethylhexyl)phthalate; 2-ethylhexyl phthalate
c03344,2-methylacetoacetyl-coa; 2-methyl-3-acetoacetyl-coa
c03345,2-methylbut-2-enoyl-coa; trans-2-methylbut-2-enoyl-coa; (e)-2-methylbut-2-enoyl-coa; tiglyl-coa; (e)-2-methylcrotonoyl-coa; methylcrotonoyl-coa; methylcrotonyl-coa; tigloyl-coa; 2-methylcrotanoyl-coa
c03347,"3,5-dichloro-l-tyrosine"
c03348,"3,6-dideoxy-l-galactose; colitose; 3,6-dideoxy-l-xylo-hexose"
c03349,3-aminopropanesulfonate; 3-amino-1-propanesulfonic acid
c03351,3-hydroxybenzyl alcohol; 3-hydroxybenzenemethanol
c03352,3-methoxybenzyl alcohol; 3-anise alcohol; 3-anisyl alcohol
c03354,3-methylthiopropanamine; 3-methylthiopropylamine; 3-(methylsulfanyl)propanamine
c03356,3-phospho-d-erythronate
c03357,4-acetamidobutanoyl-coa
c03359,4-chloro-2-methylphenol
c03360,4-nitrophenyl phosphate
c03361,5'-acylphosphoadenosine
c03363,5-l-glutamyl amino acid; l-gamma-glutamyl amino acid
c03365,5-o-methyl-myo-inositol; 1d-5-o-methyl-myo-inositol; sequoyitol
c03366,5-phosphooxy-l-lysine; (5r)-5-phosphooxy-l-lysine; 5-phosphonooxy-l-lysine; o-phosphohydroxy-l-lysine; (5r)-5-phosphonooxy-l-lysine
c03367,6-alpha-maltosylglucose
c03368,7''-o-phosphohygromycin
c03371,[protein]-s-(long-chain-acyl)-l-cysteine
c03372,acylglycerone phosphate; dihydroxyacetone phosphate acyl ester; 1-acyl-glycerone 3-phosphate
c03373,aminoimidazole ribotide; air; 1-(5'-phosphoribosyl)-5-aminoimidazole; 5'-phosphoribosyl-5-aminoimidazole; 1-(5-phospho-d-ribosyl)-5-aminoimidazole; 5-amino-1-(5-phospho-d-ribosyl)imidazole; 5-amino-1-(5-phospho-beta-d-ribosyl)imidazole
c03374,bilirubin-glucuronoside; bilirubin monoglucuronide
c03375,"norspermidine; bis(3-aminopropyl)amine; 3,3'-iminobispropylamine"
c03378,coagulation factor viia
c03379,coagulation factor xiia
c03383,"d-galactono-1,4-lactone; gamma-d-galactonolactone"
c03384,d-galactose 1-phosphate
c03387,"d-glucurono-6,2-lactone"
c03391,dna 6-methylaminopurine; n6-methyladenine in dna
c03392,dimethylsulfonioacetate
c03393,4-phospho-d-erythronate; 4-phosphoerythronate
c03394,erythrulose 1-phosphate; l-erythrulose 1-phosphate
c03395,fatty acid methyl ester
c03400,glycoside of aldohexose
c03401,"l-2,3-diaminopropanoate; l-2,3-diaminopropionate; l-2,3-diaminopropionic acid; l-2,3-diaminopropanoic acid; 3-amino-l-alanine; (s)-2,3-diaminopropanoate; (2s)-2,3-diaminopropanoic acid"
c03402,l-asparaginyl-trna(asn); asn-trna(asn); asparaginyl-trna(asn)
c03404,l-tyrosine methyl ester
c03405,lactosylceramide sulfate; sm3
c03406,n-(l-arginino)succinate; 2-(nomega-l-arginino)succinate; l-argininosuccinate; l-argininosuccinic acid; l-arginosuccinic acid
c03408,n-acetyl-d-galactosaminate
c03409,n-formimino-l-aspartate; n-formimidoyl-l-aspartate
c03410,n-glycoloyl-neuraminate; n-glycolylneuraminate; neu5gc
c03411,n-glycosyl-l-asparagine
c03412,n-palmitoylglycoprotein
c03413,"n1,n12-diacetylspermine"
c03414,n2-malonyl-d-tryptophan
c03415,n2-succinyl-l-ornithine; (2s)-5-amino-2-(3-carboxypropanoylamino)pentanoic acid
c03416,"n6,n6-dimethyladenosine"
c03417,n(omega)-nitro-l-arginine; n(g)-nitro-l-arginine
c03418,nucleoside 2'-phosphate
c03419,nucleoside 3'-phosphate
c03422,o-palmitoylglycoprotein
c03423,o-beta-d-glucosylzeatin; o-beta-d-glucosyl-trans-zeatin; trans-zeatin-o-glucoside
c03425,oleic acid methyl ester; methyl oleate
c03427,prephytoene diphosphate
c03428,presqualene diphosphate
c03429,protein 5-hydroxylysine
c03431,s-inosyl-l-homocysteine
c03433,streptamine 4-phosphate
c03434,"tetrachlorohydroquinone; 2,3,5,6-tetrachlorohydroquinone"
c03437,beta-d-fructofuranoside
c03438,beta-lactam antibiotics
c03440,cis-4-hydroxy-d-proline
c03442,dtdp-l-dihydrostreptose
c03444,p-chloromercuribenzoate; p-chloromercuribenzoic acid; pcmb
c03446,trna containing ribothymidine at position 54; trna tpsic
c03448,"(+)-exo-5-hydroxycamphor; 5-exo-hydroxycamphor; (1r,4r,5r)-5-hydroxy-1,7,7-trimethylbicyclo[2.2.1]heptan-2-one"
c03450,(3-arylcarbonyl)-alanine
c03451,(r)-s-lactoylglutathione; s-d-lactoylglutathione
c03453,gamma-oxalocrotonate; (z)-5-oxohex-2-enedioate; 4-oxalocrotonate; (2z)-5-oxohex-2-enedioic acid
c03454,1-alkenyl-2-acylglycerol
c03455,11-cis-retinyl palmitate
c03456,2''-nucleotidylkanamycin
c03457,2''-nucleotidylsisomicin
c03458,"2,3,6-trihydroxypyridine"
c03459,2-hydroxy-3-oxosuccinate; oxaloglycolate
c03460,2-methylprop-2-enoyl-coa; methacrylyl-coa; methylacrylyl-coa
c03461,"2-trans,6-trans-farnesal; trans,trans-farnesal; farnesal; (2e,6e)-3,7,11-trimethyl-2,6,10-dodecatrienal; (2e,6e)-farnesal"
c03462,3''-adenylylstreptomycin
c03463,3'-phosphopolynucleotide
c03465,3-methyl-2-oxopentanoate; 2-oxo-3-methylvalerate
c03466,3-methylbut-3-enoyl-coa; 3-methyl-vinylacetyl-coa
c03467,beta-ketoisocaproate; beta-ketoisocaproic acid; 3-oxo-4-methylpentanoate; 4-methyl-3-oxopentanoic acid
c03470,3-alpha(s)-strictosidine; strictosidine
c03473,1-(p-hydroxyphenyl)ethylamine
c03474,4-nitroquinoline n-oxide; 4-nitroquinoline 1-oxide; nitrochin
c03475,5'-phosphopolynucleotide
c03476,"5,12-dihydroxanthommatin"
c03479,"folinic acid; leucovorin; 5-formyltetrahydrofolate; l(-)-5-formyl-5,6,7,8-tetrahydrofolic acid"
c03483,adenosine tetraphosphate; adenosine 5'-tetraphosphate
c03485,aromatic primary alcohol; aromatic alcohol
c03486,cdp-n-methylethanolamine
c03491,cyclic alcohol
c03492,d-4'-phosphopantothenate; (r)-4'-phosphopantothenate
c03493,d-4-hydroxyphenylglycine; (alphar)-alpha-amino-4-hydroxybenzeneacetic acid
c03494,d-erythritol 4-phosphate; l-erythritol 1-phosphate
c03495,deoxy-5-methylcytidylate; 5-methyldeoxycytidine 5'-phosphate
c03497,ester of phosphinic acid
c03498,ester of phosphonic acid
c03499,ethyl (r)-3-hydroxybutanoate
c03500,ethyl 3-oxobutanoate; ethyl acetoacetate
c03502,flavonol 3-o-d-galactoside
c03503,glucosyloxyanthraquinone
c03505,hydroxyacetone phosphate; acetol phosphate
c03506,"indoleglycerol phosphate; 1-c-(indol-3-yl)glycerol 3-phosphate; (3-indolyl)-glycerol phosphate; c1-(3-indolyl)-glycerol 3-phosphate; (1s,2r)-1-c-(indol-3-yl)glycerol 3-phosphate; indole-3-glycerol phosphate"
c03508,l-2-amino-3-oxobutanoic acid; l-2-amino-3-oxobutanoate; l-2-amino-acetoacetate; (s)-2-amino-3-oxobutanoic acid
c03509,l-arabinitol 5-phosphate
c03510,l-methionine sulfoximine; (2s)-2-amino-4-(s-methylsufonimidoyl)-butanoic acid
c03511,l-phenylalanyl-trna(phe)
c03512,l-tryptophanyl-trna(trp)
c03514,limonin; evodin
c03515,luteolin 7-o-glucuronide; luteolin 7-o-beta-d-glucuronide
c03516,magnesium protoporphyrin; magnesium protoporphyrin ix; mg-protoporphyrin ix
c03517,monoterpenyl diphosphate
c03518,n-acetyl-beta-d-glucosaminide; n-acetyl-beta-d-glucosaminyl-r
c03519,n-acetyl-l-phenylalanine
c03521,glycolyl-d-mannosamine; n-glycolyl-d-mannosamine
c03522,n-methyl-4-aminobenzoate
c03523,n-substituted amino acid
c03524,n2'-acetylgentamicin c1a
c03525,o-acetylneuraminic acid; o-acetylated sialic acid
c03526,o-sinapoylglucarolactone
c03527,oxidized latia luciferin
c03529,peptide formylkynurenine
c03531,[protein]-(s)-2-amino-6-oxohexanoate
c03535,polysulfate of cellulose
c03536,pyrimidine 5'-nucleotide
c03537,s-acetylthioethanolamine
c03539,s-ribosyl-l-homocysteine; s-d-ribosyl-l-homocysteine; ribose-5-s-homocysteine; s-ribosylhomocysteine; s-(5-deoxy-d-ribos-5-yl)-l-homocysteine
c03541,thf-polyglutamate; tetrahydropteroyl-[gamma-glu]n; tetrahydrofolyl-[glu](n-1); (6s)-h4pteglu(n); tetrahydropteroyl-[gamma-glu]n+1; tetrahydrofolyl-[glu](n)
c03544,[xanthine dehydrogenase]; [xanthine : nad oxidoreductase]
c03546,myo-inositol 4-phosphate; d-myo-inositol 4-phosphate; 1d-myo-inositol 4-phosphate; 1d-myo-inositol 4-monophosphate; inositol 4-phosphate
c03547,omega-hydroxy fatty acid
c03548,"trans-2,3-epoxysuccinate"
c03557,2-aminoethylphosphonate; (2-aminoethyl)phosphonate; ciliatine
c03561,(r)-3-hydroxybutanoyl-coa; (3r)-3-hydroxybutanoyl-coa
c03564,1-pyrroline-2-carboxylate; 1-pyrroline-2-carboxylic acid; delta1-pyrroline 2-carboxylate; 1-pyrroline 2-carboxylate
c03565,2''-nucleotidylgentamicin
c03566,2''-nucleotidyltobramycin
c03567,"2'-hydroxydihydrodaidzein; 2'-hydroxy-2,3-dihydrodaidzein"
c03568,2'-phosphoadenylylsulfate
c03569,"2,2',3-trihydroxybiphenyl"
c03570,d-mannosamine; 2-amino-2-deoxy-d-mannose
c03571,2-amino-2-methylbutanoate
c03572,"2-chloro-cis,cis-muconate"
c03573,2-deoxy-alpha-d-glucoside
c03574,2-formylaminobenzaldehyde
c03575,2-iodophenol methyl ether
c03576,coenzyme m; 2-mercaptoethanesulfonate; reduced coenzyme m; hs-com; com
c03577,20-hydroxyleukotriene e4; 20-oh-lte4; 20-oh-leukotriene e4
c03579,gibberellin a8; 2beta-hydroxygibberellin 1
c03580,3''-adenylylspectinomycin
c03582,"resveratrol; 3,4',5-trihydroxystilbene; trans-resveratrol"
c03584,3-(uracil-1-yl)-l-alanine; willardiine
c03585,"3-chloro-cis,cis-muconate; (2e,4z)-3-chlorohexa-2,4-dienedioate; 3-chloro-cis,cis-muconic acid; (2e,4z)-3-chlorohexa-2,4-dienedioic acid"
c03586,"2-oxo-2,3-dihydrofuran-5-acetate; 3-oxoadipate enol-lactone; 4,5-dihydro-5-oxofuran-2-acetate; 5-oxo-4,5-dihydrofuran-2-acetate"
c03587,3beta-hydroxysteroid ester
c03588,"4,5alpha-dihydrocortisone"
c03589,4-hydroxy-2-oxopentanoate; 4-hydroxy-2-oxovalerate
c03590,4-hydroxyphenylglyoxylate; 4-hydroxybenzoylformate; 4-hydroxyphenylglyoxylic acid; 2-(4-hydroxyphenyl)-2-oxoacetate
c03591,5-chloro-3-methylcatechol
c03592,5-methyl-2'-deoxycytidine
c03594,"7alpha-hydroxycholesterol; cholest-5-ene-3beta,7alpha-diol"
c03595,"8,11,14-eicosatrienoyl-coa; 8,11,14-icosatrienoyl-coa; (8z,11z,14z)-icosatrienoyl-coa; (8z,11z,14z)-icosa-8,11,14-trienoyl-coa"
c03597,actinomycinic monolactone
c03598,"cdp-3,6-dideoxy-d-glucose; cdp-paratose; cdp-alpha-d-paratose; cdp-3,6-dideoxy-alpha-d-ribo-hexose"
c03599,"cdp-3,6-dideoxy-d-mannose; cdp-tyvelose; cdp-alpha-d-tyvelose; cdp-3,6-dideoxy-alpha-d-arabino-hexose"
c03600,carboxymethyloxysuccinate; (carboxymethoxy) succinic acid
c03601,chloramphenicol 3-acetate
c03604,d-erythrulose 4-phosphate
c03606,d-hamamelose 2(1)-phosphate
c03611,galactose oligosaccharide
c03614,inosine 5'-tetraphosphate
c03617,l-methionylaminoacyl-trna
c03618,"l-threo-3-methylaspartate; (2s,3s)-3-methylaspartate"
c03619,methyl beta-d-galactoside; methyl beta-d-galactopyranoside
c03620,monocarboxylic acid amide
c03621,n-acetoxy-4-aminobiphenyl
c03622,n-hydroxy-4-aminobiphenyl
c03623,n-methyl-2-oxoglutaramate; n-methyl-2-oxoglutaramic acid
c03624,n-phosphohypotaurocyamine; n(omega)-phosphohypotaurocyamine
c03625,n5-acyl-l-ornithine ester
c03626,"ng,ng-dimethyl-l-arginine; n,n-dimethylarginine; nomega,nomega-dimethyl-l-arginine; adma"
c03629,o-phosphorylhydroxylamine; o-phosphonohydroxylamine
c03630,oleoylglycerone phosphate
c03631,oleoylphosphatidylcholine
c03632,oligosaccharide phosphate
c03633,peptidylproline (omega=0)
c03634,"phorbol 12,13-dibutanoate; phorbol-12,13-dibutyrate"
c03635,protein n-ubiquityllysine
c03636,protein n5-alkylglutamine
c03637,protein serine d-xyloside
c03638,rna 3'-terminal-phosphate
c03640,sphingosyl-phosphocholine; sphingosine-1-phosphocholine
c03641,sterol 3-beta-d-glucoside
c03642,taurolithocholate sulfate; 3alpha-sulfatolithocholyltaurine; taurolithocholic acid 3-sulfate
c03643,[tyrosine-3-monoxygenase]
c03645,alpha-l-arabinofuranoside
c03646,bis-gamma-glutamylcystine; oxidized gamma-glutamylcysteine; bis-gamma-l-glutamyl-l-cystine; oxidized gamma-l-glutamyl-l-cysteine
c03647,"cis,trans-hexadienedioate"
c03648,"cis-3,4-leucopelargonidin"
c03649,gamma-l-glutamyl-acceptor
c03651,trans-4-hydroxy-d-proline
c03652,"(2r,3s)-2,3-dimethylmalate"
c03654,"(3s,4r)-ketose 1-phosphate"
c03656,(s)-5-amino-3-oxohexanoic acid; (s)-5-amino-3-oxohexanoate
c03657,"1,4-dihydroxy-2-naphthoate; 1,4-dihydroxy-2-naphthoic acid"
c03658,1-hydroxyalkyl-sn-glycerol; 1-o-(1-hydroxyalkyl)-sn-glycerol
c03659,d-bornesitol; (-)-bornesitol; 1-o-methyl-myo-inositol; 1d-1-o-methyl-myo-inositol
c03660,l-bornesitol; (+)-bornesitol; 3-o-methyl-myo-inositol; 1d-3-o-methyl-myo-inositol
c03661,1f-beta-d-fructosylsucrose; beta-d-fructofuranosyl-(2->1)-beta-d-fructofuranosyl alpha-d-glucopyranoside; 1-kestose
c03662,2'-hydroxypseudobaptigenin
c03663,"2',4'-dihydroxyacetophenone; 2,4-dihydroxyacetophenone; resacetophenone"
c03664,"2,4-dichlorophenoxyacetate; 2,4-dichlorophenoxyacetic acid; 2,4-d"
c03665,2-amino-2-methylpropanoate; 2-aminoisobutyric acid
c03666,"2-carboxy-cis,cis-muconate; 2-carboxy-cis,cis-muconic acid; (3z)-buta-1,3-diene-1,1,4-tricarboxylic acid"
c03667,2-hydroxycarbonyl compound
c03668,2-hydroxydicarboxylic acid
c03671,"2-pyrone-4,6-dicarboxylate"
c03672,3-(4-hydroxyphenyl)lactate; 4-hydroxyphenyllactate; p-hydroxyphenyllactate; 2-hydroxy-3-(4-hydroxyphenyl)propanoate
c03673,3-(adp)-2-phosphoglycerate
c03674,3-carbamoyloxymethylcephem
c03676,"3-hydroxy-cis,cis-muconate; (2e,4z)-3-hydroxyhexa-2,4-dienedioic acid"
c03677,"4,21-dehydrogeissoschizine"
c03678,4-amino-3-hydroxybutanoate; 4-amino-3-hydroxybutanoic acid; gamma-amino-beta-hydroxybutyric acid; gabob
c03679,4-chlorophenylacetonitrile; 4-chlorobenzyl cyanide
c03680,"4-imidazolone-5-propanoate; 4-imidazolone-5-propionic acid; 4,5-dihydro-4-oxo-5-imidazolepropanoate"
c03681,"5alpha-pregnane-3,20-dione; 5alpha-dihydroprogesterone"
c03682,6-acetamido-3-oxohexanoate
c03683,6-demethylsterigmatocystin
c03684,"6-pyruvoyltetrahydropterin; 6-(1,2-dioxopropyl)-5,6,7,8-tetrahydropterin; 6-pyruvoyl-5,6,7,8-tetrahydropterin"
c03685,7-methyl-3-oxooctanoyl-coa
c03686,o-methylsterigmatocystin; 8-o-methylsterigmatocystin
c03687,"alkane-alpha,omega-diamine"
c03688,apo-[acyl-carrier-protein]
c03690,bis(2-ethylhexyl)phthalate; di(2-ethylhexyl)phthalate; dioctyl phthalate; dehp
c03691,cmp-n-glycoloylneuraminate; cmp-n-glycolylneuraminate; cmp-neu5gc
c03692,"1,2-diacyl-3-beta-d-galactosyl-sn-glycerol; d-galactosyldiacylglycerol; 3-beta-d-galactosyl-1,2-diacylglycerol; monogalactosyldiglyceride; monogalactosyl-diacylglycerol; mgdg; galbeta1->3acyl2gro; 3-(beta-d-galactosyl)-1,2-diacyl-sn-glycerol; 1,2-diacyl-3-o-(beta-d-galactopyranosyl)-sn-glycerol"
c03693,"d-mannose 1,6-bisphosphate"
c03701,glycosyl-n-acylsphingosine
c03702,histone n6-methyl-l-lysine
c03703,l-5-carboxymethylhydantoin
c03706,lysosomal-enzyme d-mannose
c03707,monoterpenol acetate ester
c03708,n-acetyl-o-acetylneuraminate
c03709,n-adenylyl-l-phenylalanine
c03710,n-benzyloxycarbonylglycine; n-cbz-glycine
c03711,n-methylphenylethanolamine; alpha-[(methylamino)methyl]-benzyl alcohol
c03712,"n2,n5-dibenzoyl-l-ornithine; l-ornithuric acid"
c03715,o-alkylglycerone phosphate; alkyl-glycerone 3-phosphate; dihydroxyacetone phosphate alkyl ether
c03716,oxaloacetate 4-methyl ester
c03717,oxidized renilla luciferin; coelenteramide h; n-[3-benzyl-5-(4-hydroxyphenyl)pyrazin-2-yl]-2-phenylacetamide
c03719,phenylacetothiohydroximate; (z)-2-phenyl-1-thioacetohydroximate
c03721,protein tyrosine-o-sulfate
c03722,"quinolinate; pyridine-2,3-dicarboxylate; quinolinic acid; 2,3-pyridinedicarboxylic acid"
c03723,ribonucleoside diphosphate; ribonucleoside 5'-diphosphate
c03724,s-(5-hydroxy-2-furoyl)-coa
c03725,s-acetylphosphopantetheine
c03726,s-alkyl-l-cysteine s-oxide
c03727,s-carboxymethyl-l-cysteine; l-carbocisteine
c03730,single-stranded nucleotide
c03731,streptomycin 3''-phosphate
c03733,"udp-alpha-d-galactofuranose; udp-alpha-d-galacto-1,4-furanose; udp-d-galacto-1,4-furanose"
c03734,alpha-d-glutamyl phosphate
c03735,alpha-d-hexose 6-phosphate
c03736,alpha-d-ribose 5-phosphate
c03737,alpha-d-xylose 1-phosphate
c03738,gamma-l-glutamyl-d-alanine; l-gamma-glutamyl-d-alanine
c03739,"trans-1,2-cyclohexanediol; trans-cyclohexane-1,2-diol"
c03740,(5-l-glutamyl)-l-amino acid; l-gamma-glutamyl-l-amino acid; alpha-(gamma-l-glutamyl)-l-amino acid
c03741,(s)-4-amino-5-oxopentanoate; l-glutamate 1-semialdehyde
c03742,(s)-4-hydroxymandelonitrile
c03743,"1,2,3,5-tetrahydroxybenzene"
c03747,"11alpha-hydroxyprogesterone; 11alpha-hydroxypregn-4-ene-3,20-dione"
c03748,16alpha-hydroxyprogesterone; 16-alpha-hydroxyprogesterone
c03750,"2,6-dioxo-6-phenylhexanoate"
c03752,2-amino-2-deoxy-d-gluconate; d-glucosaminate; d-glucosaminic acid; glucosaminate
c03753,"2-chloro-1,4-naphthoquinone"
c03754,2-methylpropanoyl phosphate; 2-methylpropionyl phosphate
c03755,3'-deoxydihydrostreptomycin
c03757,"3,4-dihydroxymandelonitrile"
c03758,"dopamine; 4-(2-aminoethyl)-1,2-benzenediol; 4-(2-aminoethyl)benzene-1,2-diol; 3,4-dihydroxyphenethylamine; 2-(3,4-dihydroxyphenyl)ethylamine"
c03761,3-hydroxy-3-methylglutarate; 3-hydorxy-3-methylglutaric acid; beta-hydroxy-beta-methylglutaric acid; dicrotalic acid; 3-hydroxy-3-methylpentanedioic acid; meglutol
c03762,3-imidazole-2-oxopropanoate
c03764,"para-(dimethylamino)azobenzene; n,n-dimethyl-4-(phenylazo)benzenamine; dimethyl yellow; methyl yellow; 4-(dimethylamino)phenylazobenzene"
c03765,4-hydroxyphenylacetaldehyde; 2-(4-hydroxyphenyl)acetaldehyde
c03766,4-hydroxyphenylacetonitrile; 4-hydroxybenzyl cyanide
c03767,4-oxocyclohexanecarboxylate
c03768,4-substituted phenylacetate
c03771,5-guanidino-2-oxopentanoate; 5-guanidino-2-oxo-pentanoate; 2-oxo-5-guanidinopentanoate; 2-oxo-5-guanidino-pentanoate; 2-oxoarginine
c03772,"5beta-androstane-3,17-dione"
c03773,6-acetyl-beta-d-galactoside
c03776,n-acetyl-d-mannosaminolactone
c03779,bis(4-nitrophenyl)phosphate; bis-4-nitrophenyl phosphate
c03780,coagulation factor va
c03782,d-(1-aminoethyl)phosphonate; d-(1-aminoethyl)phosphonic acid
c03783,d-galactosamine 1-phosphate
c03785,"d-tagatose 1,6-bisphosphate"
c03788,microsomal-membrane protein
c03789,"n,6-o-disulfo-d-glucosamine; n2,6-disulfo-d-glucosamine"
c03790,n-(carboxymethyl)-d-alanine; strombine
c03792,n-acyl-d-mannosaminolactone
c03793,"n6,n6,n6-trimethyl-l-lysine"
c03794,"n6-(1,2-dicarboxyethyl)-amp; n6-(1,2-dicarboxyethyl)amp; adenylosuccinate; adenylosuccinic acid"
c03795,n6-methyl-2'-deoxyadenosine
c03796,oleandomycin 2'-o-phosphate
c03797,"oxidized photinus luciferin; firefly oxyluciferin; 4,5-dihydro-2-(6-hydroxy-1,3-benzothiazol-2-yl)thiazol-4-one"
c03798,peptidylproline (omega=180)
c03799,polyprenylphosphate-glucose
c03800,protein s-methyl-l-cysteine
c03801,pteroylpoly-gamma-glutamate
c03802,ribonucleoside triphosphate; ribonucleoside 5'-triphosphate
c03803,ribosomal-protein l-alanine; ribosomal-protein n-terminal-l-alanine
c03804,s-methyl-1-thio-d-glycerate
c03805,stearoylglycerone phosphate
c03806,substituted beta-amino acid
c03808,[pyruvate kinase] phosphate
c03811,alpha-d-glucose 3-phosphate
c03817,(s)-3-(imidazol-5-yl)lactate
c03819,1-acylglycerophosphoinositol; 1-acyl-sn-glycero-3-phosphoinositol
c03820,1-alkyl-2-acetyl-sn-glycerol; 2-acetyl-1-alkyl-sn-glycerol; 1-o-alkyl-2-acetyl-sn-glycerol
c03822,"2,6-dichlorophenolindophenol sodium salt; 2,6-dichloroindophenol sodium salt"
c03823,2-(2-hydroxyacyl)sphingosine
c03824,2-aminomuconate semialdehyde; 2-aminomuconate 6-semialdehyde
c03826,"2-dehydro-3-deoxy-d-xylonate; 2-dehydro-3-deoxy-d-arabinonate; 2-dehydro-3-deoxy-d-pentonate; (4s)-4,5-dihydroxy-2-oxopentanoate; 2-dehydro-3-deoxy-d-arabinonic acid"
c03827,"2-dehydro-3-deoxy-l-fuconate; (4s,5s)-4,5-dihydroxy-2-oxohexanoate"
c03828,2-deoxystreptamine phospahte
c03829,"2s,5s-methionine sulfoximine; (r-(r*,s*))-s-(3-amino-3-carboxypropyl)-s-methylsulphoximide"
c03830,"3,4-dehydro-6-hydroxymellein"
c03832,"3,5,3'-triiodothyropyruvate; 3-[4-(4-hydroxy-3-iodophenoxy)-3,5-diiodophenyl]-2-oxopropanoate"
c03834,3-hydroxymonocarboxylic acid
c03836,3beta-hydroxy-delta5-steroid
c03837,4-methylumbelliferyl acetate
c03838,5'-phosphoribosylglycinamide; gar; n1-(5-phospho-d-ribosyl)glycinamide; glycinamide ribonucleotide; n1-(5-phospho-beta-d-ribosyl)glycinamide
c03840,"juglone; 5-hydroxy-1,4-naphthoquinone"
c03843,"5-exo-hydroxy-1,2-campholide"
c03844,d-pinitol; 1d-3-o-methyl-chiro-inositol; 5d-5-o-methyl-chiro-inositol
c03845,5alpha-cholest-8-en-3beta-ol; zymostenol; cholestenol
c03846,6-acetamido-3-aminohexanoate
c03847,6-phospho-beta-d-galactoside
c03848,6f-alpha-d-galactosylsucrose; planteose
c03849,acyl-sn-glycerol 3-phosphate
c03850,"adenosine 2',5'-bisphosphate"
c03851,adenosine 5'-phosphoramidate
c03852,"androstan-3alpha,17beta-diol; 5alpha-androstan-3alpha,17beta-diol"
c03853,bis(glycerophospho)-glycerol
c03855,cholesteryl-beta-d-glucoside
c03858,d-glucosyldihydrosphingosine
c03859,d-glucosyllipopolysaccharide
c03860,deaminohydroxyblasticidin s
c03861,"dibenzo[1,4]dioxin-2,3-dione; diphenylenedioxide-2,3-quinone"
c03862,dolichyl phosphate d-mannose; dolichyl d-mannosyl phosphate; dolichyl beta-d-mannosyl phosphate
c03864,ethyl (r)-3-hydroxyhexanoate
c03865,ethyl (s)-3-hydroxyhexanoate
c03866,glucuronoxylan d-glucuronate; glucuronoxylan
c03868,indole-3-acetyl-myo-inositol; indol-3-ylacetyl-myo-inositol; indole-3-ylacetyl-myo-inositol
c03870,isoorientin 2''-o-rhamnoside
c03871,l-2-amino-6-oxoheptanedioate; l-2-amino-6-oxopimelate
c03872,l-serine-phosphoethanolamine; serine phosphoethanolamine
c03873,linoleoylphosphatidylcholine; 2-acyl-1-linoleoyl-sn-glycero-3-phosphocholine
c03874,myosin heavy-chain phosphate
c03875,myosin light chain phosphate; myosin light-chain phosphate
c03878,n-acetyl-beta-d-glucosamine
c03879,n-acetyl-beta-d-hexosaminide
c03880,n-substituted aminoacyl-trna
c03881,n-terminal-n-tetradecanoylglycyl-[protein]; n-tetradecanoylglycylpeptide
c03882,"piperine; n-[(e,e)-piperoyl]-piperidine; 1-piperoyl-piperidine"
c03884,n(omega)-methyl-l-arginine; n(g)-monomethyl-l-arginine
c03885,3-nonaprenyl-4-hydroxybenzoate; nonaprenyl-4-hydroxybenzoate
c03886,nucleoside 5'-phosphoacylate
c03887,oxidized cypridina luciferin
c03888,oxidized watasenia luciferin
c03889,palmitoylphosphatidylcholine; 1-palmitoyl-2-acyl-sn-glycero-3-phosphocholine
c03890,"peptide(n-glu, asp, cystine)"
c03892,"phosphatidylglycerophosphate; 1-(3-sn-phosphatidyl)-sn-glycerol 3-phosphate; 3-(3-phosphatidyl)-d-glycerol 1-phosphate; 1,2-diacyl-sn-glycero-3-phospho-sn-glycerol 3'-phosphate"
c03893,"poly(alpha-l-1,4-guluronate)"
c03894,"propane-1,2-diol 1-phosphate"
c03895,peptide-l-methionine (s)-s-oxide
c03897,"quercetin 3,3',7-trissulfate"
c03898,"quercetin 3,4',7-trissulfate"
c03899,s-(2-hydroxyacyl)glutathione
c03900,s-(4-bromophenyl)-l-cysteine
c03901,thiomorpholine 3-carboxylate
c03904,alpha-n-peptidyl-l-glutamate
c03905,alpha-n-peptidyl-l-glutamine
c03906,beta-l-arabinose 1-phosphate
c03910,"(24r,24(1)r)-fucosterol epoxide; (24r,28r)-fucosterol epoxide; (3beta,24r,28r)-24,28-epoxystigmast-5-en-3-ol; (24r,24'r)-fucosterol epoxide"
c03912,(s)-1-pyrroline-5-carboxylate; l-1-pyrroline-5-carboxylate; 1-pyrroline-5-carboxylate
c03916,1-oleoylglycerophosphocholine; 1-oleoyl-sn-glycero-3-phosphocholine
c03917,dihydrotestosterone; 17beta-hydroxyandrostan-3-one; androstanolone; 17beta-hydroxy-5alpha-androstan-3-one
c03918,"2,4-dichloro-cis,cis-muconate; 2,4-dichloro-cis,cis-muconic acid"
c03920,2-(methylthio)ethanesulfonate; methylcoenzyme m; methyl-com; 2-(methylsulfanyl)ethane-1-sulfonate
c03921,2-dehydro-3-deoxy-d-glucarate
c03922,2-deoxystreptamine antibiotic
c03924,3'-phosphooligoribonucleotide
c03925,"3,5-dibromo-4-hydroxybenzoate"
c03926,3-dehydro-2-deoxy-d-gluconate
c03927,3-hydroxy-4h-pyrid-4-one; 3-hydroxypyridin-4(1h)-one; 3-hydroxy-4(1h)-pyridinone
c03928,3-phosphoglycerol-glutathione
c03929,3-tert-butyl-5-methylcatechol
c03930,3alpha-hydroxyglycyrrhetinate
c03933,5-d-glutamyl-d-glutamyl-peptide; gamma-d-glutamyl-d-glutamyl-peptide
c03935,6beta-hydroxy-17beta-estradiol; 6beta-hydroxyestradiol-17beta
c03939,acetyl-[acyl-carrier protein]
c03941,calmodulin n6-methyl-l-lysine
c03942,d-galactosylglycosaminoglycan
c03943,"(2r,4s)-2,4-diaminopentanoate; d-threo-2,4-diaminopentanoate; 2,4-diaminopentanoate"
c03944,dihydro-o-methylsterigmatocystin; dhomst; dihydromethylsterigmatocystin; 8-o-methyldihydrosterigmatocystin
c03946,flavonol 3-o-beta-d-glucoside; flavonol 3-o-d-glucoside
c03947,"glycerol 1,2-cyclic phosphate; 1,3,2-dioxaphospholane-4-methanol"
c03948,n-glycolyl-d-mannosaminolactone; glycolyl-d-mannosaminolactone
c03951,"luteolin 7-o-beta-d-glucoside; luteolin 7-o-glucoside; 7-o-beta-d-glucosyl-5,7,3',4'-tetrahydroxyflavone; cynaroside; luteoloside"
c03953,n-acetylglucosamine 4-sulfate; n-acetyl-d-glucosamine 4-sulfate
c03954,n-hydroxy-2-acetamidofluorene
c03955,n6-acetyl-n6-hydroxy-l-lysine; n6-acetyl-n6-hydroxylysine
c03956,oligoglycosylglucosylceramide
c03957,peptide 3-hydroxy-l-aspartate
c03958,thyrotropin-releasing hormone; trh; protirelin; thyroliberin
c03959,[dna-directed rna polymerase]; [rna polymerase]
c03961,erythro-3-hydroxy-ls-aspartate; erythro-3-hydroxy-ls-aspartic acid; erythro-3-hydroxy-l-aspartate; erythro-3-hydroxy-l-aspartic acid
c03962,(-)-menthyl o-beta-d-glucoside
c03963,sarsasapogenin; (25s)-5beta-spirostan-3beta-ol
c03964,(r)-3-(4-hydroxyphenyl)lactate
c03968,1-alkyl-sn-glycero-3-phosphate; 1-alkyl-sn-glycerol 3-phosphate; 1-o-alkyl-sn-glycerol 3-phosphate
c03969,1-aminocyclopentanecarboxylate; 1-aminocyclopentanecarboxylic acid; cycloleucine
c03972,"2,3,4,5-tetrahydrodipicolinate; delta1-piperidine-2,6-dicarboxylate; l-2,3,4,5-tetrahydrodipicolinate; (s)-2,3,4,5-tetrahydropyridine-2,6-dicarboxylate"
c03974,2-acyl-sn-glycerol 3-phosphate
c03975,"isoxanthopterin; 2-amino-4,7-dihydroxypteridine"
c03979,2-dehydro-3-deoxy-l-rhamnonate
c03980,2-deoxystreptamine 4-phosphate
c03981,2-hydroxyethylenedicarboxylate; enol-oxaloacetate; enol-oxaloacetic acid; 2-hydroxybut-2-enedioic acid
c03982,2-methylpropanal o-methyloxime; isobutyraldoxime o-methyl ether
c03983,3'-hydroxyloligoribonucleotide
c03985,"linalool; 3,7-dimethylocta-1,6-dien-3-ol; (rs)-linalool"
c03986,3-hydroxy-4-methylanthranilate
c03987,3-iodo-4-hydroxyphenylpyruvate
c03989,isolychnose; 3f-alpha-d-galactosylraffinose
c03990,lithocholic acid; lithocholate; 3alpha-hydroxy-5beta-cholanate; 3alpha-hydroxy-5beta-cholanic acid
c03993,4-(beta-d-glucosyloxy)benzoate; 4-hydroxybenzoate-o-glucoside
c03994,4-hydroxymethylphenylhydrazine
c03995,4-nitrophenyl-3-ketovalidamine; p-nitrophenyl-3-ketovalidamine; n-(4-nitrophenyl)-3-ketovalidamine
c03996,5'-o-beta-d-glucosylpyridoxine
c03997,5-hydroxymethyldeoxycytidylate; 5-hydroxymethyldeoxycytidylic acid; 2'-deoxy-5-hydroxymethylcytidine 5'-phosphate
c03998,7-methylguanosine 5'-phosphate; n7-methyl-gmp
c03999,alanyl-poly(glycerolphosphate); (d-ala1->2gro-1-p)n
c04000,benzyl 2-methyl-3-oxobutanoate
c04001,coagulation factor viiia
c04002,"(z)-but-1-ene-1,2,4-tricarboxylate; homo-cis-aconitate; cis-homoaconitate; (z)-1,2,4-but-1-enetricarboxylic acid; (1z)-but-1-ene-1,2,4-tricarboxylic acid"
c04006,1d-myo-inositol 3-phosphate; d-myo-inositol 3-phosphate; myo-inositol 3-phosphate; inositol 3-phosphate; 1d-myo-inositol 3-monophosphate; d-myo-inositol 3-monophosphate; myo-inositol 3-monophosphate; inositol 3-monophosphate; 1l-myo-inositol 1-phosphate; l-myo-inositol 1-phosphate
c04007,flavanone 7-o-beta-d-glucoside; flavanone 7-o-glucoside
c04010,glycoprotein phospho-d-mannose
c04013,multi-methyl-branched acyl-coa
c04015,n-acetyl-4-o-acetylneuraminate
c04016,n-acetyl-7-o-acetylneuraminate
c04017,n-acetyl-9-o-acetylneuraminate; n-acetyl-9-o-acetylneuraminic acid
c04018,n-acetyl-d-galactosaminoglycan
c04019,n-acetyl-alpha-d-glucosaminide
c04020,d-lysopine; n2-(d-1-carboxyethyl)-l-lysine; lysopine
c04021,"phosphatidylinositol phosphate; 1,2-diacyl-sn-glycero-3-phospho-(1'-inositol-4'-phosphate)"
c04022,"s,s-dimethyl-beta-propiothetin; s-dimethylsulfonium propionic acid; dimethylpropiothetin; dmpt; dmsp"
c04024,vitexin 2''-o-beta-d-glucoside; flavosativaside; 2''-o-glucosylvitexin
c04025,"alpha,omega-dicarboxylic acid"
c04026,alpha-n-substituted l-arginine
c04030,"(2,3-dihydroxybenzoyl)adenylate"
c04031,(3s)-3-hydroxyacyl-hydrolipoate
c04033,"1,3,6,8-naphthalenetetrol; 1,3,6,8-tetrahydroxynaphthalene"
c04034,"(1->6)-beta-d-galactosylgalactogen; 1,6-beta-d-galactosylgalactogen"
c04036,1-palmitoylglycerol 3-phosphate; 1-hexadecanoyl-sn-glycero-3-phosphate
c04037,1-phospho-alpha-d-galacturonate; d-galacturonate 1-phosphate
c04039,"2,3-dihydroxy-3-methylbutanoate; 2,3-dihydroxy-isovalerate; 2,3-dihydroxy-isovaleric acid"
c04042,20alpha-hydroxy-4-pregnen-3-one; 20alpha-hydroxypregn-4-en-3-one; 20alpha-hydroxyprogesterone; (s)-20-hydroxypregn-4-en-3-one
c04043,"3,4-dihydroxyphenylacetaldehyde; dopal; protocatechuatealdehyde"
c04044,"3-(2,3-dihydroxyphenyl)propanoate; 2,3-dihydroxyphenylpropanoate"
c04045,"3-(3,4-dihydroxyphenyl)pyruvate; 3,4-dihydroxyphenylpyruvate"
c04046,"3-d-glucosyl-1,2-diacylglycerol; 1,2-diacyl-3-beta-d-glucosyl-sn-glycerol; monoglucosyldiglyceride; monoglucosyldiacylglycerol; glcbeta1->3acyl2gro; 1,2-diacyl-3-o-(beta-d-glucopyranosyl)-sn-glycerol"
c04047,3-hydroxy-2-methylpropanoyl-coa; 3-hydroxy-2-methylpropionyl-coa; 3-hydroxyisobutyryl-coa; 3-hydroxyisobutyryl coenzyme a
c04049,4-hydroxy-4-methyl-2-oxoadipate
c04050,4-hydroxyaminoquinoline n-oxide
c04051,5-amino-4-imidazolecarboxyamide
c04052,"5-carboxy-2-oxohept-3-enedioate; 5-oxopent-3-ene-1,2,5-tricarboxylate"
c04053,5-dehydro-4-deoxy-d-glucuronate; 4-deoxy-l-threo-5-hexosulose uronate
c04054,5-hydroxybenzimidazolylcob(i)amide
c04056,"rumenic acid; 9-cis,11-trans-octadecadienoate; (9z,11e)-octadecadienoic acid"
c04058,"bis(5'-adenosyl) pentaphosphate; p1,p5-bis(5'-adenosyl)pentaphosphate"
c04061,cytochrome c n6-methyl-l-lysine
c04062,"d-myo-inositol 1,3-bisphosphate; 1d-myo-inositol 1,3-bisphosphate; myo-inositol 1,3-bisphosphate; inositol 1,3-bisphosphate"
c04063,"d-myo-inositol 3,4-bisphosphate; 1d-myo-inositol 3,4-bisphosphate; inositol 3,4-bisphosphate"
c04064,"d-myo-inositol 4,5-bisphosphate"
c04067,"diethyl 2-methyl-3-oxosuccinate; diethyl oxalpropionate; butanedioic acid, 2-methyl-3-oxo-, 1,4-diethyl ester"
c04068,flavonol 3-o-d-xylosylglucoside
c04069,flavonol 3-o-d-xylosylglycoside; flavonol 3-o-[d-xylosyl-(1->2)-beta-d-glycoside]; flavonol 3-[beta-d-xylosyl-(1->2)-beta-d-glycoside]
c04070,gibberellin 2-o-beta-d-glucoside
c04071,guanidinoethyl methyl phosphate
c04072,heparin-glucosamine 3-o-sulfate
c04073,heparosan-n-sulfate l-iduronate; poly[(1->4)-alpha-l-iduronosyl-(1->4)-n-sulfo-alpha-d-glucosaminyl]
c04074,isoflavone 7-o-beta-d-glucoside
c04075,2-amino-4-chloro-4-pentenoic acid; (s)-2-amino-4-chloro-4-pentenoic acid; l-2-amino-4-chloropent-4-enoate; 4-chloro-allyl-l-glycine
c04076,l-2-aminoadipate 6-semialdehyde; 2-aminoadipate 6-semialdehyde; l-allysine; allysine; (s)-2-amino-6-oxohexanoate
c04078,methylmethionine sulfonium salt; methylmethionine sulfonium chloride; vitamin u
c04079,n-((r)-pantothenoyl)-l-cysteine; d-pantothenoyl-l-cysteine; n-pantothenoylcysteine
c04080,n-(long-chain-acyl)ethanolamine
c04081,n-hydroxy-4-acetylaminobiphenyl
c04083,"n6-(delta2-isopentenyl)-adenine; n6-(3-methylbut-2-enyl)adenine; 6-(gamma,gamma-dimethylallylamino)purine; n6-dimethylallyladenine; n6-prenyladenine"
c04084,"pregna-4,9(11)-diene-3,20-dione"
c04087,protein n(tau)-methyl-l-histidine; protein n-tele-methyl-l-histidine
c04088,octadecanoyl-[acyl-carrier protein]; stearoyl-[acyl-carrier protein]
c04089,udp-4-dehydro-6-deoxy-d-glucose; udp-4-keto-6-deoxy-d-glucose; udp-4-oxo-6-deoxy-d-glucose; udp-4-dehydro-6-deoxy-alpha-d-glucose
c04090,ubiquitin c-terminal thiolester
c04091,"cis-1,2-dihydrobenzene-1,2-diol; cis-benzeneglycol; cis-cyclohexa-3,5-diene-1,2-diol"
c04092,"delta1-piperideine-2-carboxylate; 1,2-didehydropiperidine-2-carboxylate; 1-piperideine-2-carboxylate"
c04093,poly-cis-polyprenyl diphosphate
c04097,2-alpha-d-mannosylheteroglycan; 2-alpha-d-mannosyl-heteroglycan
c04098,3-alpha-d-mannosylheteroglycan; 3-alpha-d-mannosyl-heteroglycan
c04099,"1,4-alpha-d-glucooligosaccharide; 1,4-alpha-d-glucooligosaccharide in lipopolysaccharide precursor"
c04100,1-linoleoylglycerophosphocholine; 1-linoleoyl-sn-glycero-3-phosphocholine
c04101,"1-o,6-o-digalloyl-beta-d-glucose"
c04102,1-palmitoylglycerophosphocholine; 1-palmitoyl-sn-glycero-3-phosphocholine
c04103,13-beta-d-glucosyloxydocosanoate; 13-(beta-d-glucosyloxy)docosanoic acid
c04104,"2,3-dihydroxy-3-methylpentanoate; 2,3-dihydroxy-3-methylvalerate"
c04105,"2,5-dihydro-5-oxofuran-2-acetate; 2-oxo-2,5-dihydrofuran-5-acetate; muconolactone; 5-oxo-2,5-dihydrofuran-2-acetate; 4-carboxymethyl-4-hydroxyisocrotonolactone"
c04106,2-(hydroxymethyl)-4-oxobutanoate; alpha-hydroxymethyl succinate semialdehyde; 2-hydroxymethyl succinate semialdehyde
c04108,20-hydroxy-3-oxopregn-4-en-21-al
c04109,"gossypetin; 3,3',4',5,7,8-hexahydroxyflavone"
c04110,"3,5-dihydroxy-1,4-naphthoquinone"
c04111,3-(phosphoacetylamido)-l-alanine
c04112,"3-methyl-cis,cis-hexadienedioate; 3-methyl-cis,cis-muconate"
c04114,(e)-4-(trimethylammonio)but-2-enoate; crotono-betaine; crotonobetaine
c04115,"4-carboxy-4-hydroxy-2-oxoadipate; 4-hydroxy-4-carboxymethyl-2-oxoglutarate; 2-hydroxy-4-oxobutane-1,2,4-tricarboxylate; 4-carboxy-4-hydroxy-2-oxoadipic acid; 2-hydroxy-4-oxobutane-1,2,4-tricarboxylic acid"
c04116,4-substituted phenylacetonitrile
c04117,5'-phospho-rna 3'-mononucleotide
c04118,"isocorypalmine; 5,8,13,13a-tetrahydrocolumbamine; (s)-tetrahydrocolumbamine; (13as)-5,8,13,13a-tetrahydro-3,9,10-trimethoxy-6h-dibenzo[a,g]quinolizin-2-ol"
c04121,cmp-3-deoxy-d-manno-octulosonate; cmp-kdo; cmp-beta-kdo
c04122,d-1-aminopropan-2-ol o-phosphate; (r)-1-aminopropan-2-yl phosphate
c04125,[isocitrate dehydrogenase (nadp+)]
c04126,l-1-aminopropan-2-ol o-phosphate; (s)-1-aminopropan-2-yl phosphate
c04128,low-density lipoprotein l-serine
c04130,methyl 2-diazoacetamidohexanoate
c04131,monoamide of dicarboxylate; monoamide of dicarboxylic acid
c04132,n-acetyl-d-glucosamine 6-sulfate
c04133,n-acetyl-l-glutamate 5-phosphate; n-acetyl-l-glutamyl 5-phosphate
c04134,n-acetyl-alpha-d-galactosaminide
c04135,n-acetyl-beta-d-galactosaminyl-r; n-acetyl-beta-d-galactosaminide
c04136,n-acyl-d-glucosamine 6-phosphate
c04137,"octopine; d-octopine; n2-(d-1-carboxyethyl)-l-arginine; n2-(1-carboxyethyl)-l-arginine; arginine, n2-(1-carboxyethyl)-, l-; d-(+)-octopine; l-arginine, n2-(1-carboxyethyl)-, (r)-; l-arginine, n2-[(1r)-1-carboxyethyl]-"
c04138,n(alpha)-gamma-l-glutamylhistamine; nalpha-gamma-l-glutamylhistamine
c04141,phospho-beta-adrenergic receptor; [beta-adrenergic receptor] phosphate
c04142,protein glutamate methyl ester; protein l-glutamate methyl ester; protein l-glutamate o5-methyl ester
c04143,protein n(omega)-methyl-l-arginine
c04144,tetrahydropteroyltri-l-glutamate; (6s)-h4pteglu3
c04145,all-trans-nonaprenyl diphosphate; solanesyl pyrophosphate; solanesyl diphosphate
c04146,all-trans-octaprenyl diphosphate; farnesylfarnesylgeraniol
c04147,"alpha-d-glucosyl-(1,3)-d-mannose"
c04148,phenylacetylglutamine; alpha-n-phenylacetyl-l-glutamine; n2-(2-phenylacetyl)-l-glutamine
c04149,[alpha-tubulin]-n6-acetyl-l-lysine
c04150,beta-d-mannosylphosphodecaprenol
c04152,rrna containing n1-methylguanine
c04153,rrna containing n2-methylguanine
c04154,rrna containing n6-methyladenine; rrna(n6-methyladenine); n6-methyladenine in rrna
c04155,trna containing 5-methylcytosine
c04156,trna containing n1-methyladenine
c04157,trna containing n1-methylguanine; n1-methylguanine in trna
c04158,trna containing n2-methylguanine
c04159,trna containing n6-methyladenine
c04160,trna containing n7-methylguanine
c04161,trna containing a thionucleotide
c04164,trans-cinnamoyl beta-d-glucoside; 1-o-trans-cinnamoyl-beta-d-glucopyranose
c04165,(+)-neomenthyl o-beta-d-glucoside
c04166,(+/-)-6-hydroxy-3-oxo-alpha-ionol; vomifoliol
c04167,"(+/-)-trans-acenaphthene-1,2-diol"
c04170,13-(2-methylcrotonoyl)oxylupanine; 13-(2-methylcrotonoyl)oxylupinine; (+)-13alpha-tigloyloxylupanine
c04171,"(2s,3s)-2,3-dihydro-2,3-dihydroxybenzoate; (2s,3s)-2,3-dihydroxy-2,3-dihydroxybenzoate"
c04175,"2-deoxy-d-ribose 1,5-bisphosphate"
c04178,"bromoxynil; 3,5-dibromo-4-hydroxybenzonitrile"
c04180,cis-dec-3-enoyl-[acp]; cis-dec-3-enoyl-[acyl-carrier protein]; cis-3-decenoyl-[acyl-carrier protein]; (3z)-dec-3-enoyl-[acp]; (3z)-decenoyl-[acp]
c04181,3-hydroxy-3-methyl-2-oxobutanoic acid; 3-hydroxy-3-methyl-2-oxobutanoate; 2-oxo-3-hydroxyisovalerate
c04185,"5,6-dihydroxyindole-2-carboxylate; dhica"
c04186,5-carboxymethyl-2-hydroxymuconate
c04187,5-methyldeoxycytidine diphosphate
c04188,s-methyl-5-thio-d-ribose 1-phosphate; s-methyl-5-thio-alpha-d-ribose 1-phosphate; s-methyl-5-thio-5-deoxy-d-ribose 1-phosphate
c04191,dihydrostreptomycin 3''-phosphate
c04193,flavonol 3-o-d-xylosylgalactoside
c04194,flavonol 3-o-[alpha-l-rhamnosyl-(1->6)-beta-d-glucoside]; flavonol 3-o-rutinoside
c04195,glycoprotein phosphatidylinositol
c04196,heparosan-n-sulfate d-glucuronate; poly[(1->4)-beta-d-glucuronosyl-(1->4)-n-sulfo-alpha-d-glucosaminyl]
c04197,indole-3-acetyl-beta-1-d-glucoside; 1-o-(indol-3-yl)acetyl-beta-d-glucose
c04199,isovitexin 2''-o-beta-d-glucoside; isovitexin 2''-o-glucoside; meloside a
c04201,l-tyrosine methyl ester 4-sulfate
c04202,long-chain-fatty-acyl ethyl ester
c04203,"n,n-dimethyl-1,4-phenylenediamine; n,n-dimethyl-p-phenylenediamine; p-amino-n,n-dimethylaniline"
c04204,"n-(2,3-dihydroxybenzoyl)-l-serine; 2,3-dihydroxy-n-benzoyl-l-serine; 2,3-dihydroxybenzoylserine"
c04205,"n-(3,4-dichlorophenyl)-malonamate"
c04207,n-benzoyl-4-hydroxyanthranilate
c04208,n-benzoyl-4-methoxyanthranilate
c04209,"3-(carboxycarbonylamino)-l-alanine; n3-oxalyl-l-2,3-diaminopropanoate; l-alpha-amino-beta-oxalylaminopropionic acid; beta-odap"
c04210,n5-(l-1-carboxyethyl)-l-ornithine
c04211,n(6)-[(indol-3-yl)acetyl]-l-lysine; n6-[(indol-3-yl)acetyl]-l-lysine
c04212,"3',5'-cyclic nucleotide; nucleoside 3',5'-cyclic phosphate"
c04213,dolichyl diphosphooligosaccharide; oligosaccharide-diphosphodolichol; oligosaccharide-pp-dol
c04214,phospho-[tyrosine-3-monoxygenase]
c04215,phospholipid methylene fatty acid
c04216,all-trans-heptaprenyl diphosphate
c04217,"all-trans-pentaprenyl diphosphate; geranylfarnesyl diphosphate; (2e,6e,10e,14e)-geranylfarnesyl diphosphate; all-trans-geranylfarnesyl diphosphate"
c04218,"alpha,alpha'-trehalose 6-mycolate"
c04219,alpha-d-aldosyl beta-d-fructoside; alpha-d-aldosyl1 beta-d-fructoside; alpha-d-aldosyl2 beta-d-fructoside
c04221,"trans-1,2-dihydrobenzene-1,2-diol"
c04223,(+/-)-6-hydroxy-3-oxo-alpha-ionone
c04225,"(z)-but-2-ene-1,2,3-tricarboxylate; cis-2-methylaconitate"
c04226,"6-oxo-1,4,5,6-tetrahydronicotinate; 1,4,5,6-tetrahydro-6-oxonicotinate; 1,4,5,6-tetrahydro-6-oxonicotinic acid"
c04227,octopamine; 1-(4-hydroxyphenyl)-2-aminoethanol; p-hydroxyphenylethanolamine
c04229,1-(indol-3-yl)propanol 3-phosphate; indolepropanol phosphate
c04230,1-acyl-sn-glycero-3-phosphocholine; 1-acyl-sn-glycerol-3-phosphocholine; alpha-acylglycerophosphocholine; 2-lysolecithin; 2-lysophosphatidylcholine; 1-acylglycerophosphocholine
c04232,2'-deoxyribonucleoside diphosphate; 2'-deoxyribonucleoside 5'-diphosphate
c04233,2-acyl-sn-glycero-3-phosphocholine; 2-acylglycero-3-phosphocholine; 1-lysophosphatidylcholine; 1-lysolecithin; 3-lysolecithin
c04234,2-carboxy-d-arabinitol 1-phosphate; 2-carboxyarabinitol 1-phosphate
c04235,3-acetylenic fatty acyl thioesters
c04236,(2s)-2-isopropyl-3-oxosuccinate; 3-carboxy-4-methyl-2-oxopentanoate; 2-oxo-4-methyl-3-carboxypentanoate
c04237,3-hydroxy-3-methyl-2-oxopentanoic acid; 3-hydroxy-3-methyl-2-oxopentanoate
c04239,5'-dephospho-rna 3'-mononucleotide
c04242,5-fluorodeoxyuridine monophosphate
c04244,"6-lactoyl-5,6,7,8-tetrahydropterin"
c04246,but-2-enoyl-[acyl-carrier protein]; (2e)-but-2-enoyl-[acp]; (2e)-butenoyl-[acp]
c04247,"d-galactosyl-(1->4)-beta-d-glucosyl-r; d-galactosyl-1,4-beta-d-glucosyl-r; beta-d-galactosyl-(1->4)-beta-d-glucosyl-r"
c04248,6-(alpha-d-glucosaminyl)-1-phosphatidyl-1d-myo-inositol; d-glucosaminylphosphatidylinositol
c04250,dna containing 6-o-methylguanine
c04251,deoxylimononic acid d-ring-lactone
c04253,electron-transferring flavoprotein; electron-transfer flavoprotein; oxidized [electron-transfer flavoprotein]
c04255,n-acetyl-d-galactosamine 6-sulfate
c04256,n-acetyl-d-glucosamine 1-phosphate
c04257,n-acetyl-d-mannosamine 6-phosphate; n-acetylmannosamine 6-phosphate
c04258,n-formyl-l-methionylaminoacyl-trna
c04259,"n,n-dimethylhistidine; nalpha,nalpha-dimethyl-l-histidine"
c04260,o-d-alanyl-poly(ribitol phosphate)
c04261,protein n(pi)-phospho-l-histidine; protein n-pros-phospho-l-histidine; protein n-pros-phosphohistidine; protein npi-phospho-l-histidine
c04262,protein n(tau)-phospho-l-histidine; protein n-tele-phospho-l-histidine; protein n-tele-phosphohistidine
c04264,3-[(4-bromophenyl)sulfanyl]-2-oxopropanoate; s-(4-bromophenyl)-mercaptopyruvate
c04265,"alpha,alpha'-trehalose 6-palmitate"
c04266,alpha-d-glucosyllipopolysaccharide
c04268,"dtdp-4-amino-4,6-dideoxy-d-glucose; dtdp-4-amino-4,6-dideoxy-alpha-d-glucose; dtdp-viosamine; dtdp-4-amino-4,6-dideoxy-alpha-d-glucopyranose"
c04271,"3,9-dihydroxypterocarpan; (6ar,11ar)-3,9-dihydroxypterocarpan"
c04272,"(r)-2,3-dihydroxy-3-methylbutanoate; (r)-2,3-dihydroxy-isovalerate; (r)-2,3-dihydroxy-isovaleric acid; (2r)-2,3-dihydroxy-3-methylbutanoate; (2r)-2,3-dihydroxy-3-methylbutanoic acid"
c04273,(s)-mandelonitrile beta-d-glucoside
c04274,"1,2-epoxy-3-(p-nitrophenoxy)propane; epnp"
c04275,"1,2-bis-o-sinapoyl-beta-d-glucose; 1,2-bis-o-sinapoyl-beta-d-glucoside"
c04276,"1,6-alpha-d-mannosyloligosaccharide"
c04277,"1,8-diazacyclotetradecane-2,9-dione"
c04280,1-guanidino-1-deoxy-scyllo-inositol; amidino-scyllo-inosamine
c04281,"l-1-pyrroline-3-hydroxy-5-carboxylate; 3-hydroxy-l-1-pyrroline-5-carboxylate; (3r,5s)-1-pyrroline-3-hydroxy-5-carboxylate; (3r,5s)-3-hydroxy-1-pyrroline-5-carboxylate"
c04282,1-pyrroline-4-hydroxy-2-carboxylate
c04284,2-heptyl-4-hydroxyquinoline-n-oxide; hqno
c04285,"3,5-dibromo-4-hydroxyphenylpyruvate"
c04286,"3,5-dinitro-4-hydroxyphenylpyruvate"
c04287,"3d-3,5/4-trihydroxycyclohexane-1,2-dione; d-2,3-diketo-4-deoxy-epi-inositol; (3r,4s,5r)-3,4,5-trihydroxy-1,2-cyclohexanedione; 3,5/4-trihydroxycyclohexa-1,2-dione"
c04290,4-(3-methylbut-2-enyl)-l-tryptophan; 4-dimethylallyl-l-tryptophan; 4-prenyl-l-tryptophan
c04291,4-(dimethylamino)phenylazoxybenzene
c04292,5'-phosphonucleoside 3'-diphosphate
c04293,"chrysoeriol; 5,7,4'-trihydroxy-3'-methoxyflavone; 3'-o-methylluteolin"
c04294,5-(2-hydroxyethyl)-4-methylthiazole; 4-methyl-5-(2'-hydroxyethyl)-thiazole; 4-methyl-5-(2-hydroxyethyl)thiazole; het
c04295,"androstenediol; androst-5-ene-3beta,17beta-diol; 3beta,17beta-dihydroxyandrost-5-ene; 3beta,17beta-dihydroxy-5-androstene"
c04297,"cdp-4-dehydro-3,6-dideoxy-d-glucose; cdp-3,6-dideoxy-d-erythro-hexos-4-ulose; cdp-4-dehydro-3,6-dideoxy-alpha-d-glucose"
c04298,holo-[citrate (pro-3s)-lyase]
c04299,"d-myo-inositol 1,2-cyclic phosphate; 1d-myo-inositol 1,2-cyclic phosphate"
c04300,estradiol-17alpha 3-d-glucuronoside
c04301,n(alpha)-t-butoxycarbonyl-l-leucine
c04302,n-(5-phospho-d-ribosyl)anthranilate; n-(5-phospho-beta-d-ribosyl)anthranilate; n-(5-phosphoribosyl)anthranilic acid
c04303,n-benzoyl-d-arginine-4-nitroanilide; bz-arg-p-nitroanilide
c04305,n-long-chain-fatty-acyl-l-glutamate
c04307,"p1,p2-bis(5'-adenosyl) triphosphate"
c04308,phosphatidyl-n-dimethylethanolamine
c04309,phosphoenol-4-deoxy-3-tetrulosonate
c04311,protein l-isoaspartate methyl ester; protein l-isoaspartate alpha-methyl ester
c04312,"rna terminal-2',3'-cyclic-phosphate"
c04313,beta-substituted alpha-l-amino acid
c04314,"cis-1,2-dihydronaphthalene-1,2-diol; (1r,2s)-1,2-dihydronaphthalene-1,2-diol"
c04315,2-acyl-3-o-(beta-d-galactosyl)-sn-glycerol; monogalactosyl-monoacylglycerol; gal-beta1->3acyl1gro; galbeta1->3acyl1gro; mono-beta-d-galactosylacylglycerol
c04316,(1-hydroxycyclohexan-1-yl)acetyl-coa
c04317,1-organyl-2-lyso-sn-glycero-3-phosphocholine; 1-radyl-2-lyso-sn-glycero-3-phosphocholine; 1-alkyl-2-lyso-sn-glycero-3-phosphocholine; 1-alkyl-sn-glycero-3-phosphocholine
c04318,11-o-demethyl-17-o-deacetylvindoline
c04322,"delta1-pyrroline-5-carboxylate; 3,4-dihydro-2h-pyrrole-2-carboxylate"
c04323,"3,5-dichloro-4-hydroxyphenylpyruvate"
c04324,"(1e,3e)-4-hydroxybuta-1,3-diene-1,2,4-tricarboxylate; 2-hydroxy-4-carboxyhexa-2,4-dienedioate; 4-carboxy-2-hydroxy-cis,cis-muconate; 4-carboxy-2-hydroxyhexa-2,4-cis,cis-dienedioate; (1e,3e)-4-hydroxybuta-1,3-diene-1,2,4-tricarboxylic acid"
c04327,4-methyl-5-(2-phosphooxyethyl)thiazole; 4-methyl-5-(2-phosphonooxyethyl)thiazole; 5-(2-hydroxyethyl)-4-methylthiazole phosphate; het-p
c04328,5'-phosphomonoester oligonucleotides
c04330,"5,10-methenyltetrahydromethanopterin; 5,10-methenyl-5,6,7,8-tetrahydromethanopterin; n5,n10-methenyltetrahydromethanopterin"
c04332,"6,7-dimethyl-8-(d-ribityl)lumazine"
c04333,"bis-d-fructose 2',1:2,1'-dianhydride; difructose anhydride i"
c04334,acetyl-[citrate (pro-3s)-lyase]
c04335,n(alpha)-benzyloxycarbonyl-l-leucine
c04336,n-glycolyl-d-mannosamine 6-phosphate
c04337,n(omega)-nitro-l-arginine methyl ester; n(g)-nitro-l-arginine methyl ester
c04339,peptide n-(adp-d-ribosyl)diphthamide; ef-2 n-(adp-d-ribosyl)diphthamide; elongation factor 2 n-(adp-d-ribosyl)diphthamide
c04340,phospholipid cyclopropane fatty acid
c04341,ribosomal-protein n-acetyl-l-alanine
c04342,soluble variant-surface-glycoprotein
c04346,"dtdp-4-amino-4,6-dideoxy-d-galactose; dtdp-4-amino-4,6-dideoxy-alpha-d-galactose"
c04347,"(+)-2,3-dienoyl fatty acyl thioesters"
c04348,l-malyl-coa; (s)-malyl-coa; malyl-coa; (3s)-3-carboxy-3-hydroxypropanoyl-coa; (3s)-3-carboxy-3-hydroxypropionyl-coa
c04349,"(4s)-4,6-dihydroxy-2,5-dioxohexanoate; 3-deoxy-d-glycero-2,5-hexodiulosonate; 2,5-diketo-3-deoxy-d-gluconate; 3-deoxy-d-glycero-hexo-2,5-diulosonic acid"
c04350,(e)-4-hydroxyphenylacetaldehyde oxime; (e)-[4-hydroxyphenylacetaldehyde oxime]
c04351,(r)-2-methylimino-1-phenylpropan-1-ol
c04352,(r)-4'-phosphopantothenoyl-l-cysteine; n-[(r)-4'-phosphopantothenoyl]-l-cysteine
c04353,(z)-4-hydroxyphenylacetaldehyde oxime; (z)-[4-hydroxyphenylacetaldehyde oxime]
c04354,"1,2-beta-d-glucuronosyl-d-glucuronate; (1->2)-beta-d-glucuronosyl-d-glucuronate"
c04359,1-deoxy-d-altro-heptulose 7-phosphate
c04360,"1-o,2-o,6-o-trigalloyl-beta-d-glucose; 1,2,6-trigalloylglucose"
c04361,1-o-alkyl-2-acetyl-3-acyl-sn-glycerol; 2-acetyl-1-o-alkyl-3-acyl-sn-glycerol
c04365,3'-hydroxy-terminated oligonucleotide
c04366,"3-(2-carboxyethenyl)-cis,cis-muconate"
c04367,"3-(3,5-diiodo-4-hydroxyphenyl)lactate"
c04368,3-amino-3-(4-hydroxyphenyl)propanoate; beta-tyrosine
c04371,3-sulfanyl-2-(sulfanylmethyl)propanoate; 3-mercapto-2-mercaptomethylpropanoate
c04372,3-o-l-alanyl-1-o-phosphatidylglycerol
c04373,etiocholanolone; 3alpha-hydroxy-5beta-androstan-17-one; etiocholan-3alpha-ol-17-one; 3alpha-hydroxyetiocholan-17-one
c04375,4-n-(n-acetyl-d-glucosaminyl)-protein; peptide-n4-(n-acetyl-beta-glucosaminyl)asparagine
c04376,5'-phosphoribosyl-n-formylglycinamide; n-formyl-gar; n-formylglycinamide ribonucleotide; n2-formyl-n1-(5-phospho-d-ribosyl)glycinamide; n2-formyl-n1-(5-phospho-beta-d-ribosyl)glycinamide
c04377,"5,10-methylenetetrahydromethanopterin; n5,n10-methylenetetrahydromethanopterin"
c04378,7-alpha-d-ribosyladenine 5'-phosphate
c04379,"9,11alpha-epoxypregn-4-ene-3,20-dione"
c04381,"dna 4,6-diamino-5-formamidopyrimidine"
c04382,dihydrostreptomycin 3'alpha-phosphate
c04384,heparan sulfate alpha-d-glucosaminide
c04385,flavonol 3-o-(6-o-malonyl-beta-d-glucoside)
c04386,myelin proteolipid o-palmitoylprotein; o-palmitoyl-[myelin proteolipid]
c04387,n-acetyl-alpha-d-galactosaminyl-polypeptide; n-acetyl-alpha-d-galactosaminyl-r; n-acetyl-d-galactosaminyl-polypeptide; n-acetyl-d-galactosaminyl-r; tn antigen
c04390,"n6-acetyl-ll-2,6-diaminoheptanedioate; n2-acetyl-ll-2,6-diaminoheptanedioate; n6-acetyl-ll-2,6-diaminopimelate; n2-acetyl-ll-2,6-diaminopimelate; n6-acetyl-l-2,6-diaminoheptanedioate; n6-acetyl-l-2,6-diaminopimelate; n-acetyl-ll-2,6-diaminoheptanedioate"
c04391,o-phospho-microsomal-membrane protein
c04392,"p1,p4-bis(5'-xanthosyl) tetraphosphate; xppppx"
c04394,peptidoglycan(n-acetyl-d-glucosamine); peptideglycan(n-acetyl-d-glucosamine)
c04395,phospho-[dna-directed rna polymerase]
c04397,procollagen trans-3-hydroxy-l-proline; [procollagen]-trans-3-hydroxy-l-proline
c04398,procollagen trans-4-hydroxy-l-proline
c04399,s-methyl-3-phospho-1-thio-d-glycerate
c04403,beta-d-glucosyl-1-phosphoundecaprenol
c04404,trans-4-hydroxycyclohexanecarboxylate
c04405,"(2s,3s)-3-hydroxy-2-methylbutanoyl-coa; (s)-3-hydroxy-2-methylbutyryl-coa"
c04409,2-amino-3-carboxymuconate semialdehyde; 2-amino-3-(3-oxoprop-1-enyl)-but-2-enedioate; 2-amino-3-(3-oxoprop-1-en-1-yl)but-2-enedioate
c04411,"(2r,3s)-3-isopropylmalate; 3-isopropylmalate; 3-carboxy-2-hydroxy-4-methylpentanoate; 2-d-threo-hydroxy-3-carboxy-isocaproate"
c04415,4-o-beta-d-glucosyl-4-hydroxycinnamate
c04416,"5alpha-ergosta-7,22-diene-3beta,5-diol"
c04417,"6-alpha-d-(1,4-alpha-d-glucano)-glucan"
c04418,"n-acetyl-l-phenylalanyl-l-diiodotyrosine; n-acetylphenylalanyl-3,5-diiodotyrosine"
c04419,carboxybiotin-carboxyl-carrier protein; [biotin carboxyl-carrier protein]-carboxybiotin-n6-l-lysine; [biotin carboxyl-carrier protein]-n6-carboxybiotinyl-l-lysine
c04420,"alpha-d-fructofuranose-beta-d-fructofuranose 2',1:2,3'-dianhydride; di-d-fructofuranose 1,2':2,3'-dianhydride; difructose anhydride iii"
c04421,"n-succinyl-ll-2,6-diaminoheptanedioate; n-succinyl-ll-2,6-diaminopimelate; n-succinyl-l-2,6-diaminoheptanedioate; n-succinyl-l-2,6-diaminopimelate"
c04422,n6-alkylaminopurine-7-beta-d-glucoside
c04423,nicotinamide hypoxanthine dinucleotide
c04424,s-(2-methylpropanoyl)-dihydrolipoamide; s-(2-methylpropionyl)-dihydrolipoamide
c04425,s-adenosyl-4-methylthio-2-oxobutanoate; s-adenosyl-4-(methylsulfanyl)-2-oxobutanoate
c04426,udp-n-acetyl-d-galactosamine 4-sulfate
c04428,alpha-d-galactosyl-n-acetyllactosamine
c04429,beta-d-glucosylpoly(ribitol phosphate)
c04431,cis-4-carboxymethylenebut-2-en-4-olide; 4-carboxymethylenebut-2-en-4-olide
c04432,trna containing 6-isopentenyladenosine; n6-(3-methylbut-2-en-1-yl)-adenosine in trna; n6-(3-methylbut-2-en-1-yl)-adenine in trna; n6-dimethylallyladenine in trna
c04433,"(6e)-8-hydroxylinalool; (e)-3,7-dimethylocta-1,6-diene-3,8-diol"
c04434,"(1e)-4-oxobut-1-ene-1,2,4-tricarboxylate; 4-oxalomesaconate; 4-oxalmesaconic acid"
c04435,"(z)-2-methyl-5-isopropylhexa-2,5-dienal; cis-2-methyl-5-isopropylhexa-2,5-dienal"
c04437,1-(5-phosphoribosyl)imidazole-4-acetate
c04438,1-acyl-sn-glycero-3-phosphoethanolamine; l-2-lysophosphatidylethanolamine
c04441,peptide 2-(3-carboxy-3-aminopropyl)-l-histidine; 2-(3-carboxy-3-aminopropyl)-l-histidine; ef-2 2-(3-carboxy-3-aminopropyl)-l-histidine; 2-[(3s)-3-amino-3-carboxypropyl]-l-histidine-[translation elongation factor 2]
c04442,2-dehydro-3-deoxy-6-phospho-d-gluconate; 6-phospho-2-dehydro-3-deoxy-d-gluconate; 2-keto-3-deoxy-6-phosphogluconate; 2-dehydro-3-deoxy-d-gluconate 6-phosphate
c04443,"3-o-methylquercetin; 3',4',5,7-tetrahydroxy-3-methoxyflavone; 3-methoxy-5,7,3',4'-tetrahydroxyflavone"
c04444,"3,7,4'-tri-o-methylquercetin; 3',5-dihydroxy-3,4',7-trimethoxyflavone"
c04445,"3,4-dehydrothiomorpholine-3-carboxylate"
c04446,"3-(3,4-dihydroxypyridin-1-yl)-l-alanine"
c04447,3-carboxy-4-methoxy-n-methyl-2-pyridone
c04448,3-hydroxymethyl ceph-3-em-4-carboxylate
c04452,4-nitrophenol-alpha-d-galactopyranoside
c04453,4alpha-methyl-5alpha-cholest-7-en-3-one
c04454,"5-amino-6-(5'-phospho-d-ribitylamino)uracil; 5-amino-2,6-dioxy-4-(5'-phospho-d-ribitylamino)pyrimidine; 5-amino-6-(5-phospho-d-ribitylamino)uracil"
c04457,d-alanyl-alanyl-poly(glycerolphosphate)
c04458,"dihydrostreptomycin 6,3''-bis-phosphate"
c04459,glucuronoxylan 4-o-methyl-d-glucuronate; 4-o-methylglucuronoxylan
c04461,"n-acetyl-d-glucosamine 1,6-bisphosphate; n-acetyl-alpha-d-glucosamine 1,6-bisphosphate"
c04462,n-succinyl-2-l-amino-6-oxoheptanedioate; n-succinyl-l-2-amino-6-oxoheptanedioate; n-succinyl-l-2-amino-6-oxopimelate; n-succinyl-2-amino-6-oxo-l-pimelic acid; n-succinyl-epsilon-keto-l-aminopimelic acid; (s)-2-(succinylamino)-6-oxoheptanedioate
c04465,"alpha,alpha'-trehalose 6,6'-bismycolate"
c04466,"alpha-2,8-linked polymer of sialic acid; poly(sialoside)"
c04468,"(+)-cis-3,4-dihydrophenanthrene-3,4-diol; cis-3,4-dihydroxy-3,4-dihydrophenanthrene"
c04469,(+/-)-2-(4'-isobutylphenyl)propionitrile
c04471,"(4s,5s)-4,5-dihydroxy-2,6-dioxohexanoate; 4-deoxy-l-erythro-hex-5-ulosuronic acid"
c04473,3-alpha-d-galactosyl-[lipopolysaccharide glucose]
c04475,1-alkyl-2-acylglycerophosphoethanolamine; 1-radyl-2-acyl-sn-glycero-3-phosphoethanolamine; 1-organyl-2-acyl-sn-glycero-3-phosphoethanolamine; o-1-alkyl-2-acyl-sn-glycero-3-phosphoethanolamine; 2-acyl-1-alkyl-sn-glycero-3-phosphoethanolamine; plasmanylethanolamine
c04476,1-alkyl-sn-glycero-3-phosphoethanolamine
c04477,"1d-myo-inositol 1,3,4,6-tetrakisphosphate; d-myo-inositol 1,3,4,6-tetrakisphosphate; inositol 1,3,4,6-tetrakisphosphate"
c04478,3-deoxy-d-manno-octulosonate 8-phosphate; 2-dehydro-3-deoxy-d-octonate 8-phosphate
c04479,"2-hydroxy-6-oxonona-2,4-diene-1,9-dioate; (2z,4e)-2-hydroxy-6-oxonona-2,4-diene-1,9-dioate"
c04480,3-carboxy-2-hydroxymuconate semialdehyde
c04482,3-o-l-lysyl-1-o-phosphatidylglycerol
c04483,"deoxycholic acid; deoxycholate; 3alpha,12alpha-dihydroxy-5beta-cholanate; 3alpha,12alpha-dihydroxy-5beta-cholanic acid"
c04484,"4-carboxy-2-hydroxymuconate semialdehyde; 4-carboxy-2-hydroxy-cis,cis-muconate 6-semialdehyde"
c04485,"5-(4-acetoxybut-1-ynyl)-2,2'-bithiophene"
c04486,"5-(4-hydroxybut-1-ynyl)-2,2'-bithiophene; 3-butyn-1-ol, 4-(5-(2-thienyl)-2-thienyl)-"
c04487,5-(d-galactosyloxy)-l-lysine-procollagen; procollagen 5-(d-galactosyl)-l-lysine; procollagen 5-(d-galactosyloxy)-l-lysine; procollagen beta-d-galactosyl-l-hydroxylysine
c04488,"5-methyl-5,6,7,8-tetrahydromethanopterin; 5-methyltetrahydromethanopterin; 5-methyl-h4mpt; 5-methyl-thmpt"
c04489,5-methyltetrahydropteroyltri-l-glutamate
c04491,cyanidin 3-rutinoside chloride; cyanidin-3-rhamnoglucoside chloride; keracyanin chloride
c04494,"guanosine 3'-diphosphate 5'-triphosphate; guanosine 5'-triphosphate,3'-diphosphate"
c04498,p-coumaroylagmatine; n-(4-guanidinobutyl)-4-hydroxycinnamide; n-(4-guanidinobutyl)-4-hydroxycinnamamide
c04500,n-acetyl-d-glucosaminyldiphosphodolichol; n-acetyl-d-glucosaminyl-diphosphodolichol
c04501,n-acetyl-alpha-d-glucosamine 1-phosphate
c04502,n-acetyl-beta-d-glucosaminyl-glycopeptide
c04503,n'-phosphoguanidinoethyl methyl phosphate
c04504,n3-acetyl-2-deoxystreptamine antibiotic; n3'-acetyl-2-deoxystreptamine antibiotic
c04505,polysialic acid acetylated at o-7
c04506,protein c-terminal s-farnesyl-l-cysteine
c04507,alpha-d-galactosyl-diphosphoundecaprenol
c04508,alpha-d-glucosylpoly(glycerol phosphate)
c04509,"di-trans,poly-cis-decaprenyl diphosphate; ditrans,heptacis-decaprenyl diphosphate"
c04510,3-[(3s)-3-amino-3-carboxypropyl]-uridine in trna; trna 3-(3-amino-3-carboxypropyl)-uridine; acp3u in trna
c04511,trna(asp)-o-5''-beta-d-mannosylqueuosine
c04512,"(2e,4e)-2,4-dienoyl-coa; trans,trans-2,3,4,5-tetradehydroacyl-coa"
c04514,"(1s,2s)-1,2-dihydronaphthalene-1,2-diol; trans-1,2-dihydronaphthalene-1,2-diol"
c04515,(3s)-3-hydroxyacyl-n-acylthioethanolamine
c04516,"1,2,3,6-tetrakis-o-galloyl-beta-d-glucose; 1,2,3,6-tetra-o-galloyl-beta-d-glucose"
c04517,1-(1-alkenyl)-sn-glycero-3-phosphocholine; 1-alkenyl-sn-glycero-3-phosphocholine; 1-alkenylglycerophosphocholine; 1-o-alk-1-enyl-glycero-3-phosphocholine
c04518,"17alpha,20alpha-dihydroxypregn-4-en-3-one"
c04520,"1d-myo-inositol 3,4,5,6-tetrakisphosphate; d-myo-inositol 3,4,5,6-tetrakisphosphate; inositol 3,4,5,6-tetrakisphosphate"
c04521,"2,7-anhydro-alpha-n-acetylneuraminic acid"
c04522,"2-chloro-2,5-dihydro-5-oxofuran-2-acetate; 5-chloro-2,5-dihydro-2-oxofuran-5-acetate; 2-chloro-5-oxo-2,5-dihydrofuran-2-acetate; (2r)-2-chloro-2,5-dihydro-5-oxofuran-2-acetate; (+)-4-chloromuconolactone"
c04524,"2-protocatechoylphloroglucinolcarboxylate; 2-(3,4-dihydroxybenzoyloxy)-4,6-dihydroxybenzoate"
c04525,fecosterol; 24-methylene-5alpha-cholest-8-en-3beta-ol
c04526,3'-deoxydihydrostreptomycin 3''-phosphate
c04527,"corniculatusin; 3,3',4',5,7-pentahydroxy-8-methoxyflavone"
c04529,"(3s,4s)-3-hydroxytetradecane-1,3,4-tricarboxylate; (3s,4s)-3-hydroxytetradecane-1,3,4-tricarboxylic acid"
c04530,"4,4-dimethyl-5alpha-cholest-7-en-3beta-ol; 4,4-dimethylcholest-7-ene-3-ol"
c04534,"6-phospho-beta-d-glucosyl-(1,4)-d-glucose; cellobiose 6'-phosphate; cellobiose 6-phosphate"
c04535,"7-methyl-2-hydroxy-6-oxoocta-2,4-dienoate"
c04536,magnesium protoporphyrin monomethyl ester; magnesium-protoporphyrin ix 13-monomethyl ester; mg-protoporphyrin ix 13-monomethyl ester; magnesium protoporphyrin ix 13-methyl ester
c04537,"n,n'-diacetylchitobiosyldiphosphodolichol; chitobiosyldiphosphodolichol"
c04539,n-acetyl-d-glucosaminyllipopolysaccharide
c04540,n4-(acetyl-beta-d-glucosaminyl)asparagine; n4-(beta-n-acetyl-d-glucosaminyl)-l-asparagine; 1-beta-aspartyl-n-acetyl-d-glucosaminylamine
c04541,n5-dinitrophenyl-l-ornithine methyl ester
c04542,protein beta-d-galactosyl-l-hydroxylysine
c04543,"buthionine sulfoximine; s-butyl-dl-homocysteine-[s,r]-sulfoximine"
c04544,gamma-l-glutamyl-l-cysteinyl-beta-alanine
c04545,trna containing 2'-o-methylguanosine
c04546,(r)-3-((r)-3-hydroxybutanoyloxy)butanoate
c04547,"1,2-bis(4-hydroxy-3-methoxyphenyl)ethylene"
c04548,synephrine; (+/-)-synephrine; 1-(4-hydroxyphenyl)-2-(methylamino)ethanol
c04549,"1-phosphatidyl-1d-myo-inositol 3-phosphate; 1,2-diacyl-sn-glycero-3-phospho-(1'-myo-inositol-3'-phosphate)"
c04552,"chrysosplenol d; 3',4',5-trihydroxy-3,6,7-trimethoxyflavone"
c04553,"3-carboxy-2,5-dihydro-5-oxofuran-2-acetate; 4-carboxy-2,5-dihydro-2-oxofuran-5-acetate"
c04554,"3alpha,7alpha-dihydroxy-5beta-cholestanate; 3alpha,7alpha-dihydroxy-5beta-cholestanoate"
c04555,dehydroepiandrosterone sulfate; 3beta-hydroxyandrost-5-en-17-one 3-sulfate; dhea sulfate
c04556,4-amino-2-methyl-5-(phosphooxymethyl)pyrimidine; (4-amino-2-methylpyrimidin-5-yl)methyl phosphate; 4-amino-5-hydroxymethyl-2-methylpyrimidine phosphate; hmp-p
c04558,"3-methylmuconolactone; 4-carboxymethyl-3-methylbut-2-en-1,4-olide"
c04559,"4-methylmuconolactone; 4-carboxymethyl-4-methylbut-2-en-1,4-olide"
c04561,"benzyl (2r,3s)-2-methyl-3-hydroxybutanoate"
c04562,"benzyl (2s,3s)-2-methyl-3-hydroxybutanoate"
c04563,"d-myo-inositol 1,2,4,5,6-pentakisphosphate; 1d-myo-inositol 1,2,4,5,6-pentakisphosphate; myo-inositol 1,2,4,5,6-pentakisphosphate; inositol 1,2,4,5,6-pentakisphosphate"
c04564,[isocitrate dehydrogenase (nadp+)] phosphate
c04565,low-density lipoprotein o-phospho-l-serine
c04566,membrane-derived-oligosaccharide d-glucose
c04570,reduced electron-transferring flavoprotein; reduced electron-transfer flavoprotein
c04572,s-(n-hydroxy-n-methylcarbamoyl)glutathione
c04573,udp-n-acetyl-2-amino-2-deoxy-d-glucuronate; udp-n-acetyl-d-glucosaminuronate; udp-n-acetyl-2-amino-2-deoxy-alpha-d-glucuronate
c04574,"di-trans,poly-cis-undecaprenyl diphosphate; undecaprenyl diphosphate; bactoprenyl diphosphate; ditrans,octacis-undecaprenyl diphosphate"
c04575,"(4r,5s)-4,5,6-trihydroxy-2,3-dioxohexanoate; 2,3-diketo-l-gulonate; 2,3-diketo-l-gulonic acid; (4r,5s)-4,5,6-trihydroxy-2,3-dioxohexanoic acid"
c04576,"pentagalloylglucose; 1,2,3,4,6-pentakis-o-galloyl-beta-d-glucose; pentagalloyl-beta-d-glucose"
c04577,"15-oxoete; (5z,8z,11z,13e)-15-oxoicosa-5,8,11,13-tetraenoic acid; 15-oxo-5,8,11-cis-13-trans-eicosatetraenoate; 15-oxo-5,8,11-cis-13-trans-icosatetraenoate"
c04578,"16-methoxy-2,3-dihydro-3-hydroxytabersonine; (3r)-3-hydroxy-16-methoxy-2,3-dihydrotabersonine"
c04579,"inositol 1,2,3,5,6-pentakisphosphate; myo-inositol 1,2,3,5,6-pentakisphosphate; 1d-myo-inositol 1,2,3,5,6-pentakisphosphate; 1l-myo-inositol 1,2,3,4,5-pentakisphosphate"
c04580,"2-deoxy-2,3-dehydro-n-acetylneuraminic acid"
c04581,"tomentin; 3',4',5,6-tetrahydroxy-3,7-dimethoxyflavone"
c04582,s-methyl-5-thio-d-ribulose 1-phosphate; 5-(methylsulfanyl)-d-ribulose 1-phosphate
c04583,"6-hydroxyl-1,6-dihydropurine ribonucleoside; (6r)-1,6-dihydroinosine"
c04584,"6-imino-5-oxocyclohexa-1,3-dienecarboxylate"
c04586,"diethyl (2r,3r)-2-methyl-3-hydroxysuccinate"
c04587,"diethyl (2s,3r)-2-methyl-3-hydroxysuccinate"
c04589,"udp-n-acetyl-d-galactosamine 4,6-bissulfate"
c04590,3-(o-geranylgeranyl)-sn-glycerol 1-phosphate
c04592,"toluene-cis-dihydrodiol; (1s,2r)-3-methylcyclohexa-3,5-diene-1,2-diol"
c04593,"(2s,3r)-3-hydroxybutane-1,2,3-tricarboxylate; methylisocitrate; methylisocitric acid"
c04594,"(9z)-(13s)-12,13-epoxyoctadeca-9,11-dienoic acid; (9z)-(13s)-12,13-epoxyoctadeca-9,11-dienoate; 13(s)-eod"
c04596,"1,1-dichloro-2,2-bis(4-chlorophenyl)ethylene; 1,1-dichloro-2,2-bis(4'-chlorophenyl)ethylene; dde"
c04597,"1,2-bis(3,4-dimethoxyphenyl)propane-1,3-diol; 1,2-bis(3,4-dimethoxyphenyl)-1,3-propanediol"
c04598,2-acetyl-1-alkyl-sn-glycero-3-phosphocholine; platelet-activating factor; paf
c04599,"1-methyl-4-phenyl-1,2,3,6-tetrahydropyridine; mptp"
c04604,"3-hydroxy-2-methylpyridine-4,5-dicarboxylate"
c04606,"5-(3,4-diacetoxybut-1-ynyl)-2,2'-bithiophene"
c04608,"apigenin 7-o-beta-d-glucoside; 7-o-beta-d-glucosyl-5,7,4'-trihydroxyflavone; apigenin 7-o-glucoside; apigetrin; 7-(beta-d-glucopyranosyloxy)-5-hydroxy-2-(4-hydroxyphenyl)-4h-1-benzopyran-4-one; cosmetin; cosmosiin"
c04611,indol-3-ylacetyl-myo-inositol l-arabinoside
c04613,"udp-2-acetamido-4-dehydro-2,6-dideoxyglucose; udp-2-acetamido-2,6-dideoxy-alpha-d-xylo-hexos-4-ulose; udp-2-acetamido-2,6-dideoxy-alpha-d-xylo-hex-4-ulose; udp-2-acetamido-2,6-dideoxy-alpha-d-xylohex-4-ulose; udp-4-keto-6-deoxy-glcnac"
c04614,"alpha-d-mannosyl-1,3-(r1)-beta-d-mannosyl-r2; 3-(alpha-d-mannosyl)-beta-d-mannosyl-r"
c04615,alpha-d-mannosylchitobiosyldiphosphodolichol
c04617,"(1s,2s)-1-hydroxypropane-1,2,3-tricarboxylate; d-erythro-isocitric acid"
c04618,(3r)-3-hydroxybutanoyl-[acyl-carrier protein]; (r)-3-hydroxybutanoyl-[acyl-carrier protein]
c04619,(3r)-3-hydroxydecanoyl-[acyl-carrier protein]; (r)-3-hydroxydecanoyl-[acyl-carrier protein]
c04620,(3r)-3-hydroxyoctanoyl-[acyl-carrier protein]; (r)-3-hydroxyoctanoyl-[acyl-carrier protein]
c04621,(e)-2-(2-furyl)-3-(5-nitro-2-furyl)acrylamide
c04622,(z)-2-(2-furyl)-3-(5-nitro-2-furyl)acrylamide
c04623,"ddt; 1,1,1-trichloro-2,2-bis(4-chlorophenyl)ethane; 1,1,1-trichloro-2,2-bis-(4'-chlorophenyl)ethane; clofenotane; dichlorodiphenyltrichloroethane"
c04625,"2,4-dichloro-2,5-dihydro-5-oxofuran-2-acetate; 3,5-dichloro-2,5-dihydro-2-oxofuran-5-acetate"
c04627,d-galactosyl-n-acetyl-alpha-d-galactosaminide
c04628,coenzyme b; n-(7-mercaptoheptanoyl)threonine 3-o-phosphate; n-(7-mercaptoheptanoyl)threonine o3-phosphate; htp; cob
c04630,"udp-2-acetamido-4-amino-2,4,6-trideoxy-alpha-d-glucose; udp-4-amino-4,6-dideoxy-n-acetyl-alpha-d-glucosamine; udp-n-acetylbacillosamine"
c04631,udp-n-acetyl-3-(1-carboxyvinyl)-d-glucosamine; udp-n-acetyl-3-o-(1-carboxyvinyl)-d-glucosamine; udp-n-acetylglucosamine-3-o-pyruvateether; udp-n-acetylglucosamine enolpyruvate; udp-n-acetyl-3-o-(1-carboxyvinyl)-alpha-d-glucosamine
c04632,[hydroxymethylglutaryl-coa reductase (nadph)]
c04633,(3r)-3-hydroxypalmitoyl-[acyl-carrier protein]; (r)-3-hydroxypalmitoyl-[acyl-carrier protein]; (3r)-3-hydroxyhexadecanoyl-[acyl-carrier protein]; (r)-3-hydroxyhexadecanoyl-[acyl-carrier protein]
c04634,"1,6-dihydroxycyclohexa-2,4-diene-1-carboxylate; 1,2-dihydroxycyclohexa-3,5-diene-1-carboxylate"
c04635,1-(1-alkenyl)-sn-glycero-3-phosphoethanolamine; 1-alkenylglycerophosphoethanolamine
c04636,1-acyl-2-linoleoyl-sn-glycero-3-phosphocholine
c04637,"1-phosphatidyl-d-myo-inositol 4,5-bisphosphate; 1-phosphatidyl-1d-myo-inositol 4,5-bisphosphate; phosphatidyl-myo-inositol 4,5-bisphosphate; phosphatidylinositol-4,5-bisphosphate; 1,2-diacyl-sn-glycero-3-phospho-(1'-myo-inositol-4',5'-bisphosphate)"
c04638,"2,3-bis-(o-geranylgeranyl)-sn-glycerol 1-phosphate; 2,3-bis-o-(geranylgeranyl)glycerol 1-phosphate; 2,3-digeranylgeranyl sn-glycerol 1-phosphate"
c04639,"2,4-dioxotetrahydropyrimidine d-ribonucleotide"
c04640,2-(formamido)-n1-(5'-phosphoribosyl)acetamidine; 1-(5'-phosphoribosyl)-n-formylglycinamidine; 5'-phosphoribosyl-n-formylglycinamidine; 5'-phosphoribosylformylglycinamidine; 2-(formamido)-n1-(5-phospho-d-ribosyl)acetamidine
c04641,2-(alpha-d-galactosyl)-sn-glycerol 3-phosphate
c04642,2-hydroxy-5-carboxymethylmuconate semialdehyde; 5-carboxymethyl-2-hydroxymuconate semialdehyde; 5-carboxymethyl-2-hydroxymuconic semialdehyde
c04643,"7-oxodeoxycholate; 7-ketocholate; 3alpha,12alpha-dihydroxy-7-oxo-5beta-cholanoate; 3alpha,12alpha-dihydroxy-7-oxo-5beta-cholan-24-oate"
c04644,"3alpha,7alpha-dihydroxy-5beta-cholestanoyl-coa"
c04645,6-(d-glucose-1-phospho)-d-mannosylglycoprotein; glycoprotein 6-(d-glucose-1-phospho)-d-mannose
c04646,6-thioinosine-5'-monophosphate; 9-(5-phospho-1-ribofuranosyl)-6-mercaptopurine
c04648,"alpha-l-fucosyl-1,2-beta-d-galactoside; glycoprotein alpha-l-fucosyl-(1,2)-d-galactose; glycolipid alpha-l-fucosyl-1,2-beta-d-galactose; alpha-l-fucosyl-(1->2)-d-galactosyl-r"
c04649,heparan sulfate n-acetyl-alpha-d-glucosaminide
c04650,l-phosphinothricin; phosphinothricin; l-glufosinate; l-2-amino-4-(hydroxymethylphosphinyl)butanoate
c04652,"udp-2,3-bis(3-hydroxytetradecanoyl)glucosamine; udp-2,3-bis(beta-hydroxymyristoyl)-d-glucosamine; udp-2,3-bis(3-hydroxytetradecanoyl)-d-glucosamine; udp-2,3-bis[o-(3r)-3-hydroxymyristoyl]-alpha-d-glucosamine"
c04654,"(13e)-11alpha-hydroxy-9,15-dioxoprost-13-enoate; 15-keto-prostaglandin e1"
c04655,"(2s,3s)-2-hydroxytridecane-1,2,3-tricarboxylate; (2s,3s)-2-hydroxytridecane-1,2,3-tricarboxylic acid"
c04656,"1,3-beta-d-galactosyl-n-acetyl-d-glucosaminyl-r; beta-d-galactosyl-(1->3)-n-acetyl-d-glucosaminyl-r; beta-d-galactosyl-(1->3)-n-acetyl-beta-d-glucosaminyl-r"
c04660,"3'-deoxydihydrostreptomycin 6,3''-bis-phosphate"
c04661,"3alpha,7alpha,12beta-trihydroxy-5beta-cholanate; 3alpha,7alpha,12beta-trihydroxy-5beta-cholanic acid"
c04662,4-deoxy-alpha-l-erythro-hex-4-enopyranuronoside
c04663,acadesine; aica riboside; 5-amino-1-beta-d-ribofuranosylimidazole-4-carboxamide; 5-aminoimidazole-4-carboxamide-1-beta-d-ribofuranoside
c04665,co-methyl-5-hydroxybenzimidazolylcobamide
c04666,d-erythro-1-(imidazol-4-yl)glycerol 3-phosphate; d-erythro-imidazole-glycerol 3-phosphate; d-erythro-imidazole-glycerol phosphate
c04667,n-acetyl-d-glucosaminyl-poly(ribitol phosphate)
c04670,"(1s,4s)-4-hydroxy-3-oxocyclohexane-1-carboxylate"
c04671,"(5z)-11alpha-hydroxy-9,15-dioxoprostanoate; 15-keto-13,14-dihydroprostaglandin e2"
c04672,"(9z,15z)-(13s)-12,13-epoxyoctadeca-9,11,15-trienoic acid; (9z,15z)-(13s)-12,13-epoxyoctadeca-9,11,15-trienoate; (9z)-(13s)-12,13-epoxyoctadeca-9,11,15-trienoate; 12,13(s)-eot; 12,13(s)-eotre"
c04673,1d-1-guanidino-1-deoxy-3-dehydro-scyllo-inositol; amidino-3-keto-scyllo-inosamine
c04674,"3-d-glucuronosyl-n2,6-disulfo-beta-d-glucosamine"
c04675,3-hydroxy-3-(4-methylpent-3-en-1-yl)glutaryl-coa; 3-hydroxy-3-isohexeneylglutaryl-coa
c04676,"testololactone; 3-oxo-13,17-secoandrost-4-ene-17,13alpha-lactone"
c04677,1-(5'-phosphoribosyl)-5-amino-4-imidazolecarboxamide; 5'-phosphoribosyl-5-amino-4-imidazolecarboxamide; 5'-phospho-ribosyl-5-amino-4-imidazole carboxamide; aicar; 5-aminoimidazole-4-carboxamide ribotide; 5-phosphoribosyl-4-carbamoyl-5-aminoimidazole; 5-amino-1-(5-phospho-d-ribosyl)imidazole-4-carboxamide; 5-amino-1-(5-phospho-beta-d-ribosyl)imidazole-4-carboxamide
c04678,archaeal dolichyl n-acetyl-alpha-d-glucosaminyl phosphate; dolichyl n-acetyl-alpha-d-glucosaminyl phosphate
c04679,protein n6-[(r)-4-amino-2-hydroxybutyl]-l-lysine; [eif5a-precursor]-hypusine
c04680,retinyl-ester-(cellular-retinol-binding-protein)
c04681,[acetyl-coa:carbon-dioxide ligase (adp-forming)]; holo-[acetyl-coa:carbon-dioxide ligase (adp-forming)]; biotin-[acetyl-coa:carbon-dioxide ligase (adp-forming)]; holo-[acetyl-coa carboxylase]; biotin-[acetyl-coa carboxylase]
c04682,[methylmalonyl-coa:pyruvate carboxytransferase]; holo-[methylmalonyl-coa:pyruvate carboxytransferase]; biotin-[methylmalonyl-coa:pyruvate carboxytransferase]; holo-[methylmalonyl-coa-carboxyltransferase]; biotin-[methylmalonyl-coa-carboxyltransferase]
c04683,"alpha-n-acetylneuraminyl-2,3-beta-d-galactosyl-r"
c04684,m-carboxyphenyl phenylacetamidomethylphosphonate
c04685,"(13e)-(15s)-15-hydroxy-9-oxoprosta-10,13-dienoate; prostaglandin a1; pga1"
c04686,"(13e)-(15s)-15-hydroxy-9-oxoprosta-11,13-dienoate; prostaglandin c1"
c04687,"(1s,3r,4s)-3,4-dihydroxycyclohexane-1-carboxylate"
c04688,(3r)-3-hydroxytetradecanoyl-[acyl-carrier protein]; (r)-3-hydroxytetradecanoyl-[acyl-carrier protein]; beta-hydroxymyristyl-[acyl-carrier protein]; hma
c04690,2-(hydroxymethyl)-3-(acetamidomethylene)succinate; 2-(acetamidomethylene)-3-(hydroxymethyl)succinate
c04691,2-dehydro-3-deoxy-d-arabino-heptonate 7-phosphate; 3-deoxy-d-arabino-hept-2-ulosonate 7-phosphate; 3-deoxy-arabino-heptulonate 7-phosphate; 3-deoxy-d-arabino-heptulosonic acid 7-phosphate; dahp; 2-dahp
c04692,peptide 2-[3-carboxy-3-(methylammonio)propyl]-l-histidine; 2-[3-carboxy-3-(methylammonio)propyl]-l-histidine; ef-2 2-[3-carboxy-3-(methylammonio)propyl]-l-histidine; elongation factor 2 2-[3-carboxy-3-(methylammonio)propyl]-l-histidine; 2-[(3s)-3-carboxy-3-(methylamino)propyl]-l-histidine-[translation elongation factor 2]
c04695,5-o-(indol-3-ylacetyl-myo-inositol) d-galactoside
c04696,7-methylguanosine 5'-triphospho-5'-oligonucleotide; m7gpppx
c04698,methyl-2-alpha-l-fucopyranosyl-beta-d-galactoside
c04700,udp-n-acetylmuramoyl-l-alanyl-alpha-d-glutamyl-l-lysine
c04702,udpmurnac(oyl-l-ala-d-gamma-glu-l-lys-d-ala-d-ala); udp-n-acetylmuramoyl-l-alanyl-gamma-d-glutamyl-l-lysyl-d-alanyl-d-alanine; udp-n-acetylmuramoyl-l-alanyl-d-glutamyl-l-lysyl-d-alanyl-d-alanine
c04703,"alpha-d-galactosyl-(1,1')-sn-glycerol 3-phosphate; 1-o-alpha-d-galactosyl-sn-glycerol 3-phosphate"
c04706,"cis-2-chloro-4-carboxymethylenebut-2-en-1,4-olide; cis-2-chlorodienelactone; cis-4-carboxymethylene-2-chlorobut-2-en-4-olide"
c04707,"(5z,13e)-11alpha-hydroxy-9,15-dioxoprost-5,13-dienoate; 15-keto-prostaglandin e2"
c04708,1-(beta-d-galactosyl)-2-(2-hydroxyacyl)sphingosine
c04709,"3'-deoxydihydrostreptomycin 3'alpha,6-bisphosphate"
c04711,"5-(3-hydroxy-4-acetoxybut-1-ynyl)-2,2'-bithiophene"
c04712,(7r)-7-(5-carboxy-5-oxopentanoyl)aminocephalosporinate
c04713,n6-(delta2-isopentenyl)-adenosine 5'-monophosphate; n6-(dimethylallyl)adenosine 5'-phosphate; isopentenyl-amp; n6-prenyladenosine 5'-phosphate
c04714,"alpha-d-galactosyl-beta-d-galactosyldiacylglycerol; 1,3-diacyl-2-o-(alpha-d-galactosyl(1->4)-o-beta-d-galactosyl)-sn-glycerol"
c04715,"nuatigenin; (20s,22s,25s)-22,25-epoxyfurost-5-ene-3beta,26-diol"
c04717,"(9z,11e)-(13s)-13-hydroperoxyoctadeca-9,11-dienoic acid; (9z,11e)-(13s)-13-hydroperoxyoctadeca-9,11-dienoate; 13(s)-hpode; 13s-hydroperoxy-9z,11e-octadecadienoic acid"
c04718,"1,6,6-trimethyl-2,7-dioxabicyclo[3.2.2]nonan-3-one"
c04719,"1-hydroxy-2-(beta-d-glucosyloxy)-9,10-anthraquinone"
c04720,"dimboa; 2,4-dihydroxy-7-methoxy-2h-1,4-benzoxazin-3(4h)-one; 2,4-dihydroxy-7-methoxy-1,4-benzoxazin-3-one"
c04722,"3alpha,7alpha,12alpha-trihydroxy-5beta-cholestanoate; 3alpha,7alpha,12alpha-trihydroxy-5beta-cholestan-26-oate; 3alpha,7alpha,12alpha-trihydroxy-5beta-cholestanate"
c04724,alpha-d-mannosyl-(1->4)-alpha-l-rhamnosyl-(1->3)-alpha-d-galactosyl-diphosphoundecaprenol; alpha-d-man-(1->4)-alpha-l-rha-(1->3)-alpha-d-gal-pp-und; d-mannosyl-l-rhamnosyl-d-galactose-1-diphospholipid
c04725,"oligosaccharide containing 6-methyl-d-glucose units; 1,4-alpha-d-glucooligosaccharide containing 6-o-methyl-d-glucose units"
c04726,[3-methyl-2-oxobutanoate dehydrogenase (2-methylpropanoyl-transferring)]; [3-methyl-2-oxobutanoate dehydrogenase (lipoamide)]
c04727,[propionyl-coa:carbon-dioxide ligase (adp-forming)]; [propanoyl-coa:carbon-dioxide ligase (adp-forming)]; holo-[propionyl-coa:carbon-dioxide ligase (adp-forming)]; biotin-[propionyl-coa:carbon-dioxide ligase (adp-forming)]; holo-[propionyl-coa-carboxylase (atp-hydrolysing)]; biotin-[propionyl-coa-carboxylase (atp-hydrolysing)]
c04728,trna containing 5-[(methylamino)methyl]-2-thiouridylate; trna containing mnm5s2u
c04729,"trans-2-chloro-4-carboxymethylenebut-2-en-1,4-olide; trans-2-chlorodienelactone"
c04730,"gm3; (n-acetylneuraminyl)-d-galactosyl-d-glucosylceramide; alpha-n-acetylneuraminyl-2,3-beta-d-galactosyl-1,4-beta-d-glucosylceramide; n-acetylneuraminyl-2,3-alpha-d-galactosyl-1,4-beta-d-glucosylceramide; neu5ac-alpha2->3gal-beta1->4glc-beta1->1'cer"
c04731,"1-methyl-4-phenyl-1,2,3,6-tetrahydropyridine n-oxide"
c04732,"5-amino-6-(1-d-ribitylamino)uracil; 5-amino-6-(d-ribitylamino)uracil; 6-(1-d-ribitylamino)-5-amino-2,4-dihydroxypyrimidine; 6-(1-d-ribitylamino)-5-aminouracil; 4-(1-d-ribitylamino)-5-amino-2,6-dihydroxypyrimidine"
c04733,4-(4-deoxy-beta-d-gluc-4-enuronosyl)-d-galacturonate
c04734,1-(5'-phosphoribosyl)-5-formamido-4-imidazolecarboxamide; 5'-phosphoribosyl-5-formamido-4-imidazolecarboxamide; 5-formamido-1-(5-phosphoribosyl)imidazole-4-carboxamide; 5-formamido-1-(5-phospho-d-ribosyl)imidazole-4-carboxamide; faicar
c04735,apo-[acetyl-coa:carbon-dioxide ligase (adp-forming)]; apo-[acetyl-coa carboxylase]
c04736,apo-[methylmalonyl-coa:pyruvate carboxytransferase]; apo-[methylmalonyl-coa-carboxyltransferase]
c04737,"alpha-d-galactosyl-(1->4)-beta-d-galactosyl-(1->4)-beta-d-glucosyl-(1<->1)-ceramide; globotriosylceramide; trihexosylceramide; gal-alpha1->4gal-beta1->4glc-beta1->1'cer; gal-alpha1->4laccer; d-galactosyl-1,4-d-galactosyl-1,4-d-glucosylceramide"
c04738,udp-3-o-(3-hydroxytetradecanoyl)-n-acetylglucosamine; udp-3-o-(beta-hydroxymyristoyl)-n-acetylglucosamine; udp-3-o-[(3r)-3-hydroxymyristoyl]-n-acetylglucosamine
c04739,udp-n-acetyl-6-(alpha-d-galactose-1-phospho)-alpha-d-glucosamine; udp-n-acetyl-6-(d-galactose-1-phospho)-d-glucosamine
c04740,"alpha-n-acetylneuraminyl-2,6-beta-galactosyl-1,4-beta-d-glucosylceramide; neu5ac-alpha2->6gal-beta1->4glc-beta1->1'cer"
c04741,"alprostadil; prostaglandin e1; (13e)-(15s)-11alpha,15-dihydroxy-9-oxoprost-13-enoate; pge1"
c04742,"(15s)-15-hydroxy-5,8,11-cis-13-trans-eicosatetraenoate; (15s)-15-hydroxy-5,8,11-cis-13-trans-icosatetraenoate; (5z,8z,11z,13e)-(15s)-15-hydroxyicosa-5,8,11,13-tetraenoic acid; 15(s)-hete"
c04744,"2,6-diamino-4-hydroxy-5-(n-methyl)formamidopyrimidine"
c04746,3beta-hydroxy-5alpha-cholest-7-ene-4alpha-carboxylate
c04748,protein c-terminal s-farnesyl-l-cysteine methyl ester
c04749,[[hydroxymethylglutaryl-coa reductase (nadph)]kinase]
c04750,"beta-d-galactosyl-1,3-n-acetyl-alpha-d-galactosaminyl-r; beta-d-galactosyl-1,3-n-acetyl-d-galactosaminyl-r; glycoprotein d-galactosyl-1,3-n-acetyl-d-galactosamine; beta-d-galactosyl-(1->3)-n-acetyl-alpha-d-galactosaminyl-r"
c04751,1-(5-phospho-d-ribosyl)-5-amino-4-imidazolecarboxylate; 1-(5'-phosphoribosyl)-5-amino-4-imidazolecarboxylate; 1-(5'-phosphoribosyl)-5-amino-4-carboxyimidazole; 5'-phosphoribosyl-5-amino-4-imidazolecarboxylate; 1-(5'-phosphoribosyl)-4-carboxy-5-aminoimidazole; 5'-phosphoribosyl-4-carboxy-5-aminoimidazole; 5-amino-1-(5-phospho-d-ribosyl)imidazole-4-carboxylate
c04752,4-amino-5-hydroxymethyl-2-methylpyrimidine diphosphate; 4-amino-2-methyl-5-(diphosphooxymethyl)pyrimidine; hmp-pp
c04755,glycoprotein n-acetyl-d-glucosaminyl-phospho-d-mannose
c04756,o-1-alk-1-enyl-2-acyl-sn-glycero-3-phosphoethanolamine; phosphatidalethanolamine; plasmenylethanolamine; ethanolamineplasmalogen; 2-acyl-1-(1-alkenyl)-sn-glycero-3-phosphoethanolamine; 1-alkenyl-2-acylglycerophosphoethanolamine
c04758,"(5z,13e)-9alpha-hydroxy-11,15-dioxoprosta-5,13-dienoate; 15-dehydro-prostaglandin d2; 15-keto-prostaglandin d2"
c04759,"1,2-d-glucosyl-5-d-(galactosyloxy)-l-lysine-procollagen; procollagen alpha-d-glucosyl-1,2-beta-d-galactosyl-l-hydroxylysine"
c04760,"3alpha,7alpha,12alpha-trihydroxy-5beta-cholestanoyl-coa"
c04763,apo-[propionyl-coa:carbon-dioxide ligase (adp-forming)]; apo-[propionyl-coa-carboxylase (atp-hydrolysing)]
c04767,o-(1->4)-alpha-l-dihydrostreptosyl-streptidine 6-phosphate; alpha-l-dihydrostreptosyl-(1->4)-streptidine 6-phosphate
c04768,[hydroxymethylglutaryl-coa reductase (nadph)] phosphate
c04771,l-mimosine; leucenol; (s)-2-amino-3-(3-hydroxy-4-oxo-4h-pyridin-1-yl)propanoate
c04772,"1,6-alpha-d-mannosyl-1,6-alpha-d-mannosyloligosaccharide"
c04773,3-hydroxy-4-hydroxymethyl-2-methylpyridine-5-carboxylate; 5-pyridoxate; 5-pyridoxic acid
c04775,"d-galactosyl-(1->3)-beta-d-galactosyl-(1->4)-beta-d-glucosyl-r; d-galactosyl-1,3-beta-d-galactosyl-1,4-beta-d-glucosyl-r; beta-d-galactosyl-(1->3)-beta-d-galactosyl-(1->4)-beta-d-glucosyl-r"
c04776,peptide beta-d-galactosyl-(1->3)-n-acetyl-alpha-d-galactosaminyl-l-serine; t antigen
c04778,"n1-(5-phospho-alpha-d-ribosyl)-5,6-dimethylbenzimidazole; alpha-ribazole 5'-phosphate"
c04779,rrna containing a single residue of 2'-o-methyladenosine
c04780,"8-[(1s,2s)-3-oxo-2-{(z)-pent-2-enyl}cyclopentyl]octanoate; opc-8:0; 8-[(1s,2s)-3-oxo-2-[(z)-pent-2-enyl]cyclopentyl]octanoic acid; (9s,13s)-10,11-dihydro-12-oxo-15-phytoenoate"
c04783,"cis-4,5-dihydroxycyclohexa-1(6),2-diene-1,2-dicarboxylate; phthalate-4,5-cis-dihydrodiol"
c04785,"13(s)-hpot; (9z,11e,15z)-(13s)-hydroperoxyoctadeca-9,11,15-trienoate; (9z,11e,15z)-(13s)-13-hydroperoxyoctadeca-9,11,15-trienoic acid; 13(s)-hpotre; 13-hpot"
c04787,cyanidin 3-rutinoside 5-glucoside chloride
c04789,lysosomal-enzyme n-acetyl-d-glucosaminyl-phospho-d-mannose
c04790,"n-acetyl-beta-d-mannosaminouronosyl-1,4-lipopolysaccharide"
c04791,"beta-d-galactosyl-1,4-n-acetyl-d-glucosaminyl-glycoprotein"
c04792,1-acyl-2-[(s)-12-hydroxyoleoyl]-sn-glycero-3-phosphocholine
c04793,"3,4-dihydroxy-9,10-secoandrosta-1,3,5(10)-triene-9,17-dione"
c04794,3-(4-deoxy-beta-d-gluc-4-enuronosyl)-n-acetyl-d-glucosamine; 3-(4-deoxy-alpha-l-threo-hex-4-enopyranosyluronic acid)-2-acetamido-2-deoxy-d-glucose
c04796,"4-(l-alanin-3-yl)-2-hydroxy-cis,cis-muconate 6-semialdehyde"
c04797,"5-(l-alanin-3-yl)-2-hydroxy-cis,cis-muconate 6-semialdehyde; (2e,4z,7s)-7-amino-5-formyl-2-hydroxyocta-2,4-dienedioic acid"
c04798,"5-amino-4-chloro-2-(2,3-dihydroxyphenyl)-3(2h)-pyridazinone; chloridazon catechol; 5-amino-4-chloro-2-(2',3'-dihydroxyphenyl)-3(2h)-pyridazinone"
c04799,colominic acid(non-reducing n- or o-acylneuraminyl residue); colominate
c04800,"d-glucuronyl-n-acetyl-1,3-beta-d-galactosaminylproteoglycan; [protein]-3-o-(beta-d-glca-(1->3)-beta-d-galnac-(1->4)-beta-d-glca-(1->3)-beta-d-gal-(1->3)-beta-d-gal-(1->4)-beta-d-xyl)-l-serine"
c04801,[3-methylcrotonoyl-coa:carbon-dioxide ligase (adp-forming)]; holo-[3-methylcrotonoyl-coa:carbon-dioxide ligase (adp-forming)]; biotin-[3-methylcrotonoyl-coa:carbon-dioxide ligase (adp-forming)]; holo-[methylcrotonoyl-coa-carboxylase]; biotin-[methylcrotonoyl-coa-carboxylase]
c04802,m7g(5')ppprm-mrna; 5'-(n7-methyl 5'-triphosphoguanosine)-(2'-o-methyl-purine-ribonucleotide)-[mrna]; 5'-(n7-methyl 5'-triphosphoguanosine)-(2'-o-methyl-purine-ribonucleotide)-(ribonucleotide)-[mrna]
c04804,"udp-n-acetylmuramoyl-l-alanyl-d-gamma-glutamyl-meso-2,6-diaminopimeloyl-d-alanine; udp-n-acetylmuramoyl-l-ala-d-gamma-glu-6-carboxy-l-lys-d-ala; udp-n-acetylmuramoyl-l-alanyl-d-gamma-glutamyl-6-carboxy-l-lysyl-d-alanine"
c04805,"5(s)-hete; 5-hydroxyeicosatetraenoate; 5-hete; (6e,8z,11z,14z)-(5s)-5-hydroxyicosa-6,8,11,14-tetraenoic acid"
c04806,17alpha-(n-acetyl-d-glucosaminyl)-estradiol 3-d-glucuronoside
c04807,"6-hydroxymethyl-7,8-dihydropterin diphosphate; (7,8-dihydropterin-6-yl)methyl diphosphate; 2-amino-7,8-dihydro-4-hydroxy-6-(diphosphooxymethyl)pteridine; 2-amino-4-hydroxy-6-hydroxymethyl-7,8-dihydropteridine diphosphate; 7,8-dihydropterin pyrophosphate"
c04808,alpha-d-abequosyl-(1->3)-alpha-d-mannosyl-(1->4)-alpha-l-rhamnosyl-(1->3)-alpha-d-galactosyl-diphosphoundecaprenol; alpha-d-abe-(1->3)-alpha-d-man-(1->4)-alpha-l-rha-(1->3)-alpha-d-gal-pp-und; d-abequosyl-d-mannosyl-rhamnosyl-d-galactose-1-diphospholipid
c04809,membrane-derived-oligosaccharide 6-(glycerophospho)-d-glucose
c04810,oligosaccharide with 4-deoxy-alpha-d-gluc-4-enuronosyl group; oligosaccharide with 4-deoxy-alpha-d-galact-4-enuronosyl group
c04811,1-(5-phosphoribosyl)-4-(n-succinocarboxamide)-5-aminoimidazole
c04812,"1d-1-guanidino-3-amino-1,3-dideoxy-scyllo-inositol 4-phosphate"
c04814,4alpha-hydroxymethyl-4beta-methyl-5alpha-cholest-7-en-3beta-ol
c04815,"5-d-(5/6)-5-c-(hydroxymethyl)-2,6-dihydroxycyclohex-2-en-1-one; 5d-(5/6)-5-c-(hydroxymethyl)-2,6-dihydroxy-2-cyclohexen-1-one"
c04816,dephospho-[[hydroxymethylglutaryl-coa reductase (nadph)]kinase]
c04817,"protein alpha-d-glucosyl-1,2-beta-d-galactosyl-l-hydroxylysine"
c04818,"beta-d-galactosyl-1,4-n-acetyl-beta-d-glucosaminylglycopeptide"
c04819,"beta-d-galactosyl-beta-1,4-n-acetyl-d-glucosaminylglycopeptide"
c04822,"8(r)-hpete; (5z,9e,11z,14z)-(8r)-8-hydroperoxyeicosa-5,9,11,14-tetraenoate; (5z,9e,11z,14z)-(8r)-8-hydroperoxyicosa-5,9,11,14-tetraenoate"
c04823,1-(5'-phosphoribosyl)-5-amino-4-(n-succinocarboxamide)-imidazole; 1-(5'-phosphoribosyl)-4-(n-succinocarboxamide)-5-aminoimidazole; 5'-phosphoribosyl-4-(n-succinocarboxamide)-5-aminoimidazole; (s)-2-[5-amino-1-(5-phospho-d-ribosyl)imidazole-4-carboxamido]succinate; saicar
c04824,"lipid x; 2,3-diacylglucosamine 1-phosphate; 2,3-bis[(3r)-3-hydroxymyristoyl]-alpha-d-glucosaminyl 1-phosphate; 2,3-bis(3-hydroxytetradecanoyl)-alpha-d-glucosaminyl 1-phosphate"
c04825,3-beta-d-galactosyl-4-beta-d-galactosyl-o-beta-d-xylosylprotein; [protein]-3-o-(beta-d-galactosyl-(1->3)-beta-d-galactosyl-(1->4)-beta-d-xylosyl)-l-serine
c04827,apo-[3-methylcrotonoyl-coa:carbon-dioxide ligase (adp-forming)]; apo-[methylcrotonoyl-coa-carboxylase]
c04830,"beta-d-glucosyl-1,4-n-acetyl-d-glucosaminyldiphosphoundecaprenol"
c04831,"dimboa-glucoside; 2,4-dihydroxy-7-methoxy-2h-1,4-benzoxazin-3(4h)-one 2-d-glucoside; 2,4-dihydroxy-7-methoxy-1,4-benzoxazin-3-one glucoside; (2r)-4-hydroxy-7-methoxy-3-oxo-3,4-dihydro-2h-1,4-benzoxazin-2-yl beta-d-glucopyranoside"
c04832,coenzyme m 7-mercaptoheptanoylthreonine-phosphate heterodisulfide; coenzyme m-htp heterodisulfide; com-s-s-cob; n-{7-[(2-sulfoethyl)dithio]heptanoyl}-3-o-phospho-l-threonine
c04833,"m7g(5')pppm6am-mrna; mrna containing an n6,2'-o-dimethyladenosine cap; 5-(n7-methyl 5-triphosphoguanosine)-n6,2'-o-dimethyladenosine-[mrna]"
c04834,"juvenile hormone ii acid; (2e,6e)-(10r,11s)-10,11-epoxy-3,7,11-trimethyltrideca-2,6-dienoic acid; (2e,6e)-(10r,11s)-10,11-epoxy-3,7,11-trimethyltrideca-2,6-dienoate; (2e,6e)-10,11-epoxy-3,7,11-trimethyltridecadienoic acid"
c04835,"(5z,13e)-6,9alpha-epoxy-11alpha-hydroxy-15-oxoprosta-5,13-dienoate; 15-keto-prostaglandin i2"
c04839,"3-o-(3,6-anhydro-alpha-d-galactopyranosyl)-d-galactose 4-o-sulfate"
c04840,3beta-hydroxy-4beta-methyl-5alpha-cholest-7-ene-4alpha-carboxylate
c04843,"(5z,9e,14z)-(8xi,11xi,12s)-8,11,12-trihydroxyicosa-5,9,14-trienoate; (5z,9e,14z)-(8xi,11xi,12s)-8,11,12-trihydroxyicosa-5,9,14-trienoic acid; trioxilin a3"
c04844,"3-hydroxy-5,9,17-trioxo-4,5:9,10-disecoandrosta-1(10),2-dien-4-oate; (1e,2z)-3-hydroxy-5,9,17-trioxo-4,5:9,10-disecoandrosta-1(10),2-dien-4-oate; dsha"
c04845,"n-acetyl-beta-d-glucosaminyl-(1->3)-beta-d-galactosyl-(1->4)-beta-d-glucosyl-(1<->1)-ceramide; lactotriaosylceramide; lactotriosylceramide; n-acetyl-d-glucosaminyl-1,3-beta-d-galactosyl-1,4-d-glucosylceramide; ceramidetrisaccharide; ceramidetrihexoside; n-acetyl-d-glucosaminyl-1,3-beta-d-galactocyl-1,4-beta-glucosyl-1,1'-beta-ceramide; glcnac-beta1->3gal-beta1->4glc-beta1->1'cer; glcnac-beta1->3laccer; n-acetyl-d-glucosaminyl-1,3-beta-d-galactosyl-1,4-beta-d-glucosylceramide"
c04847,"alpha-d-galactosyl-1,3-beta-d-galactosyl-1,4-n-acetyl-d-glucosamine"
c04848,"variant-surface-glycoprotein 1,2-dimyristyl-sn-phosphatidylinositol; variant-surface-glycoprotein 1,2-ditetradecanoyl-sn-phosphatidylinositol"
c04849,"(5z,9e,14z)-(8xi,11r,12s)-11,12-epoxy-8-hydroxyicosa-5,9,14-trienoic acid; (5z,9e,14z)-(8xi,11r,12s)-11,12-epoxy-8-hydroxyicosa-5,9,14-trienoate; hepoxilin a3"
c04850,"1,3-beta-d-galactosyl-(alpha-1,4-l-fucosyl)-n-acetyl-d-glucosaminyl-r; beta-d-galactosyl-(1->3)-[alpha-l-fucosyl-(1->4)]-n-acetyl-beta-d-glucosaminyl-r"
c04851,murac(oyl-l-ala-d-gamma-glu-l-lys-d-ala-d-ala)-diphospho-undecaprenol; undecaprenyl-diphospho-n-acetylmuramoyl-l-alanyl-gamma-d-glutamyl-l-lysyl-d-alanyl-d-alanine
c04853,"20-oh-leukotriene b4; 20-oh-ltb4; 20-hydroxy-leukotriene b4; (6z,8e,10e,14z)-(5s,12r)-5,12,20-trihydroxyeicosa-6,8,10,14-tetraenoate; (6z,8e,10e,14z)-(5s,12r)-5,12,20-trihydroxyicosa-6,8,10,14-tetraenoate"
c04855,"alpha-d-galactosyl-1,3-beta-d-galactosyl-1,4-n-acetyl-d-glucosaminyl-r; alpha-d-galactosyl-(1->3)-beta-d-galactosyl-(1->4)-beta-n-acetylglucosaminyl-r"
c04856,"(6s)-6beta-hydroxy-1,4,5,6-tetrahydronicotinamide-adenine dinucleotide; (s)-nadh-hydrate; (s)-nadhx; (6s)-6-hydroxy-1,4,5,6-tetrahydronicotinamide-adenine dinucleotide; 6beta-hydroxy-1,4,5,6-tetrahydronicotinamide-adenine dinucleotide"
c04858,"apigenin 7-o-[beta-d-apiosyl-(1->2)-beta-d-glucoside]; 7-o-(beta-d-apiofuranosyl-1,2-beta-d-glucosyl)-5,7,4'-trihydroxyflavone; apiin; 7-[(2-o-d-apio-beta-d-furanosyl-beta-d-glucopyranosyl)oxy]-5-hydroxy-2-(4-hydroxy-phenyl)-4h-1-benzopyran-4-one; apigenin-7-apioglucoside; apioside"
c04859,"nuatigenin 3beta-d-glucopyranoside; (20s,22s,25s)-22,25-epoxyfurost-5-ene-3beta,26-diol 3-o-beta-d-glucoside"
c04861,"1,3-alpha-d-mannosyl-1,2-alpha-d-mannosyl-1,2-alpha-d-mannosyl-d-mannose"
c04862,1-hexadecylthio-1-deoxy-2-hexadecylphosphono-sn-glycero-3-phosphocholine
c04864,"4-deoxy-beta-d-gluc-4-enuronosyl-(1,3)-n-acetyl-d-galactosamine 4-sulfate"
c04865,"4-deoxy-beta-d-gluc-4-enuronosyl-(1,3)-n-acetyl-d-galactosamine 6-sulfate; beta-d-4-deoxy-delta4-glcap-(1->3)-d-galnac6s"
c04866,"alpha-d-galactosyl-(1,3)-[alpha-l-fucosyl-(1,2)]-d-galactoside; glycoprotein alpha-d-galactosyl-(1,3)-[alpha-l-fucosyl-(1,2)]-d-galactose; alpha-d-galactosyl-(1->3)-[alpha-l-fucosyl(1->2)]-d-galactosyl-r"
c04867,"juvenile hormone ii; methyl (2e,6e)-(10r,11s)-10,11-epoxy-3,7,11-trimethyltrideca-2,6-dienoate"
c04871,haloxyfop; (rs)-2-[4-(3-chloro-5-trifluoromethyl-2-pyridyloxy)phenoxy]propionic acid
c04872,"1,2-diacyl-3-[3-(alpha-d-n-acetylneuraminyl)-beta-d-galactosyl]-sn-glycerol"
c04873,"1-hexadecylthio-2-hexadecanoylamino-1,2-dideoxy-sn-glycero-3-phosphocholine"
c04874,"7,8-dihydroneopterin; dihydroneopterin; 2-amino-4-hydroxy-6-(d-erythro-1,2,3-trihydroxypropyl)-7,8-dihydropteridine"
c04875,"(+/-)-5-[(tert-butylamino)-2'-hydroxypropoxy]-1,2,3,4-tetrahydro-1-naphthol; (+/-)-dihydrobunolol"
c04876,n-acetyl-d-glucosaminyl-n-acetylmuramoyl-l-ala-d-glutamyl-6-carboxy-l-lysine
c04877,"udp-n-acetylmuramoyl-l-alanyl-gamma-d-glutamyl-meso-2,6-diaminopimelate; udp-n-acetylmuramoyl-l-alanyl-gamma-d-glutamyl-meso-2,6-diaminoheptanedioate; udp-n-acetyl-alpha-d-muramoyl-l-alanyl-gamma-d-glutamyl-meso-2,6-diaminoheptanedioate; udp-n-acetylmuramoyl-l-alanyl-d-gamma-glutamyl-meso-2,6-diaminopimelate; udp-n-acetylmuramoyl-l-alanyl-d-gamma-glutamyl-meso-2,6-diamino-heptanedioate"
c04880,"n-acetyl-beta-d-glucosaminyl-1,2-alpha-d-mannosyl-1,3-(r1)-beta-d-mannosyl-r2; 3-(2-[n-acetyl-beta-d-glucosaminyl]-alpha-d-mannosyl)-beta-d-mannosyl-r"
c04881,"n-acetyl-beta-d-mannosaminyl-1,4-n-acetyl-d-glucosaminyldiphosphoundecaprenol; n-acetyl-beta-d-mannosaminyl-(1->4)-n-acetyl-alpha-d-glucosaminyl-diphospho-ditrans,octacis-undecaprenol"
c04882,"udp-n-acetylmuramoyl-l-alanyl-d-glutamyl-6-carboxy-l-lysyl-d-alanyl-d-alanine; udp-n-acetylmuramoyl-l-alanyl-d-glutamyl-meso-2,6-diaminopimeloyl-d-alanyl-d-alanine; udp-n-acetylmuramoyl-l-alanyl-d-gamma-glutamyl-6-carboxy-l-lysyl-d-alanyl-d-alanine"
c04883,"(+/-)-5-[(tert-butylamino)-2'-hydroxypropoxy]-3,4-dihydro-1(2h)-naphthalenone; (+/-)-bunolol"
c04884,"n-acetyl-d-galactosaminyl-(n-acetylneuraminyl)-d-galactosyl-d-glucosylceramide; gm2; tay-sachs ganglioside; n-acetyl-d-galactosaminyl-(n-acetylneuraminyl)-d-galactosyl-1,4-beta-d-glucosyl-n-acylsphingosine; galnac-beta1->4(neu5ac-alpha2->3)gal-beta1->4glc-beta1->1'cer"
c04885,"alpha-n-acetylneuraminyl-2,3-beta-d-galactosyl-1,3-n-acetyl-d-galactosaminyl-r; n-acetyl-alpha-neuraminyl-(2->3)-beta-d-galactosyl-(1->3)-n-acetyl-d-galactosaminyl-r"
c04886,"alpha-n-acetylneuraminyl-2,6-beta-d-galactosyl-1,4-n-acetyl-beta-d-glucosamine"
c04887,"alpha-n-acetylneuraminyl-2,8-alpha-n-acetylneuraminyl-2,3-beta-d-galactosyl-r"
c04890,"n-acetyl-beta-d-glucosaminyl-1,3-beta-d-galactosyl-1,4-n-acetyl-d-glucosaminyl-r; n-acetyl-beta-d-glucosaminyl-(1->3)-beta-d-galactosyl-(1->4)-n-acetyl-beta-d-glucosaminyl-r"
c04891,"n-acetyl-beta-d-glucosaminyl-1,6-beta-d-galactosyl-1,4-n-acetyl-d-glucosaminyl-r; n-acetyl-beta-d-glucosaminyl-(1->6)-beta-d-galactosyl-(1->4)-n-acetyl-d-glucosaminyl-r"
c04894,udp-n-acetylmuramoyl-l-alanyl-gamma-d-glutamyl-n6-(l-alanyl)-l-lysyl-d-alanyl-d-alanine; udp-n-acetylmuramoyl-l-alanyl-d-glutamyl-n6-(l-alanyl)-l-lysyl-d-alanyl-d-alanine
c04895,"7,8-dihydroneopterin 3'-triphosphate; 2-amino-4-hydroxy-6-(erythro-1,2,3-trihydroxypropyl)dihydropteridine triphosphate; 6-(l-erythro-1,2-dihydroxypropyl 3-triphosphate)-7,8-dihydropterin; 6-[(1s,2r)-1,2-dihydroxy-3-triphosphooxypropyl]-7,8-dihydropterin"
c04896,5-(5-phospho-d-ribosylaminoformimino)-1-(5-phosphoribosyl)-imidazole-4-carboxamide; n-(5'-phospho-d-ribosylformimino)-5-amino-1-(5''-phospho-d-ribosyl)-4-imidazolecarboxamide; n-(5'-phosphoribosylformimino)-5-amino-1-(5''-phosphoribosyl)-4-imidazolecarboxamide; phosphoribosyl-formimino-aicar-phosphate; 1-(5-phosphoribosyl)-5-[(5-phosphoribosylamino)methylideneamino]imidazole-4-carboxamide; 1-(5-phospho-beta-d-ribosyl)-5-[(5-phospho-beta-d-ribosylamino)methylideneamino]imidazole-4-carboxamide
c04898,oligosaccharide with terminal 4-deoxy-6-methyl-alpha-d-galact-4-enuronosyl group
c04899,"(6s)-6beta-hydroxy-1,4,5,6-tetrahydronicotinamide-adenine dinucleotide phosphate; (s)-nadph-hydrate; (s)-nadphx; (6s)-6beta-hydroxy-1,4,5,6-tetrahydronicotinamide-adenine dinucleotide 2'-phosphate"
c04900,luteolin 7-o-[beta-d-glucuronosyl-(1->2)-beta-d-glucuronide]-4'-o-beta-d-glucuronide
c04901,"alpha-n-acetylneuraminyl-2,3-beta-d-galactosyl-1,3-n-acetyl-alpha-d-galactosaminyl-r"
c04902,"beta-d-galactosyl-1,3-(n-acetyl-beta-d-glucosaminyl-1,6)-n-acetyl-d-galactosaminyl-r; beta-d-galactosyl-(1->3)-[n-acetyl-beta-d-glucosaminyl-(1->6)]-n-acetyl-alpha-d-galactosaminyl-r"
c04903,"3-beta-d-glucuronosyl-3-beta-d-galactosyl-4-beta-d-galactosyl-o-beta-d-xylosylprotein; beta-d-glucuronyl-1,3-d-galactosylproteoglycan; [protein]-3-o-(beta-d-glca-(1->3)-beta-d-gal-(1->3)-beta-d-gal-(1->4)-beta-d-xyl)-l-serine"
c04904,n-acetyl-d-glucosaminyl-n-acetylmuramoyl-l-ala-d-glutamyl-6-carboxy-l-lysyl-d-alanine
c04905,1-(4-amino-2-methylpyrimid-5-ylmethyl)-3-(beta-hydroxyethyl)-2-methylpyridinium bromide; pyrithiamine bromide; pyrithiamine
c04906,"n-acetyl-beta-d-glucosaminyl-1,6-(n-acetyl-beta-d-glucosaminyl-1,2)-alpha-d-mannosyl-r; 2,6-bis(n-acetyl-beta-d-glucosaminyl)-alpha-d-mannosyl-r"
c04907,"alpha-n-acetylneuraminyl-2,3-beta-d-galactosyl-1,4-n-acetyl-d-glucosaminyl-glycoprotein"
c04908,1-(4-hydroxy-2-methylpyrimid-5-ylmethyl)-3-(beta-hydroxyethyl)-2-methylpyridinium bromide; oxypyrithiamine bromide; oxypyrithiamine
c04909,"alpha-d-glucosyl-1,6-alpha-d-glucosyl-1,6-alpha-d-glucosyl-1,3-1-o-alkyl-2-o-acylglycerol"
c04910,"1,3-beta-d-galactosyl-n-acetyl-d-glucosaminyl-1,3-beta-d-galactosyl-1,4-d-glucosylceramide; ceramidetetrasaccharide; ceramidetetrahexoside; paragloboside; lc4cer"
c04911,"d-galactosyl-n-acetyl-d-galactosaminyl-(n-acetylneuraminyl)-d-galactosyl-d-glucosylceramide; gm1; gm1a; d-galactosyl-1,3-beta-n-acetyl-d-galactosaminyl-(n-acetylneuraminyl)-d-galactosyl-d-glucosyl-n-acylsphingosine; gal-beta1->3galnac-beta1->4(neu5ac-alpha2->3)gal-beta1->4glc-beta1->1'cer"
c04913,"n-acetyl-beta-d-galactosaminyl-1,4-beta-d-glucuronyl-n-acetyl-1,3-beta-d-galactosaminylproteoglycan; [protein]-3-o-(beta-d-galnac-(1->4)-beta-d-glca-(1->3)-beta-d-galnac-(1->4)-beta-d-glca-(1->3)-beta-d-gal-(1->3)-beta-d-gal-(1->4)-beta-d-xyl)-l-serine"
c04914,"alpha-d-mannosyl-1,6-(n-acetyl-beta-d-glucosaminyl-1,2-alpha-d-mannosyl-1,3)-beta-d-mannosyl-r"
c04916,n-(5'-phospho-d-1'-ribulosylformimino)-5-amino-1-(5''-phospho-d-ribosyl)-4-imidazolecarboxamide; 5-[(5-phospho-1-deoxyribulos-1-ylamino)methylideneamino]-1-(5-phosphoribosyl)imidazole-4-carboxamide; phosphoribulosyl-formimino-aicar-phosphate; 5-[(5-phospho-1-deoxy-d-ribulos-1-ylamino)methylideneamino]-1-(5-phospho-beta-d-ribosyl)imidazole-4-carboxamide
c04917,n-acetyl-beta-d-glucosaminyl-(1->6)-[n-acetyl-beta-d-glucosaminyl-(1->3)]-n-acetyl-alpha-d-galactosaminyl-r; n-acetyl-beta-d-glucosaminyl-(1->6)-[n-acetyl-beta-d-glucosaminyl-(1->3)]-n-acetyl-d-galactosaminyl-r; core 4
c04919,"2,3,2'3'-tetrakis(3-hydroxytetradecanoyl)-d-glucosaminyl-1,6-beta-d-glucosamine 1,4'-bisphosphate; 2,3,2'3'-tetrakis(beta-hydroxymyristoyl)-d-glucosaminyl-1,6-beta-d-glucosamine 1,4'-bisphosphate; lipid a disaccharide bisphosphate; lipid iv(a); lipid iva; 2-deoxy-2-{[(3r)-3-hydroxytetradecanoyl]amino}-3-o-[(3r)-3-hydroxytetradecanoyl]-4-o-phospho-beta-d-glucopyranosyl-(1->6)-2-deoxy-3-o-[(3r)-3-hydroxytetradecanoyl]-2-{[(3r)-3-hydroxytetradecanoyl]amino}-1-o-phospho-alpha-d-glucopyranose"
c04920,"6-sulfo-alpha-d-glucosyl-1,6-alpha-d-glucosyl-1,6-alpha-d-glucosyl-1,3-1-o-alkyl-2-o-acylglycerol"
c04922,"beta-d-galactosyl-(1->4)-n-acetyl-beta-d-glucosaminyl-(1->3)-beta-d-galactosyl-(1->4)-beta-d-glucosyl-(1<->1)-ceramide; beta-d-galactosyl-1,4-n-acetyl-beta-d-glucosaminyl-1,3-beta-d-galactosyl-1,4-beta-d-glucosylceramide; d-galactosyl-1,4-n-acetyl-beta-d-glucosaminyl-1,3-beta-d-galactosyl-1,4-beta-d-glucosylceramide"
c04923,"1,3-alpha-d-mannosyl-(1,2-n-acetyl-alpha-d-glucosaminyl)-1,2-alpha-d-mannosyl-1,2-alpha-d-mannosyl-d-mannose"
c04924,"n-acetyl-d-galactosaminyl-1,4-beta-n-acetylneuraminyl-2,3-alpha-d-galactosyl-1,4-beta-d-glucosylceramide; galnac-beta1->4neu5ac-alpha2->3gal-beta1->4glc-beta1->1'cer"
c04925,"n-acetyl-d-galactosaminyl-n-acetyl-d-galactosaminyl-1,3-d-galactosyl-1,4-d-galactosyl-1,4-d-glucosylceramide; forssman hapten; galnac-alpha1->3galnac-beta1->3gal-alpha1->4gal-beta1->4glc-beta1->1'cer; galnac-alpha1->3galnac-beta1->3gal-alpha1->4laccer"
c04926,"alpha-n-acetylneuraminyl-2,3-beta-d-galactose-1,3-(alpha-n-acetylneuraminyl-2,6)-n-acetyl-d-galactosaminyl-r; n-acetyl-alpha-neuraminyl-(2->3)-beta-d-galactosyl-(1->3)-[n-acetyl-alpha-neuraminyl-(2->6)]-n-acetyl-d-galactosaminyl-r"
c04927,n-acetylneuraminyl-d-galactosyl-n-acetyl-d-galactosaminyl-(n-acetylneuraminyl)-d-galactosyl-d-glucosylceramide; gd1a; neuac-alpha2->3gal-beta1->3galnac-beta1->4(neuac-alpha2->3)laccer; neuac-alpha2->3gal-beta1->3galnac-beta1->4(neuac-alpha2->3)gal-beta1->4glc-beta1->1'cer
c04930,"n-acetyl-beta-d-glucosaminyl-1,3-beta-d-galactosyl-1,3-(n-acetyl-beta-d-glucosaminyl-1,6)-n-acetyl-d-galactosaminyl-r"
c04931,"argatroban; (2r,4r)-4-methyl-1[nalpha-[(3-methyl-1,2,3,4-tetrahydro-8-quinolinyl)sulfonyl]-l-arginyl]-2-piperadinecarboxylic acid"
c04932,"lipid a disaccharide; tetraacyldisaccharide 1-phosphate; [2-n,3-o-bis(3-hydroxytetradecanoyl)-beta-d-glucosaminyl]-(1->6)-[2-n,3-o-bis(3-hydroxytetradecanoyl)-alpha-d-glucosaminyl phosphate]; 2,3-bis[(3r)-3-hydroxytetradecanoyl]-beta-d-glucosaminyl-(1->6)-2,3-bis[(3r)-3-hydroxytetradecanoyl]-alpha-d-glucosaminyl 1-phosphate"
c04934,"n-acetyl-beta-d-glucosaminyl-1,6-(n-acetyl-beta-d-glucosaminyl-1,2)-(n-acetyl-beta-d-glucosaminyl-1,4)-alpha-d-mannosyl-r; 2,4,6-tris(n-acetyl-beta-d-glucosaminyl)-alpha-d-mannosyl-r"
c04936,"alpha-n-acetylneuraminyl-2,3-beta-d-galactosyl-1,4-n-acetyl-beta-d-glucosaminyl-1,3-beta-d-galactosyl-1,4-d-glucosylceramide; neu5ac-alpha2->3gal-beta1->4glcnac-beta1->3gal-beta1->4glc-beta1->1'cer"
c04937,"n-acetyl-beta-d-glucosaminyl-1,2-alpha-d-mannosyl-1,6-(n-acetyl-beta-d-glucosaminyl-1,2-alpha-d-mannosyl-1,3)-beta-d-mannosyl-r"
c04938,"n-acetyl-d-glucosaminyl-1,3-beta-d-galactosyl-1,4-n-acetyl-beta-d-glucosaminyl-1,3-beta-d-galactosyl-1,4-beta-d-glucosylceramide"
c04939,"n-acetyl-d-glucosaminyl-1,6-beta-d-galactosyl-1,4-n-acetyl-beta-d-glucosaminyl-1,3-beta-d-galactosyl-1,4-beta-d-glucosylceramide"
c04940,"(n-acetyl-beta-d-glucosaminyl-1,2)-alpha-d-mannosyl-1,3-(beta-n-acetyl-d-glucosaminyl-1,2-alpha-d-mannosyl-1,6)-beta-d-mannosyl-r"
c04942,beta-d-mannosyl-r
c04943,"n-acetyl-beta-d-glucosaminyl-1,4-(n-acetyl-beta-d-glucosaminyl-1,2)-alpha-d-mannosyl-1,3-beta-d-mannosyl-r; 3-(2,4-bis[n-acetyl-beta-d-glucosaminyl]-alpha-d-mannosyl)-beta-d-mannosyl-r"
c04944,6-(2-[n-acetyl-beta-d-glucosaminyl]-alpha-d-mannosyl)-beta-d-mannosyl-r
c05001,fructose 1-phosphate(pyranose)
c05003,d-fructose; d-arabino-hex-2-ulopyranose
c05005,glycolipid
c05009,heme-thiolate(p-450)
c05010,histidylleucine; n-l-histidyl-l-leucin; his-leu
c05011,hydroxytamoxifen; 4-hydroxytamoxifen
c05016,l-glutamate methylester
c05021,n-acetyl-beta-d-galactosamine
c05026,n3-metyladenine
c05028,norethindrone; 19-norethisterone; 19-nor-17alpha-ethynyl-17beta-hydroxy-4-androsten-3-one
c05031,o6-methyl-2'-deoxyguanosine
c05042,glufosinate; phosphinothricin; 2-amino-4-(hydroxymethylphosphinyl)butanoic acid
c05052,ribulose
c05057,cis-3-enoyl-coa
c05058,m-aminophenol; 3-aminophenol; 3-hydroxyaniline
c05060,o-benzosemiquinone; 2-hydroxyphenoxy radical
c05067,(3e)-3-enoyl-coa; trans-3-enoyl-coa
c05071,chlorsulfuron
c05073,coumermycin a1; coumermycin
c05076,imazaquin
c05079,nalidixic acid
c05080,novobiocin
c05086,cyclosporin a; ciclosporin; cyclosporine
c05100,3-ureidoisobutyrate
c05102,alpha-hydroxy fatty acid; 2-hydroxy fatty acid
c05103,4alpha-methylzymosterol
c05104,"delta7,24-cholestadien-3beta-ol"
c05107,"7-dehydrodesmosterol; cholesta-5,7,24-triene-3beta-ol"
c05108,"14-demethyllanosterol; 4,4-dimethyl-5alpha-cholesta-8,24-dien-3beta-ol; 4,4-dimethyl-8,24-cholestadienol"
c05109,"24,25-dihydrolanosterol"
c05110,4alpha-methylcholesta-8-en-3beta-ol
c05111,methostenol; 4alpha-methyl-5alpha-cholesta-7-en-3beta-ol
c05113,porphyrin
c05114,mucopolysaccharide
c05116,3-hydroxybutanoyl-coa; 3-hydroxybutyryl-coa
c05117,3-aminobutanoyl-coa; 3-aminobutyryl-coa
c05118,s-(2-methylbutanoyl)-dihydrolipoamide
c05119,s-(3-methylbutanoyl)-dihydrolipoamide
c05122,taurocholate; taurocholic acid; cholyltaurine
c05123,2-hydroxyethanesulfonate; 2-hydroxyethanesulfonic acid; 2-hydroxyethane-1-sulfonic acid; isethionic acid; isethionate
c05125,2-(alpha-hydroxyethyl)thiamine diphosphate; 2-hydroxyethyl-thpp
c05126,"dimethyl citraconate; citraconic acid dimethyl ester; 2-butenedioic acid, 2-methyl-, dimethyl ester, (z)-; citraconate de dimethyle; citraconic acid, dimethyl ester; dimethyl methylmaleate; methylmaleic acid, dimethyl ester"
c05127,n-methylhistamine; 1-methylhistamine; 1-methyl-4-(2-aminoethyl)imidazole; ntau-methylhistamine
c05130,imidazole-4-acetaldehyde; imidazole acetaldehyde
c05131,(1-ribosylimidazole)-4-acetate
c05133,4-imidazolone-5-acetate; imidazolone acetate; (5-hydroxyimidazole)-4-acetate; 5-hydroxy-4-imidazoleacetate
c05135,4-(beta-acetylaminoethyl)imidazole; n-acetylhistamine
c05136,"gdp-3,6-dideoxy-d-galactose"
c05138,"17alpha-hydroxypregnenolone; 3-beta,17alpha-dihydroxypregn-5-en-20-one"
c05139,"16alpha-hydroxydehydroepiandrosterone; 5-androstene-3beta,16alpha-diol-17-one"
c05140,"16alpha-hydroxyandrost-4-ene-3,17-dione; 4-androsten-16alpha-ol-3,17-dione"
c05141,"estriol; 1,3,5(10)-estratriene-3,16-alpha,17beta-triol"
c05143,dhurrin; (s)-4-hydroxymandelonitrile beta-d-glucoside
c05144,(beta-d-mannuronate)n; poly(beta-d-mannuronate); polymannuronate; mannuronan
c05145,3-aminoisobutyric acid; 3-aminoisobutanoate; 3-amino-2-methylpropanoate
c05146,hydantoin; glycolylurea
c05147,trans-3-hydroxy-l-proline; trans-l-3-hydroxyproline
c05148,debromoaplysiatoxin
c05149,bryostatin 1
c05150,"teleocidin b-1; (4s,7s,10s,13r)-13-ethenyl-1,3,4,5,7,8,10,11,12,13-decahydro-4-(hydroxymethyl)-8,10,13-trimethyl-7,10-diisopropyl-6h-benzo[g][1,4]diazonino[7,6,5-cd]indol-6-one"
c05151,12-o-tetradecanoylphorbol 13-acetate; tpa; phorbol 12-myristate 13-acetate; 12-tetradecanoylphorbol 13-acetate; pma
c05155,5-amino-4-chloro-2-(5-hydroxymuconoyl)-3(2h)-pyridazinone; 5-amino-4-chloro-2-(2-hydroxymuconoyl)-3(2h)-pyridazinone
c05156,aminoacyl-trna
c05157,peptidyl-aminoacyl-trna
c05158,trans-beta-d-glucosyl-2-hydroxycinnamate; beta-d-glucosyl-2-coumarate
c05159,"6-(2,6-bis[n-acetyl-beta-d-glucosaminyl]-alpha-d-mannosyl)-beta-d-mannosyl-r"
c05161,"(2r,5s)-2,5-diaminohexanoate"
c05163,o-methyl-scyllo-inositol; 1-o-methyl-scyllo-inositol
c05165,2-amino-5-oxocyclohex-1-enecarbonyl-coa; 2-amino-5-oxocyclohex-1-enecarboxyl-coa
c05167,alpha-amino acid
c05172,selenophosphoric acid; selenophosphate
c05174,"(s)-cheilanthifoline; (6as)-6,6a,11,14-tetrahydro-8-methoxy-12h-benzo[a]-1,3-benzodioxolo[4,5-g]quinolizim-9-ol"
c05175,"stylopine; (s)-stylopine; l-tetrahydrocoptisine; 6,7,12b,13e-tetrahydro-4h-bis[1,3]benzodioxolo[5,6-a:4',5'-g]quinolizine"
c05176,"(s)-n-methylcoclaurine; (s)-1,2,3,4-tetrahydro-1-[(4-hydroxyphenyl)methyl]-6-methoxy-2-methyl-7-isoquinolinol"
c05177,"berbamunine; (1s)-1,2,3,4-tetrahydro-1-[[4-[2-hydroxy-5-[[(1r)-1,2,3,4-tetrahydro-7-hydroxy-6-methoxy-2-methyl-1-isoquinolinyl]methyl]phenoxy]phenyl]methyl]-6-methoxy-2-methyl-7-isoquinolinol"
c05178,"(r)-reticuline; (1r)-1,2,3,4-tetrahydro-1-[(3-hydroxy-4-methoxyphenyl)methyl]-6-methoxy-2-methyl-7-isoquinolinol"
c05179,"salutaridine; sinoacutine; 5,6,8,14-tetradehydro-4-hydroxy-3,6-dimethoxy-17-methyl-morphinan-7-one"
c05183,ferrocytochrome b-561
c05189,protopine
c05190,6-hydroxyprotopine
c05191,"dihydrosanguinarine; 13,14-dihydro-13-methyl-[1,3]benzodioxolo[5,6-c]-1,3-dioxolo[4,5-i]phenanthridine"
c05193,12-hydroxydihydrochelirubine; 12-hydroxychelirubine
c05194,"dihydrochelirubine; 13,14-dihydro-5-methoxy-13-methyl-[1,3]benzodioxolo[5,6-c]-1,3-dioxolo[4,5-i]phenanthridine"
c05195,3-hydroxybenzoyl-coa
c05196,dihydroflavodoxin
c05197,protein glycine; [enzyme]-glycine
c05198,5'-deoxyadenosine
c05199,flavodoxin semiquinone
c05200,"3-hexaprenyl-4,5-dihydroxybenzoate"
c05201,"(r,s)-tetrahydrobenzylisoquinoline; (rs)-1-benzyl-1,2,3,4-tetrahydroisoquinoline"
c05202,3'-hydroxy-n-methyl-(s)-coclaurine; (s)-3'-hydroxy-n-methylcoclaurine
c05203,6-o-methylnorlaudanosoline
c05204,"(s)-tetrahydroprotoberberine; (s)-7,8,13,14-tetrahydroprotoberberine"
c05205,[cytochrome c] methionine; [cytochrome c] l-methionine
c05206,histone l-arginine; histone-arginine
c05207,[myeline basic protein] l-arginine; [myelin basic protein]-arginine
c05208,1-alkyl-2-arachidonyl-sn-glycero-3-phosphocholine; 1-organyl-2-arachidonyl-sn-glycero-3-phosphocholine
c05209,1-alkyl-2-lyso-sn-glycero-3-phosphoethanolamine; 1-organyl-2-lyso-sn-glycero-3-phosphoethanolamine; 1-radyl-2-lyso-sn-glycero-3-phosphoethanolamine
c05210,1-alkyl-2-arachidonyl-sn-glycero-3-phosphoethanolamine; 1-organyl-2-arachidonyl-sn-glycero-3-phosphoethanolamine
c05212,1-radyl-2-acyl-sn-glycero-3-phosphocholine; 1-organyl-2-acyl-sn-glycero-3-phosphocholine; 2-acyl-1-alkyl-sn-glycero-3-phosphocholine
c05217,1-organyl-2-lyso-sn-glycero-3-phospholipid
c05218,1-radyl-2-acetyl-sn-glycero-3-phospholipid; 1-alkyl-2-acetyl-sn-glycero-3-phospholipid; 1-organyl-2-acetyl-sn-glycero-3-phospholipid
c05220,"salutaridinol; 5,6,8,14-tetradehydro-3,6-dimethoxy-17-methyl-morphinan-4,7-diol"
c05223,dodecanoyl-[acyl-carrier protein]; dodecanoyl-[acp]; lauroyl-[acyl-carrier protein]
c05226,n-carbamoyl-d-amino acid
c05227,udp-sugar; udp-monosaccharide
c05229,phaseollidin hydrate
c05230,phaseollidin; (-)-phaseollidin
c05231,l-3-aminobutyryl-coa; l-3-aminobutanoyl-coa
c05232,(2s)-2-methylacyl-coa
c05234,detyrosinated alpha-tubulin
c05235,hydroxyacetone; acetol; 1-hydroxy-2-propanone; 2-ketopropyl alcohol; acetone alcohol; pyruvinalcohol; pyruvic alcohol; methylketol
c05239,5-aminoimidazole; aminoimidazole; 4-aminoimidazole
c05243,"(r)-n-methylcoclaurine; (r)-1,2,3,4-tetrahydro-1-[(4-hydroxyphenyl)methyl]-6-methoxy-2-methyl-7-isoquinolinol"
c05247,10-hydroxydihydrosanguinarine
c05250,[protein-pii]; nitrogen regulatory protein p-ii
c05252,"2-amino-4-oxo-4-alpha-hydroxy-6-(erythro-1',2',3'-tri-hydroxypropyl)-5,6,7,8-tetrahydroxypterin"
c05253,"2-amino-4-oxo-6-(1',2',3'-trihydroxypropyl)-diquinoid-7,8-dihydroxypterin"
c05258,(s)-3-hydroxyhexadecanoyl-coa
c05259,3-oxopalmitoyl-coa; 3-ketopalmitoyl-coa; 3-oxohexadecanoyl-coa
c05260,(s)-3-hydroxytetradecanoyl-coa
c05261,3-oxotetradecanoyl-coa
c05262,(s)-3-hydroxydodecanoyl-coa
c05263,3-oxododecanoyl-coa
c05264,(s)-hydroxydecanoyl-coa; (s)-3-hydroxydecanoyl-coa
c05265,3-oxodecanoyl-coa
c05266,(s)-3-hydroxyoctanoyl-coa; (s)-3-hydroxycapryloyl-coa; (s)-hydroxyoctanoyl-coa
c05267,3-oxooctanoyl-coa
c05268,(s)-hydroxyhexanoyl-coa; (s)-3-hydroxyhexanoyl-coa
c05269,3-oxohexanoyl-coa; 3-ketohexanoyl-coa
c05270,hexanoyl-coa
c05271,trans-hex-2-enoyl-coa; (2e)-hexenoyl-coa
c05272,trans-hexadec-2-enoyl-coa; trans-2-hexadecenoyl-coa; (2e)-hexadecenoyl-coa
c05273,trans-tetradec-2-enoyl-coa; (2e)-tetradecenoyl-coa
c05274,decanoyl-coa
c05275,trans-dec-2-enoyl-coa; (2e)-decenoyl-coa
c05276,trans-oct-2-enoyl-coa; (2e)-octenoyl-coa
c05278,(r)-3-hydroxyoctanoyl-coa; (r)-3-hydroxycapryloyl-coa
c05279,"trans,cis-lauro-2,6-dienoyl-coa; (2e,6z)-dodecadienoyl-coa"
c05280,"cis,cis-3,6-dodecadienoyl-coa; (3z,6z)-dodecadienoyl-coa"
c05281,5-methylbarbiturate; 5-methylbarbituric acid
c05282,(5-l-glutamyl)-l-glutamate
c05283,(5-l-glutamyl)-l-glutamine
c05284,"11beta-hydroxyandrost-4-ene-3,17-dione; androst-4-ene-3,17-dione-11beta-ol; 4-androsten-11beta-ol-3,17-dione"
c05285,"adrenosterone; androst-4-ene-3,11,17-trione"
c05290,"19-hydroxyandrost-4-ene-3,17-dione; 19-hydroxyandrostenedione"
c05291,7alpha-hydroxytestosterone
c05293,5beta-dihydrotestosterone
c05294,"19-hydroxytestosterone; 17beta,19-dihydroxyandrost-4-en-3-one"
c05295,19-oxotestosterone
c05296,"7alpha-hydroxyandrost-4-ene-3,17-dione; 7alpha-hydroxyandrostenedione"
c05297,"19-oxoandrost-4-ene-3,17-dione; 19-oxoandrostenedione"
c05298,2-hydroxyestrone
c05299,2-methoxyestrone
c05300,16alpha-hydroxyestrone
c05301,2-hydroxyestradiol; 2-hydroxyestradiol-17beta; 2-oh-estradiol
c05302,2-methoxy-17beta-estradiol; 2-methoxyestradiol-17beta
c05305,ferricytochrome b-561
c05306,chlorophyll a
c05307,chlorophyll b
c05308,linalyl diphosphate; lpp
c05309,semiquinone; semiquinone radical; semidione; benzosemiquinone
c05312,protein glycin-2-yl radical; [enzyme]-glycin-2-yl radical
c05313,3-hexaprenyl-4-hydroxy-5-methoxybenzoate
c05314,"n-methyl-(r,s)-tetrahydrobenzylisoquinoline; n-methyl-(rs)-1-benzyl-1,2,3,4-tetrahydroisoquinoline"
c05315,"palmatine; 5,6-dihydro-2,3,9,10-tetramethoxydibenzo[a,g]quinolizinium"
c05316,"dihydromacarpine; 13,14-dihydro-5,7-dimethoxy-13-methyl-[1,3]benzodioxolo[5,6-c]-1,3-dioxolo[4,5-i]phenanthridine"
c05317,nororientaline
c05318,"cis-n-methyl-(s)-7,8,13,14-tetrahydroprotoberberine"
c05319,[cytochrome c] s-methylmethionine; [cytochrome c] s-methyl-l-methionine
c05320,histone n(omega)-methyl-l-arginine; histone-n(omega)-methylarginine
c05321,[myeline basic protein] n(omega)-methyl-l-arginine; [myelin basic protein]-n(omega)-methylarginine
c05322,7-o-acetylsalutaridinol; salutaridinol acetate; salutaridinol 7-o-acetate
c05324,nicotianamine
c05325,purine mononucleotide
c05326,uridylyl-[protein-pii]; uridylylated nitrogen regulatory protein p-ii; p-ii-ump
c05328,d-2-aminohexano-6-lactam; (r)-2-aminohexano-6-lactam
c05329,(2r)-2-methylacyl-coa
c05330,homocysteine; 2-amino-4-mercaptobutyric acid
c05332,phenethylamine; 2-phenylethylamine; beta-phenylethylamine; phenylethylamine
c05334,"isosakuranetin; 4'-methoxy-5,7-dihydroxyflavonone; 4'-methylnaringenin"
c05335,l-selenomethionine
c05336,selenomethionyl-trna(met)
c05337,"chenodeoxycholoyl-coa; 3alpha,7alpha-dihydroxy-5beta-cholanoyl-coa"
c05338,4-hydroxyphenylacetyl-coa
c05339,phosphinate; phosphinic acid; hypophosphorous acid; hyopophosphite
c05340,beta-alanyl-l-arginine
c05341,beta-alanyl-l-lysine
c05342,psicofuranine; angustmycin c
c05343,(r)-4-hydroxymandelate
c05344,gdp-4-dehydro-6-deoxy-l-mannose; gdp-4-oxo-6-deoxy-l-mannose; gdp-4-oxo-l-rhamnose
c05345,beta-d-fructose 6-phosphate; beta-d-fructofuranose 6-phosphate
c05346,allosamidine
c05349,ciprofloxacin
c05350,2-hydroxy-3-(4-hydroxyphenyl)propenoate; 4-hydroxy-enol-phenylpyruvate
c05353,tes; n-tris(hydroxymethyl)methyl-2-aminoethanesulfonic acid
c05354,cyclopropylcarbinyl cation
c05356,"5(s)-hpete; 5(s)-hydroperoxy-6-trans-8,11,14-cis-eicosatetraenoic acid; (6e,8z,11z,14z)-(5s)-5-hydroperoxyeicosa-6,8,11,14-tetraenoate; (6e,8z,11z,14z)-(5s)-5-hydroperoxyeicosa-6,8,11,14-tetraenoic acid; (5s,6e,8z,11z,14z)-5-hydroperoxyicosa-6,8,11,14-tetraenoate"
c05357,oxidized azurin; azurinox
c05358,reduced azurin; azurinred
c05359,e-; electron
c05360,diimine
c05361,hydrazine
c05364,4-carboxy-2-oxo-3-hexenedioate
c05366,(+)-pinoresinol
c05370,calyculin a
c05371,microcystin lr; microcystin-lr
c05372,tautomycin
c05375,"2-hydroxy-2-hydropyrone-4,6-dicarboxylate"
c05376,biochanin a-beta-d-glucoside; biochanin a 7-o-beta-d-glucoside; sissotrin
c05377,"menadione; vitamin k3; 2-methyl-1,4-naphthoquinone"
c05378,"beta-d-fructose 1,6-bisphosphate"
c05379,oxalosuccinate; oxalosuccinic acid
c05380,nicotinurate; nicotinuric acid; nicotinylglycine
c05381,3-carboxy-1-hydroxypropyl-thpp; succinate semialdehyde-thiamin diphosphate
c05382,sedoheptulose 7-phosphate; d-sedoheptulose 7-phosphate; d-altro-heptulose 7-phosphate; altro-heptulose 7-phosphate
c05383,aminosugar
c05385,d-glucuronate 1-phosphate; 1-phospho-alpha-d-glucuronate
c05386,gdp-6-deoxy-l-mannose; gdp-l-rhamnose
c05392,oligouronide with 4-deoxy-alpha-l-erythro-hex-4-enopyranuronosyl group
c05394,3-keto-beta-d-galactose
c05396,lactose 6'-phosphate
c05399,melibiitol; 6-o-alpha-d-galactosyl-d-glucitol
c05400,epimelibiose; 6-o-(alpha-d-galactopyranosyl)-d-mannopyranose
c05401,3-beta-d-galactosyl-sn-glycerol; galactosylglycerol
c05402,melibiose; 6-o-(alpha-d-galactopyranosyl)-d-glucopyranose; d-gal-alpha1->6d-glucose
c05403,3-ketolactose
c05404,d-gal alpha 1->6d-gal alpha 1->6d-glucose; d-gal-alpha1->6d-gal-alpha1->6d-glucose; manninotriose
c05405,"l-arabinono-1,5-lactone"
c05406,"5-hydroxy-2,4-dioxopentanoate"
c05410,"gulono-1,4-lactone; gulonolactone"
c05411,l-xylonate; l-xylonic acid
c05412,l-lyxonate; l-lyxonic acid
c05413,all-trans-phytoene
c05414,all-trans-phytofluene
c05416,5-cholestene; cholest-5-ene
c05417,"5,6beta-epoxy-5beta-cholestane"
c05418,"cholesterol-5beta,6beta-epoxide; 5beta,6beta-epoxycholestan-3beta-ol; 5,6beta-epoxy-5beta-cholestan-3beta-ol"
c05421,15-cis-phytoene; phytoene
c05422,dehydroascorbate; dehydroascorbic acid; l-dehydroascorbate; l-dehydroascorbic acid
c05423,"5,6alpha-epoxy-5alpha-cholestane"
c05424,"5alpha-cholestan-5alpha,6beta-diol"
c05425,"3beta,5alpha,6beta-cholestanetriol; cholestane-3beta-5alpha,6beta-triol"
c05427,phytyl diphosphate
c05430,all-trans-zeta-carotene
c05431,all-trans-neurosporene
c05432,lycopene; all-trans-lycopene
c05433,alpha-carotene
c05434,beta-zeacarotene
c05435,gamma-carotene
c05437,"zymosterol; delta8,24-cholestadien-3beta-ol; 5alpha-cholesta-8,24-dien-3beta-ol"
c05439,"5alpha-cholesta-7,24-dien-3beta-ol"
c05440,"ergosta-5,7,22,24(28)-tetraen-3beta-ol; ergosta-5,7,22,24(24(1))-tetraen-3beta-ol; 5,7,22,24(28)-ergostatetraenol"
c05441,vitamin d2; ergocalciferol
c05442,stigmasterol
c05443,vitamin d3; cholecalciferol; calciol
c05444,"3alpha,7alpha,26-trihydroxy-5beta-cholestane; 5beta-cholestane-3alpha,7alpha,26-triol"
c05445,"3alpha,7alpha-dihydroxy-5beta-cholestan-26-al"
c05446,"3alpha,7alpha,12alpha,26-tetrahydroxy-5beta-cholestane; 5beta-cholestane-3alpha,7alpha,12alpha,26-tetraol; 5beta-cholestane-3alpha,7alpha,12alpha,26-tetrol"
c05447,"(24e)-3alpha,7alpha-dihydroxy-5beta-cholest-24-enoyl-coa; (24e)-3alpha,7alpha-dihydroxy-5beta-cholest-24-en-26-oyl-coa"
c05448,"(24r,25r)-3alpha,7alpha,24-trihydroxy-5beta-cholestanoyl-coa; (24r,25r)-3alpha,7alpha,24-trihydroxy-5beta-cholestan-26-oyl-coa"
c05449,"3alpha,7alpha-dihydroxy-5beta-24-oxocholestanoyl-coa"
c05450,"3alpha,7alpha,12alpha,24-tetrahydroxy-5beta-cholestanoyl-coa; 3alpha,7alpha,12alpha,24zeta-tetrahydroxy-5beta-cholestanoyl-coa"
c05451,7alpha-hydroxy-5beta-cholestan-3-one; 5beta-cholestan-7alpha-ol-3-one
c05452,"3alpha,7alpha-dihydroxy-5beta-cholestane; 5beta-cholestane-3alpha,7alpha-diol"
c05453,"7alpha,12alpha-dihydroxy-5beta-cholestan-3-one; 5beta-cholesten-7alpha,12alpha-diol-3-one"
c05454,"3alpha,7alpha,12alpha-trihydroxy-5beta-cholestane; 5beta-cholestane-3alpha,7alpha,12alpha-triol; 3alpha,7alpha,12alpha-trihydroxycoprostane"
c05455,7alpha-hydroxycholest-4-en-3-one
c05458,"7alpha,12alpha-dihydroxy-5alpha-cholestan-3-one"
c05460,"(24e)-3alpha,7alpha,12alpha-trihydroxy-5beta-cholest-24-enoyl-coa; 3alpha,7alpha,12alpha-trihydroxy-5beta-cholest-24-enoyl-coa"
c05463,taurodeoxycholate; taurodeoxycholic acid
c05464,"glycodeoxycholate; glycodeoxycholic acid; 3alpha,12alpha-dihydroxy-5beta-cholan-24-oylglycine"
c05465,taurochenodeoxycholate; taurochenodeoxycholic acid; chenodeoxycholoyltaurine
c05466,glycochenodeoxycholate; glycochenodeoxycholic acid; chenodeoxyglycocholate
c05467,"3alpha,7alpha,12alpha-trihydroxy-5beta-24-oxocholestanoyl-coa; 3alpha,7alpha,12alpha-trihydroxy-24-oxo-5beta-cholestanoyl-coa"
c05468,5beta-cyprinolsulfate
c05469,"17alpha,21-dihydroxy-5beta-pregnane-3,11,20-trione; 5beta-pregnane-17alpha,21-diol-3,11,20-trione; 4,5beta-dihydrocortisone"
c05470,tetrahydrocortisone; urocortisone
c05471,"dihydrocortisol; 11beta,17alpha,21-trihydroxy-5beta-pregnane-3,20-dione; 5beta-pregnane-11beta,17alpha,21-triol-3,20-dione"
c05472,"urocortisol; tetrahydrocortisol; 5beta-pregnane-3alpha,11beta,17alpha,21-tetrol-20-one"
c05473,"11beta,21-dihydroxy-3,20-oxo-5beta-pregnan-18-al"
c05474,"3alpha,11beta,21-trihydroxy-20-oxo-5beta-pregnan-18-al"
c05475,"11beta,21-dihydroxy-5beta-pregnane-3,20-dione; 5beta-pregnane-11beta,21-diol-3,20-dione"
c05476,tetrahydrocorticosterone
c05477,"21-hydroxy-5beta-pregnane-3,11,20-trione"
c05478,"3alpha,21-dihydroxy-5beta-pregnane-11,20-dione; 5beta-pregnane-3alpha,21-diol-11,20-dione"
c05479,"5beta-pregnane-3,20-dione"
c05480,pregnanolone; 3alpha-hydroxy-5beta-pregnan-20-one
c05481,"cortolone; 3alpha,17alpha,20alpha,21-tetrahydroxy-5beta-pregnan-11-one"
c05482,"cortol; 5beta-pregnane-3alpha,11beta,17,20alpha,21-pentol"
c05483,"3alpha,20alpha,21-trihydroxy-5beta-pregnan-11-one"
c05484,"pregnanediol; 5beta-pregnane-3alpha,20alpha-diol; pregnandiol; diol"
c05485,"21-hydroxypregnenolone; 3beta,21-dihydroxypregn-5-en-20-one"
c05487,"17alpha,21-dihydroxypregnenolone"
c05488,11-deoxycortisol; cortodoxone
c05489,"11beta,17alpha,21-trihydroxypregnenolone"
c05490,"11-dehydrocorticosterone; 21-hydroxypregn-4-ene-3,11,20-trione"
c05497,"21-deoxycortisol; 4-pregnene-11beta,17alpha-diol-3,20-dione; 11beta,17alpha-dihydroxyprogesterone"
c05498,"11beta-hydroxyprogesterone; 11beta-hydroxypregn-4-ene-3,20-dione"
c05499,"17alpha,20alpha-dihydroxycholesterol"
c05500,20alpha-hydroxycholesterol; 20-hydroxycholesterol
c05501,"20alpha,22beta-dihydroxycholesterol; (22r)-20alpha,22-dihydroxycholesterol"
c05502,22(r)-hydroxycholesterol; (22r)-22-hydroxycholesterol; 22beta-hydroxycholesterol
c05503,estradiol-17beta 3-glucuronide; 17beta-estradiol 3-(beta-d-glucuronide)
c05504,"16-glucuronide-estriol; 16alpha,17beta-estriol 16-(beta-d-glucuronide)"
c05512,deoxyinosine; 2'-deoxyinosine
c05513,urate-3-ribonucleoside; uric acid ribonucleoside; urate d-ribonucleoside
c05515,5-ureido-4-imidazole carboxylate; 4-ureido-5-imidazolecarboxylic acid
c05516,5-amino-4-imidazole carboxylate; 4-amino-5-imidazolecarboxylic acid
c05519,l-allothreonine; l-allo-threonine
c05520,2-amino-3-oxoadipate; 2-amino-3-oxohexanedioic acid
c05524,aminoacyl-l-methionine
c05526,s-glutathionyl-l-cysteine
c05527,3-sulfinylpyruvate; 3-sulfinopyruvate
c05528,3-sulfopyruvate; 3-sulfopyruvic acid
c05529,thiosulfuric acid
c05533,oxaloglutarate
c05535,alpha-aminoadipoyl-s-acyl enzyme; aminoadip.-s
c05537,n-succinyl-2-amino-6-oxopimelate
c05539,n-acetyl-l-2-amino-6-oxopimelate; l-2-acetamido-6-oxoheptanedioate; l-2-acetamido-6-oxopimelate
c05544,protein n6-methyl-l-lysine
c05545,"protein n6,n6-dimethyl-l-lysine"
c05546,"protein n6,n6,n6-trimethyl-l-lysine"
c05548,6-acetamido-2-oxohexanoate; 2-oxo-6-acetamidocaproate
c05551,penicillin g; benzylpenicillin
c05552,biocytin; n6-d-biotinyl-l-lysine; epsilon-n-biotinyl-l-lysine
c05554,aerobactin
c05556,delta-(l-2-aminoadipyl)-l-cysteinyl-d-valine; n-[l-5-amino-5-carboxypentanoyl]-l-cysteinyl-d-valine; l-delta-(alpha-aminoadipoyl)-l-cysteinyl-d-valine; acv
c05557,isopenicillin n
c05560,l-2-aminoadipate adenylate; 5-adenylyl-2-aminoadipate; alpha-aminoadipoyl-c6-amp
c05562,1h-imidazole-4-methanol; imidazole-4-methanol
c05565,hydantoin-5-propionate; hydantoin-propionate
c05568,imidazole lactate; imidazole lactic acid; 2-hydroxy-3-(1h-imidazol-5-yl)-propanoic acid
c05570,ergothioneine
c05571,thiourocanic acid
c05572,4-oxoglutaramate; 4-ketoglutaramate
c05574,3-aminopentanedioate; isoglutamate; isoglutamic acid; 3-aminopentanedioic acid
c05575,"hercynine; nalpha,nalpha,nalpha-trimethyl-l-histidine"
c05576,"3,4-dihydroxyphenylethyleneglycol"
c05577,"3,4-dihydroxymandelaldehyde; 3,4-dihydroxyphenylglycolaldehyde; dopegal"
c05578,"5,6-dihydroxyindole; dhi"
c05579,"indole-5,6-quinone"
c05580,"3,4-dihydroxymandelate; 3,4-dihydroxymandelic acid; dihydroxymandelic acid"
c05581,3-methoxy-4-hydroxyphenylacetaldehyde; (4-hydroxy-3-methoxyphenyl)acetaldehyde; homovanillin
c05582,homovanillate; homovanillic acid; 3-methoxy-4-hydroxyphenylacetate
c05583,3-methoxy-4-hydroxyphenylglycolaldehyde
c05584,3-methoxy-4-hydroxymandelate; vanillylmandelic acid
c05585,"gentisate aldehyde; 2,5-dihydroxybenzaldehyde"
c05587,3-methoxytyramine
c05588,l-metanephrine
c05589,l-normetanephrine
c05590,hydroiodic acid; hydrogen iodide
c05592,3-carboxymethylmuconate
c05593,3-hydroxyphenylacetate; 3-hydroxyphenylacetic acid
c05594,3-methoxy-4-hydroxyphenylethyleneglycol
c05595,4-hydroxyphenylacetylglutamic acid; p-hydroxyphenylacetylglutamic acid; 4-hydroxyphenylacetylglutamate; p-hydroxyphenylacetylglutamate
c05596,p-hydroxyphenylacetylglycine; 4-hydroxyphenylacetylglycine
c05598,phenylacetylglycine
c05600,"2-hydroxyhepta-2,4-dienedioate; 2-hydroxyhepta-2,4-diene-1,7-dioate"
c05601,4-hydroxy-2-oxo-heptanedioate; 4-hydroxy-2-ketopimelate; 4-hydroxy-2-oxoheptanedioic acid; 4-hydroxy-2-oxoheptanedioate
c05604,"2-carboxy-2,3-dihydro-5,6-dihydroxyindole; leucodopachrome; cyclo-dopa"
c05606,melanin
c05607,phenyllactate; (r)-phenyllactate; (r)-3-(phenyl)lactate
c05608,4-hydroxycinnamyl aldehyde; p-coumaraldehyde
c05610,sinapoyl aldehyde; sinapaldehyde
c05613,benzylformate
c05615,lignin
c05616,"3-o-methylgallate; 3-o-methylgallic acid; 5-hydroxyvanillic acid; 3,4-dihydroxy-5-methoxybenzoate"
c05618,3-chlorocatechol
c05619,5-hydroxyferulic acid; 5-hydroxyferulate
c05620,n-acetyl-d-phenylalanine
c05622,malonylapiin; apigenin 7-o-[beta-d-apiosyl-(1->2)-(6-malonyl-beta-d-glucoside)]
c05623,"isoquercitrin; quercetin 3-o-glucoside; 2-(3,4-dihidroxyphenyl)-3-(beta-d-glucofuranosyloxy)-5,7-dihydroxy-4h-1-benzopyran-4-one; isotrifoliin"
c05625,"rutin; 3-[[6-o-(6-deoxy-alpha-l-mannopyranosyl)-beta-d-glucopyranosyl]oxy]-2-(3,4-dihydroxyphenyl)-5,7-dihydroxy-4h-1-benzopyran-4-one; quercetin 3-rutinoside; rutoside; phytomelin"
c05627,4-hydroxystyrene; 4-vinylphenol
c05629,phenylpropanoate; 3-phenylpropanoate; 3-phenyl-propionic acid; 3-phenylpropanoic acid; 3-phenylpropionic acid
c05631,eriodictyol
c05634,5-hydroxyindoleacetaldehyde
c05635,5-hydroxyindoleacetate
c05636,3-hydroxykynurenamine
c05637,"4,8-dihydroxyquinoline; quinoline-4,8-diol"
c05638,5-hydroxykynurenamine
c05639,"4,6-dihydroxyquinoline; quinoline-4,6-diol"
c05640,cinnavalininate; cinnabarinic acid
c05641,"5-(3'-carboxy-3'-oxopropenyl)-4,6-dihydroxypicolinate; 5-(3-carboxy-3-oxopropenyl)-4,6-dihydroxypyridine-2-carboxylate"
c05642,formyl-n-acetyl-5-methoxykynurenamine
c05643,6-hydroxymelatonin
c05644,3-methylindolepyruvate
c05645,"4-(2-amino-3-hydroxyphenyl)-2,4-dioxobutanoate"
c05646,5-hydroxyindolepyruvate
c05647,formyl-5-hydroxykynurenamine
c05648,5-hydroxy-n-formylkynurenine; 5-hydroxy-n-formyl-l-kynurenine
c05649,"dihydropteridine; 6,7-dihydropteridine"
c05650,"tetrahydropteridine; 5,6,7,8-tetrahydropteridine"
c05651,5-hydroxykynurenine; 5-hydroxy-l-kynurenine
c05652,"4-(2-amino-5-hydroxyphenyl)-2,4-dioxobutanoate"
c05653,formylanthranilate; n-formylanthranilate; 2-(formylamino)-benzoic acid
c05654,"5-(2'-formylethyl)-4,6-dihydroxypicolinate; 5-(beta-formylethyl)-4,6-dihydroxypicolinate"
c05655,"5-(2'-carboxyethyl)-4,6-dihydroxypicolinate; 5-(beta-carboxyethyl)-4,6-dihydroxypicolinate"
c05656,"5-(3'-carboxy-3'-oxopropyl)-4,6-dihydroxypicolinate; 5-(gamma-carboxy-gamma-oxopropyl)-4,6-dihydroxypicolinate"
c05657,6-hydroxyindolelactate
c05658,indoxyl; 1h-indol-3-ol
c05659,5-methoxytryptamine; 5-meot
c05660,5-methoxyindoleacetate; 5-methoxyindoleacetic acid
c05662,"homoisocitrate; 3-carboxy-2-hydroxyadipate; (-)-1-hydroxy-1,2,4-butanetricarboxylate; (1r,2s)-1-hydroxybutane-1,2,4-tricarboxylate; (-)-threo-homoisocitrate"
c05663,"6-hydroxykynurenate; 6-hydroxykynurenic acid; 4,6-dihydroxyquinaldic acid"
c05665,3-aminopropanal; beta-aminopropion aldehyde
c05668,3-hydroxypropionyl-coa; 3-hydroxypropionyl coenzyme a; 3-hydroxypropanoyl-coa; 3-hydroxypropanoyl coenzymea; beta-hydroxypropionyl-coa
c05669,beta-nitropropanoate; beta-nitropropanoic acid; beta-nitropropionic acid; 3-nitropropanoate; 3-nitropropionic acid
c05670,3-aminopropiononitrile; beta-aminopropionitrile
c05672,2-amino-3-phosphonopropanoate; phosphonoalanine
c05673,cmp-2-aminoethylphosphonate; cmpciliatine
c05674,cmp-n-trimethyl-2-aminoethylphosphonate; cmp-2-trimethylaminoethylphosphonate
c05675,diacylglyceryl-2-aminoethylphosphonate; diacylglycerophosphonoethanolamine
c05676,diacylglyceryl-n-trimethyl-2-aminoethylphosphonate; diacylglyceryl-2-trimethylaminoethylphosphonate; diacylglycerophosphonocholine
c05677,lipophosphonoglycan
c05678,(2-amino-1-hydroxyethyl)phosphonate; 1-hydroxy-2-aminoethylphosphonate
c05679,n-monomethyl-2-aminoethylphosphonate; 2-methylaminoethylphosphonate
c05680,n-dimethyl-2-aminoethylphosphonate; 2-dimethylaminoethylphosphonate
c05681,ceramide 2-aminoethylphosphonate; ceramide ciliatine
c05682,phosphonoacetate; phosphonoacetic acid; fosfonet
c05683,ciliatocholate; ciliatocholic acid; 2-aminoethylphosphocholate
c05684,selenite
c05686,adenylylselenate; adenosine-5'-phosphoselenate
c05688,l-selenocysteine
c05689,se-methyl-l-selenocysteine
c05690,se-methylselenomethionine
c05691,se-adenosylselenomethionine
c05692,se-adenosyl-l-selenohomocysteine; se-adenosylselenohomocysteine
c05693,r; methyl group acceptor
c05694,ch3-r; methyl-acceptor
c05695,gamma-glutamyl-se-methylselenocysteine; 5-l-glutamyl-se-methylselenocysteine
c05696,3'-phosphoadenylylselenate; 3'-phosphoadenosine-5'-phosphoselenate
c05697,selenate; selenic acid
c05698,selenohomocysteine
c05699,l-selenocystathionine
c05702,o-phosphorylhomoserine
c05703,methaneselenol; methylselenol
c05704,selenocystine
c05705,selenocysteine seleninic acid; selenocysteine seleninate; 3-seleninoalanine
c05706,se-propenylselenocysteine se-oxide
c05707,selenohomocystine
c05708,selenomethionine se-oxide
c05710,n-hydroxy-amino acid; n-hydroxy-l-amino acid
c05711,gamma-glutamyl-beta-cyanoalanine
c05712,cyanohydrin
c05713,cyanoglycoside; cyanoglucoside
c05714,alpha-aminopropiononitrile
c05715,gamma-amino-gamma-cyanobutanoate; 4-amino-4-cyanobutanoic acid
c05717,alpha-amino-gamma-cyanobutanoate; 2-amino-4-cyanobutanoic acid
c05718,2-oxoacid oxime
c05720,"reduced 2,6-dichlorophenolindophenol; 2,6-dichloro-4-[(4-hydroxyphenyl)amino]-phenol"
c05721,leucomethylene blue; reduced methylene blue
c05723,poly-gamma-d-glutamate
c05726,s-substituted l-cysteine; r-s-cysteine; l-cysteine s-conjugate
c05727,s-substituted n-acetyl-l-cysteine; mercapturic acid; n-acetyl-l-cysteine s-conjugate
c05729,r-s-cysteinylglycine; [l-cysteinylglycine]-s-conjugate
c05730,glutathionylspermidine; n1-(gamma-l-glutamyl-l-cysteinyl-glycyl)-spermidine
c05731,3-ketosucrose; 3-dehydro-alpha-d-glucosyl-beta-d-fructofuranoside
c05737,maltose 6-phosphate
c05744,acetoacetyl-[acp]; acetoacetyl-[acyl-carrier protein]
c05745,butyryl-[acp]; butyryl-[acyl-carrier protein]; butanoyl-[acp]
c05746,3-oxohexanoyl-[acp]; 3-oxohexanoyl-[acyl-carrier protein]
c05747,(3r)-3-hydroxyhexanoyl-[acyl-carrier protein]; (r)-3-hydroxyhexanoyl-[acp]; (r)-3-hydroxyhexanoyl-[acyl-carrier protein]; d-3-hydroxyhexanoyl-[acp]; d-3-hydroxyhexanoyl-[acyl-carrier protein]
c05748,trans-hex-2-enoyl-[acp]; trans-hex-2-enoyl-[acyl-carrier protein]; (2e)-hexenoyl-[acp]
c05749,hexanoyl-[acp]; hexanoyl-[acyl-carrier protein]
c05750,3-oxooctanoyl-[acp]; 3-oxooctanoyl-[acyl-carrier protein]
c05751,trans-oct-2-enoyl-[acp]; trans-oct-2-enoyl-[acyl-carrier protein]; oct-2-enoyl-[acyl-carrier protein]; 2-octenoyl-[acyl-carrier protein]; (2e)-octenoyl-[acp]
c05752,octanoyl-[acp]; octanoyl-[acyl-carrier protein]
c05753,3-oxodecanoyl-[acp]; 3-oxodecanoyl-[acyl-carrier protein]
c05754,trans-dec-2-enoyl-[acp]; trans-dec-2-enoyl-[acyl-carrier protein]; trans-2-decenoyl-[acyl-carrier protein]; (2e)-decenoyl-[acp]
c05755,decanoyl-[acp]; decanoyl-[acyl-carrier protein]
c05756,3-oxododecanoyl-[acp]; 3-oxododecanoyl-[acyl-carrier protein]
c05757,(3r)-3-hydroxydodecanoyl-[acyl-carrier protein]; (r)-3-hydroxydodecanoyl-[acp]; (r)-3-hydroxydodecanoyl-[acyl-carrier protein]; d-3-hydroxydodecanoyl-[acp]; d-3-hydroxydodecanoyl-[acyl-carrier protein]
c05758,trans-dodec-2-enoyl-[acp]; trans-dodec-2-enoyl-[acyl-carrier protein]; (2e)-dodecenoyl-[acp]
c05759,3-oxotetradecanoyl-[acp]; 3-oxotetradecanoyl-[acyl-carrier protein]
c05760,trans-tetradec-2-enoyl-[acp]; trans-tetradec-2-enoyl-[acyl-carrier protein]; (2e)-tetradecenoyl-[acp]
c05761,tetradecanoyl-[acp]; tetradecanoyl-[acyl-carrier protein]; myristoyl-[acyl-carrier protein]
c05762,3-oxohexadecanoyl-[acp]; 3-oxohexadecanoyl-[acyl-carrier protein]
c05763,trans-hexadec-2-enoyl-[acp]; trans-hexadec-2-enoyl-[acyl-carrier protein]; (2e)-hexadecenoyl-[acp]
c05764,hexadecanoyl-[acp]; hexadecanoyl-[acyl-carrier protein]; palmitoyl-[acyl-carrier protein]
c05765,l-glutamyl 1-phosphate; alpha-l-glutamyl phosphate
c05766,uroporphyrinogen i
c05767,uroporphyrin i
c05768,coproporphyrinogen i
c05769,coproporphyrin i
c05770,coproporphyrin iii
c05771,1-aminopropan-2-ol; 1-amino-2-propanol
c05772,precorrin 3a
c05773,cobyrinate; cobyrinic acid; cob(ii)yrinate; cob(ii)yrinic acid
c05774,cobinamide; cob(i)inamide
c05775,"alpha-ribazole; n1-(alpha-d-ribosyl)-5,6-dimethylbenzimidazole"
c05776,vitamin b12; cobalamin (iii); cob(iii)alamin
c05777,coenzyme f430; factor f430
c05778,sirohydrochlorin
c05779,apoferritin
c05780,apotransferrin
c05781,oxyhemoglobin
c05782,myoglobin
c05783,cytochrome a
c05784,catalase
c05785,peroxidase
c05786,(3z)-phycocyanobilin
c05787,bilirubin beta-diglucuronide; bilirubin-bisglucuronoside
c05789,l-urobilinogen; l-stercobilinogen; stercobilinogen
c05790,i-urobilinogen; mesobilirubinogen; urobilinogen
c05791,d-urobilinogen
c05793,l-urobilin; l-stercobilin; stercobilin
c05794,urobilin; i-urobilin
c05795,d-urobilin
c05796,galactan
c05797,pheophytin a
c05798,bacteriopheophytin; bacteriopheophytin a
c05799,bacteriochlorophylls
c05800,2-hexaprenylphenol
c05801,2-hexaprenyl-6-hydroxyphenol; 3-hexaprenylcatechol
c05802,2-hexaprenyl-6-methoxyphenol
c05803,"2-hexaprenyl-6-methoxy-1,4-benzoquinone"
c05804,"2-hexaprenyl-3-methyl-6-methoxy-1,4-benzoquinone"
c05805,"2-hexaprenyl-3-methyl-5-hydroxy-6-methoxy-1,4-benzoquinone"
c05807,2-polyprenylphenol; 2-(all-trans-polyprenyl)phenol
c05808,5-hydroxy-2-polyprenylphenol
c05809,3-octaprenyl-4-hydroxybenzoate; 4-hydroxy-3-octaprenylbenzoate
c05810,2-octaprenylphenol
c05811,2-octaprenyl-6-hydroxyphenol; 3-octaprenylcatechol
c05812,2-octaprenyl-6-methoxyphenol
c05813,"2-octaprenyl-6-methoxy-1,4-benzoquinone"
c05814,"2-octaprenyl-3-methyl-6-methoxy-1,4-benzoquinone"
c05815,"2-octaprenyl-3-methyl-5-hydroxy-6-methoxy-1,4-benzoquinone"
c05817,"(1r,6r)-6-hydroxy-2-succinylcyclohexa-2,4-diene-1-carboxylate; (1r,6r)-2-succinyl-6-hydroxy-2,4-cyclohexadiene-1-carboxylate; shchc"
c05818,2-demethylmenaquinone; demethylmenaquinone
c05819,menaquinol; reduced menaquinone; vitamin k2 hydroquinone; reduced vitamin k2
c05820,(l-seryl)adenylate; l-seryl-adenylate
c05821,"enterochelin; enterobactin; tri-(2,3-dihydroxy-n-benzoyl-l-serine)-ester; tri-(n-(2,3-dihydroxybenzoyl)-l-serine)-ester"
c05822,3'-cmp; cytidine 3'-phosphate
c05823,3-mercaptolactate; l-3-mercaptolactate; (r)-3-mercaptolactate
c05824,s-sulfo-l-cysteine
c05825,2-amino-5-oxohexanoate
c05827,methylimidazole acetaldehyde; 1-methylimidazole-4-acetaldehyde; methylimidazoleacetaldehyde
c05828,methylimidazoleacetic acid; tele-methylimidazoleacetic acid; 1-methyl-4-imidazoleacetic acid; 1-methylimidazole-4-acetate; methylimidazoleacetate
c05829,n-carbamyl-l-glutamate; carglumic acid
c05830,8-methoxykynurenate; xanthurenic acid 8-methyl ether
c05831,3-methoxyanthranilate; 3-methoxyanthranilic acid
c05832,5-hydroxyindoleacetylglycine
c05834,3-methyldioxyindole; 3-hydroxy-3-methyloxindole
c05835,2-formaminobenzoylacetate
c05837,glucobrassicin; indolylmethyl glucosinolate
c05838,cis-2-hydroxycinnamate; 2-coumarinate
c05839,cis-beta-d-glucosyl-2-hydroxycinnamate; beta-d-glucosyl-2-coumarinate
c05840,iminoaspartate; iminoaspartic acid; iminosuccinate; 2-iminosuccinate; 2-iminobutanedioic acid
c05841,nicotinate d-ribonucleoside; beta-d-ribosylnicotinate
c05842,n1-methyl-2-pyridone-5-carboxamide; n'-methyl-2-pyridone-5-carboxamide; 1-methyl-5-carboxylamide-2-pyridone
c05843,n1-methyl-4-pyridone-5-carboxamide; n'-methyl-4-pyridone-5-carboxamide; 1-methyl-4-pyridone-3-carboximide
c05844,5-l-glutamyl-taurine; 5-glutamyl-taurine; glutaurine
c05847,all-trans-polyprenyl diphosphate; polyisopentenylpyrophosphate; polyisopentenyldiphosphate; trans-polyisopentenyldiphosphate; polyprenyl diphosphate
c05848,4-hydroxy-3-polyprenylbenzoate; 4-hydroxy-3-all-trans-polyprenylbenzoate; 3-polyprenyl-4-hydroxybenzoate
c05849,"vitamin k1 epoxide; (2,3-epoxyphytyl)menaquinone; 2,3-epoxy-2,3-dihydro-2-methyl-3-phytyl-1,4-naphthoquinone; 2,3-epoxyphylloquinone; 1a,7a-dihydro-1a-methyl-7a-(3,7,11,15-tetramethyl-2-hexadecenyl)-naphth[2,3-b]oxirene-2,7-dione; phylloquinone oxide; phylloquinone epoxide; phylloquinone-2,3-epoxide; vitamin k1 2,3-epoxide; vitamin k1 oxide"
c05850,reduced vitamin k; vitamin k hydroquinone
c05851,"coumarin; coumarine; cumarin; 2h-1-benzopyran-2-one; 1,2-benzopyrone; 2-propenoic acid, 3-(2-hydroxyphenyl)-, delta-lactone; 5,6-benzo-2-pyrone; benzo-alpha-pyrone; cis-o-coumarinic acid lactone; coumarinic anhydride; o-hydroxycinnamic acid lactone; rattex; tonka bean camphor"
c05852,2-hydroxyphenylacetate; 2-hydroxyphenylacetic acid
c05853,phenylethyl alcohol; phenethyl alcohol; 2-phenylethanol
c05855,4-hydroxycinnamyl alcohol 4-d-glucoside; p-coumaryl alcohol 4-o-glucoside
c05856,thiamine aldehyde; thiamin aldehyde
c05859,"ditrans,polycis-polyprenyl diphosphate; dehydrodolichol diphosphate; dehydrodolichyl diphosphate"
c05860,"beta-d-mannosyldiacetylchitobiosyldiphosphodolichol; beta-1,4-d-mannosylchitobiosyldiphosphodolichol; man-beta1->4glcnac-beta1->4glcnac-pp-dol"
c05861,"alpha-d-mannosyl-beta-d-mannosyl-diacetylchitobiosyldiphosphodolichol; alpha-1,3-d-mannosyl-beta-1,4-d-mannosylchitobiosyldiphosphodolichol; man-alpha1->3man-beta1->4glcnac-beta1->4glcnac-pp-dol"
c05864,(alpha-d-mannosyl)4-beta-d-mannosyl-diacetylchitobiosyldiphosphodolichol
c05868,(alpha-d-mannosyl)8-beta-d-mannosyl-diacetylchitobiosyldiphosphodolichol
c05892,udp-n-acetylmuramoyl-l-alanyl-gamma-d-glutamyl-l-lysine; udp-n-acetylmuramoyl-l-alanyl-d-glutamyl-l-lysine; udp-n-acetyl-alpha-d-muramoyl-l-alanyl-gamma-d-glutamyl-l-lysine
c05893,"undecaprenyl-diphospho-n-acetylmuramoyl-(n-acetylglucosamine)-l-alanyl-gamma-d-glutamyl-l-lysyl-d-alanyl-d-alanine; glcnac-(1->4)-mur2ac(oyl-l-ala-gamma-d-glu-l-lys-d-ala-d-ala)-diphosphoundecaprenol; glcnac-(1->4)-murnac(oyl-l-ala-gamma-d-glu-l-lys-d-ala-d-ala)-diphosphoundecaprenol; beta-d-glcnac-(1->4)-mur2ac(oyl-l-ala-gamma-d-glu-l-lys-d-ala-d-ala)-diphospho-ditrans,octacis-undecaprenol"
c05894,"undecaprenyl-diphospho-n-acetylmuramoyl-(n-acetylglucosamine)-l-alanyl-d-isoglutaminyl-l-lysyl-d-alanyl-d-alanine; beta-d-glcnac-(1->4)-murnac-l-ala-gamma-d-o-p-glu-l-lys-d-ala-d-ala-diphospho-ditrans,octacis-undecaprenol"
c05895,undecaprenyl-diphospho-n-acetylmuramoyl-(n-acetylglucosamine)-l-alanyl-d-isoglutaminyl-l-lysyl-(glycyl)5-d-alanyl-d-alanine
c05896,crosslinked peptidoglycan
c05897,"undecaprenyl-diphospho-n-acetylmuramoyl-l-alanyl-d-glutamyl-meso-2,6-diaminopimeloyl-d-alanyl-d-alanine"
c05898,"undecaprenyl-diphospho-n-acetylmuramoyl-(n-acetylglucosamine)-l-alanyl-d-glutamyl-meso-2,6-diaminopimeloyl-d-alanyl-d-alanine"
c05901,"piceatannol; 3,3',4'5-tetrahydroxystilbene"
c05902,3-methoxyapigenin; 3-o-methylkaempferol
c05903,"kaempferol; 3,4',5,7-tetrahydroxyflavone; 3,5,7-trihydroxy-2-(4-hydroxyphenyl)-4h-1-benzopyran-4-one; 5,7,4'-trihydroxyflavonol; c.i. 75640; indigo yellow; kaempherol; kempferol; nimbecetin; pelargidenolon; populnetin; rhamnolutein; rhamnolutin; robigenin; swartziol; trifolitin"
c05904,"pelargonidin; 3,5,7-trihydroxy-2-(4-hydroxyphenyl)benzopyrylium chloride; 3,4',5,7-tetrahydroxyflavylium chloride; pelargonidin chloride; pelargonidol chloride"
c05905,"cyanidin; 3,3',4',5,7-pentahydroxyflavylium chloride; chlorure de 3,3',4',5,7-pentahydroxyflavylium; 3,3',4',5,7-pentahydroxyflavyliumchlorid; 2-(3,4-dihydroxyphenyl)-3,5,7-trihydroxy-1-benzopyrylium chloride; 3,3',4',5,7-pentahydroxy-2-phenylbenzopyrylium chloride; cyanidin chloride; cyanidine; cyanidol; cyanidol chloride; idb 1027"
c05906,"leucocyanidin; 2-(3,4-dihydroxyphenyl)-3,4-dihydro-2h-1-benzopyran-3,4,5,7-tetrol; 3,3',4,4',5,7-flavanhexol; 3,4-cyanidiol; leucoanthocyanidol; leucocianidol; leucocyanidol; leukocyanidine; procyanidol; resivit; 2,3-trans-3,4-cis-leucocyanidin"
c05907,luteoforol; 3-deoxyleucocyanidin
c05908,"delphinidin; 3,5,7-trihydroxy-2-(3,4,5-trihydroxyphenyl)benzopyrylium chloride; chlorure de 3,5,7-trihydroxy-2-(3,4,5-trihydroxyphenyl)benzopyrylium; 3,5,7-trihydroxy-2-(3,4,5-trihydroxyphenyl)benzopyryliumchlorid; 3,3',4',5,5',7-hexahydroxy-2-phenylbenzopyrylium chloride; 3,3',4',5,5',7-hexahydroxyflavylium chloride; delfinidol chloride; delphinidin chloride; delphinidine; delphinidol; ephdine; idb 1056"
c05909,leucodelphinidin
c05911,pentahydroxyflavanone; dihydrotricetin
c05912,(3z)-phycoerythrobilin
c05913,(3z)-phytochromobilin
c05914,bathorhodopsin
c05915,lumirhodopsin
c05916,metarhodopsin
c05917,iodopsin
c05918,"all-trans-dehydroretinal; dehydroretinaldehyde; dehydroretinaldehyd; (all-e)-3,7-dimethyl-9-(2,6,6-trimethyl-1,3-cyclohexadien-1-yl)-2,4,6,8-nonatetraenal; alpha-retinene; 3,4-didehydroretinal; 3-dehydroretinal; all-trans-3-dehydroretinal; 3-dehydroretinaldehyde; all-trans-3,4-dehydroretinal; dehydroretinal; retinene 2; trans-3-dehydroretinal; vitamin a2 aldehyde"
c05919,11-cis-dehydroretinal
c05920,porphyropsin
c05921,biotinyl-5'-amp
c05922,formamidopyrimidine nucleoside triphosphate
c05923,"2,5-diaminopyrimidine nucleoside triphosphate"
c05924,molybdopterin; pyranopterin; h2dtpp-mp
c05925,"dihydroneopterin phosphate; 2-amino-4-hydroxy-6-(erythro-1,2,3-trihydroxypropyl)dihydropteridine phosphate; 7,8-dihydroneopterin 3'-phosphate"
c05926,"neopterin; [s-(r*,s*)]-2-amino-6-(1,2,3-trihydroxypropyl)-1h-pteridin-4-one; [s-(r*,s*)]-2-amino-6-(1,2,3-trihydroxypropyl)-1h-pteridine-4-one; [s-(r*,s*)]-2-amino-6-(1,2,3-trihydroxypropyl)-1h-pteridin-4-on; 6-(d-erythro-1,2,3-trihydroxypropyl)pterin; 6-d-erythro-neopterin; d-erythro-neopterin; d-neopterin"
c05927,"7,8-dihydromethanopterin"
c05928,(6r)-10-formyltetrahydropteroyldiglutamate; 10-formyl-thf-l-glutamate; (6r)-10-hco-h4pteglu2
c05929,10-formyltetrahydrofolylpolyglutamate; 10-formyl-thf-polyglutamate
c05931,n-succinyl-l-glutamate; (2s)-2-(3-carboxypropanoylamino)pentanedioic acid
c05932,n-succinyl-l-glutamate 5-semialdehyde; (2s)-2-(3-carboxypropanoylamino)-5-oxopentanoic acid
c05933,n(omega)-hydroxyarginine; n(omega)-hydroxy-l-arginine
c05936,n4-acetylaminobutanal; 4-acetamidobutanal
c05938,l-4-hydroxyglutamate semialdehyde
c05939,linatine; n-(gamma-l-glutamyl)amino-d-proline
c05941,2-oxo-4-hydroxy-5-aminovalerate
c05942,pyrrole-2-carboxylate
c05944,"pantothenol; (r)-2,4-dihydroxy-n-(3-hydroxypropyl)-3,3-dimethylbutanamide; dexpanthenol; 2,4-dihydroxy-n-(3-hydroxypropyl)-3,3-dimethylbutanamide; (+)-panthenol; bepanthen; bepanthene; bepantol; d-(+)-2,4-dihydroxy-n-(3-hydroxypropyl)-3,3-dimethylbutyramide; cozyme; d(+)-panthenol; d(+)-pantothenyl alcohol; d-p-a injection; d-panthenol; d-pantothenol; d-pantothenyl alcohol; ilopan; motilyn; panadon; panthenol; panthoderm; pantol; pantothenyl alcohol; n-pantoyl-propanolamine; provitamin b; synapan; thenalton; zentinic"
c05945,l-arginine phosphate; n5-[imino(phosphonoamino)methyl]l-ornithine; omega-n-phosphoarginine; arginine phosphate; l-arginine-ng-phosphoric acid; phosphoarginine a; n-phospho-l-arginine; n(omega)-phospho-l-arginine; phosphoarginine
c05946,(4r)-4-hydroxy-2-oxoglutarate; (r)-2-hydroxy-4-oxopentanedioate; d-4-hydroxy-2-oxoglutarate
c05947,l-erythro-4-hydroxyglutamate; erythro-4-hydroxy-l-glutamate
c05949,"12-keto-leukotriene b4; 12-keto-ltb4; 5-hydroxy-12-oxo-delta5,8,11,14-eicosapolyenoic acid"
c05950,"20-cooh-leukotriene b4; 20-cooh-ltb4; 20-carboxy-leukotriene b4; 5,12-dihydroxy-delta5,8,11,14-eicosapolyendioic acid"
c05951,leukotriene d4; ltd4
c05952,"leukotriene e4; lte4; (7e,9e,11z,14z)-(5s,6r)-6-(cystein-s-yl)-5-hydroxyeicosa-7,9,11,14-tetraenoate; (7e,9e,11z,14z)-(5s,6r)-6-(cystein-s-yl)-5-hydroxyicosa-7,9,11,14-tetraenoate"
c05953,prostaglandin a2; pga2; medullin
c05954,prostaglandin b2; pgb2
c05955,prostaglandin c2; pgc2
c05956,prostaglandin g2; pgg2
c05957,prostaglandin j2; pgj2
c05958,delta-12-prostaglandin j2; delta-12-pgj2
c05959,11-epi-prostaglandin f2alpha; 11-epi-prostaglandin f2a; 11-epi-pgf2alpha; 11-epi-pgf2a
c05960,15-keto-prostaglandin f2alpha; 15-keto-prostaglandin f2a; 15-keto-pgf2alpha; 15-keto-pgf2a
c05961,6-keto-prostaglandin f1alpha; 6-keto-prostaglandin f1a; 6-keto-pgf1alpha; 6-keto-pgf1a
c05962,6-keto-prostaglandin e1; 6-keto-pge1
c05963,thromboxane b2; txb2
c05964,11-dehydro-thromboxane b2
c05965,"12(s)-hpete; (5z,8z,10e,14z)-(12s)-12-hydroperoxyicosa-5,8,10,14-tetraenoic acid; (5z,8z,10e,14z)-(12s)-12-hydroperoxyicosa-5,8,10,14-tetraenoate; 12-hydroperoxyeicosatetraenoate; 12-hydroperoxyicosatetraenoate; 12-hydroperoxyeicosatetraenoic acid; 12-hydroperoxyicosatetraenoic acid"
c05966,"15(s)-hpete; (5z,8z,11z,13e)-(15s)-15-hydroperoxyicosa-5,8,11,13-tetraenoic acid; 15-hydroperoxyeicosatetraenoate; 15-hydroperoxyicosatetraenoate; 15-hydroperoxyeicosatetraenoic acid; 15-hydroperoxyicosatetraenoic acid; (5z,8z,11z,13e)-(15s)-15-hydroperoxyicosa-5,8,11,13-tetraenoate"
c05973,2-acyl-sn-glycero-3-phosphoethanolamine; l-1-lysophosphatidylethanolamine; o-(2-acyl-sn-glycero-3-phospho)-ethanolamine
c05974,2-acyl-sn-glycero-3-phosphoserine; 2-acyl-1-lyso-phosphatidylserine
c05976,aminoacyl-phosphatidylglycerol
c05977,2-acyl-1-alkyl-sn-glycero-3-phosphate; 1-alkyl-2-acyl-sn-glycerol 3-phosphate
c05979,propane-1-ol; propanol; 1-propanol; propan-1-ol; propyl alcohol; 1-hydroxypropane; ethylcarbinol; n-propanol; n-propyl alcohol; optal; osmosol extra; un 1274
c05980,"cardiolipin; diphosphatidylglycerol; 1',3'-bis(1,2-diacyl-sn-glycero-3-phospho)-sn-glycerol"
c05981,"phosphatidylinositol-3,4,5-trisphosphate; 1-phosphatidyl-1d-myo-inositol 3,4,5-trisphosphate; 1,2-diacyl-sn-glycero-3-phospho-(1'-myo-inositol-3',4',5'-bisphosphate)"
c05983,propionyladenylate; propionyl-adenosine monophosphate
c05984,2-hydroxybutanoic acid; 2-hydroxybutyrate; 2-hydroxybutyric acid; (s)-2-hydroxybutanoate; (2s)-2-hydroxybutanoic acid
c05985,2-propynal; 2-propyn-1-al; propiolaldehyde
c05986,2-propyn-1-ol; prop-2-yn-1-ol; prop-2-yne-1-ol; prop-2-in-1-ol; 1-hydroxy-2-propyne; 1-propyn-3-ol; 1-propyn-3-yl alcohol; 2-propynol; 2-propynyl alcohol; 3-hydroxy-1-propyne; 3-propynol; ethynylcarbinol; na 1986; propargyl alcohol; propynyl alcohol
c05989,3-oxopropionyl-coa; 3-oxopropanoyl-coa; malonyl semialdehyde-coa
c05990,isoscoparine; isoscoparin; c-glucosyl-6 chrysoeriol; chrysoeriol 6-c-glucoside
c05993,acetyl adenylate; 5'-acetylphosphoadenosine
c05994,"2-propylmalate; 2-propylmalic acid; malic acid, 2-propyl-"
c05995,7-hydroxy-6-methyl-8-ribityllumazine; 7-oxolumazine; 6-methyl-7-oxo-8-ribityllumazine
c05996,branched chain fatty acid
c05998,3-hydroxyisovaleryl-coa; 3-hydroxyisovaleryl coenzyme a; 3-hydroxy-3-methylbutanoyl-coa
c05999,lactaldehyde; 2-hydroxypropionaldehyde; 2-hydroxypropanal
c06000,(s)-3-hydroxyisobutyryl-coa; (s)-3-hydroxyisobutanoyl-coa; (s)-3-hydroxy-2-methylpropanoyl-coa
c06001,(s)-3-hydroxyisobutyrate
c06002,(s)-methylmalonate semialdehyde
c06006,(s)-2-aceto-2-hydroxybutanoate; (s)-2-hydroxy-2-ethyl-3-oxobutanoate; (2s)-2-ethyl-2-hydroxy-3-oxobutanoic acid
c06007,"(r)-2,3-dihydroxy-3-methylpentanoate; (r)-2,3-dihydroxy-3-methylvalerate; (2r,3r)-2,3-dihydroxy-3-methylpentanoate; (2r,3r)-2,3-dihydroxy-3-methylpentanoic acid"
c06008,(3r)-3-methyl-2-oxopentanoic acid; (r)-2-oxo-3-methylpentanoic acid; (r)-2-oxo-3-methylpentanoate
c06010,(s)-2-acetolactate; (s)-2-hydroxy-2-methyl-3-oxobutanoate; (2s)-2-hydroxy-2-methyl-3-oxobutanoate; (2s)-2-hydroxy-2-methyl-3-oxobutanoic acid
c06011,benzenamine sulfate
c06016,pentosan
c06017,dtdp-d-glucuronate
c06018,"dtdp-4-acetamido-4,6-dideoxy-d-glucose; dtdp-4-acetamido-4,6-dideoxy-alpha-d-glucose; dtdp-n-acetylviosamine"
c06019,d-arabino-hex-3-ulose 6-phosphate; d-arabino-3-hexulose 6-phosphate; d-arabino-6-phospho-hex-3-ulose
c06020,methyl-co(iii) corrinoid protein; methylcorrinoid; methylcorrinoid protein; corrinoid protein co2+-ch3
c06021,co(i) corrinoid protein; corrinoid; corrinoid protein; corrinoid protein co+
c06022,udp-3-o-(3-hydroxytetradecanoyl)-d-glucosamine; udp-3-o-(beta-hydroxymyristoyl)-d-glucosamine; udp-3-o-[(3r)-3-hydroxymyristoyl]-d-glucosamine; udp-3-o-[(3r)-3-hydroxymyristoyl]-alpha-d-glucosamine
c06023,d-glucosaminide; chitosan oligosaccharide
c06024,"3-deoxy-d-manno-octulosonyl-lipid iv(a); kdo-lipid iv(a); 3-deoxy-d-manno-octulosonyl-2',3',2',3'-tetrakis(beta-hydroxymyristoyl)-d-glucosaminyl-1,6-beta-d-glucosamine 1,4'-bisphosphate; alpha-kdo-(2->6)-[lipid iva]"
c06025,kdo2-lipid iva; di[3-deoxy-d-manno-octulosonyl]-lipid iv(a); kdo2-lipid iv(a); alpha-kdo-(2->4)-alpha-kdo-(2->6)-[lipid iva]
c06026,kdo2-lipid a; di[3-deoxy-d-manno-octulosonyl]-lipid a; alpha-kdo-(2->4)-alpha-kdo-(2->6)-lipid a; dodecanoyl-(tetradecanoyl)-kdo2-lipid iv(a)
c06027,"l-erythro-3-methylmalyl-coa; beta-methylmalyl-coa; (2r,3s)-2-methylmalyl-coa; l-erythro-beta-methylmalyl-coa; (2r,3s)-2-methyl-3-carboxy-3-hydroxypropanoyl-coa"
c06028,2-methylfumaryl-coa; mesaconyl-coa; mesaconyl-c1-coa; (e)-3-carboxy-2-methylprop-2-enoyl-coa
c06029,l-threo-3-methylmalate
c06030,methyloxaloacetate
c06031,d-threo-3-methylmalate
c06032,"d-erythro-3-methylmalate; (2r,3s)-3-methylmalate"
c06033,parapyruvate; 4-hydroxy-4-methyl-2-oxoglutarate
c06034,4-hydroxy-4-methylglutamate
c06035,4-methylene-2-oxoglutarate; 2-methylidene-4-oxopentanedioic acid; 4-carboxy-2-oxo-4-pentenoate; 4-methylene-2-oxoglutaric acid
c06036,"trigalactosyl-diacylglycerol; tgdg; gal-alpha1->6gal-alpha1->6galii-beta1->3acyl2gro; galalpha1->6galalpha1->6galiibeta1->3acyl2gro; 1,2-diacyl-3-o-(alpha-d-galactosyl(1->6)-o-alpha-d-galactosyl(1->6)-o-beta-d-galactosyl)-sn-glycerol; 3-[alpha-d-galactosyl-(1->6)-alpha-d-galactosyl-(1->6)-beta-d-galactosyl]-1,2-diacyl-sn-glycerol; 1,2-diacyl-3-o-[alpha-d-galactopyranosyl(1->6)-o-alpha-d-galactopyranosyl(1->6)-o-beta-d-galactopyranosyl]-sn-glycerol"
c06037,"digalactosyl-diacylglycerol; dgdg; gal-alpha1->6gal-beta1->3acyl2gro; galalpha1->6galbeta1->3acyl2gro; 1,2-diacyl-3-o-[alpha-d-galactosyl-(1->6)-beta-d-galactosyl]-sn-glycerol; 3-[alpha-d-galactosyl-(1->6)-beta-d-galactosyl]-1,2-diacyl-sn-glycerol; 2,3-di-o-acyl-1-o-(6-o-alpha-d-galactosyl-beta-d-galactosyl)-d-glycerol"
c06038,"acyl1-monogalactosyl-diacylglycerol; acylmono-beta-d-galactosyldiacylglycerol; acyl1->6gal-beta1->3acyl2gro; acyl1->6galbeta1->3acyl2gro; 1,2-diacyl-3-o-(acyl(1->6)-o-beta-d-galactosyl)-sn-glycerol"
c06040,"diglucosyldiacylglycerol; beta-gentiobiosyldiacylglycerol; glc-beta1->6glc-beta1->3acyl2gro; glcbeta1->6glcbeta1->3acyl2gro; 1,2-diacyl-3-o-[beta-d-glucopyranosyl-(1->6)-o-beta-d-glucopyranosyl]-sn-glycerol"
c06041,glycerophosphoglycoglycerolipid; (sn-gro-1-p)->6glc-beta1->6glc-beta1->3acyl2gro; (sn-gro-1-p)->6glcbeta1->6glcbeta1->3acyl2gro
c06042,lipoteichoic acid; (sn-gro-1-p)25->6glc-alpha1->2glc-alpha1->3acyl2gro
c06044,4-hydroxyphenylethanol; tyrosol
c06046,salidroside; p-hydroxyphenethyl alcohol 1-o-beta-d-glucoside; tyrosol glucoside
c06047,stizolobate; stizolobic acid
c06048,stizolobinate; stizolobinic acid
c06049,n-formylderivatives
c06050,2-methyl-3-hydroxy-5-formylpyridine-4-carboxylate; 5-formyl-3-hydroxy-2-methylpyridine-4-carboxylate
c06051,isopyridoxal
c06052,5-pyridoxolactone
c06054,2-oxo-3-hydroxy-4-phosphobutanoate; alpha-keto-3-hydroxy-4-phosphobutyrate; (3r)-3-hydroxy-2-oxo-4-phosphonooxybutanoate; (3r)-3-hydroxy-2-oxo-4-phosphooxybutanoate
c06055,o-phospho-4-hydroxy-l-threonine; 4-(phosphonooxy)-threonine; 4-(phosphonooxy)-l-threonine; 4-phosphooxy-l-threonine
c06056,4-hydroxy-l-threonine; hydroxythreonine
c06057,"3-aminopropane-1,2-diol; (r)-3-amino-1,2-propanediol"
c06058,nitroalkane
c06059,cyclic amidine
c06060,amidine
c06062,ceramide phosphoethanolamine
c06066,"4,5-dihydro-5,5-dimethyl-4-(3-oxobutyl)furan-2(3h)-one"
c06067,dimethylallyltryptophan; 4-dimethylallyltryptophan
c06068,elymoclavine; dihydrolysergol
c06069,iridodial; cis-trans-iridodial
c06070,"iridotrial; (1s,2r,3s)-2-formyl-alpha-(hydroxymethylene)-3-methylcyclopentaneacetaldehyde"
c06071,deoxyloganin; 7-deoxyloganin
c06074,myrcene; beta-myrcene
c06075,terpinolene
c06076,camphene; comphene
c06077,pinene
c06078,limonene; dipentene; dl-limonene; cajeputene; kautschin
c06079,pr-toxin; pr toxin
c06080,nivalenol
c06081,"polyprenol; ditrans,polycis-polyprenol"
c06082,abscisate; abscisic acid; (+)-abscisic acid; aba
c06083,tetrahymanol
c06084,hopanoid
c06085,triterpenoid
c06086,"pimaradiene; pimara-8(14),15-diene"
c06087,"abietate; abietic acid; abieta-7,13-dien-18-oate"
c06088,aphidicolin
c06089,ent-copalyl diphosphate; (-)-copalyl diphosphate
c06090,ent-kaurene; ent-kaur-16-ene
c06091,aconitine
c06092,veatchine
c06093,gibberellin a12 aldehyde
c06094,gibberellin a53
c06095,gibberellin a44 diacid; gibberellin a44 open lactone
c06096,gibberellin a29
c06098,"zeaxanthin; (3r,3'r)-beta,beta-carotene-3,3'-diol"
c06099,(r)-limonene; (+)-limonene; d-limonene; (4r)-1-methyl-4-(prop-1-en-2-yl)cyclohexene; (+)-(r)-limonene; (+)-(4r)-limonene
c06102,adipate semialdehyde; hexan-1-one-6-carboxylate; 6-oxohexanoate; 6-oxohexanoic acid
c06103,6-hydroxyhexanoic acid; 6-hydroxyhexanoate
c06104,"adipate; adipic acid; hexanedioate; hexan-1,6-dicarboxylate; hexanedioic acid"
c06105,"cyclohexane-1,2-dione"
c06108,fluoroacetate; fluoroacetic acid; cymonic acid; gifblaar poison; hfa; un 2642
c06109,cytochrome p-450 oxidized form
c06110,cytochrome p-450 reduced form
c06111,nerolidyl diphosphate; npp
c06112,l-glutamyl-trna(gln); glu-trna(gln); glutamyl-trna(gln)
c06113,l-aspartyl-trna(asn); asp-trna(asn); aspartyl-trna(asn)
c06114,gamma-glutamyl-beta-aminopropiononitrile; gamma-glutamyl-3-aminopropiononitrile
c06115,l-arabinofuranose
c06118,4-(4-deoxy-alpha-d-gluc-4-enuronosyl)-d-galacturonate; 4-(4-deoxy-alpha-d-galact-4-enuronosyl)-d-galacturonate; unsaturated digalacturonate
c06121,3-ketosphingosine
c06123,hexadecenal; 2-trans-hexadecenal; (2e)-hexadecenal
c06124,sphingosine 1-phosphate; sphing-4-enine 1-phosphate; s1p
c06125,sulfatide; galactosylceramide sulfate; cerebroside 3-sulfate
c06126,digalactosylceramide; galabiosylceramide; gal-alpha1->4gal-beta1->1'cer
c06127,digalactosylceramide sulfate
c06128,gm4; n-acetylneuraminyl-galactosylceramide; neu5ac-alpha2->3gal-beta1->1'cer
c06129,ceramidepentasaccharide
c06130,gal-alpha1->3(fuc-alpha1->2)gal-beta1->3glcnac-beta1->3laccer
c06131,fuc-alpha1->2gal-beta1->3glcnac-beta1->3gal-beta1->4glc-beta1-1'cer
c06132,type a glycolipid; galnac-alpha1->3(fuc-alpha1->2)gal-beta1->3glcnac-beta1->3laccer; galnac-alpha1->3(fuc-alpha1->2)gal-beta1->3glcnac-beta1->3gal-beta1->4glc-beta1->1'cer
c06133,"gd3; alpha-n-acetylneuraminyl-2,8-alpha-n-acetylneuraminyl-2,3-beta-d-galactosyl-1,4-beta-glucosyl-1,1'-ceramide; neuac-alpha2->8neuac-alpha2->3gal-beta1->4glc-beta1->1'cer; neuac-alpha2->8neuac2->3laccer"
c06134,gd2; galnac-beta1->4(neuac-alpha2->8neuac2->3)gal-beta1->4glc-beta1->1'cer; galnac-beta1->4(neuac-alpha2->8neuac2->3)laccer
c06135,ga2; galnac-beta1->4gal-beta1->4glc-beta1->1'cer; galnac-beta1->4laccer
c06136,ga1; gal-beta1->3galnac-beta1->4gal-beta1->4glc-beta1->1'cer; gal-beta1->3galnac-beta1->4laccer
c06138,gt1a; neu5ac-alpha2->8neu5ac-alpha2->3gal-beta1->3galnac-beta1->4(neu5ac-alpha2->3)gal-beta1->4glc-beta1->1'cer; neu5ac-alpha2->8neu5ac-alpha2->3gal-beta1->3galnac-beta1->4(neu5ac-alpha2->3)laccer
c06139,gq1; neu5ac-alpha2->8neu5ac-alpha2->3gal-beta1->3galnac-beta1->4(neu5ac-alpha2->8neu5ac-alpha2->3)gal-beta1->4glc-beta1->1'cer; neu5ac-alpha2->8neu5ac-alpha2->3gal-beta1->3galnac-beta1->4(neu5ac-alpha2->8neu5ac-alpha2->3)laccer
c06140,gt1b; neu5ac-alpha2->3gal-beta1->3galnac-beta1->4(neu5ac-alpha2->8neu5ac-alpha2->3)gal-beta1->4glc-beta1->1'cer; neu5ac-alpha2->3gal-beta1->3galnac-beta1->4(neu5ac-alpha2->8neu5ac-alpha2->3)laccer
c06141,gd1b; gal-beta1->3galnac-beta1->4(neu5ac-alpha2->8neu5ac-alpha2->3)gal-beta1->4glc-beta1->1'cer; gal-beta1->3galnac-beta1->4(neu5ac-alpha2->8neu5ac-alpha2->3)laccer
c06142,1-butanol; n-butanol; butan-1-ol
c06143,poly-beta-hydroxybutyrate
c06144,3-butynoate; but-3-ynoate
c06145,3-butyn-1-al
c06146,3-butyn-1-ol
c06148,"2,5-diamino-6-(5'-triphosphoryl-3',4'-trihydroxy-2'-oxopentyl)-amino-4-oxopyrimidine"
c06149,"6-(3'-triphosphoryl-1'-methylglyceryl)-7-methyl-7,8-dihydrobiopterin"
c06151,1l-chiro-inositol; (-)-inositol
c06152,muco-inositol
c06153,scyllo-inositol; scyllitol
c06155,myo-inositol 5-phosphate; 1d-myo-inositol 5-phosphate
c06156,alpha-d-glucosamine 1-phosphate; d-glucosamine 1-phosphate
c06157,[dihydrolipoyllysine-residue succinyltransferase] s-glutaryldihydrolipoyllysine; s-glutaryldihydrolipoamide-e
c06158,"d-fucono-1,4-lactone"
c06159,2-dehydro-3-deoxy-d-fuconate
c06160,"(s)-norcoclaurine; 6,7-dihydroxy-(1s)-[(4-hydroxyphenyl)methyl]-1,2,3,4-tetrahydroisoquinoline"
c06161,"(s)-coclaurine; coclaurine; (s)-1,2,3,4-tetrahydro-1-[(4-hydroxyphenyl)methyl]-6-methoxy-7-isoquinolinol; 1-(p-hydroxybenzyl)-6-methoxy-7-hydroxy-1,2,3,4-tetrahydroisoquinoline"
c06162,sanguinarine
c06163,(s)-cis-n-methylstylopine
c06165,macarpine
c06167,"1,2-dehydroreticuline; 1,2-dehydroreticulinium; 3,4-dihydro-7-hydroxy-1-[(3-hydroxy-4-methoxyphenyl)methyl]-6-methoxy-2-(methyl-14c)-isoquinolinium"
c06171,"codeinone; (5alpha)-7,8-didehydro-4,5-epoxy-3-methoxy-17-methylmorphinan-6-one"
c06172,neopinone
c06173,thebaine
c06174,"codeine; (5alpha,6alpha)-7,8-didehydro-4,5-epoxy-3-methoxy-17-methylmorphinan-6-ol"
c06175,oripavine
c06176,senecionine
c06177,retronecine
c06178,1-methylpyrrolinium; 1-methyl-delta(1)-pyrrolinium
c06179,hygrine; (+)-hygrine
c06180,anabasine
c06181,piperideine; 1-piperideine
c06182,pelletierine
c06183,l-(+)-anaferine; anapheline
c06184,n-methylpelletierine
c06185,slaframine; (-)-slaframine
c06186,arbutin; ursin; uvasol; hydroquinone-o-beta-d-glucopyranoside
c06187,arbutin 6-phosphate; arbutin-6p
c06188,salicin 6-phosphate; salicin-6p
c06189,"cyclic 2,3-bisphospho-d-glycerate; cyclic 2,3-diphospho-d-glycerate; cyclic glycerate-2,3p2; cdpg; cyclic 2,3-bisphosphoglycerate"
c06192,adp-mannose; apd-d-mannose
c06193,guanosine 3'-phosphate; 3'-gmp; 3'-guanylic acid; guo-3'-p; gp
c06194,"2',3'-cyclic gmp"
c06195,imidazolone; 4-imidazolone; imidazol-4-one
c06196,2'-deoxyinosine 5'-phosphate; dimp
c06197,"p1,p3-bis(5'-adenosyl) triphosphate; apppa; adenosine 5'-triphosphate 5'-adenosine"
c06198,"p1,p4-bis(5'-uridyl) tetraphosphate; uppppu"
c06199,hordenine; 4-[2-(dimethylamino)ethyl]phenol
c06201,"2,4-dihydroxyhept-2-enedioate; 2,4-dihydroxyhept-2-1,7-dioate; 2,4-dihydroxyhept-2-enedioic acid"
c06202,salicylaldehyde; o-hydroxybenzaldehyde; 2-hydroxybenzaldehyde
c06203,trans-o-hydroxybenzylidenepyruvate; (3e)-4-(2-hydroxyphenyl)-2-oxobut-3-enoate
c06204,2-hydroxychromene-2-carboxylate; 2-hydroxy-2h-chromene-2-carboxylate
c06205,"1,2-dihydronaphthalene-1,2-diol"
c06206,benzoyl phosphate
c06207,"2,6-dihydroxyphenylacetate"
c06210,"2-hydroxy-6-keto-2,4-heptadienoate; 2-hydroxy-6-oxo-hept-2,4-dienoate"
c06212,n-methylserotonin
c06213,n-methyltryptamine; n-methylindoleethylamine; 1-methyl-2-(3-indolyl)ethylamine
c06215,"levan; (2,6-beta-d-fructosyl)n; levan n; 2,6-beta-d-fructan; (2,6-beta-d-fructosyl)n+1"
c06216,celloheptaose
c06217,cellohexaose
c06218,cellopentaose
c06219,cellotriose
c06222,sedoheptulose 1-phosphate; altro-heptulose 1-phosphate
c06224,"3,4-dihydroxystyrene"
c06227,fe(iii)hydroxamate; fe(iii)hydroxamic acid
c06228,ferrichrome
c06229,fe(iii)dicitrate; iron(iii)dicitrate
c06230,fe-enterobactin; fe-enterochlin
c06231,"ectoine; l-ectoine; (4s)-2-methyl-1,4,5,6-tetrahydropyrimidine-4-carboxylate"
c06232,molybdate
c06234,4-methyl-l-glutamate
c06238,l-arabinose 1-phosphate
c06239,alpha-l-arabinose 1-phosphate
c06240,udp-n-acetyl-d-mannosaminouronate; udp-n-acetyl-2-amino-2-deoxy-d-mannuronate; udp-n-acetyl-d-mannosaminuronic acid; udp-n-acetyl-alpha-d-mannosaminuronate
c06241,n-acetylneuraminate 9-phosphate
c06244,acetamide
c06246,gla protein; peptidyl-4-carboxyglutamate
c06247,gla protein precursor; peptidyl-glutamate
c06248,d-ribose 1-diphosphate
c06249,apo-[carboxylase]; [biotin carboxyl-carrier protein]-l-lysine
c06250,holo-[carboxylase]; biotin-carboxyl-carrier protein; [biotin carboxyl-carrier protein]-biotin-n6-l-lysine; [biotin carboxyl-carrier protein]-n6-biotinyl-l-lysine
c06251,lauroyl-kdo2-lipid iv(a); dodecanoyl-kdo2-lipid iv(a)
c06254,lysophospholipid
c06255,2-oxopentanoic acid; 2-oxovalerate; 2-oxopentanoate; alpha-ketovaleric acid
c06257,1-deoxy-d-xylulose
c06258,globin
c06259,ferrocytochrome b
c06260,ferricytochrome b
c06262,phosphorus; p
c06263,silicon; si
c06264,aluminium; al
c06265,carbon; c
c06266,boron; b
c06267,vanadium; v
c06268,chromium; cr
c06269,arsenic; as
c06272,gal-beta1->3galnac-beta1->3gal-beta1->4glc-beta1->1'cer; ceramidetetrasaccharide (beta1->3); ceramidetetrahexoside (beta 1->3); paragloboside (beta 1->3)
c06273,gal-beta1->4galnac-beta1->3gal-beta1->4glc-beta1->1'cer; ceramidetetrasaccharide (beta 1->4); ceramidetetrahexoside (beta 1->4); paragloboside (beta 1->4)
c06297,neugc-alpha2->8neugc2->3gal-beta1->4glc-beta1->1'cer; neugc-alpha2->8neugc2->3laccer
c06299,neuac-alpha2->8neuac-alpha2->8neuac2->3laccer; neuac-alpha2->8neuac-alpha2->8neuac2->3gal-beta1->4glc-beta1->1'cer
c06300,neugc-alpha2->8neugc-alpha2->8neugc2->3laccer; neugc-alpha2->8neugc-alpha2->8neugc2->3gal-beta1->4glc-beta1->1'cer
c06302,galnac-beta1->4(neugc-alpha2->8neugc2->3)laccer; galnac-beta1->4(neugc-alpha2->8neugc2->3)gal-beta1->4glc-beta1->1'cer
c06304,(+)-camphene; (+)-comphene
c06305,(-)-camphene; (-)-comphene
c06306,"(+)-alpha-pinene; (1r,5r)-2,6,6-trimethylbicyclo[3.1.1]hept-2-ene"
c06307,"(-)-beta-pinene; (1s,5s)-6,6-dimethyl-2-methylenebicyclo[3.1.1]heptane"
c06308,"(-)-alpha-pinene; (1s,5s)-2,6,6-trimethylbicyclo[3.1.1]hept-2-ene"
c06309,diplopterol; 22-hopanol; hopan-22-ol
c06310,diploptene; 22(29)-hopene; hop-22(29)-ene
c06311,galactitol 1-phosphate; l-galactitol 1-phosphate; d-galactitol 6-phosphate
c06312,l-tagatose 6-phosphate
c06313,"biopterin; 2-amino-6-(1,2-dihydroxypropyl)-4(1h)-pteridinone"
c06314,"lipoxin a4; lxa4; 5s,6r,15s-trihydroxy-7e,9e,11z,13e-eicosatetraenoic acid; (7e,9e,11z,13e)-(5s,6r,15s)-5,6,15-trihydroxyicosa-7,9,11,13-tetraenoic acid"
c06315,"lipoxin b4; lxb4; 5s,14r,15s-trihydroxy-6e,8z,10e,12e-eicosatetraenoic acid; (6e,8z,10e,12e)-(5s,14r,15s)-trihydroxyicosa-6,8,10,12-tetraenoic acid"
c06316,"dehydro-d-arabinono-1,4-lactone; (5r)-3,4-dihydroxy-5-(hydroxymethyl)furan-2(5h)-one"
c06317,vanillyl alcohol; 4-hydroxy-3-methoxy-benzenemethanol; 4-hydroxy-3-methoxybenzyl alcohol; 4-hydroxy-3-methoxybenzenemethanol
c06318,"(3s,4r)-3,4-dihydroxycyclohexa-1,5-diene-1,4-dicarboxylate; (1r,6s)-dihydroxycyclohexa-2,4-diene-1,4-dicarboxylate; terephthalate-1,2-cis-dihydrodiol; cis-4,5-dihydroxycyclohexa-1(6),2-diene-1,4-dicarboxylate"
c06319,precorrin 6y; precorrin 6b
c06320,precorrin 6x; precorrin 6a
c06321,"(1r,6s)-1,6-dihydroxycyclohexa-2,4-diene-1-carboxylate; cis-1,2-dihydroxycyclohexa-3,5-diene-1-carboxylate; cis-1,6-dihydroxy-2,4-cyclohexadiene-1-carboxylic acid"
c06322,"cyclohexa-1,5-diene-1-carbonyl-coa; cyclohexa-1,5-dienecarbonyl-coa; s-1,5-cyclohexadiene-1-carboxylate coenzymea"
c06323,isoquinoline; 2-benzazine; benzo[c]pyridine
c06324,isocarbostyril; 1(2h)-isoquinolinone; isoquinolin-1(2h)-one
c06325,2-quinolinecarboxylic acid; quinaldinic acid; quinaldic acid; 2-quinolinecarboxylate; quinaldate
c06326,(2s)-2-{[1-(r)-carboxyethyl]amino}pentanoate
c06327,chelirubine
c06328,"6-chlorobenzene-1,2,4-triol; 6-chlorohydroxyquinol"
c06329,2-chloromaleylacetate
c06330,"quinoline-3,4-diol; 3,4-dihydroxyquinoline"
c06331,"2-methylquinoline-3,4-diol"
c06332,n-acetylanthranilate; 2-(acetylamino)-benzoic acid; n-acetylanthranilic acid
c06333,2-aminobenzenesulfonate; 2-aminobenzenesulfonic acid; o-aminobenzenesulfonic acid; orthanilic acid
c06334,metanilic acid; 3-aminobenzenesulfonate; 3-aminobenzenesulfonic acid; m-aminobenzenesulfonic acid
c06335,4-aminobenzenesulfonate; 4-aminobenzenesulfonic acid; p-aminobenzenesulfonic acid; sulfanilic acid
c06336,"3-sulfocatechol; 2,3-dihydroxybenzenesulfonate"
c06337,"terephthalate; terephthalic acid; 1,4-benzenedicarboxylic acid"
c06338,quinolin-2-ol; 2-quinolone; 2-hydroxyquinoline; 2-quinolinol
c06339,"2,5,6-trihydroxy-5,6-dihydroquinoline"
c06341,"7alpha,27-dihydroxycholesterol; cholest-5-ene-3beta,7alpha,26-triol; cholest-5-ene-3beta,7alpha,27-triol"
c06342,"quinolin-2,8-diol"
c06343,4-hydroxyquinoline; quinolin-4-ol
c06344,"3-methyl-quinolin-2,8-diol"
c06345,3-methyl-quinolin-2-ol
c06346,"(r,s)-norcoclaurine; norcoclaurine; 6,7-dihydroxy-1-[(4-hydroxyphenyl)methyl]-1,2,3,4-tetrahydroisoquinoline; higenamine"
c06347,"(r)-norcoclaurine; 6,7-dihydroxy-(1r)-[(4-hydroxyphenyl)methyl]-1,2,3,4-tetrahydroisoquinoline; (+)-demethylcoclaurine"
c06348,"(r,s)-coclaurine; dl-coclaurine; 6-methoxy-7-hydroxy-1-[(4-hydroxyphenyl)methyl]-1,2,3,4-tetrahydroisoquinoline; machiline"
c06349,"(r)-coclaurine; 6-methoxy-7-hydroxy-(1r)-[(4-hydroxyphenyl)methyl]-1,2,3,4-tetrahydroisoquinoline; (r)-1,2,3,4-tetrahydro-1-[(4-hydroxyphenyl)methyl]-6-methoxy-7-isoquinolinol"
c06350,"tetrahydropapaveroline; (r,s)-norlaudanosoline; norlaudanosoline"
c06351,(r)-norlaudanosoline; (r)-tetrahydropapaveroline
c06352,4-o-methyl-myo-inositol; 1d-4-o-methyl-myo-inositol
c06353,6-o-methyl-myo-inositol; 1d-6-o-methyl-myo-inositol
c06354,benzophenone; diphenyl ketone
c06355,"2,3',4,6-tetrahydroxybenzophenone"
c06356,"2,4,6-trihydroxybenzophenone; phenyl(2,4,6-trihydroxyphenyl)-methanone"
c06357,alkyl cinnamate
c06358,methyl cinnamate; 3-phenyl-2-propenoic acid methyl
c06359,ethyl cinnamate; 3-phenylpropenoic acid ethyl
c06360,propyl cinnamate; 3-phenylpropenoic acid propyl ester
c06361,"anthocyanidin-3,5-diglucoside; anthocyanidin 3,5-di-o-beta-d-glucoside"
c06363,anthocyanidin 3-glucoside-5-hydroxycinnamoylglucoside; anthocyanidin 3-o-beta-d-glucoside 5-o-beta-d-(6-o-4-hydroxycinnamoylglucoside)
c06364,"1,2-diacyl-3-alpha-d-glucosyl-sn-glycerol; 1,2-diacyl-3-o-(alpha-d-glucopyranosyl)-sn-glycerol"
c06365,"alpha-kojibiosyldiacylglycerol; glc-alpha1->2glc-alpha1->3acyl2gro; glcalpha1->2glcalpha1->3acyl2gro; 1,2-diacyl-3-o-[alpha-d-glucopyranosyl-(1->2)-o-alpha-d-glucopyranosyl]-sn-glycerol"
c06366,sym-homospermidine; homospermidine
c06367,1-carboxyvinyl carboxyphosphonate; carboxyphosphonoenolpyruvate
c06368,3-(hydrohydroxyphosphoryl)pyruvate; (hydroxyphosphinyl)pyruvate; 3-phosphinopyruvate
c06369,2-deoxy-d-glucose 6-phosphate
c06370,alpha-d-glucuronoside
c06371,lacto-n-tetraose; beta-d-gal-(1->3)-beta-d-glcnac-(1->3)-beta-d-gal-(1->4)-d-glc
c06372,lacto-n-biose; beta-d-gal-(1->3)-d-glcnac; beta-d-galactopyranosyl-(1->3)-n-acetyl-d-glucosamine
c06374,phthalylamide; phthalyl (n substituted) amide
c06376,n-acetyl-d-galactosamine 6-phosphate
c06377,d-galactosamine 6-phosphate
c06378,n-acyl-d-amino acid
c06379,n-acyl-d-glutamate
c06380,n-acyl-d-aspartate
c06381,methylenediurea
c06382,n-(carboxyaminomethyl)urea
c06383,n-(aminomethyl)urea
c06384,n-(hydroxymethyl)urea
c06385,dimethylenetriurea
c06386,trimethylenetetraurea
c06387,4-chlorobenzoyl-coa
c06388,2-aryl-2-methylmalonate
c06389,2-arylpropionate
c06390,"16alpha-hydroxypregnenolone; 3beta,16alpha-dihydroxypregn-5-en-20-one"
c06391,"algestone; 16alpha,17-dihydroxypregn-4-ene-3,20-dione"
c06392,"16,17-didehydropregnenolone"
c06393,"2,3-diaminopropanoate; 2,3-diaminopropionate; 2,3-diaminopropionic acid; 2,3-diaminopropanoic acid"
c06394,delta-cadinene; (+)-delta-cadinene
c06395,omega-agatoxin ivc; [protein]-l-serine
c06396,omega-agatoxin ivb; [protein]-d-serine
c06397,adp-d-glycero-beta-d-manno-heptose
c06398,adp-l-glycero-beta-d-manno-heptose
c06399,hydrogenobyrinate; hydrogenobyrinic acid
c06400,"1-alpha-d-[(1->4)-alpha-d-glucosyl](n-1)-alpha-d-glucopyranoside; 4-alpha-d-(1,4-alpha-d-glucanosyl)n trehalose; maltooligosyltrehalose"
c06403,"[ribulose-1,5-bisphosphate carboxylase]-l-lysine; [ribulose-bisphosphate carboxylase large chain]-l-lysine; [rbcl]-l-lysine"
c06404,"[ribulose-1,5-bisphosphate carboxylase]-n6,n6,n6-trimethyl-l-lysine; [ribulose-bisphosphate carboxylase large chain]-n6,n6,n6-trimethyl-l-lysine; [rbcl]-trimethyl-l-lysine"
c06406,precorrin 3b
c06407,precorrin 4
c06408,precorrin 8x; precorrin 8; precorrin-8x
c06409,[methionine synthase]-cob(ii)alamin
c06410,[methionine synthase]-methylcob(i)alamin
c06412,palmitoyl-protein
c06413,quinoline; benzo[b]pyridine
c06414,4-quinolinecarboxylic acid; quinoline-4-carboxylate; quinoline-4-carboxylic acid; cinchonic acid
c06415,2(1h)-quinolinone; quinolin-2(1h)-one
c06416,precorrin 5
c06417,d-valine; (r)-2-amino-3-methylbutyric acid
c06418,"d-isoleucine; (2r,3r)-2-amino-3-methylvaleric acid"
c06419,d-histidine; (r)-alpha-amino-1h-imidazole-4-propionic acid
c06420,d-tyrosine; (r)-3-(p-hydroxyphenyl)alanine; (r)-2-amino-3-(p-hydroxyphenyl)propionic acid
c06421,alpha-cellobiose; 1-beta-d-glucopyranosyl-4-alpha-d-glucopyranose
c06422,beta-cellobiose; 1-beta-d-glucopyranosyl-4-beta-d-glucopyranose
c06423,octanoic acid; caprylic acid; octylic acid; octanoate
c06424,tetradecanoic acid; tetradecanoate; myristic acid
c06425,icosanoic acid; eicosanoic acid; arachidic acid
c06426,"(6z,9z,12z)-octadecatrienoic acid; 6,9,12-octadecatrienoic acid; gamma-linolenic acid; gamolenic acid"
c06427,"(9z,12z,15z)-octadecatrienoic acid; alpha-linolenic acid; 9,12,15-octadecatrienoic acid; linolenate; alpha-linolenate"
c06428,"(5z,8z,11z,14z,17z)-icosapentaenoic acid; (5z,8z,11z,14z,17z)-eicosapentaenoic acid; eicosapentaenoic acid; 5,8,11,14,17-icosapentaenoic acid; (5z,8z,11z,14z,17z)-eicosapentaenoate; (5z,8z,11z,14z,17z)-icosapentaenoate; 5z,8z,11z,14z,17z-eicosapentaenoic acid; (5z,8z,11z,14z,17z)-icosa-5,8,11,14,17-pentaenoic acid"
c06429,"(4z,7z,10z,13z,16z,19z)-docosahexaenoic acid; 4,7,10,13,16,19-docosahexaenoic acid; docosahexaenoic acid; docosahexaenoate; 4z,7z,10z,13z,16z,19z-docosahexaenoic acid; (4z,7z,10z,13z,16z,19z)-docosa-4,7,10,13,16,19-hexaenoic acid"
c06430,d-galacturonolactone; d-gamma-galacturonolactone
c06432,udp-n-acetylmuramoyl-l-alanyl-d-glutamyl-l-lysyl-d-alanine; udp-n-acetylmuramoyl-l-alanyl-d-gamma-glutamyl-l-lysyl-d-alanine
c06433,5'-benzoylphosphoadenosine
c06435,5'-butyrylphosphoinosine; inosine 5'-phosphobutyrate
c06436,5'-butyrylphosphouridine
c06437,"1,3-diacylglycerol"
c06438,prostaglandin d1
c06439,prostaglandin e3
c06440,"2-dehydro-d-glucono-1,5-lactone"
c06441,l-xylulose 1-phosphate
c06442,"n(gamma)-acetyldiaminobutyrate; n4-acetyl-l-2,4-diaminobutyrate; n4-acetyl-l-2,4-diaminobutanoate; (2s)-4-acetamido-2-aminobutanoate"
c06443,hydroxamate; hydroxamic acid
c06446,"2-n,6-n-bis(2,3-dihydroxybenzoyl)-l-lysine"
c06447,"2-n,6-n-bis(2,3-dihydroxybenzoyl)-l-lysine amide"
c06450,myxochelin c
c06451,2-hydroxyethylphosphonate; (2-hydroxyethyl)-phosphonic acid
c06452,(s)-2-hydroxypropylphosphonate
c06453,methylcobalamin; methylcob(iii)alamin
c06454,"fosfomycin; phosphonomycin; (1r,2s)-epoxypropylphosphonate"
c06455,hydroxymethylphosphonate; p-(hydroxymethyl)-phosphonic acid
c06456,phosphonoformate; foscarmet; foscarnet
c06457,bialaphos; bilanafos; 2-amino-4-(methylphosphino)butyrylalanylalanine; gamma-(hydroxymethylphosphinyl)-l-alpha-aminobutyryl-l-alanyl-l-alanine; phosphinothricin tripeptide
c06459,n-trimethyl-2-aminoethylphosphonate; 2-trimethylaminoethylphosphonate
c06461,hydroxyaldehyde
c06462,leukotriene f4; ltf4
c06463,d-threose; d-threo-tetrose
c06464,d-altrose; d-altro-hexose
c06465,d-gulose; d-gulo-hexose
c06466,d-idose; d-ido-hexose
c06467,d-talose; d-talo-hexose
c06468,d-psicose; d-ribo-hex-2-ulose; d-ribo-2-hexulose; d-ribo-2-ketohexulose; d-erythro-hexulose; d-pseudofructose; d-allulose; d-altrulose
c06469,"neuraminic acid; 5-amino-3,5-dideoxy-d-glycero-d-galacto-2-nonulosonic acid"
c06470,muramic acid; 3-o-alpha-carboxyethyl-d-glucosamine; 2-amino-3-o-[(r)-1-carboxyethyl]-2-deoxy-d-glucopyranose
c06471,"abequose; 3,6-dideoxy-d-galactose; 3,6-dideoxy-d-xylo-hexose; 3-deoxy-d-fucose"
c06472,l-iduronic acid
c06473,2-keto-d-gluconic acid; 2-dehydro-d-gluconate; 2-dehydro-d-gluconic acid; alpha-d-arabino-2-hexulosonic acid
c06474,"3,6-anhydrogalactose; 3,6-anhydro-d-galactose"
c06475,"prostaglandin f1alpha; (13e,15s)-9alpha,11alpha-9,11,15-trihydroxyprost-13-en-1-oic acid"
c06476,prostaglandin f3alpha
c06477,l-guluronic acid
c06478,"3,6-anhydroglucose; 3,6-anhydro-d-glucose"
c06479,ketosteroid
c06481,l-seryl-trna(sec)
c06482,l-selenocysteinyl-trna(sec)
c06483,"n-acetyl-alpha-d-galactosaminyl-(1,3)-[alpha-l-fucosyl-(1,2)]-d-galactoside; glycoprotein-n-acetyl-alpha-d-galactosaminyl-(1,3)-[alpha-l-fucosyl-(1,2)]-d-galactose"
c06484,"4,5-cis-dihydroxy-1,2-dithiacyclohexane; oxidized dithioerythritol"
c06485,"1,5-anhydro-d-fructose"
c06488,"xv638; [4r-(4alpha,5alpha,6beta,7beta)]-3,3'-[[tetrahydro-5,6-dihydroxy-2-oxo-4,7-bis(phenylmethyl)-1h-1,3-diazepine-1,3(2h)-diyl]bis(methylene)]bis[n-2-thiazolylbenzamide]"
c06489,"compound vii; 5-(5-(6-chloro-4-(4,5-dihydro-2-oxazolyl)phenoxy)pentyl)-3-methylisoxazole"
c06490,"win vi; win 52035; 5-(5-(4-(4,5-dihydro-2-oxazoly)phenoxy)pentyl)-3-methylisoxazole"
c06491,"compound win viii; 5-(5-(2,6-dichloro-4-(4,5-dihydro-2-oxazolyl)phenoxy)pentyl)-3-(hydroxyethyloxymethyleneoxymethyl)isoxazole"
c06492,compound ii(r/s); 5-(7-(6-chloro-4-(5-hydro-4-methyl-2-oxazolyl)phenoxy)heptyl)-3-methylisoxazole
c06493,"win54954; 5-(5-(2,6-dichloro-4-(4,5-dihydro-2-oxazoly)phenoxy)pentyl)-3-methylisoxazole"
c06494,compound v(s); 5-(5-(4-(5-hydro-4-methyl-2-oxazolyl)phenoxy)pentyl)-3-methylisoxazole
c06495,"compound iii(s); 5-(7-(4-(4-ethyl-4,5-dihydrooxazol-2-yl)phenoxy)heptyl)-3-methylisoxazole"
c06496,"compound iv; 5-(7-(4-(4,5-dihydro-2-oxazolyl)phenoxy)heptyl)-3-methylisoxazole; disoxaril"
c06497,"win i(s); win 52084 (s); 5-(7-(4-(4-methyl-4,5-dihydrooxazol-2-yl)phenoxy)heptyl)-3-methylisoxazole"
c06499,"win56291; 5-(3-(2,6-dichloro-4-(4,5-dihydro-2-oxazolyl)phenoxy)propyl)-3-methylisoxazole"
c06500,5'-guanylylmethylenebisphosphonate; 5'-guanosyl-methylene-triphosphate
c06501,phosphotyrosine; phosphonotyrosine
c06502,"4,6-diamino-5-formamidopyrimidine; 4,6-diamino-5-n-formamidopyrimidine"
c06503,"hydrogenobyrinate a,c diamide; hydrogenobyrinate diamide; hydrogenobyrinic acid a,c-diamide"
c06504,"cob(ii)yrinate a,c diamide; cob(ii)yrinate diamide; cob(ii)yrinic acid a,c-diamide; cobyrinate a,c-diamide; cobyrinic acid a,c-diamide"
c06505,"cob(i)yrinate a,c diamide; cob(i)yrinate diamide; cob(i)yrinic acid a,c-diamide"
c06506,"adenosyl cobyrinate a,c diamide; adenosyl cobyrinate diamide; adenosylcob(iii)yrinic acid a,c-diamide; adenosylcobyrinic acid a,c-diamide"
c06507,adenosyl cobyrinate hexaamide; adenosylcobyric acid
c06508,adenosyl cobinamide; adenosylcobinamide
c06509,adenosyl cobinamide phosphate; adenosylcobinamide phosphate
c06510,adenosine-gdp-cobinamide; adenosylcobinamide-gdp
c06511,"guattegaumerine; n,n'-dimethyllindoldhamine"
c06512,2'-norberbamunine
c06513,obamegine; (+)-obamegine; stepholine
c06514,aromoline
c06515,magnoline
c06516,(r)-norreticuline; n-norreticuline
c06517,(s)-6-o-methylnorlaudanosoline; (s)-3'-hydroxycoclaurine
c06518,(s)-nororientaline
c06520,(s)-norreticuline
c06521,cuscohygrine; cuskhygrine
c06522,strychnine
c06523,coniine; (+)-coniine; cicutin
c06524,nornicotine
c06525,gentianine
c06526,quinine; (-)-quinine
c06527,quinidine; (+)-quinidine
c06528,cinchonine; (9s)-cinchonan-9-ol
c06530,cupreine
c06531,alpha-erythroidine
c06532,beta-erythroidine
c06533,papaverine
c06534,heroin; diamorphine; diacetylmorphine
c06535,physostigmine; eserine
c06536,harmaline
c06537,harmalol
c06538,harmine
c06539,reserpine
c06540,rescinnamine
c06541,deserpidine
c06542,ajmaline
c06543,solanidine
c06544,veratridine
c06545,conessine; wrightine
c06546,mescaline
c06547,ethylene; ethene
c06548,ethylene oxide
c06550,arsonoacetate
c06551,atrazine
c06552,"hydroxyatrazine; 4-(ethylamino)-2-hydroxy-6-(isopropylamino)-1,3,5-triazine"
c06553,n-isopropylammelide
c06554,cyanuric acid
c06555,biuret
c06556,deisopropylatrazine
c06557,deisopropylhydroxyatrazine
c06558,"n-ethylammelide; 2,4-dihydroxy-6-(n'-ethyl)amino-1,3,5-triazine"
c06559,deethylatrazine
c06560,deisopropyldeethylatrazine
c06561,"naringenin chalcone; 2',4,4',6'-tetrahydroxychalcone; isosalipurpol; chalconaringenin"
c06562,"(+)-catechin; d-catechin; cyanidanol; (2r-trans)-2-(3,4-dihydroxyphenyl)-3,4-dihydro-2h-1-benzopyran-3,5,7-triol; (2r,3s)-catechin; (2r,3s)-(+)-catechin; cianidanol"
c06563,"genistein; 5,7,4'-trihydroxyisoflavone"
c06564,penicillin n; adicillin
c06565,deacetoxycephalosporin c; daoc
c06566,cephamycin c
c06567,penicilloic acid
c06568,o-carbamoyl-deacetylcephalosporin c
c06569,7a-hydroxy-o-carbamoyl-deacetylcephalosporin c
c06570,tetracycline
c06571,chlortetracycline; 7-chlorotetracycline; aureomycin
c06572,nystatin
c06573,amphotericin b
c06574,ampicillin; anhydrous ampicillin
c06575,p-cymene
c06576,p-cumic alcohol; 4-isopropylbenzyl alcohol
c06577,4-isopropylbenzaldehyde; p-cumic aldehyde; cuminaldehyde
c06578,p-cumate
c06579,"cis-2,3-dihydroxy-2,3-dihydro-p-cumate; cis-5,6-dihydroxy-4-isopropylcyclohexa-1,3-dienecarboxylate; (2r,3s)-2,3-dihydroxy-2,3-dihydro-p-cumate"
c06580,"2,3-dihydroxy-p-cumate"
c06581,"2-hydroxy-3-carboxy-6-oxo-7-methylocta-2,4-dienoate"
c06582,"2-hydroxy-6-oxo-7-methylocta-2,4-dienoate"
c06584,4-chlorobiphenyl; 1-chloro-4-phenyl benzene; 4-monochloro-biphenyl
c06585,"cis-2,3-dihydro-2,3-dihydroxy-4'-chlorobiphenyl"
c06586,"2,3-dihydroxy-4'-chlorobiphenyl"
c06587,"2-hydroxy-6-oxo-6-(4'-chlorophenyl)-hexa-2,4-dienoate"
c06588,"biphenyl; phenylbenzene; 1,1'-biphenyl; 1,1'-diphenyl"
c06589,"cis-2,3-dihydro-2,3-dihydroxybiphenyl; cis-3-phenylcyclohexa-3,5-diene-1,2-diol; (1s,2r)-3-phenylcyclohexa-3,5-diene-1,2-diol"
c06592,ndp-n-methyl-l-glucosamine
c06593,epsilon-caprolactam
c06594,"1,2,4-trichlorobenzene; trichlorobenzene a"
c06596,gamma-pentachlorocyclohexene
c06597,"1,3,4,6-tetrachloro-1,4-cyclohexadiene"
c06598,"2,4,5-trichloro-2,5-cyclohexadiene-1-ol; 1-hydroxyl-2,4,5-trichloro-2,5-cyclohexadiene"
c06599,"2,5-dichloro-2,5-cyclohexadiene-1,4-diol; 1,4-dihydroxyl-2,5-dichloro-2,5-cyclohexadiene"
c06600,"2,5-dichlorohydroquinone; 2,5-dichloro-1,4-benzenediol"
c06601,"chlorohydroquinone; 1,4-dihydroxyl-2-chlorobenzene; chloroquinol"
c06602,"2,5-dichlorophenol; 2,5-dcp"
c06603,"cis,cis-4-hydroxymuconic semialdehyde; 4-hydroxymuconic semialdehyde"
c06604,"parathion; o,o-diethyl o-p-nitrophenyl phosphorothioate; thiophos; dntp"
c06605,aminoparathion
c06606,"paraoxon; o,o-diethyl-o-p-nitrophenylphosphoric acid"
c06607,diethylthiophosphoric acid; detp
c06608,"diethylphosphoric acid; o,o-diethylphosphoric acid"
c06609,"trans-1,3-dichloropropene; trans-3-chloroallyl chloride"
c06610,"cis-1,3-dichloropropene"
c06611,trans-3-chloro-2-propene-1-ol; trans-3-chloroallyl alcohol
c06612,cis-3-chloro-2-propene-1-ol; cis-3-chloroallyl alcohol
c06613,trans-3-chloroallyl aldehyde; trans-3-chloro-2-propenal
c06614,trans-3-chloroacrylic acid
c06615,cis-3-chloroacrylic acid
c06616,erythromycin c
c06620,"dtdp-3,4-dioxo-2,6-dideoxy-d-glucose; dtdp-3,4-didehydro-2,6-dideoxy-alpha-d-glucose"
c06622,"dtdp-4-oxo-2,6-dideoxy-l-allose"
c06624,oxytetracycline; oxytetracycline anhydrous
c06625,malonamoyl-coa
c06626,4-ketoanhydrochlortetracycline; 4-ketoanhydro-7-chlorotetracycline; 4-oxoanhydrochlortetracycline; 4-dedimethylamine-4-oxo-anhydro-7-cl-tetracycline
c06627,"4-keto-anhydrotetracycline; 4-ketoanhydrotetracycline; 4-keto-atc; 4-dedimethylamino-4-oxo-anhydrotetracycline; 4-de(dimethylamino)-4-oxoanhydrotetracycline; (4ar,12as)-3,10,11,12a-tetrahydroxy-6-methyl-1,4,12-trioxo-4a,5-dihydrotetracene-2-carboxamide"
c06628,"4-hydroxy-6-methylpretetramide; 1,3,4,10,11,12-hexahydroxy-6-methyltetracene-2-carboxamide"
c06629,"6-methylpretetramide; 1,3,10,11,12-pentahydroxy-6-methyltetracene-2-carboxamide"
c06630,"3-o-alpha-mycarosylerythronolide b; 3-alpha-l-mycarosylerythronolide b; 4-(4,5-dihydroxy-4,6-dimethyl-tetrahydro-pyran-2-yloxy)-14-ethyl-6,7,12-trihydroxy-3,5,7,9,11,13-hexamethyl-oxacyclotetradecane-2,10-dione"
c06633,erythromycin d
c06634,erythromycin e
c06635,erythronolide b
c06636,"tde; ddd; 1,1-dichloro-2,2-bis(4'-chlorophenyl)ethane; dichlorodiphenyldichloroethane"
c06637,"1-chloro-2,2-bis(4'-chlorophenyl)ethylene; ddmu"
c06638,"1-chloro-2,2-bis(4'-chlorophenyl)ethane; ddms"
c06639,"2,2-bis(4'-chlorophenyl)ethanol; ddoh"
c06640,bis(4'-chlorophenyl)acetate; dda
c06641,bis(4'-chlorophenyl)methane; ddm
c06642,unsym-bis(4'-chlorophenyl)ethylene; ddnu
c06643,"4,4'-dichlorobenzophenone; dbp"
c06644,"1,1-dichloro-2-(dihydroxy-4'-chlorophenyl)-2-(4'-chlorophenyl)ethylene; 3-[2,2-dichloro-1-(4-chlorophenyl)vinyl]-6-chlorobenzene-1,2-diol; 2,3-dihydroxy-dde"
c06645,"6-oxo-2-hydroxy-7-(4'-chlorophenyl)-3,8,8-trichloroocta-2e,4e,7e-trienoate"
c06646,"2-(4'-chlorophenyl)-3,3-dichloropropenoate"
c06647,4-chloroacetophenone; p-chloroacetophenone
c06648,4-chlorobenzaldehyde
c06649,"cis-2,3-dihydrodiol 1,1,1-trichloro-2,2-bis(4'-chlorophenyl)ethane; cis-2,3-dihydrodiol ddt"
c06650,"2,3-dihydroxy 1,1,1-trichloro-2,2-bis(4'-chlorophenyl)ethane; 2,3-dihydroxy ddt"
c06651,"6-oxo-2-hydroxy-7-(4'-chlorophenyl)-3,8,8,8-tetrachloroocta-2e,4e-dienoate"
c06653,erythromycin b; berythromycin
c06654,4-amino-anhydrotetracycline; 4-amino-atc; 4-dedimethyl-6-dehydro-anhydrotetracycline; 4-amino-4-de(dimethylamino)anhydrotetracycline
c06655,l-n2-(2-carboxyethyl)arginine; n2-(2-carboxyethyl)-l-arginine
c06656,deoxyguanidinoproclavaminic acid; deoxyguanidinoproclavaminate; deoxyamidinoproclavaminate
c06657,guanidinoproclavaminic acid; guanidinoproclavaminate; amidinoproclavaminate
c06658,proclavaminic acid; proclavaminate
c06659,dihydroclavaminic acid; dihydroclavaminate
c06660,clavaminic acid; clavaminate
c06661,clavulanate-9-aldehyde
c06662,clavulanic acid; clavulanate
c06663,olivanic acid
c06664,thienamycin
c06665,imipenem; imipenem anhydrous
c06667,clavamycin a
c06668,valclavam
c06669,(5r)-carbapen-2-em-3-carboxylate; 1-carbapen-2-em-3-carboxylic acid; (5r)-carbapenem-3-carboxylic acid; (5r)-carbapenem-3-carboxylate; (5r)-7-oxo-1-azabicyclo[3.2.0]hept-2-ene-2-carboxylate
c06670,"2,4-dichlorobenzoate; 2,4-dichlorobenzoic acid"
c06671,"2,4-dichlorobenzoyl-coa"
c06672,vanillate; vanillic acid; 4-hydroxy-3-methoxybenzoate; 4-hydroxy-3-methoxybenzoic acid
c06673,4-carboxy-4'-sulfoazobenzene
c06674,4-sulfocatechol
c06675,3-sulfomuconate
c06676,4-sulfolactone; 4-carboxymethyl-4-sulfobut-2-en-4-olide; 4-sulfomuconolactone
c06677,toluene-4-sulfonate; tosylate
c06678,4-sulfobenzyl alcohol; 4-(hydroxymethyl)benzenesulfonate
c06679,4-sulfobenzaldehyde; 4-formylbenzenesulfonate
c06680,4-hydroxyphthalate
c06681,mitomycin; mitomycin c
c06682,dl-cycloserine
c06683,ceftriaxone
c06684,valinomycin
c06685,cycloheximide
c06686,griseofulvin
c06687,norfloxacin
c06688,rifampicin; rifampin
c06689,vancomycin
c06690,candicidin d; fr-008-iii
c06691,actinorhodin; actinorhodine
c06692,polyoxin b
c06693,monensin; monensin a
c06694,fusidic acid
c06695,2-oxazolidinone
c06696,lead; pb
c06697,arsenite; trisoxylatoarsine
c06701,phosphonic acid; phosphonate; phosphorous acid; phosphite
c06702,polyamine
c06704,iron chelate
c06705,capsular polysaccharide
c06706,lipo-oligosaccharide
c06707,teichoic acid
c06710,silver; argentum; ag
c06711,fluoren-9-ol; 9-fluorenol; 9-hydroxyfluorene; diphenylene carbinol
c06712,fluoren-9-one; 9-fluorenone
c06714,3-hydroxypimeloyl-coa; 3-hydroxypimelyl-coa
c06715,3-oxopimeloyl-coa; 3-ketopimelyl-coa
c06717,mycothiol
c06718,s-formylmycothiol
c06719,dihydrophloroglucinol
c06720,"1,6-dihydroxy-5-methylcyclohexa-2,4-dienecarboxylate; 1,2-dihydroxy-3-methylcyclohexa-3,5-dienecarboxylate"
c06721,"cis-1,2-dihydroxy-1,2-dihydrodibenzothiophene"
c06722,"1,2-dihydroxydibenzothiophene"
c06723,"6-carboxyhex-2-enoyl-coa; 2,3-didehydro-pimeloyl-coa"
c06725,"5,6-dihydroxy-3-methyl-2-oxo-1,2-dihydroquinoline"
c06726,"5,6-dihydroxy-3-methyl-2-oxo-1,2,5,6-tetrahydroquinoline"
c06727,"cis-1,2-dihydro-3-ethylcatechol; cis-2,3-dihydroxy-2,3-dihydroethylbenzene; cis-3-ethyl-cyclohexa-3,5-diene-1,2-diol"
c06728,"3-ethylcatechol; 2,3-dihydroxyethylbenzene; 3-ethyl-benzene-1,2-diol"
c06729,"cis-1,2-dihydroxy-4-methylcyclohexa-3,5-diene-1-carboxylate; 4-methylcyclohexa-3,5-diene-1,2-cis-diol-1-carboxylic acid"
c06730,"4-methylcatechol; 3,4-dihydroxytoluene; 1,2-dihydroxy-4-methylbenzene; 4-methyl-1,2-benzenediol"
c06731,"1,2-dihydroxy-6-methylcyclohexa-3,5-dienecarboxylate"
c06732,"alpha,beta-didehydrotryptophan"
c06733,8'-apo-beta-carotenol
c06734,14'-apo-beta-carotenal
c06735,aminoacetaldehyde; 2-aminoacetaldehyde
c06736,(e)-11-tetradecenoyl-coa; (11e)-tetradecenoyl-coa
c06737,(z)-11-tetradecenoyl-coa; (11z)-tetradecenoyl-coa
c06738,cis-p-coumarate
c06739,4'-o-beta-d-glucosyl-cis-p-coumarate
c06740,glucosyl-limonin; limonin 17-beta-d-glucoside
c06741,feruloyl-polysaccharide
c06742,2'-hydroxybiphenyl-2-sulfinate; 2-(2-hydroxyphenyl)benzenesulfinate
c06743,poly(adpribose)
c06744,3-deoxyoctulosonyl-lipopolysaccharide
c06746,n-(2-phenylethyl)-acetamide; n-acetylphenylethylamine; n-acetyl-2-phenylethylamine
c06747,phenylmethanesulfonyl fluoride; benzenemethanesulfonyl fluoride; pmsf
c06748,isopropylamine; 2-aminopropane; monoisopropylamine; 2-propanamine
c06749,6-hydroxycyclohex-1-ene-1-carbonyl-coa; 6-hydroxycyclohex-1-enecarbonyl-coa; 6-hydroxycyclohex-1-ene-1-carboxyl-coa
c06751,prenyl-l-cysteine; s-prenyl-l-cysteine
c06752,"1,2-dichloroethane; ethylene dichloride; glycol dichloride; dutch liquid"
c06753,2-chloroethanol; ethylene chlorohydrin; glycol chlorohydrin
c06754,chloroacetaldehyde; 2-chloroethanal
c06755,chloroacetic acid; chloroethanoic acid
c06756,"p-xylene; 1,4-dimethylbenzene; p-methyltoluene"
c06757,4-methylbenzyl alcohol; alpha-hydroxy-p-xylene; 4-tolylcarbinol
c06758,p-tolualdehyde; p-methylbenzaldehyde; 4-methylbenzaldehyde; 4-toluylaldehyde; p-formyltoluene
c06760,"2-hydroxy-5-methyl-cis,cis-muconic semialdehyde; (2e,4z)-2-hydroxy-5-methyl-6-oxohexa-2,4-dienoate"
c06761,(4e)-2-oxohexenoic acid; 2-oxohex-trans-4-enoate
c06762,4-hydroxy-2-oxohexanoic acid; 4-hydroxy-2-oxohexanoate
c06763,nojirimycin; 5-amino-5-deoxy-d-glucopyranose
c06764,tetranactin
c06765,flavomycin; bambermycin; moenomycin a
c06767,hemine; hemin
c06769,vibriobactin
c06770,actinomycin d; dactinomycin
c06771,triethanolamine; trolamine
c06772,diethanolamine
c06773,11-o-demethylpradinone ii
c06774,11-o-demethyl-7-methoxypradinone ii
c06775,11-o-demethylpradinone i
c06776,11-o-demethylpradimicinone i
c06777,pradimicinone i
c06778,11-o-demethylpradimicinone ii; benamicin c
c06779,11-o-demethyl-7-methoxypradimicinone ii
c06780,pradimicinone ii
c06781,7-methoxypradimicinone ii
c06782,7-hydroxylpradimicin a
c06783,pradimicin b
c06784,pradimicin a
c06785,dexylosylpradimicin c
c06786,pradimicin c; benanomicin b
c06787,dexylosylbenanomicin a
c06788,benanomicin a
c06789,tetrachloroethene; perchloroethylene; pce
c06790,trichloroethene; trichloroethylene; tce
c06791,"trans-1,2-dichloroethene; trans-acetylene dichloride"
c06792,"cis-1,2-dichloroethene; cis-acetylene dichloride"
c06793,vinyl chloride; chloroethylene
c06799,granaticin
c06800,aflatoxin b1
c06801,tetracenomycin c
c06802,acarbose
c06803,acebutolol
c06804,acetaminophen; paracetamol
c06805,acetazolamide
c06806,acetohexamide
c06807,acetophenazine
c06808,acetohydroxamic acid
c06809,acetylcysteine; n-acetyl-l-cysteine
c06810,aciclovir; acyclovir
c06812,lincomycin
c06813,nitrobenzene; nitrobenzol
c06814,d-xylose-5-phosphate
c06817,alprazolam
c06818,amantadine
c06819,amifostine
c06820,amikacin
c06821,amiloride
c06823,amiodarone
c06824,amitriptyline
c06825,amlodipine
c06827,amoxicillin; amoxicillin anhydrous
c06830,anisotropine methylbromide; methyloctatropine bromide
c06831,dithranol; anthralin
c06832,astemizole
c06834,atorvastatin
c06835,atovaquone; acuvel; wellvone; mepron
c06836,auranofin
c06837,azathioprine
c06838,azithromycin
c06839,azlocillin
c06840,aztreonam; monobactam
c06842,beclomethasone
c06843,benazepril
c06846,benztropine; benzatropine
c06847,bepridil
c06848,betamethasone
c06849,betaxolol
c06850,bethanechol
c06852,bisoprolol
c06853,bitolterol
c06854,bleomycin a2
c06855,bretylium
c06856,bromocriptine
c06857,brompheniramine
c06860,bupropion
c06861,buspirone
c06862,busulfan
c06863,butorphanol
c06865,calcitonin; cibacalcin
c06866,capsaicin
c06867,captopril
c06868,carbamazepine
c06869,carbenicillin
c06870,carbidopa-levodopa
c06871,carbinoxamine
c06872,carboprost; (15s)-15-methylprostaglandin f2alpha
c06873,carmustine; bischloroethyl nitrosourea; bcnu
c06874,carteolol
c06875,carvedilol
c06876,nitrosobenzene
c06877,cefaclor
c06878,cefadroxil
c06879,cefamandole
c06880,cefazolin
c06881,cefixime
c06882,cefonicid
c06883,cefoperazone
c06884,ceforanide
c06885,cefotaxime
c06886,cefotetan
c06887,cefoxitin
c06888,cefprozil; cefprozil anhydrous
c06889,ceftazidime
c06890,ceftizoxime
c06891,"d-2,3-diketo 4-deoxy-epi-inositol; dkdi"
c06892,2-deoxy-5-keto-d-gluconic acid; dkh; 5-dehydro-2-deoxy-d-gluconate; 2-deoxy-d-threo-hex-5-ulosonic acid
c06893,2-deoxy-5-keto-d-gluconic acid 6-phosphate; 6-phospho-5-dehydro-2-deoxy-d-gluconate; dkhp
c06894,cefuroxime
c06895,cephalexin; cefalexin
c06896,cephapirin
c06897,cephradine; cefradine
c06899,chloral hydrate
c06900,chlorambucil
c06902,chlorhexidine
c06905,chlorpheniramine; chlorphenamine
c06906,chlorpromazine
c06909,cidofovir; cidofovir anhydrous
c06910,cisapride
c06911,cisplatin; cis-diamminedichloroplatinum(ii); [ptcl2(nh3)2]; cddp
c06912,clarithromycin; 6-o-methylerythromycin; 6-o-methylerythromycin a
c06913,clemastine
c06914,clindamycin
c06915,clofazimine
c06916,clofibrate
c06917,clomiphene
c06918,clomipramine
c06921,clorazepate; clorazepic acid
c06922,clotrimazole
c06923,cloxacillin
c06924,clozapine
c06925,colestipol; epichlorohydrin-tetraethylenepentamine polymer
c06928,cromolyn; cromoglicic acid
c06930,cyclizine
c06931,cyclobenzaprine
c06932,cyclopentolate
c06933,cyclophosphamide; cyclophosphamide hydrate
c06935,cyproheptadine
c06936,dacarbazine
c06938,danazol
c06939,dantrolene
c06940,deferoxamine
c06941,delavirdine
c06943,desipramine
c06944,desmopressin
c06946,dexchlorpheniramine
c06947,dextromethorphan
c06948,diazepam
c06949,diazoxide
c06950,dicloxacillin
c06951,dicyclomine; dicycloverin
c06952,cimetidine
c06953,didanosine
c06954,diethylpropion; amfepramone
c06955,digitoxin
c06956,digoxin
c06957,dihydrotachysterol
c06958,diltiazem
c06960,diphenhydramine
c06961,diphenidol
c06963,dipivefrin; dipivefrine
c06965,disopyramide
c06967,dobutamine
c06969,dorzolamide
c06970,doxazosin
c06971,doxepin
c06972,dronabinol; delta9-tetrahydrocannabinol; tetrahydrocannabinol; thc
c06973,doxycycline
c06975,echothiophate
c06976,edrophonium
c06977,enalapril
c06978,encainide
c06979,enoxacin
c06980,esmolol
c06981,estazolam
c06984,ethambutol
c06986,spirodilactone
c06988,"beta-1,2,3,4,5,6-hexachlorocyclohexane; beta-hexachlorocyclohexane; beta-bhc; beta-lindane"
c06989,"delta-3,4,5,6-tetrachlorocyclohexene; 3,4,5,6-tetrachlorocyclohexene"
c06990,chlorobenzene; monochlorobenzene; benzene chloride; phenyl chloride
c06991,etodolac
c06996,fenfluramine
c06997,fenoprofen
c06999,"fexofenadine; 4-(1-hydroxy-4-(4-(hydroxydiphenylmethyl)-1-piperidinyl)butyl)-alpha,alpha-dimethylbenzeneacetic acid"
c07001,flecainide
c07002,fluconazole
c07004,fludrocortisone
c07005,flunisolide; flunisolide anhydrous
c07006,fluocinolone
c07007,fluocinonide
c07010,fluphenazine
c07013,flurbiprofen
c07014,fluvastatin
c07016,fosinopril
c07017,furosemide
c07018,gabapentin
c07019,ganciclovir
c07020,gemfibrozil
c07022,glyburide; glibenclamide
c07023,granisetron
c07024,3'-keto-3'-deoxy-atp
c07025,3'-keto-3'-deoxy-amp
c07026,3'-amino-3'-deoxy-amp
c07027,"n6,n6,o-tridemethylpuromycin-5'-phosphate"
c07028,"n-acetyl-n6,n6,o-tridemethylpuromycin-5'-phosphate"
c07029,"n-acetyl-n6,o-didemethylpuromycin-5'-phosphate"
c07030,n-acetyl-o-demethylpuromycin-5'-phosphate
c07031,n-acetyl-o-demethylpuromycin
c07032,n-acetylpuromycin
c07034,guanabenz
c07035,guanadrel
c07036,guanethidine
c07037,guanfacine
c07040,hydralazine
c07041,hydrochlorothiazide
c07042,hydromorphone
c07043,hydroxychloroquine
c07044,hydroxyurea; hydroxycarbamide
c07045,hydroxyzine
c07047,ifosfamide; isophosphamide
c07049,imipramine
c07051,indinavir
c07052,ipratropium
c07053,isoetharine
c07054,isoniazid
c07055,isopropamide
c07056,isoproterenol; isoprenaline
c07058,13-cis-retinoic acid
c07062,ketorolac
c07063,labetalol
c07064,lactulose
c07065,"lamivudine; 3tc; 2',3'-dideoxy-3'-thiacytidine"
c07069,levallorphan
c07070,levamisole
c07072,losartan
c07073,lidocaine
c07074,lovastatin
c07075,"lindane; gamma-hexachlorocyclohexane; 1,2,3,4,5,6-hexachlorocyclohexane; benzene hexachloride; gamma-bhc"
c07078,lomefloxacin
c07079,lomustine; 1-(2-chloroethyl)-3-cyclohexyl-1-nitrosourea
c07080,loperamide
c07083,styrene; phenylethylene
c07084,"styrene-cis-2,3-dihydrodiol; cis-3-ethenylcyclohexa-3,5-diene-1,2-diol"
c07085,3-vinylcatechol
c07086,phenylacetic acid; benzylformic acid; phenylacetate; benzeneacetic acid
c07087,"2-hydroxy-6-oxoocta-2,4,7-trienoate"
c07088,4-chlorophenoxyacetate; 4-cpa
c07089,5-chloro-2-hydroxymuconic semialdehyde
c07090,protoanemonin; 4-methylenebut-2-en-4-olide; cis-4-methylenebut-2-en-4-olide
c07091,cis-acetylacrylate
c07092,"1,4-dichlorobenzene; p-dichlorobenzene"
c07093,"3,6-dichloro-cis-1,2-dihydroxycyclohexa-3,5-diene"
c07094,"3,6-dichlorocatechol"
c07095,"2,5-dichloro-cis,cis-muconate"
c07096,"2,6-dichlorophenol"
c07097,"2,6-dichlorohydroquinone"
c07098,"2,4,6-trichlorophenol"
c07099,"2,3,6-trichlorohydroquinone"
c07100,"2,4,5-trichlorophenoxyacetic acid; 2,4,5-t"
c07101,"2,4,5-trichlorophenol"
c07102,"5-chloro-1,2,4-trihydroxybenzene"
c07103,"2-hydroxy-1,4-benzoquinone; hydroxybenzoquinone"
c07104,loxapine
c07105,lys-vasopressin; lypressin; 8-l-lysine vasopressin; lvp
c07106,mafenide
c07107,maprotiline
c07108,tamoxifen
c07111,ethylbenzene; phenylethane; ethylbenzol; ethylenzene
c07112,1-phenylethanol; methylphenyl carbinol; alpha-methylbenzyl alcohol
c07113,acetophenone; 1-phenylethanone; phenyl methyl ketone; acetylbenzene; methyl phenyl ketone
c07114,3-oxo-3-phenylpropanoate; benzoylacetate; 3-oxo-3-phenylpropionate; 3-oxo-3-phenylpropionic acid
c07115,nitrogen mustard; mechlorethamine; chlormethine
c07116,meclizine; meclozine
c07117,meclofenamate; meclofenamic acid
c07118,benzoylacetyl-coa; benzoylacetyl coenzyme a
c07119,"medroxyprogesterone; 6alpha-methyl-17alpha-hydroxyprogesterone; 17-hydroxy-6alpha-methylpregn-4-ene-3,20-dione"
c07120,"megestrol; 17-hydroxy-6-methylpregna-4,6-diene-3,20-dione"
c07122,melphalan
c07123,"2-hydroxy-6-oxo-octa-2,4-dienoate"
c07124,tamsulosin
c07125,temazepam
c07126,menadiol
c07127,terazosin; terazosine
c07128,meperidine; pethidine
c07129,terbutaline
c07130,"theophylline; 1,3-dimethylxanthine"
c07131,thiabendazole
c07132,thiethylperazine; ethylthioperazine
c07138,5-aminosalicylate; 5-amino-2-hydroxybenzoate
c07139,ticarcillin
c07140,ticlopidine
c07141,timolol
c07142,tocainide
c07143,mesoridazine
c07144,metaproterenol; orciprenaline
c07146,metaraminol
c07147,"tolazoline; 4,5-dihydro-2-(phenylmethyl)-1h-imidazole"
c07148,tolbutamide
c07149,tolmetin
c07151,metformin
c07153,tramadol
c07155,tranylcypromine
c07156,trazodone
c07159,"2-oxo-delta3-4,5,5-trimethylcyclopentenylacetate; 2-oxo-delta3-4,5,5-trimethylcyclopentenylacetic acid"
c07160,"[(1r)-2,2,3-trimethyl-5-oxocyclopent-3-enyl]acetyl-coa; 2-oxo-delta3-4,5,5-trimethylcyclopentenylacetyl-coa; 2-oxo-delta3-4,5,5-trimethylcyclopentenylacetyl coenzyme a"
c07163,methadone
c07164,methamphetamine
c07165,triclofos
c07166,trientine; triethylenetetramine
c07168,trifluoperazine
c07171,trihexyphenidyl
c07172,trimeprazine; methylpromazine; alimemazine
c07174,trimethaphan
c07175,methdilazine
c07177,methicillin
c07178,trimethobenzamide
c07180,tripelennamine
c07182,"tromethamine; 2-amino-2-(hydroxymethyl)-1,3-propanediol; trometamol"
c07184,valacyclovir; valacyclovir hydrochloride; bw 256u87
c07185,valproic acid; 2-propylpentanoic acid
c07187,venlafaxine
c07188,verapamil
c07189,2-hydroxyacetophenone; omega-hydroxyacetophenone
c07190,thiamazole; methimazole
c07192,methotrimeprazine; levomepromazine
c07194,methyldopa anhydrous; methyldopa
c07195,vidarabine; 9-beta-d-arabino furanosyl adenine monohydrate
c07196,methylphenidate
c07198,methyltestosterone
c07199,methysergide
c07201,vinblastine
c07202,metoprolol
c07203,metronidazole
c07204,vincristine; 22-oxovincaleukoblastine; leurocristine
c07205,metyrapone
c07206,zafirlukast
c07207,"zalcitabine; 2',3'-dideoxycytidine"
c07208,"m-xylene; 1,3-dimethylbenzene; 1,3-xylene"
c07209,3-methylbenzaldehyde; m-tolualdehyde
c07210,zidovudine; azidothymidine; 3'-azido-3'-deoxythymidine; azt
c07211,m-methylbenzoate; m-toluic acid; beta-bethylbenzoic acid; m-toluylic acid
c07212,o-xylene; o-dimethylbenzene; o-methyltoluene
c07213,2-methylbenzyl alcohol
c07214,2-methylbenzaldehyde; o-toluic aldehyde; 2-formyltoluene; o-tolualdehyde
c07215,o-toluate; o-methylbenzoate; o-toluic acid; 2-methylbenzoic acid
c07216,3-methylbenzyl alcohol
c07218,zolmitriptan; 311c90
c07219,zolpidem
c07220,mexiletine
c07221,mezlin; mezlocillin
c07222,mibefradil
c07224,milrinone
c07225,minocycline
c07228,raloxifene; ly 139481
c07230,molindone
c07231,moxalactam; latamoxef
c07235,rifabutin
c07236,rimantadine
c07239,ritodrine
c07240,ritonavir
c07241,salmeterol
c07245,selegiline
c07246,sertraline
c07247,sibutramine
c07250,nafcillin
c07251,nalbuphine
c07252,naloxone
c07253,naltrexone
c07254,nandrolone; 17beta-hydroxyestr-4-en-3-one; 17beta-hydroxy-4-estren-3-one
c07255,nedocromil
c07256,nefazodone
c07257,nelfinavir
c07258,neostigmine
c07259,sildenafil
c07261,octamethyltrisiloxane
c07263,nevirapine
c07264,nicardipine
c07266,nifedipine
c07267,nimodipine
c07268,nitrofurantoin
c07269,nitroprusside; pentacyanidonitrosylferrate(2-)
c07270,nizatidine
c07271,"limonene-1,2-epoxide; limonene oxide; (4r)-limonene-1,2-epoxide"
c07272,"maleimide; 2,5-pyrroledione"
c07273,"succinimide; 2,5-pyrrolidinedione; butanimide; 2,5-diketopyrrolidine"
c07274,nortriptyline
c07275,"glutarimide; piperidine-2,6-dione; 2,6-diketopiperidine"
c07276,"limonene-1,2-diol; (1s,2s,4r)-limonene-1,2-diol; (1s,2s,4r)-menth-8-ene-1,2-diol"
c07277,dtdp-d-fucose; dtdp-alpha-d-fucopyranose
c07278,beta-d-galactosyl-(1->3)-n-acetyl-d-galactosamine; beta-d-galactopyranosyl-(1->3)-n-acetyl-d-galactosamine
c07279,2-aminoethylarsonate; 2-aminoethylarsonic acid
c07280,rhodanine; 2-thioxo-4-thiazolidinone
c07281,[eif5a-precursor]-lysine; [enzyme]-lysine
c07282,[eif5a-precursor]-deoxyhypusine; protein n6-(4-aminobutyl)-l-lysine
c07283,(1->3)-beta-d-galactopyranans; (1->3)-beta-d-galactans
c07285,arabino-galactose
c07287,sulcatone; methylheptenone; 6-methylhept-5-en-2-one; 6-methyl-5-hepten-2-one
c07288,sulcatol; 6-methylhept-5-en-2-ol; 6-methyl-5-hepten-2-ol
c07289,crepenynate; (9z)-octadec-9-en-12-ynoate; (z)-9-octadecen-12-ynoic acid; crepenynic acid
c07290,7-o-methylluteone
c07291,dihydrofurano derivative
c07292,glutaredoxin
c07293,glutaredoxin disulfide
c07294,methylarsonate; methylarsonic acid; maa
c07295,methanearsonous acid; methylarsonous acid; methylarsonite
c07296,"4,8,12-trimethyltridecanoyl-coa"
c07297,3-oxopristanoyl-coa
c07299,cutin
c07300,cutin monomer
c07301,(r)-mandelamide
c07302,3-hydroxy-3-(3-hydroxy-4-methoxyphenyl)propionyl-coa
c07303,4-hydroxy-3-methoxyphenyl-beta-hydroxypropanoyl-coa; 4-hydroxy-3-methoxyphenyl-beta-hydroxypropionyl-coa; 3-hydroxy-3-(4-hydroxy-3-methoxyphenyl)propionyl-coa; 3-hydroxy-3-(4-hydroxy-3-methoxyphenyl)propanoyl-coa
c07304,deacetylisoipecoside
c07305,products of atp breakdown
c07306,"octreotide; d-phenylalanyl-l-cysteinyl-l-phenylalanyl-d-tryptophyl-l-lysyl-l- threonyl-n-((1r,2r)-2-hydroxy-1-(hydroxymethyl)propyl)-l- cysteinamide cyclic (2->7)-disulfide"
c07307,deacetylipecoside
c07308,cacodylate; dimethylarsinate
c07309,sotalol
c07310,spironolactone
c07311,stanozolol; androstanazole
c07312,"stavudine; d4t; 2',3'-didehydro-3'-deoxythimidine; sanilvudine"
c07313,streptozocin; zanosar
c07314,sucralfate
c07315,sulfamethoxazole
c07316,sulfasalazine; salicylazosulfapyridine; salazosulfapyridine
c07317,sulfinpyrazone; sulfoxyphenylpyrazolidine
c07318,sulfisoxazole
c07319,sumatriptan
c07320,suprofen
c07321,ofloxacin
c07322,olanzapine
c07323,olsalazine
c07324,omeprazole
c07325,ondansetron
c07326,"1,5-anhydro-d-glucitol; 1,5-anhydro-d-sorbitol; 1,5-anhydroglucitol"
c07327,3-pyridinaldehyde; pyridine-3-aldehyde; 3-pyridinecarboxaldehyde; nicotinaldehyde
c07328,3-methylbutanol; isoamyl alcohol; isopentyl alcohol; 3-methylbutan-1-ol
c07329,3-methylbutanal; isovaleraldehyde
c07330,"3-methyl-2-butenal; 3-methylbut-2-enal; 3,3-dimethyl-acrylaldehyde; senecialdehyde; prenal"
c07331,carbonyl sulfide
c07332,dibenzylsuccinate
c07334,oxacillin
c07335,2-amino-3-oxo-4-phosphonooxybutyrate; l-2-amino-3-oxo-4-phosphonooxybutyrate; (2s)-2-amino-3-oxo-4-phosphonooxybutanoate
c07336,quazepam
c07338,"(9z,12z)-(11s)-11-hydroperoxyoctadeca-9,12-dienoic acid; (9z,12z)-(11s)-11-hydroperoxyoctadeca-9,12-dienoate"
c07339,quinacrine; mepacrine
c07340,quinapril hydrochloride
c07341,oxamniquine
c07342,quinethazone
c07343,2-hydroxyphytanoyl-coa
c07344,3-hydroxyquinine
c07345,betaine aldehyde hydrate
c07346,oxandrolone
c07347,thiophene-2-carbonyl-coa
c07348,5-hydroxythiophene-2-carbonyl-coa
c07349,3'-demethylstaurosporine; 3'-demethoxy-3'-hydroxystaurosporine
c07350,"phlorisovalerophenone; 3-methyl-1-(2,4,6-trihydroxyphenyl)butan-1-one"
c07351,"phlorisobutyrophenone; 2-methyl-1-(2,4,6-trihydroxyphenyl)-1-propanone"
c07354,"(7s,8s)-dihode; (9z,12z)-(7s,8s)-dihydroxyoctadeca-9,12-dienoic acid; (7s,8s,9z,12z)-7,8-dihydroxyoctadeca-9,12-dienoate"
c07355,"(9z)-(7s,8s)-dihydroxyoctadecenoic acid; (z)-(7s,8s)-dihydroxyoctadeca-9-enoic acid; (z)-(7s,8s)-dihydroxyoctadeca-9-enoate"
c07356,oxaprozin
c07357,"(9z,12z,15z)-(7s,8s)-dihydroxyoctadeca-9,12,15-trienoic acid; (9z,12z,15z)-(7s,8s)-dihydroxyoctadeca-9,12,15-trienoate"
c07359,oxazepam
c07360,oxybutynin
c07361,piperacillin sodium; pipracil
c07362,pipobroman
c07363,oxymetazoline; afrin
c07366,prazepam
c07367,praziquantel
c07368,prazosin
c07369,"prednisolone; 11beta,17,21-trihydroxypregna-1,4-diene-3,20-dione"
c07370,"prednisone; 1,2-dehydrocortisone; 17,21-dihydroxypregna-1,4-diene-3,11,20-trione"
c07371,"primidone; 5-phenyl-5-ethyl-hexahydropyrimidine-4,6-dione"
c07372,probenecid
c07373,probucol
c07375,procaine
c07376,procarbazine hydrochloride
c07378,procyclidine
c07379,promazine
c07381,propafenone
c07383,proparacaine; proxymetacaine
c07384,propiomazine hydrochloride; largon
c07389,pyrantel pamoate
c07391,pyrimethamine
c07393,oxymetholone
c07394,paclitaxel
c07395,pamidronate; pamidronic acid
c07397,"quetiapine; 2-[2-(4-dibenzo[b,f][1,4]thiazepin-11-yl-1-piperazinyl)ethoxy]ethanol"
c07398,quinapril
c07400,pralidoxime
c07401,procainamide
c07402,procarbazine
c07403,prochlorperazine
c07404,promethazine; 10-(2-dimethylaminopropyl)phenothiazine
c07405,propiomazine
c07406,propoxyphene
c07407,propranolol
c07408,protriptyline
c07409,pyrantel
c07410,pyridostigmine
c07411,paramethadione
c07412,pyrvinium
c07413,paramethasone
c07414,pargyline
c07415,paroxetine
c07416,penbutolol
c07417,penciclovir
c07418,penicillamine
c07420,pentamidine
c07421,pentazocine
c07422,"pentobarbital; 5-ethyl-5-(1-methylbutyl)-2,4,6(1h,3h,5h)-pyrimidinetrione"
c07423,pentobarbital sodium
c07424,pentoxifylline
c07425,pergolide
c07427,perphenazine; 4-(3-(2-chlorophenothiazin-10-yl)propyl)-1-piperazineethanol
c07428,phenacemide
c07429,"phenazopyridine; 3-(phenylazo)-2,6-pyridinediamine"
c07430,phenelzine
c07431,phenelzine sulfate
c07432,phenmetrazine
c07434,phenobarbital
c07435,phenoxybenzamine
c07436,phenoxybenzamine hydrochloride
c07437,phensuximide
c07438,"phentermine; alpha,alpha-dimethylphenethylamine"
c07440,phenylbutazone
c07441,phenylephrine
c07443,phenytoin
c07445,pindolol
c07446,isonicotinic acid
c07447,acetylhydrazine
c07448,burimamide
c07449,metiamide
c07450,dexmedetomidine
c07451,moxonidine
c07452,tizanidine
c07453,epinine; deoxyepinephrine
c07454,n-guanylhistamine
c07455,nitroglycerin; glyceryl trinitrate
c07456,isosorbide dinitrate
c07457,amyl nitrite; isoamyl nitrite
c07458,sulfanilamide; sulfamine; prontosil album
c07459,dichlorphenamide; diclofenamide
c07460,"chloraminophenamide; 4-amino-6-chloro-1,3-benzenedisulfonamide"
c07461,chlorothiazide
c07463,terfenadine
c07464,ketanserin
c07465,remikiren; ro 42-5892
c07466,enalkiren; a 64662
c07467,eprosartan
c07468,candesartan
c07469,irbesartan
c07471,methacholine; acetyl-beta-methylcholine
c07473,muscarine
c07474,pilocarpine
c07475,lobeline; (-)-lobeline
c07478,"2-hydroxy-5-methyl-cis,cis-muconate"
c07479,2-oxo-5-methyl-cis-muconate
c07480,"theobromine; 3,7-dimethylxanthine"
c07481,"caffeine; 1,3,7-trimethylxanthine"
c07482,montelukast
c07484,zaleplon
c07485,oxotremorine
c07486,"nordazepam; desmethyldiazepam; 7-chloro-1,3-dihydro-5-phenyl-(2h)-1,4-benzodiazepin-2-one"
c07487,nitrazepam
c07488,"dmpp; dimethylphenylpiperazinium iodide; 1,1-dimethyl-4-phenylpiperazinium iodide"
c07489,glutethimide; 2-ethyl-2-phenylglutarimide
c07490,"trichloroethanol; 2,2,2-trichloroethanol"
c07491,carbaryl; carbaril
c07492,oxcarbazepine
c07493,10-hydroxycarbazepine; 10-hydroxycarbamazepine; gp 47779
c07494,soman
c07495,"dihydroxycarbazepine; 10,11-dihydro-10,11-dihydroxy-5h-dibenzazepine-5-carboxamide; 10,11-dihydroxycarbamazepine"
c07496,"carbamazepine-10,11-epoxide; carbamazepine epoxide"
c07497,malathion
c07498,malaoxon
c07499,phenylethylmalonamide; 2-phenyl-2-ethylmalondiamide; pema
c07500,vigabatrin
c07501,felbamate
c07502,topiramate
c07503,tiagabine
c07504,zonisamide
c07505,ethosuximide
c07506,propantheline
c07508,pirenzepine
c07509,"diacetylmonoxime; 2,3-butanedione monoxime"
c07510,hexamethonium
c07511,mecamylamine; versamine
c07512,tetraethylammonium
c07513,methoxamine
c07514,amphetamine
c07515,halothane
c07516,enflurane
c07517,methoxyflurane
c07518,isoflurane
c07519,desflurane
c07520,sevoflurane
c07521,thiopental
c07522,"etomidate; 1-(1-phenylethyl)-imidazole-5-carboxylic acid, ethyl ester"
c07523,"propofol; 2,6-diisopropylphenol"
c07524,midazolam
c07525,ketamine
c07526,tetracaine; amethocaine
c07527,benzocaine; ethyl aminobenzoate
c07528,mepivacaine
c07529,bupivacaine; marcaine
c07530,etidocaine
c07531,prilocaine
c07532,ropivacaine
c07533,prenalterol
c07534,ethynyl estradiol; 17alpha-ethinyl estradiol; ethinyl estradiol; ethinylestradiol
c07535,benzo[a]pyrene; benzpyrene
c07536,amobarbital
c07537,ethylmorphine
c07538,benzphetamine; benzfetamine
c07539,aminopyrine; 4-dimethylaminoantipyrine
c07540,6-methylergoline
c07541,lysergic acid
c07542,lysergic acid diethylamide; lsd; lysergide
c07543,ergonovine; ergometrine
c07544,ergotamine
c07545,alpha-ergocryptine
c07546,succinylcholine; suxamethonium
c07547,tubocurarine
c07548,atracurium
c07549,doxacurium
c07550,mivacurium
c07551,pancuronium
c07552,aldrin
c07553,vecuronium
c07554,pipecuronium
c07555,4-nitroanisole; p-nitroanisole
c07556,rocuronium
c07557,"2,3,7,8-tetrachlorodibenzodioxin; tetrachlorodibenzodioxin; 2,3,7,8-tetrachlorodibenzo-p-dioxin; tcdd; pcdd 48"
c07558,methitural
c07559,chlorphentermine
c07560,methaqualone
c07561,carbon tetrachloride; tetrachloromethane
c07564,ropinirole
c07565,acetanilide; n-phenylacetamide; n-acetylarylamine
c07566,pimozide
c07567,sertindole
c07568,ziprasidone
c07569,propylthiouracil
c07570,mirtazapine
c07571,fluvoxamine
c07572,citalopram
c07573,prontosil; sulfamidochrysoidine; prontosil rubrum
c07574,tartrazine; acid yellow 23; food yellow no.4
c07575,phencyclidine
c07576,psilocybin; psilocybine
c07577,"3,4-methylenedioxymethamphetamine; n-methyl-3,4-methylenedioxyamphetamine; mdma"
c07578,cannabidiol; cbd
c07580,cannabinol
c07581,pteridine
c07582,pteroic acid
c07584,"phenindione; 2-phenyl-1,3-indandione"
c07585,n-acetylisoniazid; (n)1-acetylisoniazid
c07586,fenofibrate
c07587,sodium salicylate
c07588,salicyluric acid; salicylurate; n-(2-hydroxybenzoyl)-glycine
c07589,celecoxib
c07590,rofecoxib
c07591,phenacetin; acetophenetidin
c07592,colchicine
c07593,rotenone
c07594,pyrethrin i
c07596,hlo7
c07597,ferroxamine; ferrioxamine; desferal-iron(iii)
c07598,"succimer; meso-2,3-dimercaptosuccinic acid"
c07599,alloxanthine; oxipurinol; oxypurinol
c07600,allicin; 2-propene-1-sulfinothioic acid s-2-propenyl ester
c07601,ginkgolide a
c07602,ginkgolide b
c07603,ginkgolide c; bn 52022
c07604,ginkgolide j; bn 52024
c07605,bilobalide
c07606,hypericin
c07607,gonadotropin-releasing hormone i; gonadorelin; gonadoliberin i; gnrh-i
c07608,hyperforin
c07609,parthenolide
c07610,silymarin; silibinin; silybin
c07612,leuprolide; leuprorelin
c07613,nafarelin
c07615,carbimazole
c07616,amphenone b
c07617,aminoglutethimide
c07618,mestranol
c07619,quinestrol
c07620,diethylstilbestrol; des
c07621,methallenestril
c07622,voriconazole; vfend
c07624,abacavir
c07625,chloroquine
c07626,amodiaquine
c07627,primaquine
c07628,dimethisterone; dimethisterone anhydrous
c07629,desogestrel
c07630,sulfadoxine
c07631,proguanil; chloroguanide; n-(4-chlorophenyl)-n'-(isopropyl)-imidodicarbonimidic diamide
c07632,"androstanediol; androstane-3,17-diol"
c07633,mefloquine
c07634,halofantrine
c07635,epiandrosterone
c07636,iodoquinol
c07637,diloxanide furoate
c07638,sodium stibogluconate; antimony sodium gluconate
c07639,"3,3',5'-triiodo-l-thyronine; 3,3',5'-triiodothyronine; reverse triiodothyronine; rt3"
c07640,semustine; methyl-ccnu; 1-(2-chloroethyl)-3-(4-methylcyclohexyl)-1-nitrosourea
c07641,thiotepa
c07642,"triethylenemelamine; trisaziridinyltriazine; 2,4,6-tris(1-aziridinyl)-s-triazine"
c07643,4-hydroxycyclophosphamide
c07644,4-ketocyclophosphamide
c07645,aldophosphamide
c07646,carboxyphosphamide; carboxycyclophosphamide
c07647,phosphoramide mustard; phosphamide mustard
c07648,thioguanine
c07649,5-fu; fluorouracil; 5-fluorouracil
c07650,gemcitabine
c07651,wr 1065; 2-[(3-aminopropyl)amino]ethanethiol
c07652,mifepristone; ru-486
c07653,flutamide
c07654,methacycline; metacycline
c07655,streptobiosamine
c07656,gentamicin c1
c07657,netilmicin
c07658,sulfadiazine
c07659,sulfathalidine; phthalylsulfathiazole; 2-[[[4-[(2-thiazolylamino)sulfonyl]phenyl]amino]carbonyl]benzoic acid
c07660,levofloxacin; ofloxacin s-(-)-form
c07661,gatifloxacin; am 1155
c07662,"sparfloxacin; cis-5-amino-1-cyclopropyl-7-(3,5-dimethyl-1-piperazinyl)-6,8-difluoro-1,4-dihydro-4-oxo-3-quinolinecarboxylic acid"
c07663,moxifloxacin
c07664,trovafloxacin
c07665,ethionamide
c07666,"dapsone; 4,4'-sulfonylbisbenzenamine; diaphenylsulfone"
c07667,gossypol
c07668,apraclonidine
c07669,glimepiride
c07670,repaglinide
c07671,histrelin
c07672,biguanide; guanylguanidine
c07673,phenformin; dbi
c07674,buformin; 1-butylbiguanide
c07675,pioglitazone
c07677,acebutolol hydrochloride
c07693,fenoldopam
c07695,sodium nitroprusside dihydrate
c07699,nisoldipine
c07701,benazepril hydrochloride
c07704,moexipril
c07706,perindopril
c07707,perindopril erbumine
c07708,miglitol
c07709,candesartan cilexetil
c07710,telmisartan
c07711,previtamin d(3); previtamin d3
c07712,"secalciferol; 24(r),25-dihydroxyvitamin d3; (24r),25-dihydroxyvitamin d3; (3s,5z,7e,24r)-9,10-secocholesta-5,7,10-triene-3,24,25-triol"
c07713,nitrendipine
c07714,isosorbide mononitrate
c07715,"fluorene; diphenylenemethane; 2,2'-methylenebiphenyl"
c07717,"3,4-dihydroxyfluorene"
c07718,"2-hydroxy-4-(1-oxo-1,3-dihydro-2h-inden-2-ylidene)-but-2-enoic acid"
c07719,2-formyl-1-indanone
c07720,3-hydroxy-1-indanone
c07721,"(+)-(3s,4r)-cis-3,4-dihydroxy-3,4-dihydrofluorene"
c07722,"3,4-dihydroxy-3,4-dihydro-9-fluorenone"
c07723,4-hydroxy-9-fluorenone
c07724,"1,2-dihydroxyfluorene"
c07725,"2-hydroxy-4-(2-oxo-1,3-dihydro-2h-inden-1-ylidene)but-2-enoic acid"
c07726,1-formyl-2-indanone
c07727,"2-indanone; 2h-inden-2-one, 1,3-dihydro-"
c07728,"3-isochromanone; 1,4-dihydro-3h-2-benzopyran-3-one"
c07729,dibenzofuran; diphenylene oxide
c07731,"2-hydroxy-6-oxo-6-(2-hydroxyphenyl)-hexa-2,4-dienoate"
c07732,dibenzo-p-dioxin
c07733,"2,2',3-trihydroxydiphenylether"
c07734,"2-hydroxy-6-oxo-6-(2-hydroxyphenoxy)-hexa-2,4-dienoate"
c07736,"etidronic acid; 1-hydroxyethylidene-1,1-diphosphonic acid; ethane-1-hydroxy-1,1-bisphosphonate"
c07740,disopyramide phosphate
c07743,moricizine
c07750,tolterodine
c07751,dofetilide
c07752,alendronic acid; alendronate; (4-amino-1-hydroxybutylidene)bisphosphonic acid
c07753,ibutilide
c07755,magnesium chloride; magnesium chloride anhydrous
c07756,7-aminocephalosporanic acid; 7-aminocephalosporinic acid; 7-aca; (7r)-7-aminocephalosporanate
c07758,bendroflumethiazide
c07759,benzthiazide
c07760,brinzolamide
c07761,cephalothin; cefalotin
c07763,hydroflumethiazide
c07764,methazolamide
c07765,methyclothiazide
c07766,polythiazide
c07767,trichlormethiazide
c07768,azelastine
c07770,sulbactam
c07771,tazobactam
c07773,ambenonium
c07774,azatadine
c07777,buclizine
c07778,cetirizine
c07780,chlorpheniramine maleate
c07783,dexchlorpheniramine maleate; d-chlorpheniramine maleate
c07784,diphenhydramine hydrochloride
c07785,emedastine
c07789,olopatadine
c07790,phenindamine
c07792,naratriptan
c07798,dihydroergotamine
c07805,formoterol
c07807,pirbuterol
c07809,flavoxate
c07811,hexocyclium
c07813,beclomethasone dipropionate; beclometasone dipropionate
c07814,homatropine
c07815,fluticasone
c07816,mometasone
c07817,mometasone furoate
c07818,mepenzolate
c07819,dyphylline; diprophylline
c07825,flumazenil
c07826,aprobarbital
c07827,butabarbital
c07829,mephobarbital
c07832,ethinamate
c07833,ethchlorvynol
c07834,paraldehyde
c07836,d-glycero-beta-d-manno-heptose 7-phosphate
c07837,fomepizole; 4-methylpyrazole
c07838,d-glycero-beta-d-manno-heptose 1-phosphate
c07839,ethotoin
c07840,fosphenytoin
c07841,levetiracetam
c07843,ketamine hydrochloride
c07844,methohexital
c07846,thiamylal; 5-allyl-5-(1-methylbutyl)-2-thiobarbituric acid
c07849,methantheline
c07851,oxyphencyclimine
c07852,propiverine
c07853,clidinium
c07861,tridihexethyl
c07862,tridihexethyl iodide
c07864,rabeprazole
c07865,rabeprazole sodium
c07866,dolasetron
c07868,metoclopramide
c07870,bismuth subsalicylate
c07871,difenoxin
c07872,diphenoxylate
c07874,"1,4-bis(2-ethylhexyl) sulfosuccinate; docusate hydrogen"
c07875,butamben
c07876,magnesium hydroxide; milk of magnesia
c07877,chloroprocaine
c07879,dibucaine
c07880,"ursodiol; ursodeoxycholic acid; ursodeoxycholate; 3alpha,7beta-dihydroxy-5beta-cholan-24-oic acid"
c07881,dyclonine
c07884,dextroamphetamine; dexamfetamine; d-amphetamine
c07886,brimonidine
c07887,"l-(-)-1-butyl-2',6'-pipecoloxylidide; levobupivacaine"
c07888,cyclophosphamide
c07889,mephentermine
c07890,midodrine
c07892,pramoxine; pramocaine
c07894,procaine hydrochloride
c07895,propoxycaine
c07897,etanercept
c07898,naphazoline hydrochloride
c07899,pemoline
c07903,interleukin-2; aldesleukin
c07904,phendimetrazine
c07905,leflunomide
c07906,levamisole hydrochloride
c07908,mycophenolate mofetil; rs 61443
c07909,sirolimus; rapamycin
c07910,thalidomide
c07911,"phenylpropanolamine; (+-)-phenylpropanolamine; (r*,s*)-(+-)-alpha-(1-aminoethyl)benzenemethanol; (+-)-norephedrine"
c07912,"tetrahydrozoline; tetryzoline; 2-tetralin-1-yl-4,5-dihydro-1h-imidazole"
c07913,xylometazoline
c07914,levobunolol; (-)-bunolol
c07915,metipranolol
c07919,metocurine
c07921,metyrosine; metirosine
c07927,carisoprodol
c07928,chlorphenesin
c07930,chlorphenesin carbamate
c07931,chlorzoxazone
c07933,dantrolene sodium anhydrous
c07934,metaxalone
c07935,orphenadrine
c07937,riluzole
c07939,amantadine hydrochloride
c07941,biperiden
c07943,entacapone
c07946,botulinum toxin type a; botulin a
c07949,tolcapone
c07952,chlorpromazine hydrochloride; chloropromazine monohydrochloride
c07953,chlorprothixene
c07955,fluphenazine enanthate; prolixin enanthate
c07956,fluphenazine depot; fluphenazine decanoate; prolixin decanoate
c07964,lithium carbonate
c07965,tirofiban
c07966,cerivastatin
c07967,bithionol
c07968,"diethylcarbamazine; n,n-diethyl-4-methyl-1-piperazinecarboxamide"
c07971,metrifonate; trichlorfon
c07973,piperazine; diethylenediamine
c07974,suramin
c07982,imipramine hydrochloride
c07995,magnesium salicylate; magnesium salicylate anhydrous
c07996,dehydroemetine
c07997,"eflornithine; dl-ornithine, 2-(difluoromethyl)-"
c07999,furazolidone
c08001,melarsoprol
c08002,nifurtimox
c08005,alfentanil
c08007,buprenorphine
c08010,dezocine
c08012,levomethadyl acetate; laam
c08014,levorphanol
c08018,oxycodone
c08019,oxymorphone
c08021,remifentanil
c08022,sufentanil
c08024,hydrocodone; dihydrocodeinone
c08026,oxycodone hydrochloride
c08027,nalmefene
c08029,methacycline hydrochloride
c08031,erythromycin estolate; erythromycin estorate
c08032,quinupristin
c08033,dalfopristin
c08034,quinupristin-dalfopristin
c08037,benzalkonium chloride; parasterol
c08038,chlorhexidine gluconate; hibitane gluconate
c08039,hexachlorophene
c08040,iodine aqueous; iodine-potassium iodide complex; potassium triiodide
c08042,nitrofurazone; 5-nitro-2-furaldehyde semicarbazone
c08043,povidone-iodine; polyvinylpyrrolidone-iodine complex
c08046,kanamycin sulfate; kanamycin monosulfate
c08050,sulfamethizole
c08051,sulfacetamide sodium anhydrous
c08052,cinoxacin
c08053,lomefloxacin hydrochloride
c08054,moxifloxacin hydrochloride
c08055,aminosalicylate sodium anhydrous; sodium p-aminosalicylate
c08057,cycloserine; d-cycloserine
c08059,rifapentine
c08060,carbazole; 9h-carbazole
c08061,"2'-aminobiphenyl-2,3-diol"
c08062,"2-hydroxy-6-oxo-(2'-aminophenyl)-hexa-2,4-dienoate"
c08063,"1,4-cyclohexanedione"
c08064,saponarin; isovitexin-7-o-beta-d-glucopyranoside
c08065,butoconazole
c08066,butoconazole nitrate
c08067,butenafine
c08068,econazole
c08069,econazole nitrate
c08070,miconazole nitrate
c08071,naftifine
c08072,naftifine hydrochloride
c08073,natamycin; pimaricin
c08074,oxiconazole
c08075,oxiconazole nitrate
c08076,sulconazole
c08079,terbinafine
c08080,terconazole
c08082,tioconazole
c08086,amprenavir
c08087,delavirdine mesylate; delavirdine mesilate
c08088,efavirenz
c08089,indinavir sulfate
c08090,dienestrol; dehydrostilbestrol
c08091,nelfinavir mesylate; nelfinavir mesilate
c08092,oseltamivir
c08093,oseltamivir phosphate
c08094,rimantadine hydrochloride
c08095,zanamivir
c08098,cefazolin sodium; cefazolin sodium salt
c08099,cephalexin monohydrate; cephalexin
c08100,cephalothin sodium; cefalotin sodium
c08101,cephapirin sodium; cefapirin sodium; sodium cefapirin
c08102,cefamandole nafate
c08103,cefmetazole
c08104,cefmetazole sodium
c08105,cefonicid sodium
c08106,cefoxitin sodium
c08107,cefuroxime axetil; cefuroxime 1-acetoxyethyl ester
c08108,cefuroxime sodium
c08109,loracarbef monohydrate
c08110,cefdinir
c08111,cefepime
c08112,cefoperazone sodium
c08113,cefotaxime sodium
c08114,cefpodoxime
c08115,cefpodoxime proxetil
c08117,ceftibuten
c08118,ceftizoxime sodium
c08122,bacampicillin
c08123,bacampicillin hydrochloride
c08124,nafcillin sodium
c08126,penicillin v
c08127,"paricalcitol; 19-nor-1alpha,25-dihydroxyvitamin d2"
c08129,calcium carbonate; precipitated calcium carbonate
c08130,calcium chloride anhydrous
c08133,calcium gluconate
c08136,tricalcium phosphate; calcium phosphate tribasic; synthos
c08141,tiludronic acid; tiludronate
c08142,sodium fluoride
c08145,diethylstilbestrol diphosphate; fosfestrol; diethylstilbestrol bisphosphate
c08146,linezolid
c08148,"hydroxyprogesterone caproate; primolut depot; 17alpha-caproyloxypregn-4-ene-3,20-dione"
c08149,levonorgestrel; (-)-norgestrel
c08150,medroxyprogesterone acetate; 6-alpha-methyl-17-alpha-acetoxyprogesterone; 6-alpha-methyl-17-alpha-hydroxyprogesterone acetate
c08151,megestrol acetate
c08152,norethindrone acetate; norethisterone acetate
c08153,norgestrel; (+-)-norgestrel
c08154,nandrolone decanoate
c08155,nandrolone phenpropionate; nandrolone phenylpropionate
c08156,testosterone cypionate
c08157,testosterone enanthate
c08158,testosterone propionate
c08159,anastrozole
c08160,bicalutamide
c08161,clomiphene citrate; clomifene citrate
c08162,exemestane
c08163,letrozole
c08164,nilutamide
c08166,toremifene
c08169,meloxicam
c08171,"sodium thiosalicylate; 2-mercapto-benzoic acid, monosodium salt"
c08173,cortisone acetate; cortisyl
c08174,dexamethasone acetate anhydrous
c08175,dexamethasone sodium phosphate
c08176,hydrocortisone cypionate
c08178,hydrocortisone sodium succinate
c08179,"methylprednisolone acetate; 6alpha-methylprednisolone 21-acetate; 11beta,17,21-trihydroxy-6alpha-methylpregna-1,4-diene-3,20-dione 21-acetate; m-predrol"
c08180,prednisolone acetate; prednisolone 21-acetate; pricortin
c08182,prednisolone tebutate; prednisolone butyl acetete
c08183,triamcinolone acetonide
c08184,triamcinolone diacetate
c08185,triamcinolone hexacetonide
c08186,fludrocortisone acetate
c08187,cabergoline
c08193,aurothioglucose
c08195,meclofenoxate
c08197,neostigmine bromide; neo proserine
c08200,neostigmine methylsulfate
c08201,acetylcholine chloride
c08202,bethanechol chloride
c08211,doxercalciferol; 1alpha-hydroxyergocalciferol
c08212,levothyroxine sodium anhydrous
c08215,thyroid
c08217,iopanoic acid
c08219,potassium iodide
c08230,hydroxocobalamin; vitamin b12a; hydroxycobalamin; hydroxycob(lll)alamin
c08233,risedronic acid; risedronate
c08234,"beta-cymaropyranose; d-cymarose; cymarose; 2,6-dideoxy-3-o-methyl-d-ribo-hexose"
c08235,digitalose; beta-d-digitalopyranose
c08236,alpha-d-mannoheptulopyranose; mannoheptulose
c08237,oleandrose; beta-l-oleandropyranose
c08238,alpha-galactosyl-(1-6)-alpha-galactosyl-(1-6)-alpha-galactosyl-(1-6)-alpha-galactosyl-(1-6)-alpha-glucosyl-(1-2)-beta-fructose; ajugose
c08239,gentianose; beta-d-fructofuranosyl o-beta-d-glucopyranosyl-(1-6)-alpha-d-glucopyranoside
c08240,gentiobiose
c08241,sodium 2-o-l-rhamnopyranosyl-4-deoxy-alpha-l-threo-hex-4-eno-pyranosiduronate; lepidimoide
c08242,lychnose; 1f-alpha-d-galactosylraffinose
c08243,melezitose
c08244,2-o-alpha-l-rhamnopyranosyl-d-glucopyranose; neohesperidose
c08245,6-o-beta-d-xylopyranosyl-d-glucose; primeverose
c08246,robinobiose
c08247,rutinose
c08248,sesamose; alpha-d-galactosyl-(1-6)-alpha-d-galactosyl-(1-6)-beta-d-fructosyl-(2-1)-alpha-d-glucoside
c08249,pyrimidine 5'-deoxynucleotide
c08250,sophorose; alpha-sophorose; 2-o-beta-d-glucopyranosyl-beta-d-glucopyranose
c08251,umbelliferose; beta-d-fructofuranosyl 2-o-alpha-d-galactopyranosyl-beta-d-glucopyranoside
c08252,verbascose; beta-d-fructofuranosyl o-alpha-d-galactopyranosyl-(1-6)-o-alpha-d-galactopyranosyl-(1-6)-o-alpha-d-galactopyranosyl-(1-6)-alpha-d-glucopyranoside
c08253,fucoidan
c08254,clusianose
c08255,perseitol; d-glycero-d-galacto-heptitol
c08257,(-)-quebrachitol
c08258,(+)-quercitol; d-quercitol
c08259,(-)-viburnitol
c08260,volemitol; d-glycero-d-manno-heptitol
c08261,"azelaic acid; nonanedioic acid; 1,7-heptanedicarboxylic acid"
c08262,3-methylbutanoic acid; isovaleric acid; isovalerate
c08263,beta-alaninebetaine; beta-alanine betaine; propiobetaine; trimethylalanine
c08264,l-albizziine; albizziin; l-2-amino-3-ureidopropionic acid
c08265,alliin
c08266,l-alpha-amino-gamma-oxalylaminobutyric acid
c08267,l-azetidine 2-carboxylic acid; azetidyl-2-carboxylic acid; (s)-(-)-azetidine-2-carboxylic acid
c08268,"l-baikiain; 4,5-dehydropipecolic acid"
c08269,(-)-betonicine; betonicine; trans-4-hydroxy-l-proline betaine
c08270,l-canaline; canaline
c08271,coprine; n(5)-(1-hydroxycyclopropyl)-l-glutamine
c08272,kinetin; 6-furfuryladenine
c08273,"2,5-dihydrophenylalanine; l-2,5-dihydrophenylalanine"
c08275,l-djenkolic acid; djenkolic acid
c08276,3-(methylthio)propanoate; 3-(methylthio)propionic acid; 3-methylthiopropionate; 3-(methylsulfanyl)propanoate; 3-methylthiopropanoic acid
c08277,sebacic acid; decanedioic acid
c08278,"suberic acid; cork acid; 1,8-octanedioic acid; octanedioic acid; 1,6-hexanedicarboxylic acid"
c08279,"tiglic acid; (e)-2,3-dimethylacrylic acid"
c08280,hypoglycin b; hypoglycine b; l-gamma-glutamyl-l-hypoglycin
c08281,docosanoic acid; docosanoate; behenic acid
c08282,chaulmoogric acid
c08283,homostachydrine
c08284,gamma-hydroxy-l-arginine
c08285,"10,16-dihydroxyhexadecanoic acid; hexadecanoic acid, 10,16-dihydroxy-"
c08286,(+)-gamma-hydroxy-l-homoarginine
c08287,hypoglycin; hypoglycin a; hypoglycine a; l-hypoglycin
c08288,indospicine; l-indospicine
c08289,isowillardiine
c08290,lathyrine; l-lathyrine
c08291,3-methylamino-l-alanine
c08292,alpha-(methylenecyclopropyl)glycine
c08294,o-oxalylhomoserine; o-oxalyl-l-homoserine
c08295,s-[(e)-prop-1-enyl]-l-cysteine s-oxide
c08296,quisqualic acid
c08298,tricholomic acid; alpha-amino-3-oxo-5-isoxazolidineacetic acid
c08299,"bufotenine; bufotenin; n,n-dimethylserotonin"
c08300,d-cathine; cathine; (+)-norpseudoephedrine
c08301,d-cathinone; cathinone
c08302,"n,n-dimethyltryptamine; dmt"
c08303,galegine
c08304,"gramine; (1h-indol-3-ylmethyl)dimethylamine; (1h-indol-3-yl)-n,n-dimethylmethanamine"
c08305,gyromitrin; acetaldehyde methylformylhydrazone
c08306,hexylamine; 1-hexanamine
c08307,hordatine a
c08308,hordatine b
c08309,"n,n-dimethyl-5-methoxytryptamine; o-methylbufotenine; methoxybufotenin; 5-methoxy-n,n-dimethyltryptamine; 3-[2-(n,n-dimethylamino)ethyl]-5-methoxy-indole"
c08310,n-methylmescaline
c08311,muscimol
c08312,psilocin
c08313,skatole; 3-methylindole
c08314,"(9r,10r)-dihydroxyoctadecanoic acid; 9,10-dihydroxystearic acid"
c08315,"(9z,11e,13e)-octadecatrienoic acid; (9z,11e,13e)-9,11,13-octadecatrienoic acid; alpha-eleostearic acid"
c08316,erucic acid; (13z)-docosenoic acid; cis-13-docosenoic acid
c08317,12-hydroxydodecanoic acid; omega-hydroxydodecanoic acid
c08318,"(9z,12z)-(8r)-hydroxyoctadeca-9,12-dienoic acid; laetisaric acid; 8-hydroxylinoleic acid"
c08319,"alpha-licanic acid; (9z,11e,13e)-4-oxooctadeca-9,11,13-trienoic acid; 4-oxo-9,11,13-octadecatrienoic acid; 4-oxo-cis-9,trans-11,trans-13-octadecatrienoic acid"
c08320,tetracosanoic acid; lignoceric acid
c08321,malvalic acid
c08322,myristoleic acid; (9z)-tetradecenoic acid; 9-tetradecenoic acid; (z)-tetradec-9-enoic acid
c08323,(15z)-tetracosenoic acid; nervonic acid; (z)-15-tetracosenoic acid
c08324,acalyphin
c08325,amygdalin; (r)-amygdalin; (r)-amygdaloside; (r)-laenitrile
c08326,anthemis glycoside a
c08327,anthemis glycoside b
c08328,cardiospermin
c08329,deidaclin; nsc 370273
c08330,p-glucosyloxymandelonitrile
c08331,"gynocardin; 2-cyclopentene-1-carbonitrile, 1-(beta-d-glucopyranosyloxy)-4,5-dihydroxy-,(1alpha,4alpha,5beta)-"
c08332,heterodendrin
c08333,linustatin
c08334,lotaustralin
c08335,"lucumin; benzeneacetonitrile,alpha-((6-o-beta-d-xylopyranosyl-beta-d-glucopyranosyl)oxy)-,(r)-; mandelonitrile primeveroside"
c08336,neolinustatin
c08337,proacaciberin
c08338,"proacacipetalin; 3-butenenitrile, 2-(beta-d-glucopyranosyloxy)-3-methyl-, (s)-"
c08339,proteacin
c08340,"sarmentosin; 2-butenenitrile,4-(beta-d-glucopyranosyloxy)-2-(hydroxymethyl)-, (e)-"
c08341,sarmentosin epoxide
c08342,"triglochinin; 2-hexenedioic acid,4-(cyano(beta-d-glucopyranosyloxy)methylene)-, (e,z)-"
c08344,volkenin
c08345,"zierin; benzeneacetonitrile, alpha-(beta-d-glucopyranosyloxy)-3-hydroxy-, (s)"
c08346,beta-d-apiose
c08347,2-deoxy-alpha-d-ribopyranose
c08348,galacturonic acid
c08349,beta-d-glucosamine
c08350,beta-d-glucopyranuronic acid; beta-d-glucuronic acid
c08351,beta-d-hamamelopyranose; beta-d-hamamelose
c08352,quinovose; alpha-d-quinovopyranose
c08353,beta-d-ribopyranose; ribose
c08354,alpha-d-ribulose
c08355,beta-d-sedoheptulopyranose; beta-d-sedoheptulose
c08356,alpha-l-sorbopyranose
c08357,estradiol-17beta 3-sulfate
c08358,2-methoxyestrone 3-sulfate
c08359,2-methoxyestradiol-17beta 3-sulfate
c08362,(9z)-hexadecenoic acid; palmitoleic acid; cis-9-hexadecenoic acid; (9z)-hexadec-9-enoate
c08363,(6z)-octadecenoic acid; petroselinic acid; cis-6-octadecenoic acid
c08364,"punicic acid; cis-9,trans-11,cis-13-octadecatrienoic acid; trichosanic acid; (9z,11e,13z)-octadeca-9,11,13-trienoic acid"
c08365,ricinoleic acid; (9z)-(12r)-hydroxyoctadecenoic acid; 12-hydroxy-9-octadecenoic acid; 12-hydroxy-cis-9-octadecenoic acid
c08366,sterculic acid
c08367,(11e)-octadecenoic acid; vaccenic acid; trans-11-octadecenoic acid
c08368,"vernolic acid; (9z)-(12s,13r)-12,13-epoxyoctadecenoic acid; cis-12,13-epoxy-cis-9-octadecenoic acid"
c08369,diallyl disulfide
c08370,diallyl sulfide; allyl sulfide
c08371,dimethyl disulfide; methyl disulfide
c08372,dimethyl trisulfide; dmts
c08373,dipropyl disulfide; n-propyl disulfide
c08374,dodecane; n-dodecane
c08375,"(3z,6z,9z)-3,6,9-dodecatrien-1-ol; (z,z,z)-3,6,9-dodecatrien-1-ol"
c08376,hentriacontane; n-hentriacontane
c08377,"14,16-hentriacontanedione; hentriacontane-14,16-dione"
c08378,hentriacontan-1-ol; 1-hentriacontanol
c08379,hentriacontan-16-one; 16-hentriacontanone
c08380,2-heptanone; heptan-2-one; methyl n-amyl ketone
c08381,hexacosan-1-ol; 1-hexacosanol
c08382,"lenthionine; 1,2,3,5,6-pentathiepane"
c08383,methyl allyl disulfide; allyl methyl disulfide
c08384,nonacosane; n-nonacosane
c08385,(10s)-nonacosan-10-ol; ginnol
c08386,nonacosan-10-one; ginnone
c08387,octacosan-1-ol; 1-octacosanol; octacosanol
c08388,pentadecane; n-pentadecane
c08389,propanethial s-oxide; thiopropanal s-oxide
c08390,propane-1-thiol; propanethiol; propyl mercaptan
c08391,propane-2-thiol; isopropyl mercaptan; 2-propanethiol
c08392,triacontan-1-ol; 1-triacontanol; myricyl alcohol
c08393,tritriacontane; n-tritriacontane
c08394,"tritriacontane-16,18-dione; n-tritriacontane-16,18-dione"
c08395,"aethusin; 2,8,10-tridecatriene-4,6-diyne"
c08396,"anacyclin; (2e,4e)-n-(2-methylpropyl)-2,4-tetradecadiene-8,10-diynamide"
c08397,"5-(3-buten-1-ynyl)-2,2'-bithiophene; 5-(3-buten-1-ynyl)-2,2'-bithienyl"
c08398,capillin
c08399,carlina oxide
c08400,glucoalyssin; 5-methylsulfinylpentyl glucosinolate
c08401,glucoberteroin; 5-methylthiopentyl glucosinolate
c08402,cicutoxin
c08403,glucobrassicanapin; 4-pentenyl glucosinolate
c08404,glucocapparin; methyl glucosinolate
c08405,glucocheirolin; 3-methylsufonylpropyl glucosinolate
c08406,glucocleomin; 2-hydroxy-2-methylbutyl glucosinolate
c08407,glucocochlearin; 1-methylpropyl glucosinolate
c08408,glucoconringiin; 2-hydroxy-2-methylpropyl glucosinolate
c08409,glucoerucin; 4-methylthiobutyl glucosinolate
c08410,glucoerysolin; 4-methylsulfonylbutyl glucosinolate
c08411,glucoiberin; 3-methylsulfinylpropyl glucosinolate
c08412,glucoiberverin; 3-methylthiopropyl glucosinolate
c08413,glucolepidiin; ethyl glucosinolate
c08414,glucolimnanthin
c08415,gluconapin; 3-butenylglucosinolate
c08416,gluconapoleiferin; 2-hydroxy-4-pentenyl glucosinolate
c08417,gluconasturtiin; 2-phenylethyl glucosinolate
c08418,glucoputranjivin; 1-methylethyl glucosinolate
c08419,glucoraphanin; 4-methylsulfinylbutyl glucosinolate
c08420,glucoraphenin; 4-methylsufinyl-3-butenyl glucosinolate
c08422,4-hydroxyglucobrassicin; 4-hydroxy-3-indolylmethylglucosinolate
c08423,4-methoxyglucobrassicin; 4-methoxy-3-indolylmethyl glucosinolate
c08424,neoglucobrassicin; 1-methoxy-3-indolylmethyl glucosinolate
c08425,progoitrin; 2(r)-2-hydroxy-3-butenyl glucosinolate; glucorapiferin
c08426,sinalbin; p-hydroxybenzyl glucosinolate
c08427,sinigrin; 2-propenyl glucosinolate; allylglucosinolate
c08428,(n-sulfoindol-3-yl)methylglucosinolate
c08429,"clitidine 5'-phosphate; 1,4-dihydro-4-imino-1-(5-o-phosphono-beta-d-ribofuranosyl)-3-pyridinecarboxylic acid"
c08430,convicine
c08431,cordycepin; 3'-deoxyadenosine
c08432,isoguanosine; crotonoside
c08433,amataine; subssesiline
c08434,6-methylaminopurine; n6-methyladenine
c08435,triacanthine
c08437,vicine
c08438,alpha-amanitin
c08439,phalloidin; phalloidine
c08440,phaseolotoxin; n5-[amino(sulfoamino)phosphinyl]-l-ornithyl-l-alanyl-n6-(aminoiminomethyl)-l-lysine
c08441,tentoxin
c08442,ustiloxin; ustiloxin a
c08443,victorin c
c08445,dehydrofalcarinone
c08446,"(e)-dehydromatricaria ester; trans-dehydromatricaria ester; (e)-2-decene-4,6,8-triynoic acid methyl ester"
c08447,"dehydrosafynol; (2r,11e)-11-tridecene-3,5,7,9-tetrayne-1,2-diol"
c08448,eutypine; 4-hydroxy-3-(3-methyl-3-butene-1-ynyl)benzaldehyde
c08449,falcarindiol
c08450,falcarinol; panaxynol
c08451,"falcarinone; (z)-1,9-heptadecadiene-4,6-diyn-3-one"
c08452,"ichthyotherol; 2h-pyran-3-ol, tetrahydro-2-(1-nonene-3,5,7-triynyl)-, (2s-(2alpha(e),3beta))-"
c08453,"lachnophyllum ester; (e)-2-decene-4,6-diynoic acid methyl ester"
c08454,"(e,e,e)-n-(2-methylpropyl)hexadeca-2,6,8-trien-10-ynamide; (2e,6e,8e)-n-isobutyl-2,6,8-hexadecatriene-10-yneamide"
c08455,"mycosinol; (2e)-2-hexa-2,4-diynylidene-1,6-dioxaspiro(4.4)nona-3,7-dien-9-ol"
c08456,"phenylheptatriyne; 1-phenylhepta-1,3,5-triyne"
c08457,"1-phenyl-5-heptene-1,3-diyne; benzene, 5-heptene-1,3-diynyl-"
c08458,"safynol; (2r,3e,11e)-3,11-tridecadiene-5,7,9-triyne-1,2-diol"
c08459,stearolic acid; 9-stearolic acid; 9-octadecynoic acid; octadec-9-ynoic acid
c08460,alpha-terthienyl; terthiophene
c08461,"thiarubrine a; thiarubrin a; 3-(5-hexene-1,3-diynyl)-6-(1-propynyl)-1,2-dithiin"
c08462,"thiarubrine b; thiarubrin b; 3-(3-buten-1-ynyl)-6-(1,3-pentadiynyl)-1,2-dithiin"
c08463,"triacetylene; 1,3,5-hexatriyne"
c08464,"1-tridecene-3,5,7,9,11-pentayne; tridec-1-ene-3,5,7,9,11-pentayne"
c08465,wyerone
c08466,wyerone acid
c08467,asimicin; bullatacin
c08468,acremoauxin a; 2-(3-indolyl)propanoylmannitol
c08469,aristolochic acid; aristolochic acid i
c08470,bullatacinone
c08471,chalcogran
c08472,avenanthramide a; 5-hydroxy-2-[(2e)-3-(4-hydroxyphenyl)prop-2-enamido]benzoate
c08473,"cibarian; beta-d-glucopyranose, 1,6-bis(3-nitropropanoate)"
c08474,"coronarian; alpha-d-glucopyranose, 2,6-bis(3-nitropropanoate)"
c08475,cucumopine
c08476,"chelidonic acid; 4-oxo-4h-pyran-2,6-dicarboxylic acid"
c08477,"dianthalexin; 7-hydroxy-2-phenyl-4h-3,1-benzoxazin-4-one"
c08478,"dianthramine; 2,2'-iminobis(4-hydroxybenzoic acid)"
c08480,6-hydroxykynurenic acid
c08481,"indican; indican, plant"
c08482,cucurbic acid
c08483,14-dihydroxycornestin; cornexistin
c08484,epoxymurin-a
c08485,2-(4-methoxyphenethyl)chromone
c08486,"ethyl (e,z)-decadienoate; (2e,4z)-2,4-decadienoic acid ethyl ester; ethyl trans-2,cis-4-decadienoate"
c08487,ethyl tiglate; ethyl 2-methylbut-2-enoate; (e)-2-methyl-2-butenoic acid ethyl ester
c08488,giganin
c08489,"(z)-3,5-hexadienyl butyrate"
c08490,jasmone; cis-jasmone
c08491,"(-)-jasmonic acid; jasmonic acid; {(1r,2r)-3-oxo-2-[(z)pent-2-enyl]cyclopent-2-enyl}acetic acid; jasmonate; (-)-jasmonate"
c08492,3-hexenol; leaf alcohol; 3-hexen-1-ol; (3z)-3-hexen-1-ol; cis-3-hexen-1-ol; (3z)-hex-3-en-1-ol
c08493,indole-3-carboxaldehyde; indole-3-carbaldehyde
c08494,isotan b
c08495,"karakin; endecaphillin a; beta-d-glucopyranose, 1,2,6-tris(3-nitropropanoate)"
c08496,lycomarasmine b; lycomarasmine
c08497,(e)-2-hexenal; trans-2-hexenal; leaf aldehyde; (2e)-hexenal
c08498,lilac aldehyde
c08499,"nona-2,6-dienal; (2e,6z)-2,6-nonadienal"
c08501,gamma-nonalactone; delta-n-amylbutyrolactone; dihydro-5-pentyl-2(3h)-furanone
c08502,parasorbic acid
c08503,pinolidoxin
c08504,macrozamin
c08505,purpureacin-1
c08506,methoxybrassinin
c08507,miserotoxin
c08509,putaminoxin
c08510,ruscopine
c08511,"tenuazonic acid; (5s,8s)-3-acetyl-5-sec-butylpyrrolidine-2,4-dione"
c08512,ranunculin
c08513,acetylcaranine; belamarine
c08514,3-acetylnerbowdine
c08515,albomaculine
c08516,amaryllisine
c08517,"ambelline; (3alpha,11s)-1,2-didehydro-3,7-dimethoxycrinan-11-ol"
c08518,belladine
c08519,brunsvigine; (-)-brunsvigine; 3alpha-pancracine
c08520,candimine
c08521,caranine
c08522,caribine
c08523,carinatine
c08524,cavinine
c08525,"crinamine; (3alpha,5alpha,11r,13beta,19alpha)-1, 2-didehydro-3-methoxycrinan-11-ol"
c08526,galanthamine; galantamine
c08527,"haemanthamine; hemanthamine; (3beta,5alpha,11r,13beta,19alpha)-1,2-didehydro-3-methoxycrinan-11-ol; (+)-haemanthamine"
c08528,hippeastrine
c08529,kalbreclasine
c08530,lycorenine
c08531,lycoricidine
c08532,lycorine
c08533,narciclasine
c08534,narwedine; (-)-narwedine; galanthaminone
c08535,pancratistatin
c08536,pretazettine
c08537,amaranthin
c08538,betalamic acid
c08539,"betanidin; (2s)-4-[2-[(2s)-2-carboxy-2,3-dihydro-5,6-dihydroxy-1h-indol-1-yl]ethenyl]-2,3-dihydro-2,6-pyridinedicarboxylic acid"
c08540,betanin
c08541,bougainvillein-r-i; bougainvillein-v
c08542,celosianin ii
c08543,dopaxanthin
c08544,gomphrenin-i
c08545,squamocin
c08546,tiglyl tiglate; (e)-2-methylcrotonic acid (e)-2-methyl-2-butenyl ester
c08547,gomphrenin-v
c08548,humilixanthin
c08549,indicaxanthin
c08550,iresinin i
c08551,isobetanin
c08552,lampranthin ii
c08553,"pm-toxin a; (4r,12r,20r,28r)-4,12,20,28-tetrahydroxy-2,10,18,26-tritriacontanetetrone"
c08554,miraxanthin-i
c08555,miraxanthin-ii
c08556,miraxanthin-iii
c08557,miraxanthin-v
c08558,tuberonic acid glucoside; 12-hydroxyjasmonic acid 12-o-beta-d-glucoside
c08559,musca-aurin-i; muscaaurin i
c08560,musca-aurin-ii; muscaaurin ii
c08561,tuliposide a
c08562,musca-aurin-vii; muscaaurin vii
c08563,muscapurpurin
c08564,portulacaxanthin i
c08565,portulacaxanthin ii
c08566,portulacaxanthin iii
c08567,prebetanin
c08568,vulgaxanthin-i
c08569,vulgaxanthin-ii
c08570,tuliposide b
c08571,"gamma-undecalactone; 2(3h)-furanone, 5-heptyldihydro-"
c08572,uvaricin
c08573,abyssinone vi
c08574,apigeninidin
c08575,aurantinidin
c08576,aureusidin
c08577,bracteatin
c08578,butein
c08579,antheraxanthin
c08580,"astaxanthin; (3s,3's)-astaxanthin; (3s,3's)-3,3'-dihydroxy-beta,beta-carotene-4,4'-dione"
c08581,azafrin
c08582,"bixin; methyl (9-cis)-hydrogen-6,6'-diapo-psi,psi-carotenedioate"
c08583,canthaxanthin
c08584,capsanthin
c08585,capsorubin
c08586,delta-carotene
c08587,"beta-carotene 5,6-epoxide; 5,6-epoxy-beta,beta-carotene"
c08588,"crocetin; 8,8'-diapocarotene-8,8'-dioic acid"
c08589,crocin
c08590,"zeinoxanthin; 3-hydroxy-alpha-carotene; (3r,6'r)-beta,epsilon-caroten-3-ol"
c08591,beta-cryptoxanthin
c08592,"echinenone; beta,beta-caroten-4-one"
c08593,eschscholtzxanthin
c08594,flavoxanthin
c08595,capensinidin
c08596,fucoxanthin
c08597,helenien; xantofyl palmitate
c08598,carthamone
c08599,lactucaxanthin
c08600,silandrin
c08601,lutein; xanthophyll
c08602,"lutein 5,6-epoxide"
c08603,lycoxanthin
c08604,cyanidin 3-o-glucoside; chrysanthemin; cyanidin 3-o-beta-d-glucoside
c08605,citroxanthin; mutatochrome
c08606,neoxanthin; all-trans-neoxanthin
c08607,neurosporaxanthin; all-trans-neurosporaxanthin
c08608,norbixin
c08609,physalien; zeaxanthin dipalmitate
c08610,rhodoxanthin
c08611,rubixanthin
c08612,cyanidin 3-o-(6''-glucosyl-2''-xylosylgalactoside); cyanidin 3-o-(6-o-beta-d-glucosyl-2-o-beta-d-xylosyl-beta-d-galactoside)
c08613,torulene
c08614,violaxanthin; all-trans-violaxanthin
c08615,alpha-amyrin
c08616,beta-amyrin; beta-amyrenol
c08617,asiatic acid
c08618,betulin
c08619,betulinic acid
c08620,cyanidin 3-o-rutinoside; cyanidin 3-o-rhamnosylglucoside; keracyanin
c08621,dammarenediol-i
c08622,dipterocarpol
c08623,alpha-elemolic acid
c08624,euphol
c08625,fernene
c08626,friedelin
c08627,hopane-29-acetate
c08628,lupeol
c08629,"cyanidin 3,5,3'-tri-o-glucoside"
c08630,lupeol acetate; 3-acetyllupeol
c08631,messagenin
c08632,papyriferic acid
c08633,pristimerin
c08634,sapelin a
c08635,taccalonolide a
c08636,taraxasterol
c08637,taraxerol
c08638,tingenone
c08639,"cyanidin 3,5-o-diglucoside; cyanin; cyanidin 3,5-di-o-glucoside; cyanidin 3,5-di-o-beta-d-glucoside"
c08640,"delphinidin 3,3',5'-tri-o-glucoside"
c08641,gentiodelphin
c08642,heavenly blue anthocyanin; peonidin 3-(2-(6-(3-(glucosyl)caffeoyl)glucosyl)-6-(4-(6-(3-(glucosyl)caffeoyl)glucosyl)caffeoyl)glucoside) 5-glucoside
c08643,hirsutidin
c08644,hispidol
c08646,6-hydroxycyanidin
c08647,cyanidin 3-o-galactoside; cyanidin 3-o-beta-d-galactoside; ideain
c08648,isobavachalcone
c08649,isobutrin
c08650,isoliquiritigenin
c08651,leptosidin
c08652,luteolinidin
c08653,malonylawobanin
c08654,acetylbrowniine; browniine 14-acetate
c08655,"aconifine; aconitane-3,8,10,13,14,15-hexol, 20-ethyl-4-(methoxymethyl)-1,6,16-trimethoxy-, 8-acetate 14-benzoate, (1-alpha,3-alpha,6-alpha,14-alpha,15-alpha,16-beta)-"
c08656,ajaconine
c08657,anhwiedelphinine
c08658,anopterine
c08659,inuline; anthranoyllycoctonine
c08660,atisine
c08661,"avadharidine; aconitane-7,8-diol, 4-(((2-((4-amino-1,4-dioxobutyl)amino)benzoyl)oxy)methyl)-20-ethyl-1,6,14,16-tetramethoxy-, (1alpha,6beta,14alpha,16beta)-"
c08662,"barbinine; aconitan-14-one, 7,8-dihydroxy-20-ethyl-4-(((2-(3-methyl-2,5-dioxo-1-pyrrolidinyl)benzoyl)oxy)methyl)-1,6,16-trimethoxy-, (1-alpha,4(s),6-beta,16-beta)-"
c08663,beiwutine
c08664,bikhaconitine
c08665,"browniine; aconitane-7,8,14-triol, 20-ethyl-4-(methoxymethyl)-1,6,16-trimethoxy-, (1-alpha,6-beta,14-alpha,16-beta)-"
c08666,cammaconine; columbiananine
c08667,cardiopetalidine
c08668,septentriodine; cashmiradelphine
c08669,cassaidine
c08670,cassaine
c08671,condelphine
c08672,"cuauchichicine; veatchine,15-deoxy-16,17-dihydro-15-oxo-, (16-beta,20s)-"
c08673,14-deacetylnudicauline
c08674,delavaine a
c08675,delcorine
c08676,delcosine
c08677,delphinine
c08678,delsoline
c08679,"deltaline; aconitane-6,10-diol, 20-ethyl-4-methyl-7,8-(methylenebis(oxy))-, 1,14,16-trimethoxy-, 6-acetate, (1-alpha,6-beta,14-alpha,16-beta)-"
c08680,denudatine
c08681,"elatine; aconitane-4-methanol, 20-ethyl-7,8-(methylenebis(oxy))-, 1,6,14,16-tetramethoxy-2-(3-methyl-2,5-dioxo-1-pyrrolidinyl)benzoate(ester), (1-alpha,6-beta,14-alpha,16-beta)-"
c08682,erythrophleguine
c08683,falaconitine
c08684,finaconitine
c08685,garryine
c08686,heteratisine
c08687,"hetisine; hetisan-2,11,13-triol"
c08688,hypaconitine
c08689,icaceine
c08690,icacine
c08691,indaconitine
c08692,jesaconitine
c08693,"karakoline; aconitane-1,8,14-triol, 20-ethyl-16-methoxy-4-methyl-, (1-alpha,14-alpha,16-beta)-"
c08694,lappaconitine
c08695,lindheimerine
c08696,lycaconitine
c08697,lycoctonine
c08698,mesaconitine
c08699,methyllycaconitine
c08700,napelline
c08701,norerythrostachaldine
c08702,nudicauline
c08703,ovatine
c08704,pseudoaconitine
c08705,ryanodine; ryania
c08706,septentrionine
c08707,songorine; zongorine; napellonine
c08708,spiradine a; 6-hydroxyhetisan-11-one
c08709,spiramine a
c08710,spirasine i
c08711,spiredine
c08712,staphidine
c08713,talatizamine
c08714,"thalicsessine; 21-(2-hydroxyethyl)-6,21-secohetisan-6,11,19-trione"
c08715,tricornine
c08716,malvidin
c08717,silychristin
c08718,"malvin; malvidin-3,5-diglucoside"
c08719,sophoranone
c08720,maritimetin
c08721,polysialic acid acetylated at o-9
c08722,"4,5-methylenedioxy-6-hydroxyaurone"
c08723,monardaein
c08724,okanin
c08725,"pelargonin; pelargonidin 3,5-di-beta-d-glucoside"
c08726,"peonidin; 3,5,7-trihydroxy-2-(4-hydroxy-3-methoxyphenyl)-1-benzopyrylium chloride"
c08727,petunidin; petunidin chloride
c08728,riccionidin a
c08729,rosinidin
c08730,sulphuretin; sulfuretin
c08731,xenognosin a
c08732,"albafuran a; 4-((2e)-3,7-dimethyl-2,6-octadienyl)-5-(6-hydroxy-2-benzofuranyl)-1,3-benzenediol"
c08733,"ammeline; 2-hydroxy-4,6-diamino-1,3,5-triazine"
c08734,"ammelide; 2,4-dihydroxy-6-amino-1,3,5-triazine"
c08735,"2-chloro-4-hydroxy-6-amino-1,3,5-triazine"
c08736,"6-chloro-1,3,5-triazine-2,4(1h,3h)-dione; 2-chloro-4,6-dihydroxy-1,3,5-triazine"
c08737,"melamine; 2,4,6-triamino-1,3,5-triazine"
c08738,albanol a; mulberrofuran g
c08739,alpha-cotonefuran
c08740,beta-cotonefuran
c08741,dehydrotremetone
c08742,"2,8-dihydroxy-3,4,7-trimethoxydibenzofuran"
c08743,"eriobofuran; 2,4-dimethoxydibenzofuran-3-ol"
c08744,dihydroeuparin; 6-hydroxytremetone
c08745,lithospermic acid
c08746,ailanthinone
c08747,ailanthone
c08748,azadirachtin a; azadirachtin
c08749,bruceantin
c08750,bruceantinol
c08751,bruceine b
c08752,bruceine d
c08753,bruceoside a
c08754,brusatol
c08755,castelanone
c08756,chaparrin
c08757,chaparrinone
c08758,chaparrolide
c08759,eurycomalactone
c08760,glaucarubin
c08761,6-methoxy-alpha-pyrufuran
c08762,6-o-methyleuparin; 1-(6-methoxy-2-prop-1-en-2-yl-1-benzofuran-5-yl)ethanone
c08763,glaucarubinone
c08764,glaucarubolone
c08765,glycinoeclepin a
c08766,harrisonin
c08767,12alpha-hydroxyamoorstatin
c08768,ichangin
c08769,isobrucein a
c08770,isobrucein b
c08771,neoquassin
c08772,nigakihemiacetal a
c08773,nomilin
c08774,"(z)-dehydromatricaria ester; cis-dehydromatricaria ester; (z)-2-decene-4,6,8-triynoic acid methyl ester"
c08775,obacunone
c08776,picrasin c; nigakilactone j; quassin
c08777,quassimarin
c08778,quassin; nigakilactone d
c08779,rutaevin
c08780,salannin
c08781,samaderin a
c08782,sergeolide
c08783,simalikilactone d
c08784,soularubinone
c08785,toonacilin
c08786,trichilin a
c08787,undulatone
c08788,zapoterin
c08789,bryodulcosigenin
c08790,carnosifloside i
c08791,carnosifloside iii
c08792,carnosifloside vi
c08793,cucurbitacin a
c08794,cucurbitacin b
c08795,cucurbitacin c
c08796,cucurbitacin d
c08797,cucurbitacin e
c08798,cucurbitacin f
c08799,cucurbitacin h
c08800,cucurbitacin i
c08801,cucurbitacin j
c08802,cucurbitacin l
c08803,cucurbitacin o
c08804,cucurbitacin p
c08805,cucurbitacin q
c08806,cucurbitacin s
c08807,11-deoxocucurbitacin i
c08808,gratiogenin
c08809,spinoside a
c08810,ajugalactone
c08811,"ajugasterone c; 2beta,3beta,11alpha,14,20,22r-hexahydroxy-5beta-cholest-7-en-6-one"
c08813,"brassicasterol; (3beta,22e)-ergosta-5,22-dien-3-ol"
c08814,brassinolide
c08815,agar
c08816,cyasterone
c08817,fucosterol
c08818,carrageenan
c08819,inokosterone
c08821,isofucosterol; delta5-avenasterol
c08822,gum arabic
c08823,"lichesterol; (3beta,22e)-ergosta-5,8,22-trien-3-ol"
c08825,lophenol; 4-methylcholest-7-en-3-ol; 4alpha-methyl-5alpha-cholest-7-en-3beta-ol
c08827,gum tragacanth; tragacanth
c08829,makisterone b
c08830,"24-methylidenecycloartanol; 4alpha,4beta,14alpha-trimethyl-9beta,19-cyclo-5alpha-ergost-24(24(1))-en-3beta-ol; 24-methylenecycloartanol; 9,19-cyclolanostan-3-o1, 24-methylene-, (3beta)-"
c08831,miroestrol
c08832,podecdysone b
c08833,pollinastanol
c08834,"polypodine b; 2beta,3beta,5beta,14,20,22r,25-heptahydroxycholest-7-en-6-one"
c08835,"ponasterone a; 25-deoxycedysterone; 2beta,3beta,14,20,22-pentahydroxy-5beta-cholest-7-en-6-one"
c08836,"poriferasterol; (3beta,22e,24r)-stigmasta-5,22-dien-3-ol"
c08837,"poststerone; (2beta,3beta,5beta)-2,3,14-trihydroxypregn-7-ene-6,20-dione"
c08838,pterosterone
c08839,"schottenol; 7-stigmastenol; (3beta,5alpha)-stigmast-7-en-3-ol"
c08840,alpha-spinasterol; spinasterol
c08841,withaferin a
c08842,withanolide d
c08843,adonitoxin; adonitoxigenin 3-o-alpha-l-rhamnoside
c08844,moracin a
c08845,adynerin; adynerigenin 3-o-beta-d-diginoside
c08846,mulberrofuran a
c08847,alpha-antiarin; antiarigenin 3-o-beta-d-antiaroside
c08848,antioside; antiogenin 3-o-alpha-l-rhamnoside
c08849,asclepin; 3'-o-acetylcalotropin
c08850,aspecioside
c08851,bipindoside
c08852,bryophyllin a
c08853,bryotoxin a
c08854,calactin
c08855,calotropin
c08856,thevetin b
c08857,cerbertin
c08858,convallatoxin; strophanthidin 3-o-alpha-l-rhamnoside
c08859,cymarin; strophanthidin 3-o-beta-d-cymaroside
c08860,decoside; decogenin 3-o-alpha-l-oleandroside
c08861,diginatin; diginatigenin 3-o-tridigitoxoside
c08862,digitalin; gitoxigenin 3-o-glucosyldigitaloside
c08863,divaricoside; divaside; sarmentogenin 3-o-alpha-l-oleandroside
c08864,divostroside; sarmentogenin 3-o-alpha-l-diginoside
c08865,eriocarpin
c08866,gitoxin; gitoxigenin 3-o-tridigitoxoside
c08867,hellebrigenin 3-acetate
c08868,hellebrin; hellebrigenin 3-o-glucosylrhamnoside
c08869,helveticoside; strophanthidin 3-o-beta-d-digitoxoside
c08870,labriformidin
c08871,labriformin
c08872,lanceotoxin a
c08873,lanceotoxin b
c08874,lokundjoside; cuspidoside; bipindogenin 3-o-alpha-l-rhamnoside
c08875,musaroside; sarmutogenin 3-o-beta-d-digitaloside
c08876,neriifolin; digitoxigenin 3-(alpha-l-thevetoside)
c08877,rhodexin a; sarmentogenin 3-o-alpha-l-rhamnoside
c08878,sarmentoloside; sarmentologenin 3-o-(6-deoxy-alpha-l-taloside)
c08879,scillaren a; scillarenin 3-o-glucosylrhamnoside
c08880,scilliroside; scillirosidin 3-o-beta-d-glucoside
c08881,k-strophanthoside; strophanthidin 3-diglucosylcymarose
c08882,thevetin a; cannogenin 3-o-gentiobiosylthevetoside
c08883,uscharidin
c08884,vernadigin; strophadogenin 3-o-beta-d-diginoside
c08885,agavoside a
c08886,asparagoside a; (25s)-5beta-spirostan-3beta-ol 3-o-beta-d-glucoside
c08887,avenacoside a; nuatigenin 3-o-{alpha-l-rhamnopyranosyl-(1->2)-[beta-d-glucopyranosyl-(1->4)]-beta-d-glucopyranoside}-26-o-beta-d-glucopyranoside
c08888,avenacoside b; nuatigenin 3-o-{alpha-l-rhamnopyranosyl-(1->2)-[beta-d-glucopyranosyl-(1->3)-beta-d-glucopyranosyl-(1->4)]-beta-d-glucopyranoside}-26-o-beta-d-glucopyranoside
c08889,capsicoside a
c08890,convallagenin a
c08891,convallamarogenin
c08892,convallamaroside
c08893,convallasaponin a
c08894,deltonin
c08895,deltoside
c08896,digitogenin
c08897,dioscin; 3-o-[alpha-l-rha-(1->4)-[alpha-l-rha-(1->2)]-beta-d-glc]diosgenin
c08898,"diosgenin; (3beta,25r)-spirost-5-en-3-ol"
c08899,"gitogenin; (2alpha,3beta,5alpha,25r)-spirostan-2,3-diol"
c08900,gitonin
c08901,gracillin
c08902,"hecogenin; (3beta,5alpha,25r)-3-hydroxyspirostan-12-one"
c08904,officinalisnin i
c08905,osladin
c08906,parillin
c08907,protodioscin
c08908,protogracillin
c08909,"ruscogenin; (1beta,3beta,25r)-spirost-5-ene-1,3-diol"
c08910,ruscoside
c08911,sarsaparilloside
c08912,sarsasapogenin 3-o-4g-rhamnosylsophoroside
c08913,smilagenin; (25r)-5beta-spirostan-3beta-ol
c08914,tigogenin; 5-alpha-spirostan-3-beta-ol
c08915,tigonin
c08916,tokoronin
c08917,trigonelloside c; asparasaponin i
c08918,"yamogenin; (3beta,25s)-spirost-5-en-3-ol"
c08919,yamogenin 3-o-neohesperidoside
c08920,abrusoside a
c08921,aescin; escin
c08922,aridanin
c08923,arvensoside a
c08924,astragaloside iii
c08925,astrasieversianin xvi
c08926,avenacin a-1
c08927,avenacin b-2
c08928,mulberrofuran c
c08929,"alpha-pyrufuran; 1,3,4-trimethoxy-2-dibenzofuranol"
c08930,azukisaponin iii
c08931,barringtogenol c
c08932,bayogenin 3-o-cellobioside
c08933,camellidin i
c08934,camellidin ii
c08935,cimicifugoside
c08936,colubrin
c08937,colubrinoside
c08938,cyclamin
c08939,cyclofoetoside b
c08940,desglucomusennin
c08941,dianoside a
c08942,echinocystic acid
c08943,flaccidin b
c08944,ginsenoside re
c08945,ginsenoside rf
c08946,ginsenoside rg1; sanchinoside c1; (20s)-ginsenoside rg1
c08947,gymnemic acid i
c08948,"beta-pyrufuran; 1,2,4-trimethoxy-3-dibenzofuranol"
c08949,gypenoside xxv
c08950,gypsogenin
c08951,pseudorhodomyrtoxin; psi-rhodomyrtoxin
c08952,gypsogenin 3-o-rhamnosylglucuronide
c08953,hederagenin 3-o-arabinoside; cauloside a
c08954,alpha-hederin
c08955,beta-hederin
c08956,helianthoside a
c08957,ilexolide a
c08958,lemmatoxin
c08959,medicagenic acid 3-o-triglucoside
c08960,musennin
c08961,notoginsenoside r1
c08962,olaxoside
c08963,oleanoglycotoxin-a
c08964,oleanoic acid 3-o-glucuronide; silphioside f
c08965,pfaffic acid
c08966,pfaffoside a
c08967,phaseoloside d
c08968,phytolaccoside b; esculentoside b
c08969,pittoside a
c08970,primulasaponin
c08971,propapyriogenin a2
c08972,quillaic acid
c08973,rotundioside b
c08974,sainfuran
c08975,saikosaponin a
c08976,saikosaponin bk1
c08977,saponoside d
c08978,senegin ii
c08979,toxol
c08980,soyasapogenol b; 24-hydroxysophoradiol
c08981,toxyl angelate
c08982,soyasaponin a1
c08983,soyasaponin i
c08984,spinasaponin a
c08985,thalicoside a
c08986,theasaponin
c08987,tubeimoside i
c08988,ursolic acid
c08989,virgaureasaponin i
c08990,yiamoloside b
c08991,ziziphin
c08992,tremetone
c08993,vignafuran
c08994,aloesin
c08995,aurasperone d
c08996,biflorin
c08997,"butyrylmallotochromene; 1-butanone, 1-(6-((3-acetyl-2,4-dihydroxy-6-methoxy-5-methylphenyl)methyl)-5,7-dihydroxy-2,2-dimethyl-2h-1-benzopyran-8-yl)-"
c08998,cannabichromene; cbc
c08999,capillarisin
c09000,cimifugin
c09001,"5,7-dihydroxychromone"
c09002,"8-(3,3-dimethylallyl)spatheliachromene"
c09003,"2,2-dimethyl-8-prenylchromene 6-carboxylic acid"
c09004,drummondin a
c09005,"encecalin; 1-(7-methoxy-2,2-dimethyl-2h-1-benzopyran-6-yl)ethanone"
c09006,"eupatoriochromene; 1-(7-hydroxy-2,2-dimethyl-2h-1-benzopyran-6-yl)-ethanone"
c09007,flindersiachromone; 2-(2-phenylethyl)chromone
c09008,frutinone a
c09009,isobutyrylmallotochromene
c09010,khellin
c09011,khellol glucoside; khelloside
c09012,lathodoratin
c09013,mallotochromene
c09014,5-o-methylalloptaeroxylin; perforatin a
c09015,methylripariochromene a
c09016,5-o-methylvisamminol
c09017,precocene i; precocene 1
c09018,precocene ii; precocene 2
c09019,1-acetylaspidoalbidine
c09020,adifoline
c09021,affinine; 17-hydroxyvobasan-3-one
c09022,affinisine
c09023,agroclavine
c09024,ajmalicine; raubasine
c09025,akuammicine
c09026,akuammidine; rhazin
c09027,akuammine
c09028,alstonine
c09029,ptaerochromenol
c09030,ptaeroglycol
c09031,pulverochromenol
c09032,angustine
c09033,antirhine
c09034,apodine
c09035,apovincamine
c09036,(-)-apparicine
c09037,aricine
c09038,aspidoalbine
c09039,aspidodasycarpine
c09040,aspidofractine
c09041,aspidospermatine
c09042,aspidospermine
c09043,auricularine
c09044,quinquangulin
c09045,baloxine
c09046,bleekerine
c09047,rubrofusarin
c09048,"spathelia bischromene; 2,2,6,6,10-pentamethyl-2h,6h,12h-benzo[1,2-b:3,4-b':5,6-b'']tripyran-12-one"
c09049,visnagin
c09050,bonafousine
c09051,borrecapine
c09052,borreline
c09053,alloimperatorin
c09054,borrerine
c09055,6-acetylpicropolin
c09056,ammoresinol
c09057,acutilol a
c09058,ajugarin i
c09059,alectrol; orobanchyl acetate
c09060,angelicin; isopsoralen
c09061,allogibberic acid
c09062,antheridic acid; antheridiogen-an
c09063,asebotoxin ii
c09064,atractyloside
c09065,baliospermin
c09066,cafestol
c09067,callicarpone
c09068,candletoxin a
c09069,carnosol
c09070,caryoptin
c09071,cascarillin
c09072,"2,7,11-cembratrien-4,6-diol"
c09073,chasmanthin
c09074,clerodendrin a
c09075,clerodin; 3-deoxycaryoptinol
c09076,coleonol; colforsin; forskolin
c09077,columbin
c09078,cotylenin f
c09079,cyathin a3
c09080,daphnetoxin
c09081,"7beta,12alpha-dihydroxykaurenolide"
c09082,borreverine
c09083,brevicolline
c09084,brucine
c09085,calebassone; c-calebassine
c09086,diterpenoid ef-d; 12-deoxy-phorbol-13-alpha-methylbutyrate-20-acetate
c09087,diterpenoid sp-ii
c09088,callichiline
c09089,calligonine; elaeagnine; tetrahydroharman
c09090,enmein
c09091,euphorbia factor ti2
c09092,"ferruginol; abieta-8,11,13-trien-12-ol"
c09093,fusicoccin h
c09094,"geranylgeraniol; 2,6,10,14-hexadecatetraen-1-ol, 3,7,11,15-tetramethyl-"
c09095,gnidicin
c09096,gnididin
c09097,calycanthidine
c09098,"canthin-6-one; 6h-indolo(3,2,1-de)(1,5)naphthyridin-6-one"
c09099,naringenin 7-o-beta-d-glucoside; prunin
c09100,caracurine v
c09101,gnididilatin
c09102,gniditrin
c09103,grayanotoxin i; rhodotoxine
c09104,hallactone a
c09105,hallactone b
c09106,carapanaubine
c09107,catharanthine
c09108,huratoxin
c09109,hymatoxin a
c09110,ineketone
c09111,"inflexin; 3beta,11beta-diacetoxy-1alpha-hydroxykaura-16-ene-6,15-dione"
c09112,ingenol
c09113,"ingenol 3,20-dibenzoate"
c09114,inumakilactone a glycoside
c09115,isodomedin
c09116,archangelicin
c09117,isodonal
c09118,isopimaric acid
c09119,jatrophatrione
c09120,jatrophone
c09121,jodrellin a
c09122,kansuinine b
c09123,athamantin
c09124,2-ketoepimanool
c09125,lathyrol
c09126,genistin; genistein 7-o-beta-d-glucoside
c09127,mancinellin
c09128,marrubiin
c09129,catharine
c09130,ceceline
c09131,chanoclavine-i
c09132,mascaroside
c09133,(-)-chimonanthine
c09134,mezerein
c09135,montanin
c09136,montanin a
c09137,montanol
c09138,nagilactone c
c09139,coronaridine; (-)-coronaridine
c09140,"neocembrene; cembrene a; (r)-cembrene a; (1e,5e,9e,12r)-1,5,9-trimethyl-12-(propan-2-en-2-yl)cyclotetradeca-1,5,9-triene"
c09141,byakangelicin
c09142,cryptolepine
c09143,"pedilstatin; 12-o-2z,4e-octadienoyl-4-deoxyphorbol 13-acetate"
c09144,c-curarine; c-curarine i
c09145,ophiobolin a
c09146,"eburnamine; (-)-eburnamine; (14alpha)-14,15-dihydroeburnamenin-14-ol"
c09147,calanolide a
c09148,oryzalexin a
c09149,eburnamonine; vinburnine
c09150,17-oxogrindelic acid
c09151,palmarin
c09152,echitamine
c09153,12-o-palmitoyl-16-hydroxyphorbol 13-acetate; croton factor f1
c09154,ellipticine
c09155,phorbol
c09156,epivoacorine
c09157,phorbol 12-tiglate 13-decanoate
c09158,calophyllolide
c09159,(+)-pimaric acid; dextropimaric acid
c09160,ergine; lysergamide
c09161,pimelea factor p2; daphnopsis factor r1
c09162,ergocornine
c09163,pisiferic acid
c09164,ergocristine
c09165,"chalepensin; 3-(alpha,alpha-dimethylallyl)psoralen"
c09166,plaunol b
c09167,ergosine
c09168,plaunol d
c09169,pleuromutilin; pleuromulin
c09170,"eseramine; (3as-cis)-3,3a,8,8a-tetrahydro-n,3a,8-trimethyl-5-[[(methylamino)carbonyl]oxy]-pyrrolo[2,3-b]indole-1(2h)-carboxamide"
c09171,podocarpic acid
c09172,podolactone b
c09173,podolide
c09174,ponalactone a
c09175,portulal
c09176,eseridine
c09177,premarrubiin
c09178,resiniferonol
c09179,resiniferatoxin; rtx
c09180,rhodojaponin iv
c09181,chartreusin
c09182,royleanone
c09183,"sclareol; (13r)-labd-14-ene-8alpha,13-diol"
c09184,shikodonin
c09185,simplexin
c09186,sorgolactone
c09187,evodiamine
c09188,spruceanol
c09189,stevioside
c09190,strigol
c09191,fruticosonine
c09192,synaptolepis factor k1
c09193,gabunamine
c09194,taxodione
c09195,gabunine
c09196,"taxodone; 6,11-dihydroxyabieta-7,9(11),13-trien-12-one"
c09197,geissoschizoline; (16alpha)-curan-17-ol
c09198,"terpenoid ea-i; excoecariatoxin; 22,23,24,25-tetradehydro-simplexin"
c09200,geissospermine
c09201,tinyatoxin
c09202,tripdiolide; triptodiolide
c09203,gelsemicine
c09204,triptolide
c09205,zoapatanol
c09206,cichoriin
c09207,gelsemine
c09208,haplophytine
c09209,harman
c09210,(-)-columbianetin; (r)-columbianetin
c09211,hodgkinsine
c09212,11-hydroxycanthin-6-one
c09213,hypaphorine; lenticin
c09214,ibogaine
c09215,ibogamine
c09216,daphnoretin
c09217,isoajmaline
c09218,leurosidine; vinrosidine
c09219,leurosine; vinleurosine
c09220,"mahanimbine; (+)-3,11-dihydro-3,5-dimethyl-3-(4-methyl-3-pentenyl)pyrano[3,2-a]carbazole"
c09221,melosatin a
c09222,melosatin b
c09223,mesembrenone
c09224,mesembrine
c09225,mesembrinol
c09226,mitragynine
c09227,mitraphylline
c09228,"murrayanine; 9h-carbazole-3-carboxaldehyde, 1-methoxy-"
c09229,"ochrolifuanine a; 16-[(1r)-2,3,4,9-tetrahydro-1h-pyrido[3,4-b]indol-1-yl]-17-norcorynan"
c09230,olivacine
c09231,perlolyrine
c09232,physovenine
c09233,psychotridine
c09234,quadrigemine a
c09235,(-)-quebrachamine; quebrachamine
c09236,rhyncophylline; rhynchophylline
c09237,roxburghine b
c09238,rutaecarpine; rutecarpine
c09239,sarpagine
c09240,sempervirine
c09241,serpentine
c09242,tabernamine
c09243,tetrahydroharmine
c09244,tabersonine
c09245,thienodolin
c09246,c-toxiferine i; toxiferine i
c09247,trichotomine
c09248,tubulosine
c09249,usambarensine
c09250,usambarine
c09251,vincamine
c09252,voacamine; methyl-12-methoxy-13-(17-methoxy-17-oxovobasan-3alpha-yl)ibogamine-18-carboxylate
c09253,vobasine
c09254,vobtusine
c09255,vomicine
c09256,yohimbine
c09257,decuroside iii
c09258,decursin
c09259,decursinol
c09260,dihydrosamidin
c09261,disenecionyl cis-khellactone
c09262,"(3'r,4'r)-3'-epoxyangeloyloxy-4'-acetoxy-3',4'-dihydroseselin"
c09263,esculetin; aesculetin
c09264,esculin; esculoside
c09265,"fraxetin; 7,8-dihydroxy-6-methoxy-2h-chromen-2-one"
c09266,fraxin
c09267,heliettin
c09268,herniarin; 7-methoxycoumarin
c09269,imperatorin
c09270,isosamidin
c09271,leptodactylone
c09272,libanorin
c09273,"luvangetin; 10-methoxy-8,8-dimethyl-2h,8h-benzo[1,2-b:5,4-b']dipyran-2-one"
c09274,tabernanthine
c09275,mammeisin
c09276,"marmesin; (+)-marmesin; (s)-2-(2-hydroxypropan-2-yl)-2,3-dihydro-7h-furo[3,2-g]chromen-7-one"
c09277,micromelin
c09278,nodakenetin; (-)-marmesin
c09279,nodakenin
c09280,osthol
c09281,ostruthin
c09282,oxypeucedanin
c09283,peucedanin
c09284,peucenidin
c09285,pimpinellin
c09286,absinthin
c09287,achillin
c09288,acroptilin; chlorohyssopifolin c
c09289,alantolactone
c09290,alatolide
c09291,amaralin
c09292,"ambrosin; 6beta-hydroxy-4-oxo-10alphah-ambrosa-2,11(13)-dien-12-oic acid gamma-lactone"
c09293,angustibalin; helenalin 6-acetate
c09294,anisatin
c09295,arbusculin a
c09296,archangelolide
c09297,arctiopicrin
c09298,arctolide
c09299,arnicolide a; dihydrohelenalin acatate
c09300,aromaticin
c09301,artabsin
c09302,artecanin; chrysartemin b
c09303,arteglasin a
c09304,artemisiifolin
c09305,"psoralen; ficusin; 7h-furo[3,2-g]chromen-7-one"
c09306,sulfur dioxide
c09307,pteryxin
c09308,rutamarin
c09309,rutarin
c09310,samidin
c09311,"scoparone; 6,7-dimethoxycoumarin"
c09312,seselin
c09313,"5,6,7-trimethoxycoumarin"
c09314,"trioxsalen; trioxysalen; 4,8,5'-trimethylpsoralen"
c09315,umbelliferone; 7-hydroxycoumarin
c09316,visnadin; visnadine
c09317,xanthyletin
c09318,abyssinone i
c09319,abyssinone v
c09320,"afzelechin; 3,5,7,4'-tetrahydroxyflavan"
c09321,2'-hydroxychalcone
c09322,actinodaphnine; actinodaphine
c09323,adiantifoline
c09324,(+)-adlumine
c09325,aknadicine
c09326,alamarine
c09327,alangicine
c09328,alangimarckine
c09329,alangimarine
c09330,alangiside
c09331,alpinine
c09332,thf-l-glutamate; tetrahydropteroyldiglutamate; (6s)-h4pteglu2
c09333,amurensine
c09334,amurine
c09335,ancistrocladine
c09336,angoline
c09337,ankorine
c09338,annolobine; anolobine
c09339,(-)-annonaine; anonaine
c09340,(-)-apoglaziovine
c09341,(-)-argemonine; argemonine
c09342,armepavine
c09343,atheroline
c09344,artemisin
c09345,artemorin
c09346,autumnolide
c09347,atherospermidine
c09348,"6,7-dimethoxyisoquinoline; backebergine"
c09349,baileyin
c09350,bakkenolide a
c09351,budlein a
c09352,(+)-bebeerine; bebeerine
c09353,calaxin
c09354,canin
c09355,chamissonin
c09356,chamissonin diacetate
c09357,berbamine
c09358,chlorochrymorin
c09359,chlorohyssopifolin a
c09360,berberastine
c09361,chromolaenide
c09362,cnicin
c09363,conchosin a
c09364,bicuculline
c09365,boldine
c09366,bracteoline
c09367,bulbocapnine
c09368,"(-)-caaverine; noraporphin-1-ol, 2-methoxy-"
c09369,calafatimine
c09370,cancentrine
c09371,capaurine
c09372,capnoidine; (-)-adlumidine
c09373,conchosin b
c09374,confertiflorin; (+)-confertiflorin
c09375,(+-)-carnegine; carnegine
c09376,confertifolin
c09377,caseadine
c09378,confertin
c09379,coriamyrtin
c09380,cassythine; cassyfiline
c09381,coronopilin
c09382,costunolide; (+)-costunolide
c09383,alpha-cyclocostunolide
c09384,beta-cyclocostunolide
c09385,cynaropicrin
c09386,damsin
c09387,dehydrocostus lactone
c09388,deoxyelephantopin
c09389,(+)-cassythicine
c09390,cephaeline
c09391,cepharanthine
c09392,8-deoxylactucin
c09393,corpaine
c09394,desacetoxymatricarin; leucodin
c09395,deacetyleupaserrin
c09396,dihydrogriesenin
c09397,dihydromikanolide
c09398,cularicine
c09399,drimenin
c09400,cularidine
c09401,eleganin
c09402,elephantin
c09403,elephantopin
c09404,encelin
c09405,enhydrin
c09406,eremanthin
c09407,eremantholide a; eremantholide
c09408,eremofrullanolide
c09409,eremophilenolide
c09410,cularimine
c09411,cularine
c09412,erioflorin acetate
c09413,erioflorin methacrylate
c09414,eriolangin
c09415,daphnandrine
c09416,eupachlorin
c09417,eupachlorin acetate
c09418,daphnoline
c09419,dauricine
c09420,emetamine
c09421,emetine
c09422,erysonine
c09423,erysotrine
c09424,erythratidine
c09425,eupachloroxin
c09426,"eschscholtzidine; (5s)-5,6,11,12-tetrahydro-8,9-dimethoxy-14-methyl-benzo[5,6]cycloocta[1,2-f]-1,3-benzodioxol-5,11-imine"
c09427,eupacunin
c09428,eupacunolin
c09429,eupacunoxin
c09430,fagaridine
c09431,eupaformonin
c09432,eupaformosanin
c09433,eupahyssopin
c09434,euparotin
c09435,euparotin acetate
c09436,eupaserrin
c09437,eupatocunin
c09438,fagaronine
c09439,eupatocunoxin
c09440,eupatolide
c09441,fetidine
c09442,eupatoriopicrin
c09443,eupatoroxin
c09444,fumaricine
c09445,gigantine
c09446,glaucine
c09447,10-epi-eupatoroxin
c09448,eupatundin
c09449,euponin
c09450,farinosin
c09451,fastigilin b
c09452,fastigilin c
c09453,florilenalin
c09454,frullanolide
c09455,gaillardin
c09456,geigerin
c09457,glaziovine
c09458,gyrocarpine
c09459,hasubanonine
c09460,heliamine
c09461,hernandezine
c09462,(-)-alpha-hydrastine
c09463,glaucolide a
c09464,ipecoside
c09465,glaucolide b
c09466,glechomanolide
c09467,goyazensolide
c09468,gradolide
c09469,graminiliatrin
c09470,granilin
c09471,asebogenin; phloretin 4'-methyl ether
c09472,grosshemin
c09473,helenalin
c09474,heliangin
c09475,hiyodorilactone a
c09476,7alpha-hydroxydehydrocostus lactone
c09477,hydroxyvernolide
c09478,"auriculoside; 7,3',5'-trihydroxy-4'-methoxyflavan 3'-glucoside"
c09479,"betagarin; 5,2'-dimethoxy-6,7-methylenedioxyflavanone"
c09480,hymenoflorin
c09481,hymenolin
c09482,hymenoxon
c09483,inulicin
c09484,isoalantolactone
c09485,isohelenol
c09486,isomontanolide
c09487,isotenulin
c09488,ivalin
c09489,lactucin
c09490,lactupicrin
c09491,laserolide
c09492,laurenobiolide
c09493,liatrin
c09494,ligulatin b; incanin
c09495,linderane
c09496,linifolin a
c09497,lipiferolide
c09498,ludovicin a
c09499,matricin
c09500,melampodin a
c09501,melampodinin
c09502,mellitoxin; hyenanchin
c09503,mexicanin e
c09504,mexicanin i
c09505,broussin; 7-hydroxy-4'-methoxyflavan
c09506,michelenolide
c09507,micheliolide
c09508,microhelenin a
c09509,microhelenin c
c09510,microlenin
c09511,mikanolide
c09512,molephantin
c09513,molephantinin
c09514,multigilin
c09515,multiradiatin
c09516,multistatin
c09517,niveusin c
c09518,nobilin
c09519,oblongolide
c09520,onopordopicrin
c09521,orizabin
c09522,ovatifolin
c09523,parthenin
c09524,broussonin c
c09525,paucin
c09526,1-peroxyferolide
c09527,phantomolin
c09528,picrotin
c09529,picrotoxinin
c09530,pleniradin
c09531,plenolin
c09532,polhovolide
c09533,provincialin
c09534,pseudoivalin
c09535,pycnolide
c09536,pyrethrosin
c09537,quadrone
c09538,qing hau sau; artemisinin
c09539,radiatin
c09540,ridentin
c09541,"(s)-isoboldine; (+)-isoboldine; isoboldine; 2,10-dimethoxy-6aalpha-aporphine-1,9-diol"
c09542,salonitenolide
c09543,isochondrodendrine
c09544,santamarin
c09545,beta-santonin
c09546,"isococculidine; erythrinan, 1,2-didehydro-3,15-dimethoxy-, (3-beta)-"
c09547,saupirin
c09548,scorpioidin
c09549,isocorydine
c09550,isothebaine
c09551,spicatin
c09552,stramonin b
c09553,jatrorrhizine
c09554,tagitinin f
c09555,"(-)-laudanidine; (r)-laudanine; 5-[((1r)-6,7-dimethoxy-2-methyl-1,2,3,4-tetrahydroisoquinolin-1-yl)methyl]-2-methoxyphenol"
c09556,tamaulipin a
c09557,tenulin
c09558,laudanosine
c09559,tetraneurin a
c09560,tetraneurin e; ambrosanolide
c09561,thapsigargin
c09562,tomentosin
c09563,trilobolide
c09564,tulipinolide
c09565,laurifine
c09566,epi-tulipinolide
c09567,liriodenine; oxoushinsunine
c09568,epi-tulipinolide diepoxide
c09569,longifolonine
c09570,tutin
c09571,lophocerine
c09572,ursiniolide a
c09573,lophophorine
c09574,vermeerin
c09575,(+)-luguine
c09576,vernodalin
c09577,vernodalol
c09578,vernoflexin
c09579,vernoflexuoside
c09580,macoline
c09581,magnoflorine; (s)-magnoflorine
c09582,vernolepin
c09583,vernolide
c09584,vernomenin
c09585,vernomygdin
c09586,viguiestenin
c09587,viscidulin b
c09588,mecambrine
c09589,(+)-mecambroline
c09590,thalmidine; (+)-o-methylthalicberine
c09591,narceine
c09592,alpha-narcotine; noscapine
c09593,narcotoline
c09594,neopine
c09595,nitidine
c09596,obaberine
c09597,ochotensine
c09598,oxyacanthine
c09599,parfumine
c09600,vulgarin
c09601,xanthatin
c09602,xanthinin
c09603,xanthumin
c09604,(-)-pellotine; pellotine
c09605,xerantholide
c09606,zaluzanin c
c09607,zexbrevin b
c09608,phaeantharine
c09609,pilocereine
c09610,polycarpine
c09611,(+)-pronuciferine
c09612,psychotrine
c09613,pukateine
c09614,"butin; (-)-butin; 7,3',4'-trihydroxyflavanone"
c09615,pycnamine
c09616,"butrin; butin 7,3'-di-o-glucoside"
c09617,catechin 7-o-beta-d-xyloside
c09618,"davidigenin; 4,2',4'-trihydroxydihydrochalcone"
c09619,rhoeadine
c09621,(-)-alpha-bisabolol; levomenol
c09622,botrydial
c09623,buddledin a
c09624,rodiasine
c09625,beta-cadinene
c09626,canellal; muzigadial
c09627,capsidiol
c09628,carotol; (+)-8-daucen-5-ol
c09629,beta-caryophyllene; caryophyllene; (-)-beta-caryophyllene
c09630,alpha-cedrene
c09631,alpha-cedrol; cedrol
c09632,centarol
c09633,chamazulene
c09634,"rugosinone; 1,3-dioxolo[4,5-g]isoquinolin-5-yl(2-hydroxy-3,4-dimethoxyphenyl)methanone"
c09635,alpha-chamigrene
c09636,diffutin
c09637,beta-chamigrene; (-)-beta-chamigrene
c09638,cinnamodial
c09639,alpha-copaene; copaene; (-)-alpha-copaene
c09640,(-)-salsoline
c09641,"7,4'-dihydroxyflavan"
c09642,"(-)-salsolinol; 6,7-isoquinolinediol, 1,2,3,4-tetrahydro-1-methyl-, (s)-; salsolinol"
c09643,sinomenine
c09644,"2',6'-dihydroxy-4'-methoxydihydrochalcone"
c09645,cuauhtemone
c09646,"7,3'-dihydroxy-4'-methoxy-8-methylflavan"
c09647,alpha-cubebene
c09648,beta-cubebene
c09649,"alpha-curcumene; l-alpha-curcumene; (-)-alpha-curcumene; (r)-1-(1,5-dimethyl-4-hexenyl)-4-methylbenzene"
c09650,"7,4'-dihydroxy-8-methylflavan"
c09651,cycloeudesmol
c09652,daucol
c09653,debneyol
c09654,(+)-tetrandrine; tetrandrine
c09655,thalicarpine
c09656,thalidasine
c09657,"dehydrojuvabione; (4r)-4-[(1r)-1,5-dimethyl-3-oxo-4-hexenyl]-1-cyclohexene-1-carboxylic acid methyl ester"
c09658,dehydromyodesmone
c09659,thalmine
c09660,dehydrongaione
c09661,thalsimine
c09662,diacetoxyscirpenol
c09663,alpha-eudesmol
c09664,beta-eudesmol
c09665,"alpha-farnesene; (3e,6e)-alpha-farnesene"
c09666,beta-farnesene; (e)-beta-farnesene
c09667,tiliacorine
c09668,fumagillin
c09669,trilobine
c09670,xylopine
c09671,xylopinine; norcoralydine
c09672,"germacrene b; (e,e)-germacrene b; (e,e)-1,5-dimethyl-8-(1-methylethylidene)-1,5-cyclodecadiene"
c09673,glutinosone
c09674,graphinone; ovalicin
c09675,"guaiazulene; 1,4-dimethyl-7-isopropylazulene"
c09676,guaiol
c09677,helminthosporal
c09678,helminthosporol
c09679,helminthosporoside a
c09680,hemigossypol
c09681,hernandulcin
c09682,himachalol
c09683,hirsutic acid c
c09684,humulene; alpha-humulene
c09685,10beta-hydroxy-6beta-isobutyrylfuranoeremophilane
c09686,hydroxyisopatchoulenone
c09687,illudin m
c09688,illudin s
c09689,ipomeamarone; (+)-ngaione
c09690,alpha-irone; (+)-cis-alpha-irone
c09691,isocaryophyllene
c09692,isovelleral
c09693,juvabione
c09694,juvenile hormone iii
c09695,lacinilene c 7-methyl ether
c09696,lactaroviolin
c09697,laserpitin
c09698,ledol
c09699,longifolene
c09700,lubimin
c09701,marasmic acid
c09702,mukaadial
c09704,"nerolidol; (3s,6e)-nerolidol"
c09705,patchouli alcohol
c09706,petasin
c09707,phaseic acid
c09708,phomenone
c09709,phytuberin
c09710,pinguisone
c09711,piperdial
c09712,polygodial
c09714,rhipocephalin
c09715,rishitin
c09716,roridin a
c09717,rugosal a; rugosal
c09718,beta-santalene; (-)-beta-santalene
c09719,alpha-santalol
c09720,beta-santalol
c09721,sclerosporin
c09722,seiricardine a
c09723,beta-selinene
c09724,"lonchocarpol a; senegalensin; 6,8-diprenylnaringenin"
c09725,shiromodiol diacetate
c09726,dracorubin
c09727,(-)-epicatechin
c09728,(+)-epicatechin; ent-epicatechin
c09729,alpha-sinensal
c09730,"beta-sinensal; 2,6-dimethyl-10-methylene-2,6,11-dodecatrienal"
c09731,epigallocatechin gallate; (-)-epigallocatechin-3-o-gallate
c09732,eriocitrin; eriodictyol 7-o-rutinoside
c09733,sirenin
c09734,farrerol
c09735,"fisetinidol; 3,7,3',4'-tetrahydroxyflavan"
c09736,"fisetinidol-4beta-ol; (-)-mollisacacidin; fisetinin-3,4-diol; 5-deoxyleucocyanidin"
c09737,solavetivone; (-)-solavetivone
c09738,t-2 toxin
c09739,tetradymol
c09740,thujopsene; (-)-thujopsene
c09741,trichodermin
c09742,trichothecin
c09743,valerenic acid
c09744,alpha-vetivone
c09745,beta-vetivone
c09746,verrucarin a; muconomycin a
c09747,vomitoxin; deoxynivalenol; don
c09748,warburganal
c09749,alpha-ylangene
c09750,zingiberene; alpha-zingiberene
c09751,"garbanzol; 3,7,4'-trihydroxyflavanone"
c09752,glabranin
c09753,glepidotin b
c09754,glycyphyllin; phloretin 2'-o-rhamnoside
c09755,hesperidin; hesperetin 7-o-rutinoside; ciratin
c09756,homoeriodictyol; eriodictyol 3'-methyl ether
c09757,7-hydroxyflavan
c09758,"isochamaejasmin; 3,3''-binaringenin"
c09759,"isouvaretin; 1-(4,6-dihydroxy-3-((2-hydroxyphenyl)methyl)-2-methoxyphenyl)-3-phenyl-1-propanone"
c09760,kazinol a
c09761,kolaflavanone
c09762,"liquiritigenin; 4',7-dihydroxyflavanone"
c09763,manniflavanone
c09764,6-methoxyaromadendrin 3-o-acetate
c09765,agnuside
c09766,allamandin
c09767,amarogentin
c09768,antirrhinoside
c09769,asperuloside
c09770,6-methoxytaxifolin
c09771,aucubin
c09772,boschnialactone
c09773,catalpol
c09774,2'-o-methylodoratol; methylodoratol
c09775,catalposide
c09776,didrovaltratum; didrovaltrate
c09777,dolichodial; iridial
c09778,fulvoplumierin
c09779,gardenoside
c09780,genipin
c09781,geniposide
c09782,gentiopicrin; gentiopicroside
c09783,harpagoside
c09784,ipolamiide
c09785,(+)-iridodial
c09786,iridomyrmecin
c09787,isoplumericin
c09788,monotropein
c09789,naringin; naringenin 7-o-neohesperidoside; naringenin 7-o-[alpha-l-rhamnosyl-(1->2)-beta-d-glucoside]
c09790,(+)-neomatatabiol
c09791,"nepetalactone cis-trans-form; (+)-cis,trans-nepetalactone"
c09792,nepetalactone trans-cis-form
c09793,narirutin; naringenin 7-o-rutinoside
c09794,oleuropein
c09795,paederoside
c09796,plumericin
c09797,plumieride
c09798,scandoside methyl ester
c09799,specionin
c09800,swertiamarin
c09801,valtratum; valtrate
c09802,verbenalin; cornin (glycoside)
c09803,"neoastilbin; (2s,3s)-taxifolin 3-rhamnoside"
c09804,"cis-trans-nepetalactol; cis-trans-iridodial lactol; (+)-cis,trans-nepetalactol; (4as,7s,7ar)-4,7-dimethyl-1,4a,5,6,7,7a-hexahydrocyclopenta[c]pyran-1-ol"
c09805,neoeriocitrin; eriodictyol 7-o-neohesperidoside
c09806,neohesperidin; hesperetin 7-o-neohesperidoside
c09807,odoratol
c09808,phellamurin; 8-prenyldihydrokaempferol 7-glucoside
c09809,"cyclohex-2,5-diene-1-carboxyl-coa; cyclohexa-2,5-diene-1-carbonyl-coa"
c09810,"cyclohex-1,4-diene-1-carboxyl-coa; cyclohexa-1,4-diene-1-carbonyl-coa"
c09811,cyclohex-1-ene-1-carboxyl-coa; cyclohex-1-ene-1-carbonyl-coa
c09812,2-hydroxycyclohexane-1-carboxyl-coa; 2-hydroxycyclohexane-1-carbonyl-coa
c09813,2-ketocyclohexane-1-carboxyl-coa; 2-oxocyclohexane-1-carbonyl-coa
c09814,benzonitrile; phenyl cyanide; cyanobenzene
c09815,benzamide
c09816,benzylsuccinate; (r)-2-benzylsuccinate
c09817,benzylsuccinyl-coa; (r)-2-benzylsuccinyl-coa
c09818,e-phenylitaconyl-coa; (e)-2-benzylidenesuccinyl-coa; (e)-benzylidenesuccinyl-coa
c09819,"(2s)-[(r)-hydroxy(phenyl)methyl]succinyl-coa; (hydroxymethylphenyl)succinyl-coa; (r,s)-2-(alpha-hydroxybenzyl)succinyl-coa"
c09820,(s)-2-benzoylsuccinyl-coa; benzoylsuccinyl-coa; 2-benzoylsuccinyl-coa
c09821,6-oxocyclohex-1-ene-1-carbonyl-coa; 6-ketoxycyclohex-1-ene-1-carboxyl-coa
c09822,cyclohexane-1-carboxylate; cyclohexanecarboxylic acid; hexahydrobenzoic acid
c09823,cyclohexane-1-carboxyl-coa; cyclohexane-1-carbonyl-coa
c09824,"2,6-dihydroxycyclohexane-1-carbonyl-coa; 2,6-dihydroxycyclohexane-1-carboxyl-coa"
c09825,2-hydroxy-6-oxocyclohexane-1-carbonyl-coa; 6-oxo-2-hydroxycyclohexane-1-carboxyl-coa
c09826,"pinobanksin; 3,5,7-trihydroxyflavanone"
c09827,"pinocembrin; 5,7-dihydroxyflavanone"
c09828,pinocembrin 7-rhamnosylglucoside
c09829,piperaduncin b
c09830,poncirin; isosakuranetin 7-o-neohesperidoside
c09831,5'-prenylhomoeriodictyol; sigmoidin b 3'-methyl ether
c09832,"6-prenylnaringenin; 5,7,4'-trihydroxy-6-prenylflavanone"
c09833,sakuranetin; naringenin 7-methyl ether; (2s)-sakuranetin
c09834,sanggenon c
c09835,sanggenon d
c09836,ascaridole
c09837,"(1s,2r,4s)-(-)-bornyl acetate"
c09839,car-3-ene; (-)-3-carene
c09840,carvacrol
c09841,carvone oxide
c09842,chrysanthemic acid
c09843,chrysanthenone; (-)-chrysanthenone
c09844,"1,8-cineole; 1,8-cineol; eucalyptol; 1,3,3-trimethyl-2-oxabicyclo[2.2.2]octane"
c09845,cinerin i
c09846,cinerin ii
c09847,cis-citral; neral
c09848,(r)-(+)-citronellal
c09849,beta-citronellol; (r)-(+)-citronellol
c09850,acrifoline
c09851,annofoline; (15r)-5beta-hydroxy-15-methyllycopodan-8-one
c09852,annotine
c09853,"1,2-dihydroxymint lactone"
c09854,diosphenol
c09855,annotinine
c09856,carolinianine
c09858,evodone
c09859,"fenchone; (1r,4s)-(-)-fenchone"
c09860,cernuine
c09861,geranyl acetate
c09862,fawcettidine
c09863,linalyl acetate
c09864,fawcettimine
c09865,flabellidine
c09866,huperzine b
c09867,inundatine
c09868,menthofuran
c09869,lucidine b; serratanine
c09870,(-)-menthyl acetate; l-menthyl acetate; menthyl acetate
c09871,"nerol; (z)-3,7-dimethylocta-2,6-dien-1-ol"
c09872,luciduline; (+)-luciduline
c09873,(e)-beta-ocimene; beta-ocimene
c09874,lycocernuine
c09875,(r)-(-)-alpha-phellandrene
c09876,lycodine
c09877,(+)-beta-phellandrene
c09878,lycofawcine
c09879,lycoflexine
c09880,alpha-pinene
c09881,lyconnotine
c09882,beta-pinene
c09883,lycopodine
c09884,pinocarvone
c09885,(+)-piperitone; d-piperitone
c09886,magellanine
c09887,piquerol a
c09888,megastachine
c09889,alpha-obscurine
c09890,beta-obscurine
c09891,oxolucidine b; serratanine b
c09892,phlegmarine
c09893,pulegone; (+)-pulegone
c09894,pyrethrin ii
c09895,sauroxine
c09896,rotundifolone; lippione
c09897,selagine
c09898,alpha-terpinene
c09899,serratanidine
c09900,gamma-terpinene
c09901,serratine
c09902,(r)-(+)-alpha-terpineol; (+)-alpha-terpineol
c09903,spirolucidine
c09904,beta-thujaplicin; hinokitiol; 4-isopropyltropolone
c09905,gamma-thujaplicin; 5-isopropyltropolone
c09906,thujone; (-)-3-isothujone; (-)-3-thujanone
c09907,acanthicifoline
c09908,thymol
c09909,thymyl acetate
c09910,actinidine; (-)-actinidine
c09911,umbellulone; (-)-umbellulone
c09912,arenaine
c09913,verbenone
c09914,bakankoside
c09915,"boschniakine; (r)-6,7-dihydro-7-methyl-5h-2-pyrindine-4-carbaldehyde"
c09916,acrovestone
c09917,arnebinol
c09918,"aucuparin; 3,5-dimethoxy-(1,1'-biphenyl)-4-ol"
c09919,bergenin
c09920,brazilin
c09921,3-butylidene-7-hydroxyphthalide
c09922,cleomiscosin a
c09923,cyperine
c09924,daphneticin
c09925,"5,6-dehydrokawain"
c09926,dihydromethysticin
c09927,euglobal-ia1
c09928,flossonol
c09929,garcinol
c09930,goniothalenol; altholactone
c09931,haematoxylin; natural black 1; c.i. 75290
c09932,haemocorin
c09933,cantleyine
c09934,cassinine
c09935,catheduline e2
c09936,heritonin
c09937,celapanine
c09938,(+)-8-hydroxycalamenene
c09939,strobopinin
c09940,chaksine
c09941,hypercalin b
c09942,karwinaphthol b
c09943,dendrobine
c09944,karwinskione
c09945,deoxynupharidine
c09946,enicoflavine; 3-(aminomethylene)-alpha-ethenyltetrahydro-4-hydroxy-2-oxo-2h-pyran-4-acetaldehyde
c09947,kawain; kavain
c09948,kolanone
c09949,fabianine
c09950,lapachenole
c09951,maclurin
c09952,methysticin
c09953,monocerin
c09954,"nepodin; musizin; 1-(1,8-dihydroxy-3-methylnaphthalen-2-yl)ethanone"
c09955,ochratoxin a
c09956,ohioensin-a
c09957,gentianadine
c09958,orthosporin
c09959,paeoniflorin
c09960,gentianaine
c09961,gentianamine
c09962,gentioflavine
c09963,polygonolide
c09964,purpurogallin
c09965,rhododendrin
c09966,robustadial a
c09967,taxifolin 3-o-acetate
c09968,robustaol a
c09969,sarothralin
c09970,tephrowatsin a
c09971,stypandrol
c09972,theasinensin a
c09973,tremulacin
c09974,"2,4,8-trihydroxy-1-tetralone"
c09975,"2',4',6'-trihydroxy-3'-formyldihydrochalcone"
c09976,uncinatone
c09977,vismione d
c09978,uvaretin
c09979,xanthochymol
c09980,yangonin; 4-methoxy-6-[2-(4-methoxyphenyl)ethenyl]-2h-pyran-2-one
c09981,zearalenone
c09982,acerosin
c09983,zinnolide
c09984,n-(p-hydroxyphenethyl)actinidine
c09985,jasminine
c09986,rhexifoline
c09987,beta-skytanthine
c09988,tecomine; tecomanine
c09989,tecostanine
c09990,thiobinupharidine
c09991,valerianine
c09992,wilfordine
c09993,adouetine x
c09994,adouetine y
c09995,adouetine z
c09996,americine
c09997,amphibine a
c09998,amphibine b
c09999,aralionine a
c10000,canthiumine
c10001,ceanothine b
c10002,crenatine a
c10003,frangulanine
c10004,hymenocardine
c10005,integerrenine
c10006,integerressine
c10007,integerrine
c10008,lasiodine a
c10009,mucronine a
c10010,mucronine b
c10011,nummularine f
c10012,pandamine
c10013,sativanine b
c10014,scutianine f
c10015,zizyphine a
c10016,zizyphine f
c10017,"agathisflavone; 6,8''-biapigenin"
c10018,"amentoflavone; 3',8''-biapigenin"
c10019,"apigenin 7,4'-dimethyl ether; apigenin dimethylether"
c10020,apigenin 7-(6''-malonylglucoside); apigenin 7-o-(6-malonyl-beta-d-glucoside)
c10021,"axillarin; quercetagetin 3,6-dimethyl ether"
c10022,azaleatin; quercetin 5-methyl ether
c10023,"baicalein; 5,6,7-trihydroxyflavone"
c10024,"baicalein 5,6,7-trimethyl ether"
c10025,baicalin; baicalein 7-o-glucuronide
c10026,carlinoside
c10027,chlorflavonin
c10028,"chrysin; 5,7-dihydroxyflavone"
c10029,"5,7-dimethoxyflavone; chrysin 5,7-dimethyl ether"
c10030,"chrysosplenetin; chrysosplenetin b; quercetagetin 3,6,7,3'-tetramethyl ether"
c10031,"chrysosplenol c; quercetagetin 3,7,3'-trimethyl ether"
c10032,cirsilineol
c10033,cirsiliol
c10034,"cupressuflavone; 8,8''-biapigenin"
c10035,dasytrichone
c10036,"datiscetin; 3,5,7,2'-tetrahydroxyflavone"
c10037,"resokaempherol; 5-deoxykaempferol; 3,7,4'-trihydroxyflavone"
c10038,diosmetin; luteolin 4'-methyl ether
c10039,diosmetin 7-o-rutinoside; diosmin
c10040,eupatilin
c10041,"fisetin; 7,3',4'-trihydroxyflavonol"
c10042,fisetin 8-c-glucoside
c10043,flavone; 2-phenyl-4-benzopyron; 2-phenyl-4-chromone
c10044,"galangin; 3,5,7-trihydroxyflavone"
c10045,"3,5,7-trimethoxyflavone; galangin 3,5,7-trimethyl ether; chromen-4-one, 3,5,7-trimethoxy-2-phenyl-"
c10046,genkwanin; apigenin 7-methyl ether
c10047,geraldone; 5-deoxychrysoeriol
c10048,"ginkgetin; amentoflavone 7,4'-dimethyl ether"
c10049,"glepidotin a; 8-prenylgalangin; 8-(3,3-dma)galangin; 8-(3,3-dimethylallyl)galangin"
c10050,gossypetin 8-rhamnoside
c10051,gossypetin 8-o-glucoside; gossypin
c10052,"athyriol; 3-methoxy-1,6,7-trihydroxyxanthone"
c10053,"bellidifolin; 3-methoxy-1,5,8-trihydroxyxanthone"
c10054,"calophyllin b; 6-(3,3-dimethylallyl)-1,5-dihydroxyxanthone"
c10055,dehydrocycloguanandin
c10056,"demethylbellidifolin; 1,3,5,8-tetrahydroxyxanthone"
c10057,hinokiflavone
c10058,hispidulin; dinatin; scutellarein 6-methyl ether
c10059,6-deoxyjacareubin
c10060,"3,5-dimethoxy-1,6-dihydroxyxanthone"
c10061,"euxanthone; 1,7-dihydroxyxanthone"
c10062,gambogic acid
c10063,"gartanin; 1,3,5,8-tetrahydroxy-2,4-diprenylxanthone"
c10064,"gentiacaulein; 2,8-dihydroxy-1,6-dimethoxyxanthone"
c10065,"gentisein; 1,3,7-trihydroxyxanthone"
c10066,"gentisin; 1,7-dihydroxy-3-methoxyxanthone"
c10067,irisxanthone
c10068,6-hydroxykaempferol
c10069,"isoathyriol; 6-methoxy-1,3,7-trihydroxyxanthone"
c10070,"isogentisin; 1,3-dihydroxy-7-methoxyxanthone"
c10071,1-isomangostin
c10072,"6-hydroxyluteolin; 5,6,7,3',4'-pentahydroxyflavone"
c10073,hyperin; quercetin 3-galactoside
c10074,jacareubin
c10075,"lancerin; 4-c-glucosyl-1,3,7-trihydroxyxanthone"
c10076,macluraxanthone; 3-hydroxyblancoxanthone
c10077,mangiferin; chinomin
c10078,hypolaetin; 8-hydroxyluteolin
c10079,"isoetin; 5,7,2',4',5'-pentahydroxyflavone"
c10080,mangostin
c10081,"mesuaxanthone a; 1,5-dihydroxy-3-methoxyxanthone"
c10082,"mesuaxanthone b; 1,5,6-trihydroxyxanthone"
c10083,"2-o-methylswertianin; 1,8-dihydroxy-2,6-dimethoxyxanthone"
c10084,isorhamnetin; 3-methylquercetin; quercetin 3'-methyl ether
c10085,morellin
c10086,"norathyriol; 1,3,6,7-tetrahydroxyxanthone"
c10087,"norlichexanthone; 1,3,6-trihydroxy-8-methyl-9h-xanthen-9-one"
c10088,"norswertianin; 1,2,6,8-tetrahydroxyxanthone"
c10089,norswertianolin
c10090,psorospermin
c10091,"swerchirin; 5-o-methylbellidifolin; 3,5-dimethoxy-1,8-dihydroxyxanthone"
c10092,"swertianin; 1,2,8-trihydroxy-6-methoxyxanthone"
c10093,swertianolin; bellidifolin-8-o-glucoside
c10094,"1,3,5-trihydroxyxanthone"
c10095,tripteroside; norathyriol-6-o-beta-d-glucoside
c10097,isoscutellarein; 8-hydroxyapigenin
c10098,kaempferide; kempferide; kaempferol 4'-methyl ether
c10099,kuwanone g
c10100,kuwanone h
c10101,(-)-usnic acid; (s)-usnic acid; (s)-usnate
c10102,"lucenin-2; luteolin 6,8-di-c-glucoside"
c10103,luteolin 7-o-(6''-malonylglucoside)
c10104,6-methoxyluteolin 7-rhamnoside
c10105,"morin; 3,5,7,2',4'-pentahydroxyflavone; c.i.natural yellow 8"
c10106,morusin
c10107,"myricetin; 3,5,7,3',4',5'-hexahydroxyflavone"
c10108,myricitrin; myricetin 3-o-rhamnoside
c10109,neocarlinoside
c10110,neoschaftoside
c10111,nevadensin
c10112,"nobiletin; hexamethoxyflavone; 5,6,7,8,3',4'-hexamethoxyflavone"
c10113,"norwogonin; 5,7,8-trihydroxyflavone"
c10114,orientin; luteolin 8-c-glucoside
c10115,oxyanin a; oxyayanin a
c10116,oxyanin b; oxyayanin b
c10117,"pachypodol; quercetin 3,7,3'-trimethyl ether"
c10118,patuletin; quercetagetin 6-methyl ether
c10119,"pedalitin; 3',4',5,6-tetrahydroxy-7-methoxyflavone"
c10120,pinoquercetin; 6-c-methylquercetin
c10121,"primetin; 5,8-dihydroxyflavone"
c10122,quercetagetin; 6-hydroxyquercetin
c10123,adenocarpine
c10124,alexine
c10125,ammodendrine; spherocarpine
c10126,anatabine; (-)-anatabine
c10127,anibine
c10128,arecaidine
c10129,arecoline
c10130,astrocasine
c10131,astrophylline
c10132,australine
c10133,brunfelsamidine
c10134,buchananine
c10135,carpaine
c10136,cassine
c10137,codonopsine
c10138,gamma-coniceine
c10139,cryptophorine
c10140,cucurbitine
c10141,deoxymannojirimycin; dmj
c10142,dioscorine
c10143,"dmdp; 2,5-dihydroxymethyl-3,4-dihydroxypyrrolidine"
c10144,fagomine
c10145,funebrine
c10146,fusaric acid
c10147,gerrardine
c10148,girgensonine
c10149,guvacine
c10150,harzianopyridone
c10151,3-hydroxystachydrine
c10152,(-)-hygroline
c10153,isolobinine
c10154,juliflorine
c10155,lentiginosine
c10156,lobelanidine
c10157,lobelanine
c10158,mearsine
c10159,methylconiine; (+)-n-methylconiine
c10160,myosmine
c10161,nicotyrine; beta-nicotyrine
c10162,nigrifactin
c10163,nitramine
c10164,picolinic acid; 2-pyridinecarboxylic acid
c10165,"pinidine; piperidine, 2-methyl-6-(1-propenyl)-, (2r-(2alpha,6alpha(e)))-; (-)-pinidine"
c10166,piplartine; piperlongumine
c10167,(+)-prosopinine
c10168,pseudoconhydrine
c10169,ruspolinone
c10170,santiaguine
c10171,(-)-sedamine
c10172,stachydrine; proline betaine; l-proline betaine
c10173,swainsonine
c10174,piperyline; trichostachine
c10175,quercetin 3-(2g-xylosylrutinoside)
c10176,rhamnetin; quercetin 7-methyl ether
c10177,robinetin; 5-deoxymyricetin
c10178,robinin
c10179,"robustaflavone; 3',6''-biapigenin"
c10180,santin
c10181,schaftoside
c10182,sciadopitysin
c10183,scullcapflavone ii
c10184,scutellarein; isocarthamidin; 6-hydroxyapigenin
c10185,sexangularetin; herbacetin 8-methyl ether
c10186,"sinensetin; 5,6,7,3',4'-pentamethoxyflavone"
c10187,swertiajaponin
c10188,tamarixetin; quercetin 4'-methyl ether
c10189,"tambulin; herbacetin 7,8,4'-trimethyl ether"
c10190,"tangeretin; 5,6,7,8,4'-pentamethoxyflavone"
c10191,thymonin
c10192,"tricetin; 5,7,3',4',5'-pentahydroxyflavone"
c10193,"tricin; tricetin 3',5'-di-methyl ether; 3',5'-o-dimethyltricetin"
c10194,velloquercetin
c10195,"vicenin-2; apigenin-6,8-di-c-glycoside; 5,7,4'-trihydroxyflavone-6,8-di-c-glucoside"
c10196,violanthin
c10197,wogonin; norwogonin 8-methyl ether
c10198,(-)-acanthocarpan
c10199,afrormosin
c10200,"anhydroglycinol; 3,9-dihydroxypterocarpen"
c10201,betavulgarin
c10202,bowdichione
c10203,cajanin
c10204,cajanol
c10205,coumestrol
c10206,cristacarpin
c10207,cyclokievitone
c10208,daidzein
c10209,afzelechin-(4alpha->8)-afzelechin
c10210,agrimoniin
c10211,alnusiin
c10212,casuarictin
c10213,casuarinin
c10214,chebulagic acid
c10215,chebulinic acid
c10216,daidzin; daidzein 7-o-glucoside
c10217,cinchonain 1a
c10218,coriariin a
c10219,corilagin
c10220,"3,5-di-o-galloyl-4-o-digalloylquinic acid"
c10221,epicatechin-(4beta->8)-ent-epicatechin
c10222,cinnamtannin a4; [epicatechin-(4beta->8)]5-epicatechin
c10223,epigallocatechin-(4beta->8)-epicatechin-3-o-gallate ester
c10224,eugeniin; tellimagrandin ii
c10225,ent-fisetinidol-(4beta->8)-catechin-(6->4beta)-ent-fisetinidol
c10226,fucofuroeckol b
c10227,gallocatechin-(4alpha->8)-epigallocatechin
c10228,gambiriin c; epiafzelechin-(4beta->8)-catechin
c10229,gemin a
c10230,geraniin
c10231,guibourtinidol-(4alpha->6)-catechin
c10232,isoterchebin; trapain
c10233,kandelin a-1; cinchonain-1a-(4beta->8)-catechin
c10234,"mahuannin d; ent-apigeniflavan-(2alpha->7,4alpha->8)-epiafzelechin"
c10235,mallotusinic acid
c10236,pedunculagin
c10237,"proanthocyanidin a2; epicatechin-(2beta->7,4beta->8)-epicatechin"
c10238,procyanidin b4; catechin-(4alpha->8)-epicatechin
c10239,robinetinidol-(4alpha->8)-catechin-(6->4alpha)-robinetinidol
c10240,rugosin d
c10241,tellimagrandin i; 1-desgalloyleugeniin
c10242,terminalin; gallagic acid
c10243,"1,2,3,4-tetragalloyl-alpha-d-glucose"
c10244,agrostophyllin
c10245,astringin
c10246,"batatasin i; 2,5,7-trimethoxyphenanthren-3-ol"
c10247,batatasin iv; 3-[2-(2-hydroxyphenyl)ethyl]-5-methoxyphenol
c10248,blestriarene b
c10249,canaliculatol
c10250,chlorophorin
c10251,coelogin
c10252,copalliferol b
c10253,demethylbatatasin iv
c10254,dihydropinosylvin
c10255,dihydroresveratrol
c10256,"4,4'-dihydroxy-3,5-dimethoxydihydrostilbene"
c10257,"4,7-dihydroxy-2-methoxy-9,10-dihydrophenanthrene"
c10258,"flavidin; 9,10-dihydro-5h-phenanthro[4,5-bcd]pyran-2,7-diol"
c10259,glepidotin c
c10260,gnetin a
c10261,hircinol
c10262,hydrangenol
c10263,"amabiline; butanoic acid, 2,3-dihydroxy-2-(1-methylethyl)-, (2,3,5,7a-tetrahydro-1h-pyrrolidizin-7-yl)methyl ester"
c10264,3-hydroxy-5-methoxy-6-prenylstilbene-2-carboxylic acid
c10265,isobatatasin i
c10266,isorhapontin
c10267,loroglossol
c10268,lunularic acid
c10269,"lunularin; 3,4'-ethylenebisphenol"
c10270,marchantin a
c10271,3'-o-methylbatatasin iii
c10272,"orchinol; 9,10-dihydro-5,7-dimethoxyphenanthren-2-ol"
c10273,oxyresveratrol
c10274,phyllodulcin
c10275,"piceid; polydatin; 3,4,5-trihydroxystilbene-3-beta-monoglucoside; resveratrol 3-o-beta-glucopyranoside"
c10276,pinosylvin methyl ether; 5-methoxy-3-stilbenol
c10277,anacrotine
c10278,o-7-angelylheliotridine; rivularine
c10279,angularine
c10280,auriculine
c10281,4-prenyldihydropinosylvin
c10282,clivoline
c10283,4'-prenyloxyresveratrol
c10284,crotanecine
c10285,4-prenylresveratrol
c10286,"doronine; 4,8-secosenecionan-8,11,16-trione, 15,20-dihydro-12-(acetyloxy)-20-chloro-15-hydroxy-4-methyl-"
c10287,pterostilbene
c10288,rhaponticin; rhapontin
c10289,epsilon-viniferin
c10290,acamelin
c10291,alizarin 2-methyl ether; 1-hydroxy-2-methoxyanthraquinone
c10292,alkannin
c10293,"alkannin beta,beta-dimethylacrylate"
c10294,aloe-emodin
c10295,alteichin; alterperylenol
c10296,altersolanol a
c10297,anthragallol
c10298,ardisianone
c10299,echimidine; 7-angelyl-9-echimidinylretronecine
c10300,aristolindiquinone
c10301,europine; 9-lasiocarpylheliotridine
c10302,arnebinone
c10303,aurantio-obtusin beta-d-glucoside
c10304,fulvine
c10305,barbaloin; aloin; aloin a
c10306,bikaverin
c10307,cascaroside a
c10308,cassiamin c
c10309,cercosporin
c10310,chimaphylin; chimaphilin
c10311,7-chloroemodin
c10312,"danthron; chrysazin; 1,8-dihydroxyanthraquinone"
c10313,chryso-obtusin glucoside
c10314,chrysophanic acid 9-anthrone; chrysophanol anthrone; chrysarobin
c10315,"chrysophanol; chrysophanic acid; 1,8-dihydroxy-3-methylanthraquinone"
c10316,chrysophanol 8-o-beta-d-glucoside; chrysophanol 8-glucoside
c10317,coleone a
c10318,conocurvone
c10319,heliosupine; 7-angelyl-9-echimidinylheliotridine
c10320,cornudentanone
c10321,heliotridine
c10322,"cyperaquinone; 3-methyl-6-prop-1-en-2-ylfuro[3,2-f][1]benzofuran-4,8-dione"
c10323,cypripedin
c10324,heliotrine; 9-heliotrylheliotridine
c10325,deoxylapachol
c10326,indicine
c10327,digiferrugineol; 1-hydroxy-2-hydroxymethylanthraquinone
c10328,integerrimine
c10329,"1,4-dihydroxy-2-methylanthraquinone"
c10330,intermedine; 9-(+)-trachelanthylretronecine
c10331,"2,6-dimethoxybenzoquinone; 2,6-dimetoxy-p-benzoquinone"
c10332,diospyrin
c10333,isatidine; retrorsine n-oxide
c10334,dothistromin
c10335,droserone
c10336,isolycopsamine
c10337,dunnione
c10338,"echinone; 6-((1s)-1-(acetyloxy)-4-methyl-3-pentenyl)-8-hydroxy-5-methoxy-1,4-naphthalenedione"
c10339,jacobine
c10340,eleutherin
c10341,lasiocarpine; 7-angelyl-9-lasiocarpylheliotridine
c10342,embelin
c10343,emodin
c10344,latifoline; (+)-latifoline
c10345,"emodin 8-glucoside; 1-beta-d-glucopyranosyloxy-3-methyl-6-hydroxy-8-hydroxy-9,10-anthraquinone"
c10346,frangulin a
c10347,lycopsamine; 9-viridiflorylretronecine
c10348,macrophylline
c10349,frangulin b
c10350,monocrotaline
c10351,geranylbenzoquinone
c10352,hibiscoquinone a
c10353,"nemorensine; c(16a)-homo-21-norsenecionan-11,16a-dione, 12,15-epoxy-1,2,15,20-tetrahydro-, (1alpha,12r,15r)-"
c10354,2-hydroxymethylanthraquinone; anthraquinone-2-methanol
c10355,hypoxylone
c10356,"otonecine; (1r,4beta,7abeta)-2,3,5,7a-tetrahydro-1,7a-dihydroxy-7-(hydroxymethyl)-4-methyl-1h-pyrrolizin-4-ium"
c10357,parsonsine
c10358,isodiospyrin
c10359,petasitenine
c10360,2-isoprenylemodin
c10361,phalaenopsine t
c10362,kigelinone
c10363,platyphylline
c10364,retrorsine
c10365,knipholone
c10366,lapachol
c10367,beta-lapachone
c10368,lawsone
c10369,lucidin
c10370,"lucidin omega-methyl ether; 2-(methoxymethyl)-1,3-dihydroxyanthraquinone"
c10371,"mansonone c; 3,8-dimethyl-5-isopropyl-1,2-naphthalenedione"
c10372,9-methoxy-alpha-lapachone
c10373,5-o-methylembelin
c10374,"morindaparvin a; 1,2-methylenedioxyanthraquinone"
c10375,riddelline; 18-hydroxyseneciphylline
c10376,"morindone; 1,2,5-trihydroxy-6-methyl-9,10-anthracenedione"
c10377,"nanaomycin a; nanafrocin; (1s,3r)-nanaomycin a"
c10378,rinderine; 9-(+)-trachelanthylheliotridine
c10379,norobtusifolin; 2-hydroxychrysophanol
c10380,"rosmarinine; senecionan-11,16-dione, 1,2-dihydro-2,12-dihydroxy-, (1alpha,2alpha)-"
c10381,obtusifolin 2-glucoside
c10382,physcion 8-gentiobioside; physcion diglucoside; physcion 8-o-beta-d-gentiobioside
c10383,sarracine; 7-angelyl-9-sarracinylplatynecine
c10384,physcion 8-glucoside; physcion 8-o-beta-d-monoglucoside
c10385,plastoquinone-9; plastoquinone a
c10386,senaetnine
c10387,plumbagin
c10388,senampeline a
c10389,prenylbenzoquinone
c10390,primin
c10391,seneciphylline
c10392,pseudohypericin
c10393,"senecivernine; 21-norsenecionan-11,16-dione, 12-hydroxy-14-methyl-, (12zeta,13zeta)-"
c10394,pseudopurpurin
c10395,purpurin
c10396,senkirkine
c10397,purpurin 1-methyl ether
c10398,ramentaceone; 7-methyljuglone
c10399,rapanone
c10400,supinidine
c10401,rhein
c10402,rubiadin
c10403,"supinine; butanoic acid, 2,3-dihydroxy-2-(1-methylethyl)-, (2,3,5,7a-tetrahydro-1h-pyrrolizin-7-yl)methyl ester, (7as-(7(2r*,3s*),7ar*))-"
c10404,sennoside a
c10405,tectoquinone; 2-methylanthraquinone
c10406,tricrozarin a
c10407,"ventinone a; 1,4,5-trihydroxy-7-methoxy-2,3-dimethylanthraquinone"
c10408,symlandine; 7-angelyl-9-(-)-viridiflorylretronecine
c10409,symphytine; 7-tiglyl-9-(-)-viridiflorylretronecine
c10410,triangularine; 6-angelyl-9-sarracinylretronecine
c10411,tussilagine
c10412,uplandicine; 7-acetyl-9-echimidinylretronecine
c10413,usaramine; mucronatine
c10414,dalbergin
c10415,(+-)-dalbergioidin
c10416,dalpanin
c10417,deguelin
c10418,5-deoxykievitone; (+-)-5-deoxykievitone
c10419,"ferreirin; 2,3-dihydro-5,7-dihydroxy-3-(2-hydroxy-4-methoxyphenyl)-4h-1-benzopyran-4-one"
c10420,genistein 8-c-glucoside
c10421,glabridin
c10422,(-)-glyceollin ii
c10424,hildecarpin
c10425,hispaglabridin a
c10426,1'-acetoxychavicol acetate
c10427,1'-acetoxyeugenol acetate
c10428,anethole; t-anethole; trans-anethole
c10429,apiole
c10430,"beta-asarone; cis-asarone; (z)-1-(2,4,5-trimethoxyphenyl)-1-propene"
c10431,caffeic acid 3-glucoside
c10432,1-caffeoyl-4-deoxyquinic acid
c10433,1-caffeoyl-beta-d-glucose
c10434,5-o-caffeoylshikimic acid
c10435,carpacin
c10436,centrolobine
c10437,chicoric acid
c10438,cinnamic acid; benzeneacrylic acid
c10439,4'-cinnamoylmussatioside
c10441,4-p-coumaroylquinic acid
c10443,curcumin; kacha haldi
c10444,3'-demethoxypiplartine
c10445,"1,3-dicaffeoylquinic acid; cynarin"
c10446,diferulic acid
c10447,"3,4-dihydroxyphenylpropanoate; dihydrocaffeic acid; 3,4-dihydroxyphenylpropionic acid; 3-(3,4-dihydroxyphenyl)propanoate"
c10448,dihydroconiferyl alcohol; 4-hydroxy-3-methoxy-benzenepropanol
c10449,dillapiole; dillapiol
c10450,echinacoside
c10451,elemicin
c10452,estragole; 1-methoxy-4-(2-propenyl)benzene; methylchavicol
c10453,eugenol
c10454,methyleugenol; o-methyleugenol; eugenol methyl ether
c10455,fagaramide
c10456,forsythiaside
c10457,homoferreirin
c10458,furcatin
c10459,gingerdione; [6]-gingerdione
c10460,gingerenone a
c10461,4-hydroxyhomopterocarpin
c10462,[6]-gingerol; (s)-(+)-[6]gingerol; 6-gingerol
c10463,grandidentatin
c10464,12a-hydroxyrotenone
c10465,iridin
c10466,hellicoside
c10467,irilone
c10468,isochlorogenic acid b
c10469,isoeugenol; 2-methoxy-4-(prop-1-en-1-yl)phenol
c10470,isoferulic acid
c10471,irisolidone
c10472,isosafrole
c10473,jionoside b1
c10474,lusitanicoside
c10475,p-methoxycinnamaldehyde; 4-methoxycinnamaldehyde
c10476,p-methoxycinnamic acid ethyl ester; ethyl p-methoxycinnamate
c10477,methyl caffeate
c10478,methylisoeugenol; trans-methylisoeugenol; isomethyleugenol
c10479,myricoside
c10480,myristicin
c10481,orobanchoside; crenatoside
c10482,"6-paradol; [6]-paradol; 3-decanone, 1-(4-hydroxy-3-methoxyphenyl)-"
c10483,phaseolic acid
c10484,phenethyl caffeate; caffeic acid phenethyl ester
c10485,plantamajoside
c10486,"licoisoflavone a; 2',4',5,7-tetrahydroxy-3'-(3,3-dimethylallyl)isoflavone"
c10487,prenyl caffeate
c10488,purpureaside c
c10490,safrole
c10491,lonchocarpenin
c10492,salvianolic acid a
c10493,sarisan
c10494,[6]-shogaol; shogaol
c10495,lotisoflavan
c10496,sphagnum acid
c10497,feruloylputrescine; subaphyllin
c10498,luteone
c10499,suspensaside
c10500,"1,3,4,5-tetracaffeoylquinic acid"
c10501,verbascoside; acteoside
c10502,(-)-maackiain; inermin
c10503,medicarpin; (-)-medicarpin
c10504,melannin
c10505,(r)-4-methoxydalbergione
c10506,millettone
c10507,mucronulatol
c10508,(-)-nissolin
c10509,ononin; formononetin 7-o-glucoside
c10510,orobol
c10511,osajin
c10512,pachyrrhizone
c10513,paniculatin
c10514,(-)-phaseollin; phaseolin
c10515,(-)-phaseollinisoflavan
c10516,pisatin; (+)-pisatin
c10517,2-(alpha-d-glucosyl)-sn-glycerol 3-phosphate
c10518,piscerythramine
c10519,pomiferin
c10520,pratensein; 3'-hydroxybiochanin a
c10521,prunetin
c10522,pseudobaptigenin
c10523,psoralidin
c10524,puerarin
c10525,rotenonone
c10526,(-)-sativan
c10527,sayanedine
c10529,sojagol
c10530,sophoraisoflavanone a
c10531,(-)-sparticarpin
c10532,sumatrol
c10533,tectoridin; shekanin
c10534,tectorigenin
c10535,tephrosin
c10536,"texasin; 6,7-dihydroxy-3-(4-methoxyphenyl)-4-benzopyrone"
c10537,toxicarol; alpha-toxicarol
c10538,trifolirhizin; (-)-maackiain 3-o-glucoside
c10539,(-)-variabilin
c10540,(+)-vestitol; vestitol
c10541,wedelolactone
c10542,wighteone
c10543,acanthoside d; (-)-syringaresinol di-beta-d-glucoside
c10544,1-acetoxypinoresinol
c10545,arctigenin; (-)-arctigenin
c10546,austrobailignan 1
c10547,burseran; (+)-burseran
c10548,cleistanthin a
c10549,cubebin
c10550,dehydrodieugenol
c10551,morelensin; (-)-morelensin; 5'-demethoxydeoxypodophyllotoxin
c10552,"4'-demethyldeoxypodophyllotoxin; (-)-4'-demethyldeoxypodophyllotoxin; (5r,5ar,8ar)-5-(4-hydroxy-3,5-dimethoxyphenyl)-5,8,8a,9-tetrahydrofuro[3',4':6,7]naphtho[2,3-d][1,3]dioxol-6(5ah)-one"
c10553,4'-demethylpodophyllotoxin
c10554,denudatin b
c10555,deoxygomisin a; (+)-gamma-schizandrin
c10556,"deoxypodophyllotoxin; (-)-deoxypodophyllotoxin; (5r,5ar,8ar)-5-(3,4,5-trimethoxyphenyl)-5,8,8a,9-tetrahydrofuro[3',4':6,7]naphtho[2,3-d][1,3]dioxol-6(5a)-one"
c10557,"dihydroanhydropodorhizol; yatein; (-)-yatein; (3r,4r)-4-(1,3-benzodioxol-5-ylmethyl)-3-(3,4,5-trimethoxybenzyl)dihydrofuran-2(3h)-one"
c10558,dihydrocubebin
c10559,diphyllin
c10560,eucommin a; medioresinol 4'-o-beta-d-glucopyranoside
c10561,(+)-eudesmin; pinoresinol dimethyl ether
c10562,eudesobovatol a
c10563,fargesone a
c10564,o-acetylcypholophine
c10565,acutumidine
c10566,alchorneine
c10567,alchornine
c10568,anantine
c10569,androcymbine
c10570,annuloline
c10571,aspergillic acid
c10572,"balsoxine; 2-phenyl-5-(3,4-dimethoxyphenyl)oxazole"
c10573,calycanthine
c10574,futoquinol
c10575,"candicine; ammonium, (p-hydroxyphenethyl)trimethyl-"
c10576,cannabisativine
c10577,casimiroedine
c10578,celabenzine
c10579,cephalomannine; taxol b
c10580,cephalotaxine
c10581,cichorine
c10582,codonocarpine
c10583,crinasiadine
c10584,crinasiatine
c10585,"cryogenine; lythran-12-one, 4'',5''-dimethoxy-2'-hydroxy-, (10-alpha)-; vertine"
c10586,cryptopleurine
c10587,cynometrine
c10588,damascenine
c10589,decaline; decalin
c10590,elaeocarpidine
c10591,(+)-elaeocarpine
c10592,elaeokanine c
c10593,exserohilone
c10594,"ficine; 4h-1-benzopyran-4-one, 5,7-dihydroxy-8-(1-methyl-2-pyrrolidinyl)-2-phenyl-, (-)-"
c10595,gliotoxin
c10596,halfordinol
c10597,harringtonine
c10598,himbacine
c10599,homaline
c10600,ibotenic acid
c10601,"isoficine; 4h-1-benzopyran-4-one, 5,7-dihydroxy-6-(1-methyl-2-pyrrolidinyl)-2-phenyl-"
c10602,lilaline
c10603,lunarine
c10604,lythramine
c10605,maculosin; cyclo(l-pro-l-tyr)
c10606,maytansine
c10607,mycosporine
c10608,palustrine
c10609,phyllospadine
c10610,pilosine
c10611,pithecolobine
c10612,pleurostyline
c10613,porritoxin
c10614,securinine
c10615,shihunine
c10616,(+)-galbacin
c10617,sirodesmin h
c10618,sporidesmin
c10619,taxine a
c10620,(-)-tylocrebrine
c10621,gomisin l1 methyl ether; rubschisandrin; (-)-gamma-schizandrin
c10622,grandisin
c10623,tylophorine
c10624,verruculotoxin
c10625,withasomnine
c10626,zinnimidine
c10627,hinokinin
c10628,cis-hinokiresinol
c10629,acronidine
c10630,honokiol
c10631,"acronycidine; furo(2,3-b)quinoline, 4,5,7,8-tetramethoxy-"
c10632,acronycine; acronine
c10633,justicidin a
c10634,acrophylline
c10635,aniflorine
c10636,justicidin b
c10637,anisessine
c10638,kadsurenone
c10639,anisotine
c10640,kadsurin a
c10641,aurachin d
c10642,arborine; glycosine
c10643,arborinine
c10644,atalanine
c10645,atalaphylline
c10646,lariciresinol; (+)-lariciresinol
c10647,balfourodine; (+)-balfourodine
c10648,balfourodinium
c10649,bucharaine
c10650,licarin a; (+)(-)-trans-dehydrodiisoeugenol
c10651,magnolol
c10652,bucharidine
c10653,buntanine
c10654,casimiroin
c10655,cusparine
c10656,deoxypeganine; 3-deoxyvasicine
c10657,magnosalicin
c10658,magnoshinin
c10659,"deoxyvasicinone; 2,3-trimethylene-4-quinazolone"
c10660,dictamnine
c10661,dubamine
c10662,dubinidine
c10663,echinopsine
c10664,acetosyringone
c10665,"echinorine; quinolinium, 4-methoxy-1-methyl-"
c10666,evoprenine
c10667,3-acetyl-6-methoxybenzaldehyde
c10668,evoxanthidine
c10669,agrimol c
c10670,"evoxine; 2,3-butanediol, 1-((4,8-dimethoxyfuro(2,3-b)quinolin-7-yl)oxy)-3-methyl-, (+)-"
c10671,agrimophol
c10672,aspidin
c10673,aspidinol
c10674,danielone
c10675,"3',4'-dihydroxyacetophenone"
c10676,gamma-fagarine; fagarine
c10677,febrifugine
c10678,flindersiamine
c10679,flindersine
c10680,"2',6'-dihydroxy-4'-methoxyacetophenone; 4-o-methylphloracetophenone"
c10681,furofoline i
c10682,"matairesinol; (-)-matairesinol; (3r,4r)-3,4-bis[(4-hydroxy-3-methoxyphenyl)methyl]oxolan-2-one"
c10683,galipine
c10684,"2',6'-dimethoxy-4'-hydroxyacetophenone"
c10685,glycobismine a
c10686,glycoperine
c10687,glycophymoline
c10688,glycosminine
c10689,graveoline
c10690,megaphone
c10691,haplodimerine
c10692,haplophyllidine
c10693,filicin; filixic acid bbb
c10694,haplopine; heliparvifoline
c10695,humulone
c10696,hydroquinidine
c10697,isodictamnine
c10698,isofebrifugine
c10699,japonine
c10700,4'-hydroxyacetophenone; (4-hydroxyphenyl)ethan-1-one
c10701,"kokusaginine; furo(2,3-b)quinoline, 4,6,7-trimethoxy-"
c10702,4'-hydroxy-3'-prenylacetophenone
c10703,leiokinine a
c10704,alpha-kosin
c10705,lemobiline
c10706,lupulone
c10707,neoisostegane
c10708,mallotophenone
c10709,multifidol
c10710,lunacridine
c10711,lunacrine
c10712,paeonol
c10713,lunamarine
c10714,"maculine; 1,3-dioxolo(4,5-g)furo(2,3-b)quinoline, 9-methoxy-"
c10715,paeonolide
c10716,"maculosidine; furo(2,3-b)quinoline, 4,6,8-trimethoxy-"
c10717,paeonoside
c10718,maculosine
c10719,nordihydroguaiaretic acid; ndga
c10720,picein
c10721,rottlerin
c10722,melicopicine
c10723,tricyclodehydroisohumulone
c10724,"melicopine; 4,5-dimethoxy-methyl-1,3-dioxolo(4,5-c)acridin-6(11h)-one"
c10725,nortrachelogenin
c10726,xanthoxylin
c10727,melochinone
c10728,otobain
c10729,alpha-peltatin
c10730,beta-peltatin a methyl ether
c10731,"n-methylflindersine; 5h-pyrano(3,2-c)quinolin-5-one, 2,6-dihydro-2,2,6-trimethyl-"
c10732,o-methylptelefolonium
c10733,peganine; vasicine
c10734,pteleatine
c10735,ribalinium
c10736,"robustine; furo(2,3-b)quinolin-8-ol, 4-methoxy-"
c10737,phrymarolin i
c10738,rutacridone
c10739,rutacridone epoxide
c10740,skimmianine
c10741,swietenidin b
c10742,tryptanthrine
c10743,"vasicinol; pyrrolo(2,1-b)quinazoline-3,7-diol, 1,2,3,9-tetrahydro-, (r)-"
c10744,vasicinone
c10745,veprisinium; veprisinium salt
c10746,phyllanthin
c10747,albine
c10748,aloperine
c10749,ammothamnine; oxymatrine; matrine n-oxide
c10750,anagyrine
c10751,angustifoline
c10752,aphylline; (+)-aphylline
c10753,argentine
c10754,argyrolobine
c10755,baptifoline
c10756,cadiamine
c10757,calpurnine; hoe 933
c10758,camoensine
c10759,6-pentadecylsalicylic acid; anacardic acid
c10760,caulophylline; n-methylcytisine
c10761,p-anisaldehyde
c10762,cinegalline
c10763,cytisine
c10764,"5,6-dehydrolupanine"
c10765,"antiarol; 3,4,5-trimethoxyphenol"
c10766,ascosalitoxin
c10767,dimethamine
c10768,(-)-jamine; homoormosanine
c10769,lamprolobine
c10770,"bilobol; 5-[(8z)-pentadec-8-en-1-yl]benzene-1,3-diol"
c10771,leontiformine
c10772,lupanine; (+)-lupanine
c10773,lupinine
c10774,matrine
c10775,multiflorine
c10776,nuttalline
c10777,(-)-ormosanine
c10778,panamine
c10779,piptanthine
c10780,retamine
c10781,"rhombifoline; (1r)-3-(3-butenyl)-1,2,3,4,5,6-hexahydro-1,5-methano-8h-pyrido[1,2-a][1,4]diazocin-8-one"
c10782,sophoramine
c10783,(-)-sparteine; sparteine
c10784,cannabidiolic acid; cannabidiolate
c10785,(15:1)-cardanol; 3-[(z)-8-pentadecenyl]phenol
c10786,templetine
c10787,"2,6-dimethoxyphenol; pyrogallol 1,3-dimethyl ether"
c10788,ellagic acid
c10789,thermospine; (-)-thermopsine
c10790,tinctorine
c10791,tsukushinamine a
c10792,"gentisyl alcohol; 2,5-dihydroxybenzyl alcohol"
c10793,geranylhydroquinone
c10794,ginkgoic acid; ginkgolic acid
c10795,buxamine e
c10796,alpha-chaconine
c10797,cyclobuxine d; cyclobuxine
c10798,cyclopamine
c10799,cycloprotobuxine c
c10800,grevillol
c10801,cyclovirobuxine c
c10802,5-(heptadec-12-enyl)resorcinol
c10803,demissine
c10804,2-(hydroxymethyl)benzoic acid; 2-hydroxymethylbenzoic acid
c10805,leiocarposide
c10806,funtumine
c10807,germine
c10808,"imperialine; cevan-6-one, 3,20-dihydroxy-, (3-beta,5-alpha,17-beta)-; kashmirine; peiminine"
c10809,5-pentadecylresorcinol; cardol
c10810,irehine
c10811,jervine
c10812,piperonal
c10813,kurchessine
c10814,paravallarine
c10815,protoveratrine a
c10816,protoveratrine b
c10817,protoverine
c10818,solacapine
c10819,solamargine
c10820,solanine; alpha-solanin
c10821,solanocapsine
c10822,"solasodine; (3beta,22alpha,25r)-spirosol-5-en-3-ol"
c10823,populin
c10824,solasonine
c10825,terminaline
c10826,"tomatidine; (3beta,5alpha,22beta,25s)-spirosolan-3-ol"
c10827,tomatine
c10828,"veracevine; cevane-3-beta,4-beta,12,14,16-beta,17,20-heptol, 4,9-epoxy-"
c10829,veratramine
c10830,peimine; verticine
c10831,zygadenine
c10832,sesamol
c10833,"syringic acid; syringate; 4-hydroxy-3,5-dimethoxybenzoate; gallic acid 3,5-dimethyl ether"
c10834,theogallin
c10835,trichocarpin
c10836,"3,4,3'-tri-o-methylellagic acid"
c10837,turgorin
c10838,turricolol e
c10839,"urushiol iii; 3-(8,11-pentadecadienyl)-1,2-benzenediol"
c10840,zinniol
c10841,"anatoxin a; ethanone, 1-(9-azabicyclo(4.2.1)non-2-en-2-yl)-, (1r)-"
c10842,anisodamine; 6-hydroxyhyoscyamine
c10843,apoatropine
c10844,apohyoscine
c10845,belladonnine
c10846,bellendine
c10847,benzoylecgonine
c10848,tropacocaine
c10849,brugine
c10850,calystegin a3; calystegine a3
c10851,calystegin b2; calystegine b2
c10852,cinnamoylcocaine
c10853,cochlearine
c10854,convolamine
c10855,convoline
c10856,convolvine
c10857,darlingine
c10858,ecgonine
c10859,knightinol
c10860,littorine
c10861,meteloidine
c10862,norhyoscyamine
c10863,phyllalbine
c10864,physoperuvine
c10865,pseudopelletierine
c10866,scopoline
c10867,"strobamine; cyclohepta(6)pyran-5,8-imin-4(5h)-one, 2,3,6,7,8,9-hexahydro-10-methyl-2-phenyl-,(2alpha,5beta,8beta)-(+)-"
c10868,tigloidine
c10869,valeroidine
c10870,phyllanthostatin a
c10871,picropodophyllin
c10873,plicatic acid
c10874,podophyllotoxin
c10875,podophyllotoxone
c10876,podorhizol beta-d-glucoside
c10877,prostalidin a
c10878,randainol
c10879,saucernetin
c10880,savinin
c10881,schisantherin a; gomisin c
c10882,sesamin; (+)-sesamin
c10883,sesamolinol
c10884,sesartemin
c10885,simplexoside
c10886,steganacin; (-)-steganacin
c10887,styraxin
c10888,surinamensin
c10889,(+)-syringaresinol
c10890,(+)-syringaresinol o-beta-d-glucoside; acanthoside b
c10891,trachelogenin; (-)-trachelogenin
c10892,(+)-veraguensin
c10893,schizandrin c; wuweizisu c
c10894,yangambin; lirioresinol-b dimethyl ether
c10895,azafenidin
c10896,benomyl; benlate
c10897,carbendazim; mecarzole
c10898,2-benzimidazolylguanidine
c10899,"allophanic acid methyl ester; allophanic acid, methyl ester; 1-(methoxycarbonyl)urea"
c10900,methyl oxalate
c10901,2-aminobenzimidazole
c10902,methyl 5-hydroxy-2-benzimidazole carbamate
c10903,cinmethylin
c10904,cabucine
c10905,activated methyl group
c10906,d-fructose
c10907,cloransulam-methyl
c10908,fluthiacet-methyl
c10909,methabenzthiazuron
c10910,2-methylthiobenzothiazole
c10911,bromacil
c10912,buprofezin
c10913,cycloxydim
c10914,cyprodinil
c10915,bispyribac
c10916,"2-dimethylamino-5,6-dimethylpyrimidin-4-ol; 2-(dimethylamino)-5,6-dimethyl-1h-pyrimidin-4-one"
c10917,"7-n,n-dimethylamino-1,2,3,4,5-pentathiocyclooctane; ptca"
c10918,indeloxazine
c10919,mepanipyrim
c10920,glycidol
c10921,butyl acrylate
c10922,"2,3-dimercaptopropane-1-sulfonic acid; dmps"
c10923,2-nitrofluorene; nf
c10924,9-hydroxy-2-nitrofluorene; 9-ohnf
c10925,acetochlor
c10926,hexazinone
c10927,cybutryne; irgarol 1051
c10928,alachlor
c10929,benalaxyl
c10930,metamitron; goltix
c10931,butachlor
c10932,carpropamid
c10933,amidosulfuron
c10934,"2,6-dichlorobenzamide; dcb"
c10935,"n,n-diethyl-m-toluamide; diethyltoluamide; deet"
c10936,"n-(2,6-dimethylphenyl)-4-[[(diethylamino)acetyl]amino]benzamide; dega"
c10937,bensulfuron-methyl; bensulfuron methyl; methyl bensulfuron
c10938,"n,n-diethylphenylacetamide; depa"
c10939,"flumetover; n-ethyl-n-methyl-4-(trifluoromethyl)-2-(3,4-dimethoxyphenyl)benzamide; emtdb"
c10940,epicainide
c10941,furalaxyl
c10942,inabenfide
c10943,chlorimuron-ethyl; chlorimuron ethyl
c10944,isobutylphendienamide
c10945,"caffeic aldehyde; 3,4-dihydroxycinnamaldehyde; caffeyl aldehyde"
c10946,metsulfuron-methyl; metsulfuron methyl
c10947,metalaxyl
c10948,metazachlor
c10949,nicosulfuron
c10950,prosulfuron
c10951,"n-(4-chloro-3-methyl-5-isothiazolyl)-n-methyl-2-[p-[(alpha,alpha,alpha-trifluoro-p-tolyl)oxy]phenyl]acetamide; itopa"
c10952,rimsulfuron
c10953,metolachlor
c10954,naproanilide
c10955,sulfometuron methyl
c10956,oxycarboxin
c10957,thifensulfuron-methyl; thifensulfuron methyl
c10958,prinomide
c10959,thenylchlor; nsk-850
c10960,triforine
c10961,triasulfuron
c10962,tribenuron methyl; tribenuron-methyl
c10963,terbacil
c10964,benoxacor
c10965,bentazone
c10966,chlorpromazine n-oxide
c10967,fluperlapine
c10968,idazoxan
c10969,"sc-1271; 1-(4'-chlorophenyl)-1,4-dihydro-4-oxo-5-propoxycinnoline-3-carboxylic acid"
c10970,benalfocin; sk&f 86466
c10971,"isoimide; n-(bromophenyl)-3,4,5,6-tetrahydroisophthalimide"
c10972,"imide; n-(4-bromophenyl)-3,4,5,6-tetrahydrophthalimide"
c10973,"thiadiazolidinone; 5-(4-bromophenylimino)-3,4-tetramethylene-1,3,4-thiadiazolidin-2-one"
c10974,4-methylaminobutanal
c10975,"triazolidinonethione; 4-bromophenyl-1,2-tetramethylene-1,2,4-triazolidin-3-one-5-thione"
c10976,1-oxa-2-oxo-3-methylcycloheptane
c10977,"thiadiazolidinethione; 5-(4-bromophenylimino)-3,4-tetramethylene-1,3,4-thiadiazolidine-2-thione"
c10978,"triazolidinedithione; 4-bromophenyl-1,2-tetramethylene-1,2,4-triazolidine-3,5-dithione"
c10979,chlozolinate; dichlozolinate
c10980,bifenthrin
c10981,vinclozolin
c10982,cyfluthrin
c10983,cyhalothrin
c10984,cypermethrin
c10985,deltamethrin; decamethrin
c10986,procymidone
c10987,"n-(3,5-dichlorophenyl)succinimide; ndps"
c10988,fenvalerate; pydrin
c10989,fluvalinate
c10990,flumiclorac pentyl; s-23031
c10991,resmethrin
c10992,tefluthrin
c10993,flumipropyn; s-23121
c10994,hydramethylnon; amdro
c10995,amitraz; mitac
c10996,daminozide
c10997,guazatine; iminoctadine
c10998,4-aminobiphenyl
c10999,"4,4'-methylene-bis-(2-chloroaniline); methylenebis(chloroaniline); moca"
c11000,"dichloran; dicloran; 2,6-dichloro-4-nitroaniline; dcna"
c11001,"2,6-diethylaniline; dea"
c11002,isofenphos
c11003,"2,4-xylidine; 2,4-dimethylaniline; 2,4-dma"
c11004,"2,6-dimethylaniline; 2,6-dma; 2,6-xylidine"
c11005,isoproturon
c11006,"2,4-dinitrotoluene; 2,4-dnt"
c11007,linuron
c11008,"2,6-dinitrotoluene; 2,6-dnt"
c11009,chlorbromuron
c11010,2-fluoroaniline; o-fluoroaniline
c11011,metoxuron; dosanex
c11012,pencycuron
c11013,3-fluoroaniline; m-fluoroaniline
c11014,4-fluoroaniline; p-fluoroaniline
c11015,aldicarb
c11016,"diphenylamine; n,n-diphenylamine"
c11017,kresoxim-methyl; bas 490 f
c11018,azinphos-methyl; azinphos methyl
c11019,pendimethalin
c11020,"2,4-dp; dichlorprop; 2-(2,4-dichlorophenoxy)propionic acid"
c11021,diclofop methyl
c11022,butamifos; cremart
c11023,o-ethyl-o-(5-methyl-4-nitrophenyl)(1-methylpropyl)phosphoramidothioate
c11024,fenoxaprop-ethyl; fenoxaprop ethyl
c11025,coumaphos
c11026,coumaphos anti-dimer
c11027,coumaphos syn-dimer
c11028,phosalone; agria 1060 a
c11029,fluazifop butyl
c11030,quinalphos
c11031,haloxyfop methyl; haloxyfop methyl ester
c11032,trichlopyr; triclopyr
c11033,1-aminomethylphosphonic acid; aminomethylphosphonate; ampa
c11034,"mk-129; 2-[p-(p-chlorobenzyloxy)phenyl]-4,5,6,7-tetrahydroisoindoline-1,3-dione"
c11035,flumioxazin; s-53482
c11036,bromobenzene
c11037,chlorothalonil; tetrachloroisophthalonitrile; daconil; tpn
c11038,2'-deoxy-5-hydroxymethylcytidine-5'-diphosphate
c11039,2'-deoxy-5-hydroxymethylcytidine-5'-triphosphate
c11040,"dichlobenil; 2,6-dichlorobenzonitrile"
c11041,"chlorthiamid; 2,6-dichlorothiobenzamide"
c11042,hexachlorobenzene; hcb
c11043,methoxychlor
c11044,"2,2',4,4',5-pentachlorodiphenyl ether; 1,2,4-trichloro-5-(2,4-dichlorophenoxy)benzene"
c11045,aspartame
c11047,azadirachtinin; 3-acetyl-1-tigloylazadirachtinin
c11048,brassicanal a
c11049,24-epi-brassinolide
c11050,25-hydroxy-24-epi-brassinolide
c11051,26-hydroxy-24-epi-brassinolide
c11052,7-ethoxycoumarin
c11053,"9,10-dihydrokadsurenone"
c11054,spinosyn a; spinosad factor a
c11055,spinosyn b
c11056,spinosyn d; spinosad factor d
c11057,"3,4,3',4'-tetrachlorobiphenyl; pcb 77"
c11058,"1,2,3,4-tetrachlorodibenzodioxin; 1,2,3,4-tcdd; 1,2,3,4-tetrachlorodibenzo-p-dioxin"
c11059,"1,3,6,8-tetrachlorodibenzo-p-dioxin; 1,3,6,8-tetrachlorodibenzodioxin; 1,3,6,8-tcdd"
c11060,(-)-abscisic acid; (-)-aba
c11061,all-trans-retinoyl-beta-glucuronide; retinoyl glucuronide
c11062,4-hydroxybutyryl-coa; 4-hydroxybutanoyl-coa
c11063,"chlornitrofen; mc-338; 2,4,6-trichlorophenyl 4-nitrophenyl ether"
c11064,fluorodifen; preforan
c11065,nitrofen
c11066,bifenox; mc-4379
c11067,mc-3761
c11068,mc-5127
c11069,mc-6063
c11070,mc-7181
c11071,aminocarb; matacil
c11072,thta; 2-tetrahydrothiopheneacetic acid
c11073,benfuracarb
c11074,thtc; 2-n-tetrahydrothiophenecarboxylic acid
c11075,carbetamide
c11076,2-n-dodecyltetrahydrothiophene; dtht
c11077,diethofencarb
c11078,fenoxycarb
c11079,pirimicarb
c11080,cartap
c11081,eptc; s-ethyl dipropylthiocarbamate
c11082,2-n-undecyltetrahydrothiophene; utht
c11083,"assert; imazamethabenz; imazamethabenz-methyl; 2-[4,5-dihydro-4-methyl-4-(1-methylethyl)-5-oxo-1h-imidazol-2-yl]-4(or 5)-methylbenzoic acid methyl ester"
c11084,fenothiocarb
c11085,fenothiocarb sulfoxide
c11086,molinate; ordram
c11087,orbencarb
c11088,"1,2-dibromoethane; ethylene dibromide"
c11089,dichloroacetylene
c11090,endosulfan; benzoepin
c11091,"hexachloro-1,3-butadiene; hcbd; hexachlorobutadiene"
c11092,azocyclotin
c11093,cyhexatin
c11094,carfentrazone-ethyl
c11095,clomazone; fmc57020
c11096,croconazole
c11097,f5231
c11098,fenpyroximate
c11099,fipronil
c11100,flurochloridone; raiser
c11101,5-hydroxymethyl-2-furaldehyde; hmf; 5-hydroxymethylfurfural
c11102,hymexazol o-glucoside; hog
c11103,hymexazol
c11104,hymexazol n-glucoside; hng
c11105,5-methyl-3-isoxazolyl sulfate
c11106,3-oxobutanamide; acetoacetamide; aaa
c11107,3-beta-d-glucopyranuronosyloxy-5-methylisoxazole
c11108,"(-)-erythro-(2r,3r)-dihydroxybutylamide; dba"
c11109,hba
c11110,imidacloprid
c11111,isoprothiolane
c11112,"isoprothiolane sulfoxide; propanedioic acid, 1,3-dithiolan-2-ylidene-, bis(1-methylethyl) ester, 5-oxide"
c11113,methaphenilene
c11114,methapyrilene
c11115,5-methyl-2-furaldehyde; 5-methyl-2-furfural
c11116,"1-methylparabanic acid; imidazolidinetrione, methyl-"
c11117,5-n-methyloxaluric acid
c11118,n-methyl-2-pyrrolidinone; 1-methyl-2-pyrrolidinone; n-methylpyrrolidone
c11119,"3-nitrosothiazolidine; n-nitroso-1,3-thiazolidine"
c11120,rilmenidine; oxaminozoline
c11121,propiconazole
c11122,"dtp; (2,4-dichlorophenyl)(5-hydroxy-1,3-dimethyl-1h-pyrazol-4-yl)methanone; 4-(2,4-dichlorobenzoyl)-1,3-dimethyl-5-hydroxypyrazole"
c11123,"pyrazolate; 4-(2,4-dichlorobenzoyl)-1,3-dimethyl-5-pyrazolyl p-toluenesulfonate"
c11124,spiroxamine; kwg4168
c11125,sulfentrazone; f6285
c11126,"tebufenpyrad; 1h-pyrazole-5-carboxamide, 4-chloro-n-((4-(1,1-dimethylethyl)phenyl)methyl)-3-ethyl-1-methyl-"
c11127,triadimenol
c11128,"2,4,5-tribromo-1-(4-chlorobenzoyl)imidazole"
c11129,"isatin; 1h-indole-2,3-dione"
c11130,"3-hydroxyindolin-2-one; 1,3-dihydro-3-hydroxy-2h-indol-2-one; dioxindole"
c11131,2-methoxy-estradiol-17beta 3-glucuronide
c11132,2-methoxyestrone 3-glucuronide
c11133,estrone glucuronide; estrone 3-glucuronide; estrone beta-d-glucuronide
c11134,testosterone glucuronide; testosterone 17beta-(beta-d-glucuronide)
c11135,androsterone glucuronide; androsterone 3-glucuronide
c11136,etiocholan-3alpha-ol-17-one 3-glucuronide
c11141,(+)-atherospermoline
c11142,dimethyl sulfone; sulfonylbismethane
c11143,dimethyl sulfoxide; dmso
c11144,dimethyl ether; methoxymethane; dme
c11145,methanesulfonic acid; methanesulfonate
c11146,methylmercury chloride
c11147,fluoromethane; methyl fluoride
c11148,tce epoxide; trichloroethylene epoxide; trichloroepoxyethane
c11149,dichloroacetate; dichloroacetic acid
c11150,trichloroacetate; trichloroacetic acid; tca
c11151,phenylmercury acetate
c11152,tetraphenylphosphonium
c11153,teniposide; vm-26
c11154,trimetrexate
c11155,n-propyl gallate; propyl gallate
c11156,triadimefon
c11158,topotecan
c11159,"tiron; 1,2-dihydroxybenzene-3,5-disulfonic acid disodium salt"
c11160,thiram; tetramethylthioperoxydicarbonic diamide
c11161,ethidium bromide; homidium bromide
c11162,5'-methoxyhydnocarpin-d
c11163,n-(2-methoxyphenyl)-n'-(2-naphtyl)urea; inf271
c11164,cccp; carbonyl cyanide m-chlorophenyl hydrazone
c11165,thiolactomycin
c11166,sds; sodium lauryl sulfate; sodium dodecyl sulfate
c11168,tetrabenazine
c11169,sulfathiazole
c11170,sulbenicillin
c11171,sodium deoxycholate
c11172,simazine
c11173,sn-38
c11174,"1-diphosinositol pentakisphosphate; d-myo-inositol, 2,3,4,5,6-pentakis(dihydrogen phosphate) 1-(trihydrogen diphosphate); diphospho-myo-inositol pentakisphosphate; 1d-myo-inositol 1-diphosphate 2,3,4,5,6-pentakisphosphate"
c11175,"s-(2,4-dinitrophenyl)glutathione"
c11177,rhodamine 6g
c11178,resazurin
c11179,pyronine y; pyronine
c11180,pyrimethanil
c11181,proflavine
c11182,prochloraz
c11184,pmeg; 9-((2-phosphonylmethoxy)ethyl)guanine
c11185,nuarimol
c11186,nonactin
c11188,neburon; kloben
c11189,hoechst 33342; hoe 33342
c11190,rhodamine 123
c11191,cis-(z)-flupenthixol
c11193,r (+)-propanolol; r-(+)-propranolol; dexpropranolol
c11194,morfamquat; morfamquat dichloride
c11195,mitoxantrone
c11196,methomyl
c11198,melitten; melittin
c11199,cefpirome; hr 810
c11200,lenacil
c11201,isometamidium chloride
c11202,cefclidin
c11203,cefozopran; sce 2787
c11205,hexadimethrine bromide; polybrene
c11206,p-methylaminophenol sulfate
c11207,fenapanil; phenapronil; sisthane
c11208,iprodione; rovrol; rovral
c11210,cefoselis
c11212,nik250
c11213,valspodar; sdz psc 833; 3'-keto-bmt(1)-val(2)-cyclosporin a
c11214,"thiocarbohydrazide; 1,3-diamino-2-thiourea"
c11215,arsenate ion; arsenate
c11216,zwittergent 3-14
c11217,p-fluorophenylalanine
c11218,gramicidin s
c11219,imazalil nitrate
c11221,formylmethionyl-leucyl-phenylalanine methyl ester; fmlp ome
c11222,geldanamycin
c11223,ferbam; ferric dimethyldithiocarbamate
c11224,fenuron
c11225,herbimycin; herbimycin a
c11226,fenarimol
c11227,ethionine
c11228,estramustine
c11229,epoxiconazole
c11230,epirubicin
c11231,docetaxel anhydrous; docetaxel
c11232,diphenylcarbazide
c11233,dimethyl phthalate
c11234,difloxacin
c11235,diclobutrazol
c11236,niguldipine; dexniguldipine
c11237,17beta-estradiol 17-(beta-d-glucuronide); estradiol-17beta-glucuronide; glucuronosylestradiol
c11238,gf 109203x; bisindolylmaleimide i
c11239,mk 571; verlukast
c11240,rufloxacin
c11242,bacteriochlorophyll a
c11243,bacteriochlorophyll b
c11244,bacterio-chlorophyll c; bacterio-chlorophyll d; bacterio-chlorophyll e
c11245,glucuronosyletoposide; etoposide glucuronide
c11246,6alpha-glucuronosylhyodeoxycholate
c11248,du-6859; sitafloxacin
c11249,cyclohexane
c11250,demecolcine; colcemid
c11251,cholesteryl palmitate
c11252,chloroneb
c11253,cefsulodin
c11254,"carminate; carmine; carminic acid; 7-carboxy-4,6-dihydroxy-8-methyl-9,10-dioxo-2-[(2s,3r,4r,5s,6r)-3,4,5-trihydroxy-6-(hydroxymethyl)oxan-2-yl]anthracene-1,3-diolate"
c11255,carboxin
c11256,calpeptin; n-cbz-leu-nleu-al
c11257,calcein am
c11258,bitertanol
c11259,bicozamycin; bicyclomycin
c11260,"2-amino-2-methyl-1,3-propandiol; aminomethyl propanediol"
c11261,"amitrole; 3-amino-1,2,4-triazole; aminotriazole; 2-amino-1,3,4-triazole"
c11262,5-azacytidine; azacitidine
c11263,6-benzylaminopurine; n-benzyladenine; n6-benzyladenine
c11264,7-hydroxyflavone; 7-hydroxy-2-phenyl-4-benzopyrone
c11265,8-azaadenosine
c11266,8-bromoadenosine
c11268,biapenem
c11269,virginiamycin s1; virginiamycin factor s
c11271,n-hexane; hexane
c11272,fluorobenzene
c11273,acriflavine
c11274,"tetrachlorosalicylanilide; 2-hydroxy-3,4,5,6-tetrachlorobenzanilide"
c11275,cetyltrimethylammonium bromide; cetrimonium bromide; trimethylcetylammonium bromide; hexadecanyltrimethylammonium bromide; ctab
c11276,nimustine hydrochloride; acnu
c11277,adefovir; pmea; 9-(2-phosphonylmethoxyethyl)adenine
c11278,"aflatoxin b1exo-8,9-epoxide-gsh; 8,9-dihydro-8-(s-glutathionyl)-9-hydroxyaflatoxin b1"
c11279,myristyltrimethylaminium bromide; tetradecyltrimethylammonium bromide; mtab
c11280,dolastatin 10
c11281,anisomycin
c11282,azidopine
c11283,"2,4-dinitrophenylhydrazine"
c11284,indolebutyric acid; indole-3-butyric acid; iba
c11285,"tridemorph; 2,6-dimethyl-4-tridecylmorpholine"
c11288,"16alpha,17beta-estriol 3-(beta-d-glucuronide)"
c11289,17beta-estradiol 3-sulfate-17-(beta-d-glucuronide); estradiol 17beta-glucuronide 3-sulfate
c11290,3-chlorosalicylanilide
c11292,n-acetylleucyl-leucyl-methioninal
c11293,etaconazole; cga 64251
c11295,n-acetyl-leu-leu-leu-leu-tyr-amide; nac-l4y-amide
c11296,n-acetyl-leu-leu-leu-tyr-amide; nac-l3y-amide
c11297,n-acetyl-leu-leu-tyr-amide; nac-lly-amide
c11298,n-formyl-norleucyl-leucyl-phenylalanyl-methylester; f-nlp-me
c11299,virginiamycin m1; mikamycin a; pristinamycin iia; streptogramin a
c11300,soraphen a
c11301,sulfoglycolithocholate; glycolithocholate 3-sulfate; sulfolithocholylglycine
c11302,s-octyl gsh; s-octyl glutathione
c11303,s-decyl gsh; s-decyl glutathione
c11304,s-(pga1)-glutathione
c11305,"triphenyltetrazolium chloride; 2,3,5-triphenyltetrazolium chloride"
c11306,acetylleucyl-leucyl-norleucinal
c11307,cetylpyridinium chloride
c11308,chymostatin
c11309,calcimycin; ionophore a23187
c11310,1-methyl-4-phenylpyridinium; n-methyl-4-phenylpyridine; cyperquat
c11311,oligomycin a
c11312,oligomycin b
c11313,oligomycin c
c11314,oligomycin d; rutamycin
c11315,s-(4-azidophenacyl)glutathione; s-(p-azidophenacyl)glutathione
c11316,tetraphenylarsonium
c11317,solutol hs 15
c11318,damgo; (d-ala(2)-mephe(4)-gly-ol(5))enkephalin; tyr-d-ala-gly-mephe-gly-ol
c11319,"3,5-dinitrosalicylic acid"
c11320,d-ornithine hydrochloride
c11321,3-((3-cholamidopropyl)dimethylammonium)-1-propanesulfonate; chaps
c11322,"4,5,6,7-tetrachloro-2-trifluoromethylbenzimidazole"
c11323,"chromotropic acid; 4,5-dihydroxynaphthalene-2,7-disulfonic acid"
c11324,"6-(3,3-dimethylallyl)chrysin; 6-(3,3-dma)chrysin"
c11325,"8-(3,3-dimethylallyl)chrysin; 8-(3,3-dma)chrysin"
c11326,8-anilino-1-naphthalene sulfonic acid; 1-anilino-8-naphthalenesulfonate; ans
c11327,2-pyridyl hydroxymethane sulfonic acid
c11328,leucyl-leucyl-norleucine
c11329,n-acetyl-ala-ala-ala-methylester; nac-aaa-me
c11330,n-acetyl-leu-leu-tyr; nac-lly
c11331,leu-leu-tyr; lly
c11332,leucyl-leucine
c11333,n-acetyl-leucyl-leucine
c11334,gentamicin sulfate; gentamycin sulfate; gentamicin c complex sulfate
c11335,"n,n,n-trimethylmethanaminium chloride; tetramethylammonium chloride"
c11336,mersalyl acid
c11337,tetramisole hydrochloride; (+-)-tetramisole hydrochloride
c11338,"bornyl acetate; (1r,2s,4r)-(+)-bornyl acetate"
c11339,antimycin a1
c11340,antimony potassium tartrate
c11341,n-acetylphenylalanine beta-naphthyl ester; n-acetyl-dl-phenylalanine beta-naphthyl ester
c11342,oxolinic acid
c11343,salicylhydroxamic acid
c11344,methyl tert-butyl ether; tert-butyl methyl ether
c11345,"1,2,4-triazole-3-alanine; triazolealanine"
c11346,"16alpha,17beta-estriol 17-(beta-d-glucuronide)"
c11347,s-methyl gsh; s-methylglutathione
c11348,(s)-1-phenylethanol; (s)-1-phenethyl alcohol
c11349,amino group donor
c11350,(+)-trans-alpha-irone
c11351,"n1-amidinostreptamine 6-phosphate; 1d-1-guanidino-3-amino-1,3-dideoxy-scyllo-inositol 6-phosphate"
c11352,"5,6-dichloro-1,3-cyclohexadiene"
c11353,"2-hydroxy-3-chloropenta-2,4-dienoate"
c11354,"2-hydroxy-cis-hex-2,4-dienoate"
c11355,4-amino-4-deoxychorismate; adc
c11356,"trans,trans,cis-geranylgeranyl diphosphate; trans,trans,cis-geranylgeranyl pyrophosphate; geranylneryl diphosphate; 2-cis,6-trans,10-trans-geranylgeranyl diphosphate"
c11357,(-)-anabasine
c11358,d-(-)-anaferine; (-)-anaferine
c11359,(-)-hygrine
c11360,(+)-nornicotine
c11361,n-acetylleukotriene e4
c11362,bq 485; perhydroazepino-n-carbonyl-l-leu-d-trp-d-trp
c11363,sulfobromophthalein
c11365,irinotecan carboxylate; cpt-11 carboxylate form
c11366,sn-38 carboxylate form
c11367,gsh-prostaglandin a1; glutathione-prostaglandin a1 conjugate; pga1-gs
c11368,grepafloxacin
c11369,fluo-3
c11370,n-ethylmaleimide-s-glutathione
c11371,nafenopin
c11372,ici d1694; zd1694; tomudex; raltitrexed
c11373,temocaprilat; rs 5139
c11374,gw1843; 1843u89
c11375,sn38 glucuronide carboxylate form
c11376,sn38 glucuronide; sn-38g
c11377,"alpha-n-acetylneuraminyl-2,6-beta-d-galactosyl-1,4-n-acetyl-d-glucosaminyl-glycoprotein"
c11378,ubiquinone-10; ubidecarenone; coenzyme q10
c11379,"cinchonidine; (8alpha,9r)-cinchonan-9-ol"
c11380,apocynin; acetovanillone
c11381,benzoyltropein; benzoyltropine
c11382,"(+)-3-carene; isodiprene; (+)-car-3-ene; (1s,6r)-3,7,7-trimethylbicyclo[4.1.0]hept-3-ene"
c11383,(+)-(s)-carvone; carvol; (+)-carvone; carvone
c11384,"(s)-(-)-citronellal; (s)-3,7-dimethyloct-6-enal"
c11385,"globotetraosylceramide; n-acetyl-galactosaminyl-1,6-d-galactosyl-1,4-d-galactosyl-1,4-d-glucosylceramide; galnac-bta1->6gal-alpha1->4gal-beta1->4glc-beta1->1'cer"
c11386,(-)-citronellol
c11387,"(1s,4r)-(+)-fenchone; (+)-fenchone"
c11388,(-)-linalool; (r)-(-)-linalool; (3r)-linalool
c11389,(+)-linalool; (s)-(+)-linalool; (3s)-linalool
c11390,(+)-menthone
c11391,(s)-(+)-alpha-phellandrene
c11392,(-)-beta-phellandrene
c11393,(-)-alpha-terpineol; (l)-alpha-terpineol
c11394,(+)-chrysanthenone
c11395,"(4r,6r)-cis-carveol"
c11396,"(1r,2r,4r)-dihydrocarveol; (-)-dihydrocarveol"
c11397,"(1r,2s,4r)-neo-dihydrocarveol"
c11398,"(1r,4r)-dihydrocarvone"
c11399,"(1s,2s,4r)-iso-dihydrocarveol"
c11400,"(1s,2r,4r)-neoiso-dihydrocarveol"
c11401,"(1s,4r)-iso-dihydrocarvone"
c11402,"(4r,7r)-4-isopropenyl-7-methyl-2-oxo-oxepanone"
c11403,"(3s,6r)-6-isopropenyl-3-methyl-2-oxo-oxepanone"
c11404,(3r)-6-hydroxy-3-isopropenyl-heptanoate
c11405,(3r)-3-isopropenyl-6-oxoheptanoate; (3r)-3-isopropenyl-6-oxoheptanoic acid
c11406,(5r)-6-hydroxy-5-isopropenyl-2-methylhexanoate
c11407,(3r)-3-isopropenyl-6-oxoheptanoyl-coa
c11408,"(4s,6s)-cis-carveol"
c11409,"(+)-trans-carveol; (4s,6r)-trans-carveol"
c11410,"(1r,2s,4s)-neoiso-dihydrocarveol"
c11411,"(1r,2r,4s)-iso-dihydrocarveol"
c11412,"(1r,4s)-iso-dihydrocarvone"
c11413,"(1s,2s,4s)-dihydrocarveol; (+)-dihydrocarveol"
c11414,"(4s,7r)-4-isopropenyl-7-methyl-2-oxo-oxepanone; 4-isopropenyl-7-methyloxepan-2-one"
c11415,"(1s,4s)-dihydrocarvone"
c11416,"(1s,2r,4s)-neo-dihydrocarveol"
c11417,(3s)-6-hydroxy-3-isopropenyl-heptanoate; 6-hydroxy-3-isopropenylheptanoate
c11418,"(3s,6s)-6-isopropenyl-3-methyl-2-oxo-oxepanone"
c11419,(3s)-3-isopropenyl-6-oxoheptanoate; (3s)-3-isopropenyl-6-oxoheptanoic acid
c11420,(5s)-6-hydroxy-5-isopropenyl-2-methylhexanoate
c11421,(3s)-3-isopropenyl-6-oxoheptanoyl-coa
c11422,phenanthrene; phenanthracene
c11425,2-hydroxy-2h-benzo[h]chromene-2-carboxylate
c11426,cis-4-(1'-hydroxynaphth-2'-yl)-2-oxobut-3-enoate
c11427,1-hydroxy-2-naphthaldehyde
c11428,"trans-9(s),10(s)-dihydrodiolphenanthrene"
c11429,"phenanthrene-9,10-oxide"
c11430,9-hydroxyphenanthrene; 9-phenanthrol
c11431,"phenanthrene-1,2-oxide"
c11432,1-phenanthrol; 1-hydroxyphenanthrene
c11433,1-methoxyphenanthrene
c11434,2-c-methyl-d-erythritol 4-phosphate
c11435,4-(cytidine 5'-diphospho)-2-c-methyl-d-erythritol
c11436,2-phospho-4-(cytidine 5'-diphospho)-2-c-methyl-d-erythritol
c11437,1-deoxy-d-xylulose 5-phosphate
c11438,c-1027 chromophore; c-1027
c11439,formyl-l-methionyl peptide
c11440,methionyl peptide
c11441,deshydroxy-c-1027 chromophore
c11442,aromatized c-1027 chromophore
c11443,aromatized deshydroxy-c-1027 chromophore
c11445,"4-(1,2-epoxyethyl)-8,9-epoxy-enediyne"
c11446,"4-dihydroxyethyl-8,9-epoxy-enediyne"
c11447,"dtdp-4-dimethylamino-4,6-dideoxy-5-c-methyl-d-allose"
c11448,"3,4-dihydro-7-methoxy-2-methylene-3-oxo-2h-1,4-benzoxazine-5-carbonyl-coa; benzoxazolinyl-coa"
c11449,"(s)-3-chloro-4,5-dihydroxy-beta-phenylalanyl-[pcp]; (3s)-3-amino-3-(3-chloro-4,5-dihydroxyphenyl)propanoyl-[peptidyl-carrier protein]"
c11453,"2-c-methyl-d-erythritol 2,4-cyclodiphosphate; 3-methyl-1,2,3,4-tetrahydroxybutane-1,3-cyclic bisphosphate"
c11455,"4,4-dimethyl-5alpha-cholesta-8,14,24-trien-3beta-ol"
c11456,"cis-3-(1-carboxy-ethyl)-3,5-cyclo-hexadiene-1,2-diol"
c11457,3-(3-hydroxyphenyl)propanoic acid; dihydro-3-coumaric acid; 3-hydroxyphenylpropanoate; 3-(3-hydroxyphenyl)propanoate
c11460,dtdp-4-oxo-5-c-methyl-l-rhamnose; dtdp-4-oxo-6-deoxy-5-c-methyl-l-mannose
c11461,"dtdp-4-amino-4,6-dideoxy-5-c-methyl-d-allose"
c11462,"3-hydroxy-l-tyrosyl-amp; 3,4-dihydroxy-l-phenylalanyl-amp"
c11465,"3,5-dihydroxyanthranilate; 3,5-dihydroxyanthranilic acid"
c11466,5-methoxy-3-hydroxyanthranilate; 5-methoxy-3-hydroxyanthranilic acid
c11467,n-pyruvoyl-5-methoxy-3-hydroxyanthranilate; n-pyruvoyl-5-methoxy-3-hydroxyanthranilic acid
c11468,"3,4-dihydro-7-methoxy-2-methylene-3-oxo-2h-1,4-benzoxazine-5-carboxylic acid; benzoxazolinate"
c11469,calicheamicin gamma(1)i; calichemicin gamma1
c11471,dynemicin a
c11472,"d-glycero-beta-d-manno-heptose 1,7-bisphosphate"
c11473,thiocyclam; evisect
c11474,nereistoxin; ntx
c11475,dna containing guanine
c11476,l-arabinose
c11477,sugar
c11478,trna containing 5-(aminomethyl)-2-thiouridine; trna containing nm5s2u
c11480,"2-methyl-6-oxohepta-2,4-dienal"
c11481,hso3-; hydrogen sulfite; bisulfite
c11482,holo-lys2; [enzyme]-acyl-binding site; [enzyme]-phosphopantetheine
c11483,mega
c11484,ga
c11485,ly201116; ameltolide
c11486,nac
c11487,epa; n-ethylphenylacetamide; n-ethyl-2-phenylacetamide
c11488,hmmf; n-hydroxymethyl-n-methylformamide
c11489,nmf; n-methylformamide
c11490,amcc; n-acetyl-s-(n-methylcarbamoyl)cysteine
c11491,nop; 2-(2-naphthalenyloxy)propanoic acid; 2-(2-naphthoxy)propionic acid
c11492,nopm; 2-(2-naphthoxy)propionic acid methyl ester
c11493,carfentrazone
c11494,methyl 2-(4-isopropyl-4-methyl-5-oxo-2-imidazolin-2-yl)-p-toluate
c11495,methyl 6-(4-isopropyl-4-methyl-5-oxo-2-imidazolin-2-yl)-m-toluate
c11496,(r)-2-hydroxypropyl-com; 2-(r)-hydroxypropyl-com
c11497,2-oxopropyl-com; 2-(2-oxopropylthio)ethanesulfonate
c11498,(s)-2-hydroxypropyl-com; (2s)-2-hydroxypropyl-com
c11499,(s)-3-sulfolactate; (2s)-3-sulfolactate
c11500,5'-dehydroadenosine
c11501,9-riburonosyladenine
c11502,mycothione
c11503,3-hydroxy-1h-quinolin-4-one
c11504,3-hydroxy-2-methyl-1h-quinolin-4-one
c11505,propylene; propene
c11506,"(2r)-1,2-epoxypropane"
c11507,"(s)-1,2-epoxypropane"
c11508,"4alpha-methyl-5alpha-ergosta-8,14,24(28)-trien-3beta-ol; delta8,14-sterol"
c11509,3beta-hydroxy-4beta-methyl-5alpha-cholest-7-ene-4alpha-carbaldehyde
c11510,"2,4.6-trichloroanisole"
c11511,threo-3-hydroxy-l-aspartate; l-threo-3-hydroxyaspartate
c11512,methyl jasmonate; (-)-methyl jasmonate
c11513,(24r)-24-methylcycloart-25-en-3-beta-ol
c11514,(e)-3-(methoxycarbonyl)pent-2-enedioate; (2e)-3-(methoxycarbonyl)pent-2-enedioic acid
c11515,(e)-2-(methoxycarbonylmethyl)butenedioate; (2e)-2-(methoxycarbonylmethyl)but-2-enedioic acid
c11516,2-(alpha-d-mannosyl)-3-phosphoglycerate
c11519,n-cyclohexylformamide
c11520,cyclohexyl isocyanide; n-cyclohexylisocyanide; cyclohexaneisonitrile
c11521,udp-6-sulfoquinovose
c11522,"24-methylenelophenol; 24-methylidenelophenol; 4alpha-methyl-5alpha-ergosta-7,24-dien-3beta-ol"
c11523,"24-ethylidenelophenol; alpha1-sitosterol; 4-alpha-methyl-5-alpha-stigmasta-7,z-24-dien-3-beta-ol; (z)-24-ethylidenelophenol"
c11524,diphospho-myo-inositol polyphosphate
c11525,myo-inositol polyphosphate
c11526,"5-pp-insp5; 5-diphosphoinositol pentakisphosphate; 1d-myo-inositol 5-diphosphate pentakisphosphate; 1d-myo-inositol 5-diphosphate 1,2,3,4,6-pentakisphosphate"
c11527,4-hydroxymandelate; 4-hydroxymandelic acid
c11529,n-carbamoyl-l-amino acid; n-carbamoyl-l-2-amino acid
c11531,6-o-(beta-d-xylopyranosyl)-beta-d-glucopyranoside; beta-primeveroside
c11535,6-o-(beta-d-xylopyranosyl)-beta-d-glucopyranose; beta-primeverose
c11536,(2r)-o-phospho-3-sulfolactate; (2r)-phosphosulfolactate
c11537,(2r)-3-sulfolactate; (r)-3-sulfolactate
c11538,cobalt-sirohydrochlorin; cobalt-factor ii
c11539,cobalt-precorrin 3
c11540,cobalt-precorrin 4
c11541,cobalt-precorrin 5
c11542,cobalt-precorrin 6; cobalt-precorrin 6a
c11543,cobalt-dihydro-precorrin 6; cobalt-precorrin 6b
c11544,2-o-(alpha-d-mannosyl)-d-glycerate; alpha-mannosylglycerate; 2-o-(alpha-d-mannopyranosyl)-d-glycerate
c11545,cobalt-precorrin 8; cobalt-precorrin-8
c11546,2-o-(alpha-d-glucopyranosyl)glycerol; 2-o-alpha-d-glucosylglycerol
c11547,3-(acyloxy)acyl group of bacterial toxin
c11548,3-hydroxyacyl group of bacterial toxin
c11549,poly[(r)-3-hydroxyoctanoate]n; poly[(r)-3-hydroxyoctanoate]n-x
c11550,poly[(r)-3-hydroxyoctanoate]x
c11551,poly[(r)-3-hydroxybutanoate]n-x; poly[(r)-3-hydroxybutanoate]n
c11552,poly[(r)-3-hydroxybutanoate]x
c11553,[heparan sulfate]-glucosamine 3-sulfate
c11554,"1-phosphatidyl-1d-myo-inositol 3,4-bisphosphate; 1,2-diacyl-sn-glycero-3-phospho-(1'-myo-inositol-3',4'-bisphosphate)"
c11555,"1d-myo-inositol 1,4,5,6-tetrakisphosphate; d-myo-inositol 1,4,5,6-tetrakisphosphate; inositol 1,4,5,6-tetrakisphosphate"
c11556,"1-phosphatidyl-1d-myo-inositol 3,5-bisphosphate; 1,2-diacyl-sn-glycero-3-phospho-(1'-myo-inositol-3',5'-bisphosphate)"
c11557,"1-phosphatidyl-1d-myo-inositol 5-phosphate; 1,2-diacyl-sn-glycero-3-phospho-(1'-myo-inositol-5'-phosphate)"
c11560,"1-carbazol-9-yl-3-(3,5-dimethylpyrazol-1-yl)-propan-2-ol"
c11561,"2-(4-chloro-3,5-dimethylphenoxy)-n-(2-phenyl-2h-benzotriazol-5-yl)-acetamide"
c11562,"n-[2-(4-chloro-phenyl)-acetyl]-n'-(4,7-dimethyl-quinazolin-2-yl)-guanidine"
c11563,"1-benzyl-7,8-dimethoxy-3-phenyl-3h-pyrazolo[3,4-c]isoquinoline"
c11564,n-(3-benzooxazol-2-yl-4-hydroxy-phenyl)-2-p-tolyloxyacetamide
c11565,"8-allyl-2-phenyl-8h-1,3a,8-triaza-cyclopenta[a]indene"
c11566,"3-(4-chloro-benzyl)-5-(2-methoxy-phenyl)-[1,2,4]oxadiazole"
c11567,"2-phenethylsulfanyl-5,6,7,8-tetrahydro-benzo[4,5]thieno[2,3-d]pyrimidin-4-ylamine"
c11568,"(5,12,13-triaza-indeno[1,2-b]anthracen-13-yl)-acetic acid ethyl ester"
c11569,"2,2'-(1-phenyl-1h-1,2,4-triazole-3,5-diyl)bis-phenol"
c11570,"2-(2-chloro-phenyl)-5-(5-methylthiophen-2-yl)-[1,3,4]oxadiazole"
c11571,"2-p-tolyl-5,6,7,8-tetrahydrobenzo[d]imidazo[2,1-b]thiazole"
c11572,glycoprotein with the oligosaccharide chain attached by n-glycosyl linkage to protein l-asparagine
c11573,"6,8-di-(3,3-dimethylallyl)chrysin; 6,8-di-dma-chrysin; 6,8-di-(3,3-dma)chrysin"
c11574,6-geranylchrysin
c11575,8-geranylchrysin
c11576,"6-(3,3-dimethylallyl)galangin; 6-(3,3-dma)galangin"
c11577,"3-methylgalangin; 5,7-dihydroxy-3-methoxy-2-phenyl-4h-1-benzopyran-4-one"
c11578,"8-(3,3-dimethylallyl)-3-methylgalangin; 8-(3,3-dma)-3-methylgalangin"
c11579,"8-(1,1-dimethylallyl)-3-methylgalangin; 8-(1,1-dma)-3-methylgalangin"
c11580,"8-(1,1-dimethylallyl)kaempferide; 8-(1,1-dma)kaempferide"
c11581,"8-(1,1-dimethylallyl)galangin; 8-(1,1-dma)galangin"
c11582,2-chlorophenylhydrazine hydrochloride; o-chlorophenylhydrazine hydrochloride
c11583,4-glutathionyl cyclophosphamide
c11584,4-methylumbelliferone glucuronide; 4-methylumbelliferyl glucuronide
c11585,4-methylumbelliferone sulfate; 4-methylumbelliferyl sulfate
c11586,alpha-naphthyl-beta-d-glucuronide; 1-naphthyl glucuronide
c11587,bq 123; cyclo[d-trp-d-asp-l-pro-d-val-l-leu]
c11588,"cis-3-(carboxy-ethyl)-3,5-cyclo-hexadiene-1,2-diol; cis-3-(2-carboxy-ethyl)-3,5-cyclo-hexadiene-1,2-diol; 3-(cis-5,6-dihydroxycyclohexa-1,3-dien-1-yl)propanoate"
c11589,bq 518
c11590,beauvericin
c11591,"dids; 4,4'-diisothiocyanostilbene-2,2'-disulfonic acid"
c11592,diethyl pyrocarbonate
c11593,e3040
c11594,e3040 sulfate
c11595,e3040 glucuronide
c11596,fmlp; n-formyl-l-methionyl-l-leucyl-l-phenylalanine
c11597,grepafloxacin glucuronide; grepafloxacin 3-glucuronide
c11598,hydroxylamine hydrochloride
c11599,iaarh123; [125i]iodoaryl azido-rhodamine 123
c11600,iaci; n-(hydrocinchonidin-8'-yl)-4-azido-2-hydroxybenzamide
c11601,lds-751
c11602,"mc-207,110"
c11603,monochloro-monoglutathionyl melphalan
c11604,n-tert-butyloxycarbonyl-deacetyl-leupeptin; n-t-boc-deacetyl-leupeptin
c11605,"nac-dnp-cys; n-acetyl 2,4-dinitrophenyl cysteine; n-acetyl-s-(2,4-dinitrophenyl)-l-cysteine"
c11606,nac-fnorlrf-amide; n-acetyl-phenylalanyl-norleucyl-arginyl-phenylalanyl-amide
c11607,n-acetyl-leu-leu-leu-leu-leu-tyr-amide; nac-l5y-amide
c11608,nafenopin glucuronide
c11609,nigericin
c11610,pepsinostreptin; n-isobutyrylpepstatin; isobutyryl-val-val-sta-ala-sta
c11611,phenyl beta-d-glucopyranoside; phenylglucoside
c11612,polymyxin b
c11613,polymyxin b sulfate; polymixin b sulfate
c11615,pristinamycin ia; vernamycin b alpha; mikamycin b; 4-[4-(dimethylamino)-n-methyl-l-phenylalanine]virginiamycin s1; streptogramin b
c11616,pristinamycin ib; vernamycin b beta; efepristin; 4-[n-methyl-4-(methylamino)-l-phenylalanine]virginiamycin s1
c11617,pristinamycin ic; vernamycin b gamma; 2-d-alanine-4-[4-(dimethylamino)-n-methyl-l-phenylalanine]virginiamycin s1
c11618,puromycin dihydrochloride
c11619,spectinomycin dihydrochloride
c11620,"syringetin; 3',5'-o-dimethylmyricetin; 3,5,7,4'-tetrahydroxy-3',5'-dimethoxyflavone"
c11621,tectochrysin; techtochrysin
c11622,tetramethylrosamine
c11623,"triton x-100; alpha-(4-(1,1,3,3-tetramethylbutyl)phenyl)-omega-hydroxypoly(oxy-1,2-ethanediyl)"
c11624,tween 20
c11625,tween 80; polysorbate 80
c11626,vinblastine sulfate
c11627,ortho-vanadate; vanadate
c11628,p-aminobenzamidine dihydrochloride
c11629,"omega-carboxy-n-acetyl-lte4; (7e,9e,11z,14z)-(5s,6r)-6-((n-acetyl)cystein-s-yl)-5-hydroxyeicosa-7,9,11,14-tetraen-1,20-dioate; omega-cooh-lte4nac"
c11630,"15,16-dihydrobiliverdin; 15,16-dihydrobiliverdin ixalpha; 15,16-dihydrobiliverdin ixa"
c11631,9-riburonosylhypoxanthine
c11632,polyneuridine aldehyde
c11633,16-epivellosimine
c11634,vellosimine
c11635,10-deoxysarpagine; sarpagan-17-ol
c11636,7-deoxyloganate
c11637,"3alpha,12alpha-dihydroxy-5beta-chol-6-enoate"
c11638,3-amino-2-oxopropyl phosphate; 1-amino-3-(phosphohydroxy)propan-2-one
c11639,geniposide pentaacetate; pentaacetyl geniposide
c11640,patrinoside
c11641,"3',4'-anhydrovinblastine"
c11642,19-hydroxytabersonine
c11643,16-hydroxytabersonine
c11644,lamiide
c11645,lamioside
c11646,deoxyloganin tetraacetate
c11647,deoxyloganic acid tetraacetate
c11648,8-epideoxyloganin
c11649,8-epideoxyloganic acid
c11650,8-epideoxyloganin tetraacetate
c11651,8-epiiridodial
c11652,8-epiiridotrial glucoside; boschnaloside
c11653,iridotrial glucoside
c11654,tarennoside
c11655,asperuloside tetraacetate
c11656,8-epiiridodial glucoside
c11657,iridodial glucoside tetraacetate
c11658,8-epiiridodial glucoside tetraacetate
c11659,10-hydroxyloganin
c11660,10-hydroxymorroniside
c11661,7-epiloganic acid
c11662,7-epiloganin tetraacetate
c11663,loganin pentaacetate
c11664,10-deoxygeniposide tetraacetate
c11665,7-deoxygardoside metyl ester tetraacetate
c11666,11-hydroxyiridodial glucoside pentaacetate
c11667,8-epi-11-hydroxyiridodial glucoside pentaacetate
c11668,7-dehydrologanin tetraacetate
c11669,deutzioside pentaacetate
c11670,iridodial glucoside
c11671,deutzioside
c11672,10-deoxygeniposidic acid
c11673,geniposidic acid
c11674,secogalioside
c11675,16-methoxytabersonine
c11676,lochnericine
c11677,horhammericine
c11678,dialdehyde
c11679,"4,21-dehydrocorynantheine aldehyde"
c11680,cathenamine
c11681,19-epi-cathenamine
c11682,tetrahydroalstonine
c11683,19-epi-ajmalicine
c11684,met-enkephalin; methionine enkephalin
c11685,clorgyline
c11686,uracil mustard
c11687,aziridine
c11688,asperlicin
c11689,curacin a
c11690,epibatidine
c11691,stemmadenine
c11692,tetrodotoxin; ttx
c11694,quinoline-3-carboxamides
c11695,"anandamide; arachidonylethanolamide; n-(5z,8z,11z,14z-eicosatetraenoyl)-ethanolamine; aea"
c11696,practolol
c11697,levcromakalim; (-)-cromakalim
c11698,uh-301
c11699,glenvastatin; hr 780
c11700,10-deacetylbaccatin iii
c11701,uk-47265
c11702,tienilic acid; ticrynafen
c11703,l-isoprenaline; levisoprenaline
c11704,dup 697
c11705,sc-58125
c11706,sc-57666
c11707,pronethalol; pronetalol
c11708,sultopride
c11709,du 122290
c11710,devazepide; mk-329
c11711,succinylproline; succinyl-l-proline
c11712,teprotide
c11713,2-naphthol; beta-naphthol
c11714,1-naphthol; alpha-naphthol
c11715,lucanthone
c11716,mirasan
c11717,d1927
c11718,l791456; etoricoxib
c11719,l787257
c11720,enalaprilat; enalaprilate
c11721,candoxatrilat
c11723,hexobarbitone; hexobarbital
c11724,cycloguanil pamoate
c11725,avizafone; ldz
c11726,chloramphenicol palmitate
c11727,chloramphenicol succinate
c11728,clindamycin phosphate
c11729,hetacillin
c11730,temoporfin; foscan
c11731,m-chlorobenzamide; 3-chlorobenzamide
c11732,"diethyl phenyl phosphate; phosphoric acid, diethyl phenyl ester"
c11733,decamethonium
c11734,altanserin
c11735,n-ethylglycine
c11736,5-fluorodeoxyuridine; floxuridine
c11737,cb3717
c11738,m-chlorophenylpiperazine; 1-(3-chlorophenyl)piperazine; mcpp
c11739,sb 200646; n-(1-methyl-5-indolyl)-n'-(3-pyridyl)urea
c11740,sb 206553
c11741,sb 221284
c11742,sb 228357
c11743,sb 243213
c11744,salvarsan; arsphenamine
c11745,succinyl sulfathiazole
c11746,penillic acid
c11747,penicillenic acid; 3-mercapto-n-[(5-oxo-4(5h)-oxazolylidene)methyl]-valine
c11748,flucloxacillin; floxacillin
c11749,(p-aminobenzyl)penicillin; penicillin t
c11750,pivampicillin
c11751,talampicillin
c11752,carfecillin; carbenicillin phenyl
c11754,cephaloridine; cefaloridine
c11755,epithienamycin e; mm13902
c11756,6-methylpenicillin
c11757,acyl-d-ala-d-ala
c11758,mupirocin; pseudomonic acid a
c11760,amprotropine
c11761,tridihexethyl bromide
c11762,propantheline chloride
c11763,miotine
c11764,sarin
c11765,"1-methyl-1,6-dihydropyridine-2-carbaldoxime; propam"
c11766,rivastigmine
c11767,xanomeline
c11768,levonordefrin; alpha-methylnoradrenaline
c11769,r-soterenol
c11770,r-salbutamol; (-)-salbutamol; levalbuterol
c11771,salmefamol
c11772,dci; dichloroisoproterenol
c11773,epanolol
c11774,primidolol
c11775,xamoterol
c11776,alpha-methyl-m-tyramine; gepefrine
c11777,iproniazid
c11778,3-acetylmorphine; o(3)-monoacetylmorphine
c11779,heterocodeine
c11780,6-ethylmorphine
c11781,6-acetylmorphine; 6-o-monoacetylmorphine
c11782,dihydromorphine
c11783,minovincinine
c11784,echitovenine
c11785,normorphine
c11786,morphine n-oxide
c11787,nalorphine
c11788,17-methylmorphinan; n-methyl morphinan
c11789,metazocine
c11790,phenazocine
c11791,bremazocine
c11792,ketobemidone
c11793,etorphine
c11794,diprenorphine
c11795,ethylketocyclazocine; ekc
c11796,"u50488; trans-3,4-dichloro-n-methyl-n-[2-(1-pyrrolidinyl)cyclohexyl]-benzeneacetamide"
c11797,tifluadom
c11798,mepyramine; pyrilamine
c11799,sk&f 91581
c11800,thiaburimamide
c11801,4-methylburimamide
c11802,oxaburimamide
c11803,oxmetidine
c11804,lamtidine
c11805,loxtidine; lavoltidine
c11806,pantoprazole
c11807,vinorine
c11808,"1,2-dihydrovomilenine; 2-beta-(r)-1,2-dihydrovomilenine"
c11809,17-o-acetylnorajmaline
c11810,norajmaline
c11811,1-hydroxy-2-methyl-2-butenyl 4-diphosphate; (e)-4-hydroxy-3-methyl-but-2-enyl diphosphate; (e)-4-hydroxy-3-methylbut-2-en-1-yl diphosphate
c11812,lochnerinine
c11813,demethylalangiside
c11814,demethylisoalangiside
c11815,isoalangiside
c11816,protoemetine
c11817,deoxytubulosine
c11818,(r)-canadine
c11819,cromakalim
c11820,alpha-methyl-m-tyrosine
c11821,5-hydroxyisourate
c11822,2-aminomalonate semialdehyde; 2-ammoniomalonate semialdehyde
c11823,"2,3-ene acid"
c11824,cyclic amide
c11825,3beta-hydroxy-5beta-pregnane-20-one
c11826,[glcnac-(1->4)-mur2ac(oyl-l-ala-g-d-glu-l-lys-d-ala-d-ala)]n-diphosphoundecaprenol; [glcnac-(1->4)-mur2ac(oyl-l-ala-gamma-d-glu-l-lys-d-ala-d-ala)]n-diphosphoundecaprenol; [glcnac-(1->4)-mur2ac(oyl-l-ala-g-d-glu-l-lys-d-ala-d-ala)]n+1-diphosphoundecaprenol; [glcnac-(1->4)-mur2ac(oyl-l-ala-gamma-d-glu-l-lys-d-ala-d-ala)]n+1-diphosphoundecaprenol
c11827,[glcnac-(1->4)-mur2ac(oyl-l-ala-g-d-glu-a2pm-d-ala-d-ala)]n-diphosphoundecaprenol; [glcnac-(1->4)-mur2ac(oyl-l-ala-g-d-glu-a2pm-d-ala-d-ala)]n+1-diphosphoundecaprenol
c11829,13(1)-hydroxy-magnesium-protoporphyrin ix 13-monomethyl ester; 13(1)-hydroxy-mg-protoporphyrin ix 13-monomethyl ester
c11830,13(1)-oxo-magnesium-protoporphyrin ix 13-monomethyl ester; 13(1)-oxo-mg-protoporphyrin ix 13-monomethyl ester
c11831,"divinylprotochlorophyllide; 2,4-divinylprotochlorophyllide; mg-2,4-divinyl-phaeoporphyrin a5-monomethylester; 3,8-divinyl protochlorophyllide a"
c11832,"divinyl chlorophyllide a; 3,8-divinyl chlorophyllide a"
c11833,isoclavulanic acid
c11834,4-benzyloxybenzyl alcohol
c11837,n-butyryl-l-homoserine lactone
c11838,"(s)-4,5-dihydroxypentane-2,3-dione; (4s)-4,5-dihydroxy-2,3-pentanedione"
c11839,n-(3-oxohexanoyl)homoserine lactone
c11840,n-(3-oxododecanoyl)homoserine lactone
c11841,n-(3-oxooctanoyl)homoserine lactone; n-(3-oxooctanoyl)-l-homoserine lactone; oohl
c11842,n-(3-(s)-hydroxybutyryl)homoserine lactone
c11843,2 -(butylamido)-4-hydroxybutanoic acid
c11844,n-heptanoylhomoserine lactone
c11845,n-(3-hydroxy-7-cis-tetradecenoyl)homoserine lactone
c11846,cyclo(deltaala-l-val)
c11847,"cyclo(l-phe-l-pro); (3s-trans)-3-benzylhexahydropyrrolo(1,2-a)pyrazine-1,4-dione"
c11848,2-heptyl-3-hydroxy-quinolone; 2-heptyl-3-hydroxy-4(1h)-quinolone; 2-heptyl-3-hydroxy-4-quinolone
c11849,3-hydroxy-palmitic acid methyl ester; 3-hydroxyhexadecanoic acid methyl ester
c11850,divinylchlorophyll a
c11851,zn-bacteriochlorophyll a; zinc bacteriochlorophyll a
c11853,gibberellin a14 aldehyde
c11854,gibberellin a51-catabolite
c11855,gibberellin a29-catabolite
c11856,gibberellin a6
c11857,gibberellin a12
c11858,gibberellin a14
c11859,gibberellin a37 open lactone
c11860,gibberellin a15 open lactone
c11861,gibberellin a24
c11862,gibberellin a36
c11863,gibberellin a9
c11864,gibberellin a4
c11865,gibberellin a51
c11866,"2,3-dehydro-gibberellin a9; 2,3-didehydro-gibberellin a9"
c11867,gibberellin a7
c11868,gibberellin a34
c11869,gibberellin a34-catabolite
c11870,gibberellin a8-catabolite
c11871,gibberellin a5
c11872,kaur-16-en-18-ol; (-)-kaur-16-en-18-ol; kaurenol; ent-kaur-16-en-19-ol
c11873,kaur-16-en-18-al; (-)-kaur-16-en-18-al; 4alpha-kaur-16-en-18-al; kaurenal; ent-kaurenal; ent-kaur-16-en-19-al
c11874,kaur-16-en-18-oic acid; (-)-kaur-16-en-19-oic acid; kaurenic acid; kaurenoic acid; ent-kaur-16(17)-en-19-oic acid; ent-kaurenoic acid; ent-kaur-16-en-19-oic acid; ent-kaur-16-en-19-oate
c11875,ent-7alpha-hydroxykaur-16-en-19-oic acid; (-)-kaur-16-en-7beta-ol-19-oic acid; ent-7alpha-hydroxykaur-16-en-19-oate
c11876,"6beta,7beta-dihydroxykaurenoic acid; ent-6alpha,7alpha-dihydroxykaur-16-en-19-oic acid"
c11877,"(+)-sandaracopimaradiene; ent-sandaracopimara-8(14),15-diene; ent-sandaracopimaradiene; ent-13alpha-pimara-8(14),15-diene"
c11878,"(-)-abietadiene; abietadiene; abieta-7,13-diene; (4as,4br,10as)-7-isopropyl-1,1,4a-trimethyl-1,2,3,4,4a,4b,5,6,10,10a-decahydrophenanthrene"
c11879,"levopimaradiene; abieta-8(14),12-diene"
c11880,neoabietadiene
c11881,palustradiene
c11882,"abietinol; abietol; abieta-7,13-dien-18-ol; ((1r,4ar,4br,10ar)-7-isopropyl-1,4a-dimethyl-1,2,3,4,4a,4b,5,6,10,10a-decahydrophenanthren-1-yl)methanol"
c11883,"levopimarinol; abieta-8(14),12-dien-18-ol"
c11884,neoabietinol; neoabietol
c11885,neoabietal; neoabietinal
c11886,"levopimarinal; abieta-8(14),12-dien-18-al"
c11887,"abietal; abietaldehyde; abietinal; abieta-7,13-dien-18-al; (1r,4ar,4br,10ar)-7-isopropyl-1,4a-dimethyl-1,2,3,4,4a,4b,5,6,10,10a-decahydrophenanthrene-1-carbaldehyde"
c11888,levopimaric acid; l-pimaric acid
c11889,neoabietic acid
c11890,aphidicolan-16beta-ol
c11891,aphidicol-16-ene
c11892,aphidicol-15-ene
c11893,cembrene; thunbergen; (+)-thunbergen; (+)-cembrene
c11894,"taxa-4(5),11(12)-diene; taxa-4,11-diene"
c11895,"taxa-4(20),11(12)-dien-5alpha-ol; taxa-4(20),11-dien-5alpha-ol"
c11896,"taxa-4(20),11(12)-dien-5alpha-yl acetate"
c11897,"taxa-4(20),11(12)-dien-5alpha,13alpha-diol"
c11898,"taxa-4(20),11(12)-dien-5alpha-acetoxy-10beta-ol; 10beta-hydroxytaxa-4(20),11-dien-5alpha-yl acetate; 5alpha-acetoxytaxa-4(20),11(12)-dien-10beta-ol"
c11899,10-deacetyl-2-debenzoylbaccatin iii
c11900,baccatin iii
c11901,copalyl diphosphate; (+)-copalyl diphosphate; labdadienyl diphosphate
c11902,9alpha-copalyl diphosphate; syn-copalyl diphosphate
c11903,"methanophenazine; 2-(2,3-dihydro-all-trans-pentaprenyloxy)phenazine; 2-(2,3-dihydropentaprenyloxy)phenazine"
c11904,dihydromethanophenazine; 2-(dihydropentaprenyloxy)-dihydrophenazine
c11905,gibberellin a53 aldehyde
c11906,sodium arsenite; sodium dioxoarsenate
c11907,"dtdp-4-oxo-6-deoxy-d-glucose; dtdp-4-dehydro-6-deoxy-d-glucose; dtdp-4-dehydro-6-deoxy-alpha-d-glucose; dtdp-4-dehydro-6-deoxy-alpha-d-glucopyranose; dtdp-4-oxo-6-deoxy-alpha-d-glucose; dtdp-4-dehydro-6-deoxy-alpha-d-galactose; dtdp-4-dehydro-6-deoxy-d-galactose; dtdp-6-deoxy-d-xylo-hexos-4-ulose; dtdp-6-deoxy-d-xylo-4-hexulose; 4,6-dideoxy-4-oxo-dtdp-d-glucose"
c11908,"3,6-dideoxy-3-oxo-dtdp-d-glucose; dtdp-3-oxo-6-deoxy-d-glucose; dtdp-3-oxo-6-deoxy-alpha-d-glucose; dtdp-3-dehydro-6-deoxy-alpha-d-glucopyranose; dtdp-6-deoxy-d-ribo-hexos-3-ulose"
c11909,"dtdp-3-oxo-4,6-dideoxy-d-glucose; dtdp-3-oxo-4,6-dideoxy-alpha-d-glucose; dtdp-3-dehydro-4,6-dideoxy-alpha-d-glucopyranose"
c11910,"dtdp-3-amino-3,4,6-trideoxy-d-glucose; dtdp-3-amino-3,4,6-trideoxy-alpha-d-glucose"
c11911,"dtdp-d-desosamine; dtdp-3-dimethylamino-3,4,6-trideoxy-d-glucose; dtdp-alpha-d-desosamine; dtdp-3-dimethylamino-3,4,6-trideoxy-alpha-d-glucose; dtdp-3-dimethylamino-3,4,6-trideoxy-alpha-d-glucopyranose"
c11912,dtdp-6-deoxy-d-allose; dtdp-6-deoxy-alpha-d-allose
c11913,"d-mycinose; 6-deoxy-2,3-di-o-methyl-d-allo-hexose"
c11915,"dtdp-3-methyl-4-oxo-2,6-dideoxy-l-allose"
c11916,"dtdp-l-mycarose; dtdp-beta-l-mycarose; dtdp-2,6-dideoxy-3-c-methyl-beta-l-ribo-hexose"
c11917,l-cladinose
c11918,maltol
c11919,dtdp-l-megosamine
c11920,dtdp-l-olivose
c11921,dtdp-l-oleandrose
c11922,"dtdp-4-oxo-2,6-dideoxy-d-glucose; dtdp-4-oxo-2,6-dideoxy-alpha-d-glucose; dtdp-4-dehydro-2,6-dideoxy-alpha-d-glucose; dtdp-4-keto-2,6-dideoxy-d-glucose"
c11923,"dtdp-d-olivose; dtdp-2,6-dideoxy-d-glucose; dtdp-alpha-d-olivose"
c11924,perillic acid
c11925,"dtdp-3-amino-3,6-dideoxy-d-glucose"
c11926,dtdp-4-oxo-6-deoxy-d-allose; dtdp-4-dehydro-6-deoxy-alpha-d-allose; dtdp-4-dehydro-6-deoxy-alpha-d-gulose
c11927,"dtdp-4-oxo-2,6-dideoxy-l-mannose"
c11928,"dtdp-4-oxo-2,6-dideoxy-d-allose"
c11929,perillyl-coa
c11930,"dtdp-2,6-dideoxy-d-glycero-hex-2-enos-4-ulose"
c11931,"dtdp-2,6-dideoxy-l-glycero-hex-2-enos-4-ulose"
c11932,"dtdp-2,6-dideoxy-l-erythro-hexos-3-ulose; dtdp 1-ester with 2,6-dideoxy-l-erythro-hexopyranos-3-ulose"
c11933,dtdp-d-mycaminose; dtdp-alpha-d-mycaminose
c11934,2-hydroxy-4-isopropenylcyclohexane-1-carboxyl-coa
c11935,4-isopropenyl-2-oxy-cyclohexanecarboxyl-coa; 4-isopropenyl-2-ketocyclohexane-1-carboxyl-coa
c11936,3-isopropenylpimelyl-coa
c11937,"(1s,4r)-1-hydroxy-2-oxolimonene; (1s,4r)-1-hydroxymenth-8-en-2-one"
c11938,myrtenol; 2-pinen-10-ol
c11939,myrtenal
c11940,"myrtenic acid; 6,6-dimethylbicyclo[3.1.1]hept-2-ene-2-carboxylic acid"
c11941,pinocarveol
c11942,"trans-2-methyl-5-isopropylhexa-2,5-dienal"
c11943,"trans-2-methyl-5-isopropylhexa-2,5-dienoic acid"
c11944,"cis-2-methyl-5-isopropylhexa-2,5-dienoic acid"
c11945,"trans-2-methyl-5-isopropylhexa-2,5-dienoyl-coa"
c11946,"cis-2-methyl-5-isopropylhexa-2,5-dienoyl-coa"
c11947,"3-hydroxy-2,6-dimethyl-5-methylene-heptanoyl-coa"
c11948,"2,6-dimethyl-5-methylene-3-oxo-heptanoyl-coa"
c11949,3-isopropylbut-3-enoyl-coa
c11950,3-isopropyl-3-butenoic acid; 3-isopropylbut-3-enoic acid
c11951,(+)-cis-isopulegone
c11952,(+)-isomenthone
c11953,"6,8a-seco-6,8a-deoxy-5-oxoavermectin ''2b'' aglycone"
c11954,5-oxoavermectin ''2b'' aglycone
c11955,avermectin b2b aglycone
c11956,avermectin a2b aglycone
c11957,avermectin b2b monosaccharide
c11958,avermectin a2b monosaccharide
c11959,avermectin b2b
c11960,avermectin a2b
c11961,"6,8a-seco-6,8a-deoxy-5-oxoavermectin ''1b'' aglycone"
c11962,5-oxoavermectin ''1b'' aglycone
c11963,avermectin b1b aglycone
c11964,avermectin a1b aglycone
c11965,avermectin b1b monosaccharide
c11966,avermectin a1b monosaccharide
c11967,avermectin b1b
c11968,"avermectin a1b; avermectin a1a, 25-de(1-methylpropyl)-25-(1-methylethyl)-"
c11969,"6,8a-seco-6,8a-deoxy-5-oxoavermectin ''2a'' aglycone"
c11970,5-oxoavermectin ''2a'' aglycone
c11971,avermectin b2a aglycone
c11972,avermectin a2a aglycone
c11973,avermectin b2a monosaccharide
c11974,avermectin a2a monosaccharide
c11975,avermectin b2a
c11976,"avermectin a2a; avermectin a1a, 22,23-dihydro-23-hydroxy-, (23s)-"
c11977,"6,8a-seco-6,8a-deoxy-5-oxoavermectin ''1a'' aglycone"
c11978,5-oxoavermectin ''1a'' aglycone
c11979,avermectin b1a aglycone
c11980,avermectin a1a aglycone
c11981,avermectin b1a monosaccharide
c11982,avermectin a1a monosaccharide
c11983,avermectin b1a
c11984,avermectin a1a
c11985,megalomicin a
c11986,megalomicin b; 4'-acetylmegalomycin a
c11987,megalomicin c1
c11988,megalomicin c2
c11989,"8,8a-deoxyoleandolide"
c11990,oleandolide
c11991,l-olivosyl-oleandolide
c11992,l-oleandrosyl-oleandolide
c11993,10-deoxymethynolide
c11994,10-deoxymethymycin; yc-17
c11995,neomethymycin
c11996,methymycin
c11997,narbonolide
c11998,narbomycin
c11999,pikromycin
c12000,tylactone; protylonolide
c12001,5-o-beta-d-mycaminosyltylactone
c12002,5-o-beta-d-mycaminosyltylonolide
c12003,demethyllactenocin
c12006,liposidomycin b
c12007,mureidomycin a; mrd a
c12008,ramoplanin a2
c12009,telithromycin; hmr3647; hmr-3647; ru66647; ru-66647
c12011,"dmg-mino; 9-(n,n-dimethylglycylamido)minocycline"
c12012,tigecycline; gar 936; way-gar-936
c12013,daptomycin
c12014,chloroeremomycin; chloroorienticin a
c12016,a47934; antibiotic a 47934
c12017,mk826
c12018,sm-17466
c12019,2-(biaryl)carbapenems
c12020,cethromycin; abt-773; a-195773; abbott-195773
c12021,alanylphosphate; d-alanyl-phosphate
c12022,phosphophosphinate
c12023,undecylprodigiosin; 2-((3-methoxy-5-(1h-pyrrol-2-yl)-2h-pyrrol-2-ylidene)methyl)-5-undecyl-1h-pyrrole
c12024,calcium-dependent antibiotic; cda
c12025,"2,6-diamino-7-hydroxy-azelaic acid"
c12026,"3,5-dihydroxy-phenylglycine; l-3,5-dihydroxyphenylglycine; (s)-3,5-dihydroxyphenylglycine"
c12027,"2-amino-9,10-epoxy-8-oxodecanoic acid"
c12029,(e)-2-butenyl-4-methyl-threonine; 2-butenyl-4-methylthreonine
c12030,mycosubtilin
c12032,clorobiocin; chlorobiocin
c12033,4-aminophenylalanine; p-aminophenylalanine
c12034,chlorobiphenyl-chloroeremomycin; ly333328; oritavancin
c12035,chlorobiphenyl-vancomycin
c12036,chlorobiphenyl-desleucyl-vancomycin
c12037,pyochelin
c12038,yersiniabactin
c12039,epothilone d; desoxyepothilone b
c12040,telomestatin
c12041,tyrocidine
c12042,fengycin
c12043,surfactin
c12044,rifamycin; rifamycin sv
c12045,ansamitocin p-3; ansamitosin p-3; antibiotic c15003p3; c15003p3; maytansinol isobutyrate; 2'-de(acetylmethylamino)-2'-methylmaytansine
c12046,teicoplanin a2-2; teichomycin a2 factor 2
c12047,nanchangmycin
c12048,griseorhodin a
c12049,neocarzinostatin chromophore
c12050,everninomycin; everninomicin
c12051,micrococcin; micrococcin p1; brn1070340
c12052,thiocillin
c12053,nosiheptide
c12054,thiostrepton
c12055,sulfamycin b
c12056,actinonin
c12057,cyclothialidine
c12058,cerulenin
c12059,triclosan
c12062,naphthyl dipeptide
c12063,tunicamycin
c12064,resorcinol monoacetate
c12065,tiamulin
c12066,valnemulin
c12067,2-deoxy-2-dimethylamino-alpha-d-glucose
c12068,ge2270a
c12069,3-hydroxypropenoate
c12070,pulvomycin
c12072,gardneral
c12073,11-methoxy-vinorine
c12075,tetraphyllicine; nsc72114
c12076,deoxyanisatin
c12077,"palustric acid; nsc 148945; 8,13-abietadien-18-oic acid"
c12078,"dehydroabietic acid; (-)-dehydroabietic acid; 13-isopropylpodocarpa-8,11,13-trien-15-oic acid; abieta-8,11,13-trien-18-oic acid; dehydroabietate"
c12079,alpha-arbutin; 4-hydroxyphenyl-alpha-d-glucopyranoside
c12080,resistomycin
c12081,soyasaponin ii
c12082,alpha-l-rhamnopyranosyl-(1->2)-beta-d-galactopyranosyl-(1->2)-beta-d-glucuronopyranoside; beta-fabatriose
c12083,"(5z,7e,9e,14z,17z)-icosapentaenoate; (5z,7e,9e,14z,17z)-eicosapentaenoic acid; (5z,7e,9e,14z,17z)-eicosapentaenoate; 5z,7e,9e,14z,17z-eicosapentaenoic acid; (5z,7e,9e,14z,17z)-icosa-5,7,9,14,17-pentaenoic acid"
c12085,bis-noryangonin
c12087,p-coumaroyltriacetic acid lactone
c12088,4-hydroxycinnamoylmethane; 4-hydroxybenzalacetone; p-hydroxybenzalacetone; 4-(p-hydroxyphenyl)-3-buten-2-one
c12089,nac-diketide
c12090,methylstyrylpyron
c12091,cerberoside
c12092,n-methylanthraniloyl-coa
c12093,"1,3-dihydroxy-n-methylacridone"
c12095,cyanidin 3-o-(6-o-p-coumaroyl)glucoside
c12096,cyanidin 3-o-(6-o-p-coumaroyl)glucoside-5-o-glucoside; shisonin
c12098,ansatrienin a
c12099,asukamycin
c12100,omega-cyclohexylundecanoic acid; cyclohexaneundecanoic acid
c12101,1-cyclohexenecarboxylic acid; cyclohex-1-enecarboxylic acid; 1-cyclohexene-1-carboxylic acid
c12102,immunomycin; ascomycin; fk520
c12103,omega-cycloheptylundecanoic acid
c12104,cycloheptanecarboxylic acid; cycloheptanoic acid
c12105,thiotropocin
c12106,aminodahp
c12107,3-amino-5-hydroxybenzoate; ahba; 3-amino-5-hydroxybenzoic acid; 3-ahba
c12108,5-amino-5-deoxy-3-dehydroshikimate; aminodhs; 5-deoxy-5-amino-3-dehydroshikimic acid
c12109,aminodhq; 5-deoxy-5-amino-3-dehydroquinic acid
c12110,"gabaculine; 3-amino-2,3-dihydrobenzoic acid"
c12111,manumycin a; manumycin
c12112,validamycin a; validacin; validamycin; valimon
c12113,valiolone
c12114,4-hydroxy-3-nitrosobenzamide
c12115,"3-amino-4-hydroxybenzoate; 3-amino-4-hydroxybenzoic acid; 3,4-ahba"
c12116,esmeraldic acid
c12117,saphenic acid
c12118,saphenic acid methyl ester
c12119,"phenazine-1,6-dicarboxylic acid; phenazine-1,6-dicarboxylate"
c12120,6-acetophenazine-1-carboxylic acid; 6-acetylphenazine-1-carboxylic acid
c12121,5-deoxy-5-aminoshikimic acid
c12122,luteoliflavan
c12123,"7,4'-dihydroxyflavone"
c12124,apiforol
c12125,isoformononetin; 4'-hydroxy-7-methoxyisoflavone
c12126,dihydroceramide; n-acylsphinganine
c12127,(+)-gallocatechin; gallocatechol
c12128,(-)-epiafzelechin; epi-afzelechin
c12129,anemone purple anthocyanin 1
c12130,anemone blue anthocyanin 1
c12131,anemone blue anthocyanin 2
c12132,anemone blue anthocyanin 3
c12133,anemone blue anthocyanin 4
c12134,"2'-hydroxygenistein; 2',4',5,7-tetrahydroxyisoflavone"
c12135,2'-hydroxybiochanin a; dehydroferreirin
c12136,(-)-epigallocatechin; epigallocatechol
c12137,pelargonidin 3-o-glucoside; pelargonidin 3-glucoside; pelargonidin 3-o-beta-d-glucoside
c12138,delphinidin 3-o-glucoside; mirtillin; delphinidin 3-glucoside; delphinidin 3-o-beta-d-glucoside
c12139,petunidin 3-o-glucoside; petunidin 3-glucoside
c12140,malvidin 3-o-glucoside; enin; malvidin-3-glucoside
c12141,peonidin 3-o-glucoside; peonidin-3-glucoside
c12142,vetispiradiene; (-)-vetispiradiene; (-)-premnaspirodiene
c12143,2-aminoacridone; amac
c12144,phytosphingosine; 4-d-hydroxysphinganine
c12145,phytoceramide; ceramide ii; n-acyl-4-hydroxysphinganine; (4r)-4-hydroxysphinganine ceramide
c12146,c26-coa
c12147,l-threonine o-3-phosphate; l-threonine phosphate; o-phospho-l-threonine
c12148,stigmatellin a; stigmatellin
c12149,stigmatellin x
c12150,stigmatellin y
c12151,mycolactone
c12152,niddamycin
c12153,epothilone a
c12154,epothilone b; patupilone
c12155,nystatin a1
c12156,nystatin a3
c12157,myxalamid s
c12158,myxalamid a
c12159,myxalamid b
c12160,myxalamid c
c12161,myxalamid d
c12162,crinine
c12163,"powelline; 1,2-didehydro-7-methoxycrinan-3arpha-ol"
c12164,hamayne; bulbispermine
c12165,3-o-acetylhamayne
c12166,1-o-acetyllycorine
c12167,cherylline
c12168,crinamidine
c12169,1-epideacetylbowdensine
c12170,zephyranthine
c12171,"1,2-o-diacetylzephyranthine"
c12172,11alpha-hydroxygalanthamine
c12173,norgalanthamine; n-demethylgalanthamine
c12174,haemanthidine; hemanthidine
c12176,proansamycin x
c12177,proansamitocin
c12178,3-epimacronine
c12179,tazettine; sekisanin
c12180,(-)-8-demethylmaritidine; normaritidine
c12181,ismine
c12182,trisphaeridine; trispheridine
c12183,obliquine
c12184,narcissidine
c12185,nangustine
c12186,pancracine
c12187,"pseudolycorine; 3,12-didehydro-9-methoxygalanthan-1alpha,2beta,10-triol"
c12188,vasconine
c12189,ungeremine
c12190,9-o-demethylhomolycorine
c12191,ent-6beta-hydroxybuphanisine
c12192,ent-6alpha-hydroxybuphanisine
c12193,"vittatine; (3beta,5alpha,13beta,19alpha)-1,2-didehydro-crinan-3-ol"
c12194,11-hydroxyvittatine
c12195,zephyramine
c12196,bocconarborine a; (+/-)-bocconarborine a
c12197,(+/-)-bocconarborine b
c12198,"6-(2-hydroxyethyl)-5,6-dihydrosanguinarine"
c12199,"3-methoxy-8,9-methylenedioxy-3,4-dihydrophenanthridine; 3-methoxy-3,4-dihydro-[1,3]-dioxolo-[4,5-j]-phenanthridine"
c12200,"(+/-)-6-acetonyldihydrochelerythrine; 6-acetonyl-5,6-dihydrochelerythrine"
c12201,"(+/-)-6-acetonyldihydrosanguinarine; 6-acetonyl-5,6-dihydrosanguinarine; (+/-)-8-acetonyldihydrosanguinarine"
c12202,platenolide i; platenolide a
c12203,5-hydroxyferuloyl-coa
c12204,5-hydroxyconiferaldehyde
c12205,5-hydroxyconiferyl alcohol
c12206,caffeyl alcohol
c12208,p-coumaroyl quinic acid; trans-5-o-(4-coumaroyl)-d-quinate
c12210,udp-3-ketoglucose; udp-3-keto-d-glucose
c12211,udp-kanosamine; udp-d-kanosamine; udp-alpha-d-kanosamine
c12212,kanosamine; d-kanosamine; 3-amino-3-deoxy-d-glucose
c12213,kanosamine 6-phosphate; d-kanosamine 6-phosphate
c12214,aminofructose 6-phosphate; amino-d-fructose 6-phosphate
c12215,iminoerythrose 4-phosphate; imino-d-erythrose 4-phosphate
c12216,mycobactin s
c12217,fe(cn)3; ferric cyanide; iron cyanide (fe(cn)3)
c12218,fe(cn)2; iron cyanide (fe(cn)2)
c12219,corynebactin; bacillibactin
c12220,myxochelin a
c12221,myxochelin b
c12222,hydroxysanguinarine
c12223,"n-methyl-2,3,7,8-tetramethoxy-5,6-dihydrobenzophenathridine-6-ethanoic acid"
c12224,"n-methyl-2,3,7,8-tetramethoxybenzophenanthridine-6(5h)-one"
c12225,"6-oxochelerythrine; oxychelerythrine; 1,2-dimethoxy-12-methyl-(1,3)benzodioxolo(5,6-c)phenanthridin-13(12h)-one"
c12226,"norchelerythrine; 1,2-dimethoxy-(1,3)benzodioxolo(5,6-c)phenanthridine"
c12227,chelerythrine
c12228,sanguilutine
c12229,chelilutine
c12230,sanguirubine
c12231,anhalamine; n-demethylanhalidine
c12232,sanguinine
c12233,"lycoramine; 1,2-dihydrogalanthamine"
c12234,epinorlycoramine
c12235,assoanine
c12236,oxoassoanine; dihydropratosine
c12237,2-o-acetylpseudolycorine
c12238,papyramine
c12239,9-o-demethyl-2alpha-hydroxyhomolycorine
c12240,dubiusine
c12241,o-methyllycorenine
c12242,chelidonine
c12243,(+/-)-gamma-lycorane
c12244,3-buten-1-amine
c12245,"methyl5-(but-3-en-1-yl)amino-1,3,4-oxadiazole-2-carboxylate"
c12246,protorifamycin i
c12247,rifamycin w
c12248,"5-hydroxy-2-oxo-4-ureido-2,5-dihydro-1h-imidazole-5-carboxylate; 2-oxo-4-hydroxy-4-carboxy-5-ureidoimidazoline"
c12249,kaempferol 3-o-glucoside; kaempferol 3-o-beta-d-glucoside; astragalin
c12250,anhydrolycorinone
c12251,2-iodo-6-methoxyphenol
c12252,2-bromo-5-hydroxy-n-[2-(4-hydroxyphenyl)ethyl]-4-methoxy-n-methylbenzamide
c12253,norsanguinine
c12254,(+)-plicamine
c12255,7-deoxypancratistatin
c12256,"(+)-2,7-dideoxypancratistatin"
c12257,homochelidonine; (+/-)-homochelidonine
c12258,arnottin ii
c12259,(+)-sceletium a4
c12260,(-)-tortuosamine; tortuosamine
c12261,"2,3,4-trioxycyclopentanone"
c12262,"4,4-disubstituted cyclohexenone"
c12263,"1,2-dimethoxy-4-[2-(2-propenyloxy)ethenyl]-benzene"
c12264,"6-(2-methoxyvinyl)benzo[1,3]dioxole-5-carboxylic acid"
c12265,lichenysin d
c12266,iturin a
c12267,bacillomycin d
c12268,syringomycin
c12269,n-methyl-d-aspartic acid; n-methyl-d-aspartate; nmda
c12270,n-acetylaspartylglutamate; naag; isospaglumic acid; n-acetyl-l-aspartyl-l-glutamate
c12271,"n-arachidonyldopamine; arachidonoyl dopamine; nada; n-(5z,8z,11z,14z-eicosatetraenoyl)-dopamine"
c12272,n-oleoyldopamine
c12276,calcium pantothenate
c12277,calcium hydroxide
c12278,copper gluconate
c12280,methyl acetyl ricinoleate
c12282,polyvinyl acetate
c12283,saccharin
c12284,saccharin sodium anhydrous
c12285,sucralose
c12286,alpha-ionone
c12287,beta-ionone; trans-beta-ionone
c12288,alpha-amylcinnamaldehyde; alpha-pentylcinnamaldehyde
c12289,isoamyl isovalerate
c12290,ethyl isovalerate
c12292,ethyl octanoate; ethyl caprylate
c12293,isoamyl formate
c12294,geranyl formate
c12295,citronellyl formate
c12296,isoamyl acetate; 3-methylbutyl acetate
c12297,cyclohexyl acetate
c12298,"citronellyl acetate; 3,7-dimethyl-6-octen-1-yl acetate"
c12299,cinnamyl acetate; 3-phenyl-2-propenyl acetate
c12300,alpha-terpinyl acetate; p-menth-1-en-8-yl acetate
c12301,"beta-terpinyl acetate; cyclohexanol, 1-methyl-4-(1-methylethenyl)-, 1-acetate"
c12302,"gamma-terpinyl acetate; cyclohexanol, 1-methyl-4-(1-methylethylidene)-, 1-acetate; p-menth-4-en-1-yl acetate"
c12303,phenethyl acetate; 2-phenylethyl acetate
c12304,butyl acetate; n-butyl acetate
c12305,methyl salicylate; methyl 2-hydroxybenzoate
c12306,allyl cyclohexylpropionate; 2-propenyl 3-cyclohexylpropanoate
c12307,decanal; 1-decanal
c12308,gibberellin a44; gibberellin 44
c12309,esmeraldin a
c12310,esmeraldin b
c12311,saphenamycin
c12312,indolin-2-one
c12313,"cis-1,2-cyclohexanediol; cis-cyclohexane-1,2-diol"
c12314,1-oxa-2-oxo-3-hydroxycycloheptane
c12316,cis-dihydroquercetin
c12317,d-allothreonine; d-allo-threonine
c12318,"dtdp-3-amino-2,3,6-trideoxy-4-keto-d-glucose; dtdp-3-amino-2,3,6-trideoxy-d-threo-hexopyranos-4-ulose; dtdp-3-amino-4-oxo-2,3,6-trideoxy-d-glucose"
c12319,"dtdp-3-amino-2,3,6-trideoxy-c-methyl-d-erythro-hexopyranos-4-ulose"
c12320,dtdp-l-4-oxovancosamine
c12321,"dtdp-l-epivancosamine; dtdp-beta-l-4-epi-vancosamine; dtdp-3-amino-2,3,6-trideoxy-3-methyl-beta-l-arabino-hexopyranose"
c12322,dtdp-l-vancosamine; dtdp-beta-l-vancosamine
c12323,l-4-hydroxyphenylglycine
c12324,"3,5-dihydroxyphenylacetyl-coa"
c12325,"3,5-dihydroxyphenylglyoxylate; 2-(3,5-dihydroxyphenyl)-2-oxoacetate"
c12326,"(r,s)-scoulerine; scoulerine"
c12327,"laudanosoline; (r,s)-laudanosoline"
c12328,"reticuline; (r,s)-reticuline"
c12329,"(r,s)-norreticuline; norreticuline"
c12330,"2,3,9,10-tetrahydroxyberbine"
c12331,"2,3,9,10-tetrahydroxyberberine"
c12332,militarinone d
c12333,militarinone a
c12334,militarinone b
c12335,militarinone c
c12336,dioncophylline a
c12337,dioncophylline c
c12338,korupensamine a
c12339,dioncopeltine a; triphyopeltine
c12340,ancistrotectorine
c12341,dioncophyllinol b
c12342,ancistrobrevine a
c12343,isoshinanolone
c12344,"1,8-dihydroxy-3-methylnaphthalene"
c12345,"1,3-dimethyl-6,8-isoquinolinediol"
c12346,"1,3-dimethyl-8-isoquinolinol"
c12347,deoxyribose triphosphate
c12348,"3,5,7,9,11,13,15-heptaoxo-hexadecanoyl-[acp]"
c12349,"3,5,7,9,11,13,15-heptaoxo-heptadecanoyl-[acp]"
c12350,"3,5,7,9,11,13,15-heptaoxo-octadecanoyl-[acp]"
c12351,"3,5,7,9,11,13,15,17-octaoxo-octadecanoyl-[acp]"
c12352,"3,5,7,9,11,13,15,17-octaoxo-nonadecanoyl-[acp]"
c12353,"3,5,7,9,11,13,15,17-octaoxo-eicosanoyl-[acp]"
c12354,"3,5,7,9,11,13,15,17,19-nonaoxo-eicosanoyl-[acp]"
c12355,"3,5,7,9,11,13,15,17,19-nonaoxo-henicosanoyl-[acp]"
c12356,"3,5,7,9,11,13,15,17,19-nonaoxo-docosanoyl-[acp]"
c12357,"3,5,7,11,13,15-heptaoxo-9-hydroxy-hexadecanoyl-[acp]"
c12358,"3,5,7,11,13,15-heptaoxo-9-hydroxy-heptadecanoyl-[acp]"
c12359,"3,5,7,11,13,15-heptaoxo-9-hydroxy-octadecanoyl-[acp]"
c12360,"9-hydroxy-3,5,7,11,13,15,17-octaoxo-octadecanoyl-[acp]"
c12361,"9-hydroxy-3,5,7,11,13,15,17-octaoxo-nonadecanoyl-[acp]"
c12362,"9-hydroxy-3,5,7,11,13,15,17-octaoxo-eicosanoyl-[acp]"
c12363,"9-hydroxy-3,5,7,11,13,15,17,19-nonaoxo-eicosanoyl-[acp]"
c12364,"9-hydroxy-3,5,7,11,13,15,17,19-nonaoxo-henicosanoyl-[acp]"
c12365,"9-hydroxy-3,5,7,11,13,15,17,19-nonaoxo-docosanoyl-[acp]"
c12366,tetracenomycin f2; tcm f2
c12367,tetracenomycin f1
c12368,tetracenomycin d3
c12369,tetracenomycin b3
c12370,tetracenomycin e
c12371,tetracenomycin a2
c12372,tetracenomycin m
c12373,tetracenomycin f1 methylester
c12374,decarboxytetracenomycin f1
c12375,tetracenomycin d3 methylester
c12376,tetracenomycin d1
c12377,tetracenomycin b1
c12378,tetracenomycin b2; 8-demethyltetracenomycin a2
c12379,8-demethyltetracenomycin c
c12380,tetracenomycin x
c12381,elloramycin a
c12382,4-demethylpremithramycinone
c12383,premithramycinone
c12384,premithramycin a1
c12385,premithramycin a2'
c12386,premithramycin a3'
c12387,premithramycin a3
c12388,premithramycin b
c12389,mithramycin; plicamycin
c12390,dehydrorabelomycin
c12391,"kinobscurinone; 4,9-dihydroxy-2-methyl-11h-benzo[b]fluorene-5,10,11-trione"
c12392,stealthin c
c12393,prekinamycin
c12394,kinamycin d
c12395,jadomycin b
c12396,tetrangomycin
c12397,tetrangulol
c12398,8-o-methyltetrangulol
c12399,19-hydroxytetrangulol
c12400,19-hydroxy-8-o-methyltetrangulol
c12401,pd116740
c12402,rabelomycin
c12403,104-1
c12404,urdamycinone b
c12405,100-1
c12406,urdamycin b
c12407,104-2
c12408,100-2
c12409,124-1
c12410,urdamycinone f
c12411,urdamycin f
c12412,aquayamycin
c12413,urdamycin a; kerriamycin b
c12414,urdamycin g; aggreticin; om 4842
c12415,"methyl nogalonate; nogalonic acid methyl ester; name; methyl [4,5-dihydroxy-9,10-dioxo-3-(3-oxobutanoyl)-9,10-dihydroanthracen-2-yl]acetate"
c12416,nogalonate; nogalonic acid
c12417,auraviketone
c12418,dihydro-name; dihydro-nogalonic acid methyl ester
c12419,auramycinone
c12420,12-deoxyaklanonic acid
c12421,"aklanonate; aklanonic acid; [4,5-dihydroxy-9,10-dioxo-3-(3-oxopentanoyl)-9,10-dihydroanthracen-2-yl]acetic acid"
c12422,"methyl aklanonate; aklanonic acid methyl ester; aame; methyl [4,5-dihydroxy-9,10-dioxo-3-(3-oxopentanoyl)-9,10-dihydroanthracen-2-yl]acetate"
c12423,"aklaviketone; methyl (1r,2r)-2-ethyl-2,5,7-trihydroxy-4,6,11-trioxo-1,2,3,4,6,11-hexahydrotetracene-1-carboxylate"
c12424,aklavinone
c12425,epsilon-rhodomycinone; rhodomycinone
c12426,rhodomycin d
c12427,10-carboxy-13-deoxycarminomycin; d 788-1
c12428,13-deoxycarminomycin
c12429,13-deoxydaunorubicin; feudomycin a
c12430,13-dihydrodaunorubicin
c12431,13-dihydrocarminomycin
c12432,carminomycin
c12433,(13s)-13-dihydrodaunorubicin; daunorubicinol; 13-dihydrodaunorubicin
c12434,"(s)-dnpa; 4-dihydro-9-hydroxy-1-methyl-10-oxo-3-h-naphtho[2,3-c]pyran-3-acetic acid"
c12435,6-deoxydihydrokalafungin; ddhk
c12436,dihydrokalafungin; dhk
c12437,medermycin
c12439,phenanthroviridone aglycon
c12440,trachelanthamidine
c12441,"18-carbamoyl-3,5,7,9,11,13,15,17-octaoxooctadecanoyl-[acp]"
c12442,"c-9 reduced nonaketamide; 18-carbamoyl-9-hydroxy-3,5,7,11,13,15,17-octaoxo-octadecanoyl-[acp]"
c12443,dtdp-beta-l-daunosamine
c12444,dtdp-d-mycarose
c12446,"dtdp-d-oliose; dtdp-2,6-dideoxy-d-galactose"
c12447,dtdp-beta-l-rhodinose
c12448,ecgonine methyl ester; methyl ecgonine
c12449,pseudoecgonine
c12450,pseudoecgonyl-coa
c12451,fridamycin e
c12452,acetyltropine; 3-acetyltropine
c12453,acetylpseudotropine
c12454,anatalline
c12455,5-aminopentanal
c12456,3-dimethylallyl-4-hydroxyphenylpyruvate; 3-(4-hydroxy-3-prenylphenyl)pyruvate; 3-[4-hydroxy-3-(2-methylprop-1-en-1-yl)phenyl]-2-oxopropanoate
c12457,3-dimethylallyl-4-hydroxymandelic acid; 3-dimethylallyl-4-hydroxymandelate; 4-hydroxy-3-prenylmandelate
c12458,3-dimethylallyl-4-hydroxybenzoate; 4-hydroxy-3-prenylbenzoate
c12459,3-dimethylallyl-4-hydroxybenzaldehyde
c12460,3-dimethylallyl-beta-hydroxy-l-tyrosyl-[pcp]
c12461,l-tyrosyl-[pcp]
c12462,beta-hydroxy-l-tyrosyl-[pcp]
c12463,beta-keto-l-tyrosyl-[pcp]
c12464,3-methyl-beta-keto-l-tyrosyl-[pcp]
c12465,2-hydroxy-3-methyl-beta-keto-l-tyrosyl-[pcp]
c12466,"3-amino-4,7-dihydroxy-8-methylcoumarin"
c12467,2-hydroxy-beta-keto-l-tyrosyl-[pcp]
c12468,"3-amino-4,7-dihydroxycoumarin"
c12469,"3-amino-4,7-dihydroxy-8-chlorocoumarin"
c12470,l-prolyl-[pcp]; l-prolyl-s-[pcp]; l-prolyl-[peptidyl-carrier protein]
c12471,chlorobiocic acid
c12472,novclobiocin 105
c12473,novclobiocin 104
c12474,novobiocic acid
c12475,demethyldecarbamoylnovobiocin
c12476,decarbamoylnovobiocin
c12477,"3-methylpyrrole-2,4-dicarboxylic acid"
c12478,coumeroic acid
c12479,coumermic acid
c12480,coumermycin d
c12481,dtdp-5-dimethyl-l-lyxose; dtdp-4-o-demethyl-beta-l-noviose
c12483,pyrrole-2-carbonyl-[pcp]; 1h-pyrrole-2-carbonyl-[peptidyl-carrier protein]
c12484,5-methyl-pyrrole-2-carboxyl-[pcp]
c12486,boric acid
c12490,butenafine hydrochloride
c12491,pyrrolnitrin
c12505,magnesium sulfate; magnesium sulfate heptahydrate
c12508,nateglinide
c12512,eplerenone
c12518,"glutaral; 1,5-pentanedial; glutaraldehyde"
c12525,"5alpha-androstan-3beta,17beta-diol"
c12531,tazarotene
c12535,tranexamic acid
c12537,benzyl benzoate
c12538,ammonium chloride
c12539,benzethonium chloride
c12540,sulfamonomethoxine
c12552,oxethazaine; oxetacaine
c12554,potassium acetate
c12557,cefepime hydrochloride; cefepime dihydrochloride
c12560,saquinavir mesylate; saquinavir mesilate
c12564,aripiprazole
c12567,magnesium oxide
c12568,potassium hydroxide
c12569,sodium hydroxide
c12570,zinc oxide
c12574,pheniramine maleate
c12580,trilostane
c12590,pheneturide; ethylphenacemide
c12599,emtricitabine
c12600,phenolsulfonphthalein; phenol red
c12603,sodium bicarbonate; sodium hydrogencarbonate
c12609,novobiocin sodium
c12616,sulfamethopyrazine; sulfalene
c12621,trans-3-hydroxycinnamate; (2e)-3-(3-hydroxyphenyl)prop-2-enoate
c12622,"cis-3-(3-carboxyethenyl)-3,5-cyclohexadiene-1,2-diol; (2e)-3-(cis-5,6-dihydroxycyclohexa-1,3-dien-1-yl)prop-2-enoate"
c12623,"trans-2,3-dihydroxycinnamate; (2e)-3-(2,3-dihydroxyphenyl)prop-2-enoate"
c12624,"2-hydroxy-6-ketononatrienedioate; (2z,4e,7e)-2-hydroxy-6-oxonona-2,4,7-triene-1,9-dioate"
c12625,biochanin a 7-o-(6-o-malonyl-beta-d-glucoside); biochanin a 7-o-beta-d-glucoside 6''-o-malonate
c12626,kaempferol-3-o-galactoside; kaempferol 3-o-beta-d-galactoside; trifolin
c12627,apigenin 7-o-neohesperidoside; rhoifolin; rhoifoloside
c12628,vitexin 2''-o-beta-l-rhamnoside; 2''-o-rhamnosylvitexin; vitexin 2''-rhamnoside
c12629,isoswertisin 2''-rhamnoside; 7-o-methylvitexin 2''-o-beta-l-rhamnoside; 2''-o-rhamnosylisoswertisin
c12630,scolymoside; luteolin-7-o-rhamnoside; luteolin 7-o-neohesperidoside; veronicastroside
c12631,"2-hydroxy-2,3-dihydrogenistein; 2,4',5,7-tetrahydroxyisoflavanone"
c12632,luteolin 7-o-[beta-d-glucuronosyl-(1->2)-beta-d-glucuronide]; luteolin 7-o-beta-d-diglucuronide
c12633,laricitrin; 3'-o-methylmyricetin
c12634,kaempferol 3-o-beta-d-glucosyl-(1->2)-beta-d-glucoside; kaempferol 3-o-beta-d-sophoroside; sophoraflavonoloside
c12635,kaempferol 3-sophorotrioside; kaempferol 3-o-beta-d-glucosyl-(1->2)-beta-d-glucosyl-(1->2)-beta-d-glucoside
c12636,kaempferol 3-o-[6-(4-coumaroyl)-beta-d-glucosyl-(1->2)-beta-d-glucosyl-(1->2)-beta-d-glucoside]
c12637,quercetin 3-o-[beta-d-xylosyl-(1->2)-beta-d-glucoside]; quercetin 3-o-sambubioside
c12638,quercetin 3-o-(6-o-malonyl-beta-d-glucoside); quercetin 3-o-malonylglucoside; quercetin-3-o-(6''-malonylglucoside)
c12639,quercimeritrin; quercetin 7-o-beta-d-glucoside
c12640,pelargonidin 3-o-(6-caffeoyl-beta-d-glucoside) 5-o-beta-d-glucoside; bisdemalonylsalvianin
c12641,4'''-demalonylsalvianin; monodemalonylsalvianin
c12642,pelargonidin 3-o-(6-o-malonyl-beta-d-glucoside)
c12643,cyanidin 3-o-(6-o-malonyl-beta-d-glucoside); cyanidin 3-o-(6'-o-malonylglucoside); cyanidin-3-(6'-malonylglucoside)
c12644,pelargonidin 3-o-rutinoside
c12645,pelargonidin 3-o-rutinoside 5-o-beta-d-glucoside; pelargonidin 3-rutinoside-5-glucopyranoside
c12646,cyanidin 3-o-rutinoside 5-o-beta-d-glucoside; cyanidin 3-rutinoside 5-glucoside
c12647,salvianin
c12649,citric acid monohydrate
c12650,"capecitabine; (1-(5-deoxy-beta-d-ribofuranosyl)-5-fluoro-1,2-dihydro-2-oxo-4-pyrimidinyl)-carbamic acid pentyl ester"
c12656,paramethasone acetate
c12661,pantethine
c12662,josamycin; leucomycin a3
c12666,prednisolone sodium succinate
c12667,quercetin 3-o-beta-d-glucosyl-(1->2)-beta-d-glucoside; baimaside; quercetin 3-beta-d-sophoroside; quercetin 3-o-sophoroside; quosp
c12668,quercetin 3-sophorotrioside; quercetin 3-o-beta-d-glucosyl-(1->2)-beta-d-glucosyl-(1->2)-beta-d-glucoside
c12669,deslanoside
c12673,tegafur
c12675,benzylhydrochlorothiazide
c12677,acrinol; ethacridine lactate
c12679,berberine chloride
c12685,cyclothiazide
c12691,cefacetrile sodium; cephacetrile sodium
c12694,epitiostanol
c12695,difluprednate
c12712,carindacillin sodium; carbenicillin indanyl sodium
c12717,dimefline hydrochloride
c12724,ethynodiol diacetate
c12729,chlormadinone acetate
c12739,5'-deoxy-5-fluorouridine; doxifluridine
c12750,bisibuthiamine; sulbutiamine
c12753,troleandomycin; triacetyloleandomycin
c12755,mequitazine
c12766,cyclacillin; ciclacillin
c12767,dibenzthion; sulbentine
c12768,timepidium bromide; timepidium bromide anhydrous
c12786,dinoprost tromethamine
c12796,erythromycin ethylsuccinate
c12798,tulobuterol hydrochloride
c12811,allylestrenol
c12814,prifinium bromide
c12816,proscillaridin
c12819,kainic acid; alpha- kainic acid; kainate
c12829,bromisovalum; bromovalerylurea
c12831,"3,4,6-trichlorocatechol"
c12832,"3,4,6-trichloro-cis-1,2-dihydroxycyclohexa-3,5-diene"
c12833,"2,3,5-trichloro-cis,cis-muconate; 2,3,5-trichloro-cis,cis-muconic acid"
c12834,"2,5-dichloro-carboxymethylenebut-2-en-4-olide"
c12835,"2,5-dichloro-4-oxohex-2-enedioate; 2,5-dichloro-4-oxohex-2-enedioic acid"
c12836,2-chloro-3-oxoadipate
c12837,"3-chloro-cis-1,2-dihydroxycyclohexa-3,5-diene; (1r,2r)-3-chlorocyclohexa-3,5-diene-1,2-diol"
c12838,trans-4-carboxymethylenebut-2-en-4-olide
c12839,piperazine phosphate
c12842,pyricarbate; pyridinol carbamate
c12849,p-phenolsulfonic acid; p-hydroxybenzenesulfonic acid; phenolsulfonic acid; 4-sulfophenol
c12853,thiamphenicol
c12859,estradiol valerate
c12861,cefotiam hexetil
c12862,nedaplatin
c12864,tamibarotene; am 80
c12865,benzyl nicotinate; nicotinic acid benzyl ester
c12869,suplatast
c12871,lopinavir
c12876,tiopronin
c12886,dialicor; etafenone hydrochloride
c12888,"hydrocortisone succinate; 11beta,17,21-trihydroxypregn-4-ene-3,20-dione 21-(hydrogensuccinate); cortisol succinate"
c12889,n-decanohydroxamic acid; decanohydroxamic acid
c12891,acetylspiramycin; spiramycin ii
c12893,magnesium carbonate; magnesium carbonate anhydrous
c12896,carpipramine maleate
c12905,variotin; pecilocin
c12915,nemonapride
c12919,"1-alpha,24(r)-dihydroxyvitamin d3; tacalcitol"
c12933,rolitetracycline nitrate
c12935,calcium glycerophosphate; calcium beta-glycerophosphate
c12937,clocapramine dihydrochloride
c12942,paraformaldehyde
c12946,butoctamide hydrogen succinate; butoctamide semisuccinate
c12948,mazaticol hydrochloride; kao 264
c12954,dilazep dihydrochloride
c12958,phenylacetylglycine dimethylamide; ralgin
c12959,dimetacrine tartrate; dimetacrine bitartrate
c12961,dexamethazone metasulfobenzoate sodium; dexamethasone metasulfobenzoate sodium
c12962,cyphenothrin
c12967,tocoretinate; tretinoin tocoferil
c12978,epidihydrocholesterin; epicholestanol; 5alpha-cholestan-3alpha-ol
c12979,cefroxadine
c12981,dl-alpha-tocopherol nicotinate; tocopheryl nicotinate
c12986,n2-acetyl-l-aminoadipate
c12987,n2-acetyl-l-aminoadipyl-delta-phosphate
c12988,n2-acetyl-l-aminoadipate semialdehyde
c12989,n2-acetyl-l-lysine; n(alpha)-acetyllysine
c13008,edaravone
c13014,1-naphthylacetic acid; naa
c13016,carumonam sodium
c13024,cefpimizole sodium
c13031,estramustine phosphate sodium
c13034,bronopol
c13037,lynestrenol
c13038,flufenamic acid; ffa
c13044,tricaprilin; trioctanoylglycerol
c13048,p-nitrophenyl-o-ethyl ethylphosphonate; ethyl 4-nitrophenyl ethylphosphonate
c13050,cyclic adp-ribose; cadpr
c13051,nicotinic acid adenine dinucleotide phosphate; nicotinate-adenine dinucleotide phosphate; naadp
c13055,oxytetracycline hydrochloride; otc
c13058,calcium l-aspartate
c13061,acetylsulfamethoxazole
c13072,sodium picosulfate
c13074,acetylkitasamycin
c13077,estradiol dipropionate
c13081,retinol acetate; retinyl acetate; vitamin a acetate; all-trans-retinol acetate
c13085,sodium glucuronate
c13086,propagermanium; proxigermanium
c13089,cefetamet pivoxil hydrochloride
c13101,hexestrol; exestrol
c13102,bismuth subnitrate; bismuth hydroxide nitrate oxide
c13103,leucomycin v
c13104,aluminoparaaminosalicylate calcium; alumino-p-aminosalicylic acid calcium salt
c13106,gadodiamide hydrate; gadodiamide
c13109,hyoscyamine methylbromide; atropine methobromide; atropine methylbromide
c13110,propicillin potassium; brocillin
c13112,ancitabin hydrochloride; cyclocytidine
c13127,bropirimine
c13129,sultamicillin tosilate; sultamicillin tosylate
c13138,beta-butoxyethyl nicotinate; nicoboxil
c13140,calcium oxide; lime
c13141,cefcapene pivoxil
c13142,cefovecin sodium
c13143,ceftiofur sodium
c13144,ozagrel hydrochloride
c13154,"dehydrocholic acid; 3,7,12-triketo-5beta-cholanoic acid"
c13156,lentinan
c13167,"dihydro-alpha-ergocryptine mesylate; 9,10alpha-dihydro-12'-hydroxy-5'alpha-isobutyl-2'-isopropylergotaman-3',6',18-trione monomethanesulphonate"
c13168,dihydroergocristine mesylate
c13173,roxithromycin
c13179,fleroxacin
c13182,benexate hydrochloride
c13183,beta-cyclodextrin
c13189,calcium bromide
c13192,potassium sulfate
c13194,calcium sulfate; gypsum
c13197,potassium dibasic phosphate
c13198,potassium bromide
c13199,sodium sulfate
c13202,alpha-tocopherol acetate; tocopherol acetate
c13229,sulpyrine; dipyrone monohydrate; dipyrone
c13235,procaterol hydrochloride; lontermin
c13240,ether; anesthetic ether; diethyl ether
c13244,antipyrine; phenazone
c13249,sodium citrate; trisodium citrate dihydrate
c13252,carmofur; 1-hexylcarbamoyl-5-fluorouracil
c13254,mebhydrolin napadisilate; diazoline
c13269,aspoxicillin
c13273,plaunotol; 18-hydroxygeranylgeraniol
c13280,nicorandil
c13297,geranylgeranylacetone; teprenone
c13299,fungichromin; pentamycin
c13301,buserelin acetate
c13309,"2-phytyl-1,4-naphthoquinone; demethylphylloquinone"
c13310,faropenem sodium; sun 5555; fropenum sodium
c13311,fasoracetam; ns 105
c13326,kad 1229; mitiglinide calcium
c13334,"pitavastatin; (3r,5s,e)-7-(2-cyclopropyl-4-(4-fluorophenyl)quinolin-3-yl)-3,5-dihydroxyhept-6-enoate"
c13342,p-hydroxypropiophenone; paroxypropione
c13355,aniracetam
c13358,hydrocortisone butyrate propionate; hydrocortisone buteprate; hydrocortisone probutate
c13364,"ethyl icosapentate; eicosapentaenoic acid, ethyl ester"
c13373,xenon
c13376,cefpiramide sodium
c13377,mercuric chloride; mercury(ii) chloride
c13378,"alpha,beta-dihydroxyethyl-tpp; alpha,beta-dihydroxyethyl-thdp; 2-(1,2-dihydroxyethyl)-tpp"
c13383,iodoform
c13391,aluminum hydroxide
c13392,azulene
c13400,bufferin; aspirin softam
c13403,sodium caffeine benzoate
c13409,titanium dioxide; titania
c13410,"transfluthrin; (2,3,5,6-tetrafluorophenyl)methyl(1r,3s)-3-(2,2-dichloroethenyl)-2,2-dimethylcyclopropanecarboxylate"
c13414,sodium 3-ethyl-7-isopropyl-1-azulenesulfonate
c13415,n-butyl-2-cyanoacrylate; butyl 2-cyanoacrylate polymers; histoacryl
c13416,sodium equilin sulfate
c13422,"hydrocortisone caproate; [2-(11,17-dihydroxy-10,13-dimethyl-3-oxo-1,2,6,7,8,9,10,11,12,13,14,15,16,17-tetradecahydrocyclopenta[a]phenanthren-17-yl)-2-oxo-ethyl]hexanoate"
c13424,zanapezil fumarate
c13425,3-hexaprenyl-4-hydroxybenzoate; 3-hexaprenyl-4-hydroxybenzoic acid
c13426,"i-123 bmipp; 123i-15-(p-iodophenyl)-3-r,s-methylpentadecanoic acid; i-123-beta-methyl-p-iodophenyl-methylpentadecanoic acid"
c13427,pyrithione zinc; zinc pyrithione
c13429,meglumine sodium amidotrizoate; urovision
c13431,9'-cis-neoxanthin
c13433,9-cis-violaxanthin
c13440,cefaloglycin; cephaloglycin anhydrous
c13441,dimethylaminoethyl reserpilinate dihydrochloride; paratensiol
c13444,estradiol benzoate; 17-beta-estradiol 3-benzoate
c13450,trichomycin a
c13451,trichomycin b
c13452,tannic acid
c13453,"xanthoxin; 2-cis,4-trans-xanthoxin"
c13454,xanthoxic acid
c13455,abscisic aldehyde
c13456,abscisic alcohol
c13470,lanatoside c
c13478,luliconazole
c13480,tenofovir disoproxil
c13482,phosphodimethylethanolamine
c13487,metofluthrin
c13493,polidocanol; nonaethylene glycol monododecyl ether
c13494,mosapride citrate hydrate; as 4370
c13500,kitasamycin tartrate
c13503,nitro blue tetrazolium
c13505,cefsulodin sodium
c13508,"sulfoquinovosyldiacylglycerol; sqdg; 1,2-diacyl-3-(6-sulfo-alpha-d-quinovosyl)-sn-glycerol"
c13511,ferric gluconate; ferlixit; ferrulecit
c13515,rubidium hydroxide
c13522,mitobronitol; myebrol
c13523,secretin; vitrum
c13524,prochlorperazine mesylate; prochlorperazine mesilate; novamin; prochlorperazine methanesulfonate
c13526,sennoside b
c13534,hydrocotarnine hydrochloride
c13540,perphenazine maleate
c13542,lactitol dihydrate
c13546,olprinone hydrochloride; e 1020
c13547,norcholestenol iodomethyl (131 i); norcholestenol iodomethyl ((sup 131)i)
c13548,alprostadil alfadex; g 511
c13550,"cerebrosterol; 24-hydroxycholesterol; cholest-5-ene-3,24-diol; (24s)-24-hydroxycholesterol; (24s)-cholest-5-ene-3beta,24-diol"
c13553,colistin sodium methanesulfonate; colistimethate sodium
c13554,prednisolone 21-all-cis-farnesylate
c13556,monobasic calcium phosphate; calcium biphosphate; monocalcium phosphate
c13557,potassium nitrate
c13558,dibasic sodium phosphate; disodium phosphate
c13563,sodium chloride
c13569,chromomycin a3; toyomycin; aburamycin b
c13587,teicoplanin a2-1; teichomycin a2 factor 1
c13588,teicoplanin a2-3; teichomycin a2 factor 3
c13591,metipranolol hydrochloride
c13610,teicoplanin a2-4; teichomycin a2 factor 4
c13612,teicoplanin a2-5; teichomycin a2 factor 5
c13613,teicoplanin a3-1
c13619,arsenous oxide; arsenic trioxide
c13620,"tetrabromobisphenol a; 3,3',5,5'-tetrabromobisphenol a"
c13621,"tribromobisphenol a; 3,3',5-tribromobisphenol a"
c13622,"dibromobisphenol a; 3,3'-dibromobisphenol a"
c13623,monobromobisphenol a; 3-monobromobisphenol a
c13624,"bisphenol a; 2,2-bis(4-hydroxyphenyl)propane"
c13625,"4-methyl-2,4-bis-(p-hydroxyphenyl)pent-1-ene"
c13626,5-hydroxybisphenol a; 5-hydroxybisphenol; bpacatechol
c13628,"4,5-bisphenol-o-quinone; bpaquinone"
c13629,"1,2-bis(4-hydroxyphenyl)-2-propanol"
c13630,7-ethoxyresorufin; 7-ethoxyphenoxazone
c13631,"2,2-bis(4-hydroxyphenyl)-1-propanol"
c13632,"4,4'-dihydroxy-alpha-methylstilbene"
c13633,"2,2-bis(4-hydroxyphenyl)-propanoic acid"
c13634,"2,3-bis(4-hydroxyphenyl)-1,2-propanediol"
c13635,"4-hydroxyphenacyl alcohol; 2,4'-dihydroxyacetophenone"
c13636,4-hydroxyphenyl acetate
c13637,4-ethylphenol; p-ethylphenol
c13638,1-(4'-hydroxyphenyl)ethanol; 4-hydroxy-alpha-methyl-benzenemethanol; 4-(1-hydroxyethyl)phenol
c13639,dl-methylephedrine hydrochloride
c13645,hydrobromic acid; hbr
c13646,m-chlorophenylbiguanide; mcpbg; 1-(3-chlorophenyl)biguanide
c13650,debrisoquin; debrisoquine
c13651,glucagon hydrochloride
c13652,ampicillin sodium
c13660,piperazine citrate
c13662,arg-vasopressin; argipressin; 8-l-arginine vasopressin; avp; adh
c13664,"bufotenidine; n,n,n-trimethylserotonin; 5-htq"
c13665,2-methyl-5-hydroxytryptamine; 2-me 5-ht
c13666,tropisetron
c13667,"2,3-dioxo-6-nitro-7-sulfamoylbenzo[f]quinoxaline; nbqx"
c13668,"cnqx; 6-cyano-7-nitroquinoxaline-2,3-dione"
c13670,talampanel
c13671,(s)-f-willardiine; 5-fluorowillardiine
c13672,ampa; alpha-amino-3-hydroxy-5-methyl-4-isoxazolepropionic acid
c13673,(s)-acpa; (s)-2-amino-3-(3-carboxy-5-methyl-4-isoxazolyl)porionic acid
c13674,1-naphthylacetylspermine
c13675,ampalex; 1-piperidinyl-6-quinoxalinyl-methanone; cx-516
c13676,ly395153
c13677,4-(n-maleimido)benzyltrimethylammonium iodide; mbta
c13678,4-(n-maleimido)phenyltrimethylammonium iodide; mpta
c13679,"bis(3-azidopyridinium)-1,10-decane perchlorate; dapa"
c13680,lophotoxin
c13681,"p-n,n-(dimethylamino)phenyldiazonium fluoroborate; 4-dimethylaminobenzenediazonium fluoroborate"
c13682,dihydro-beta-erythroidine
c13683,histrionicotoxin
c13684,clindamycin hydrochloride
c13687,cunaniol
c13688,delta-guanidinovaleric acid
c13689,m-benzenesulfonium diazonium chloride
c13690,dopamine 3-o-sulfate; dopamine 3-sulfate
c13691,dopamine 4-o-sulfate
c13692,pentylenetetrazole; pentetrazol
c13693,"4,5,6,7-tetrahydroisoxazolo(5,4-c)pyridin-3-ol; thip; gaboxadol"
c13694,isoguvacine
c13695,zapa; (z)-3-((aminoiminomethyl)thio)-2-propenoic acid
c13696,trans-3-aminocyclopentane-1-carboxylic acid
c13697,fenamic acid; diphenylamine-2-carboxylic acid; dpc
c13698,niflumic acid; nfa
c13699,9-anthroic acid; anthracene-9-carboxylic acid; a9c
c13700,clofibric acid
c13701,2-(4-chlorophenoxy)propionic acid; 2-(p-chlorophenoxy)propionic acid; cpp
c13702,"4-acetamido-4'-isothiocyanostilbene-2,2'-disulphonic acid; sits"
c13703,iaa-94; indanyloxyacetic acid
c13704,"ts-tm-calix(4)arene; 5,11,17,23-tetrasulfonato-25,26,27,28-tetramethoxy-calix(4)arene"
c13705,5-nitro-2-(3-phenylpropylamino)benzoic acid; nppb
c13706,"dnds; 4,4'-dinitrostilbene-2,2'-disulfonic acid"
c13707,ru-0211; lubiprostone
c13708,ibmx; 3-isobutyl-1-methyxanthine
c13709,"cpx; 8-cyclopentyl-1,3-dipropylxanthine"
c13710,4-piol; 5-(4-piperidyl)isoxazol-3-ol
c13711,"thio-thip; 4,5,6,7-tetrahydroisothiazolo[5,4-c]pyridin-3-ol"
c13712,allopregnanolone; 3alpha-hydroxy-5alpha-pregnan-20-one; 3alpha-oh dhp
c13713,"allotetrahydrodeoxycorticosterone; 5alpha-thdoc; 3alpha,21-dihydroxy-5alpha-pregnan-20-one"
c13714,alpha-emgbl; 2-ethyl-2-methyl-4-butyrolactone
c13715,miltirone
c13716,ro 19-4603; ro19-4603
c13717,beta-emgbl; beta-ethyl-beta-methyl-gamma-butyrolactone
c13718,dieldrin
c13719,nocodazole
c13720,alpha-emtbl; alpha-ethyl-alpha-methyl-thiobutyrolactone
c13721,cyanotriphenylborate
c13722,adenophostin b
c13723,dextran sulfate
c13724,polyvinyl sulfate
c13725,patent blue; blue vrs
c13726,pentosan sulfate
c13727,adenophostin a
c13728,4-aminopyridine; 4-ap
c13729,pinacidil
c13730,ly382884
c13731,ns-102
c13732,domoic acid
c13733,(s)-atpa
c13734,2-amino-5-phosphopentanoic acid
c13735,selfotel
c13736,memantine
c13737,dizocilpine; mk801
c13738,5-tetrazolyl-glycine; tet-glycine
c13739,(r)-amaa; (r)-2-amino-2-(3-hydroxy-5-methyl-4-isoxazolyl)acetic acid
c13740,"alpha,beta-methylene atp"
c13741,"beta,gamma-methylene atp; amp-pcp"
c13742,adenosine 5-o-(3-thiotriphophate); atp-gamma-s; adenosine 5'-(gamma-thio)triphosphate
c13743,adenosine 5-o-(3-thiodiphophate); adp-gamma-s
c13744,3'-o-(4-benzoyl)benzoyl atp; bzatp
c13745,"pyridoxalphosphate-6-azophenyl-2',4'-disulfonic acid; ppads"
c13746,reactive blue 2
c13747,"1,7-dimethylxanthine; paraxanthine"
c13748,9-methyl-7-bromoeudistomin d; mbed
c13749,sulmazole
c13750,batrachotoxin
c13751,benzamil
c13752,phenylamil; phenamil
c13753,"6-chloro-3,5-diaminopyrazine-3-carboxamide; cdpc"
c13756,dicloxacillin sodium; dicloxacillin sodium monohydrate
c13757,saxitoxin
c13758,bay-k-8644; bayk8644
c13759,"fpl64176; methyl-2,5-dimethyl-4-(2-(phenylmethyl)benzoyl)-1h-pyrrole-3-carboxylate"
c13760,yc 170
c13761,cgp 28-392; cgp 28 392
c13762,202-791; pn 202-791
c13763,devapamil
c13764,gallopamil
c13765,tiapamil
c13766,emopamil
c13767,"h37; 5,8-diethoxypsoralen"
c13768,colistin sulfate
c13769,bufuralol
c13771,s9947; 2'-(benzyloxycarbonylaminomethyl)biphenyl-2-carboxylic acid 2-(2-pyridyl)ethylamide
c13772,clofilium
c13773,"1,1-diethyl-2-hydroxy-2-nitrosohydrazine; d-nonoate"
c13774,iron dextran; iron dextran complex
c13776,e-4031
c13777,azimilide
c13778,hmr1556
c13779,xe991
c13780,linopirdine
c13781,teicoplanin a2; teichomycin a2
c13782,paxilline
c13783,"ucl 1684; 6,10-diaza-3(1,3)8,(1,4)-dibenzena-1,5(1,4)-diquinolinacyclodecaphane"
c13784,tram-34; 1-[(2-chlorophenyl)diphenylmethyl]-1h-pyrazole
c13785,tram-3; (2-chlorophenyl)diphenylmethanol
c13786,cetiedil
c13787,17-methyl-6z-octadecenoic acid; 17-methyl-6z-octadecenoate
c13788,ucl 1608
c13789,trichomycin; hachimycin
c13790,2s-hydroxytetradecanoic acid; 2s-hydroxytetradecanoate
c13791,"(6r,7s)-6,7-epoxyoctadecanoic acid; 6r,7s-epoxy-octadecanoic acid; 6r,7s-epoxy-octadecanoate"
c13792,2-methoxy-5z-hexadecenoic acid; 2-methoxy-5z-hexadecenoate; (5z)-2-methoxyhexadecenoic acid
c13793,3-bromo-2z-heptenoic acid; 3-bromo-2z-heptenoate; (2z)-3-bromoheptenoic acid
c13794,pitrazepin
c13795,2s-amino-tridecanoic acid; 2s-amino-tridecanoate; (s)-2-aminotridecanoic acid
c13796,sr95531
c13797,ru 5135
c13798,8-(5-hexyl-furan-2-yl)-octanoic acid; 8-(5-hexyl-furan-2-yl)-octanoate
c13799,(+)-hydrastine; (+)-beta-hydrastine
c13800,"10-nitrolinoleic acid; 10-nitro-9-cis,12-cis-octadecadienoic acid; 10-nitro-9-cis,12-cis-octadecadienoate; (9e,12z)-10-nitrooctadeca-9,12-dienoic acid"
c13802,prostaglandin d3
c13803,alphaxalone; alfaxalone
c13804,org 20599
c13805,n-butyl-beta-carboline-3-carboxylate
c13806,philanthotoxin 343
c13807,"levuglandin e2; lge2; 10,11-seco-9,11-dioxo-15s-hydroxy-5z,13e-prostadienoic acid; 10,11-seco-9,11-dioxo-15s-hydroxy-5z,13e-prostadienoate"
c13808,"levuglandin d2; lgd2; 9,10-seco-9,11-dioxo-15s-hydroxy-5z,13e-prostadienoic acid; 9,10-seco-9,11-dioxo-15s-hydroxy-5z,13e-prostadienoate"
c13809,"9,11,15-trihydroxy-prosta-5,13-dien-1-oic acid; 8-isoprostaglandin f2alpha; 8-isoprostane; 8-epi-prostaglandin f2alpha"
c13810,clavulone i; claviridenone d
c13811,piperazine adipate
c13812,clavulone ii
c13813,clavulone iii
c13814,clavulone iv
c13815,tetrapentylammonium
c13816,"(9r,13r)-12-oxo-phytodienoic acid; (9r,13r)-12-oxo-phyto-10z,15z-dienoic acid; (10z,15z)-(9r,13r)-12-oxophyto-10,15-dienoic acid; (15z)-12-oxophyto-10,15-dienoate; (9r,13r)-opda"
c13817,8-br-cgmp; 8-bromocyclic gmp
c13818,f4-neuroprostane (4-series)
c13819,f4-neuroprostane (7-series)
c13820,chromanol 293b
c13821,palmityl palmitate; hexadecyl hexadecanoate; hexadecanyl hexadecanoate
c13822,"2s,3r-didecanoyl-docosane-2,3-diol"
c13823,11-undecanolactone
c13824,r-l3
c13825,o-hexanoyl-adnosine monophosphate
c13826,retigabine; d-23129; n-(2-amino-4-(4-fluorobenzylamino)-phenyl) carbamic acid ethyl ester
c13827,chloroform
c13828,"8,11,14-eicosatrienoylethanolamide; n-(8z,11z,14z-eicosatrienoyl)-ethanolamine"
c13829,"7,10,13,16-docosatetraenoylethanolamine; n-(7z,10z,13z,16z-docosatetraenoyl)-ethanolamine"
c13830,bms 204352; flindokalner
c13831,dodecanamide
c13832,"4z,7z,10z-octadecatrienenitrile"
c13833,ns 1619
c13834,tridecane; n-tridecane
c13835,ns 1608
c13836,cgs 7181
c13837,dehydrosoyasaponin i; dhs-i
c13838,"lactobacillic acid; 11r,12s-methylene-octadecanoic acid"
c13840,1-ethyl-2-benzimidazolinone; 1-ebio
c13841,zoxazolamine
c13842,alpha-semegma mycolic acid
c13843,"17r,18s-epoxy-5z,8z,11z,14z-icosatetraenoic acid; (5z,8z,11z,14z)-(17r,18s)-17,18-epoxyicosa-5,8,11,14-tetraenoic acid"
c13844,"dcebio; 5,6-dichloro-1-ethyl-1,3-dihydro-2h-benzimidazol-2-one"
c13845,"1,3-di-(octadec-9z-enoyl)-1-cyano-2-methylene-propane-1,3-diol"
c13846,octadecanamide; stearamide; stearic acid amide
c13847,cp 339818
c13848,uk 78282
c13849,correolide
c13851,brl 32872
c13852,sipatrigine; bw619c89
c13853,l 735821
c13854,1-dodecanoyl-sn-glycerol
c13856,2-arachidonoylglycerol; 2-arachidonoyl-sn-glycerol; 2-ag
c13857,1-arachidonoylglycerol; 1-arachidonoyl-sn-glycerol
c13858,1-o-octadecyl-sn-glycerol; 1-o-octadecylglycerol; batyl alcohol; glycerol octadecyl ether
c13859,1-o-hexadecyl-sn-glycerol; 1-o-hexadecylglycerol; chimyl alcohol; glycerol hexadecyl ether
c13860,1-o-octadec-9-enyl glycerol; selachyl alcohol
c13861,1-hexadecanoyl-2-(9z-octadecenoyl)-sn-glycerol
c13862,1-o-hexadecyl-2-(9z-octadecenoyl)-sn-glycerol
c13863,"2,3-di-o-phytanyl-sn-glycerol; archaeol"
c13864,1-o-(1z-tetradecenyl)-2-(9z-octadecenoyl)-sn-glycerol
c13867,"1,2-di-(9z,12z,15z-octadecatrienoyl)-3-(8-(2e,4z-decadienoyloxy)-5,6-octadienoyl)-sn-glycerol"
c13869,1-dodecanoyl-2-hexadecanoyl-3-octadecanoyl-sn-glycerol
c13870,tributyrin; glyceryl tributyrate; glycerol tributyrate
c13871,"1,2-di-(9z,12z,15z-octadecatrienoyl)-3-o-beta-d-galactosyl-sn-glycerol"
c13872,caldarchaeol
c13874,gentiobiosyl-caldarchaeol; glcbeta1-6glcbeta-caldarchaeol
c13875,1-hexadecanoyl-2-(9z-octadecenoyl)-sn-glycero-3-phosphocholine
c13876,1-hexadecanoyl-2-(9z-octadecenoyl)-sn-glycero-3-phosphonocholine
c13877,1-hexadecanoyl-2-(9z-octadecenoyl)-sn-glycero-3-phosphoethanolamine
c13878,1-hexadecanoyl-2-(9z-octadecenoyl)-sn-glycero-3-phosphonoethanolamine
c13880,1-hexadecanoyl-2-(9z-octadecenoyl)-sn-glycero-3-phosphoserine
c13881,barium cation; ba2+; barium(2+); barium ion
c13883,1-hexadecanoyl-2-(9z-octadecenoyl)-sn-glycero-3-phospho-sn-glycerol
c13884,strontium cation; sr2+; strontium(2+); strontium ion
c13885,1-hexadecanoyl-2-(9z-octadecenoyl)-sn-glycero-3-phospho-sn-glycerol 3'-phosphate
c13888,1-hexadecanoyl-2-(9z-octadecenoyl)-sn-glycero-3-phospho-1'-myo-inositol
c13889,1-hexadecanoyl-2-(9z-octadecenoyl)-sn-glycero-3-phosphate; 1-hexadecanoyl-2-(9z-octadecenoyl)-sn-glycerol 3-phosphate
c13890,1-hexadecanoyl-2-(9z-octadecenoyl)-sn-glycero-3-pyrophosphate; 1-hexadecanoyl-2-(9z-octadecenoyl)-sn-glycerol 3-pyrophosphate; 1-hexadecanoyl-2-(9z-octadecenoyl)-sn-glycerol 3-diphosphate
c13891,"cdp-1,2-didodecanoyl-sn-glycerol; 1,2-didodecanoyl-sn-glycero-3-cytidine-5'-diphosphate"
c13892,1-hexadecanoyl-2-(9z-octadecenoyl)-sn-glycero-3-cytidine-5'-diphosphate; cdp-1-hexadecanoyl-2-(9z-octadecenoyl)-sn-glycerol
c13894,1-o-hexadecyl-2-(9z-octadecenoyl)-sn-glycero-3-phosphocholine
c13895,1-o-(1z-tetradecenyl)-2-(9z-octadecenoyl)-sn-glycero-3-phosphocholine
c13896,sn-caldarchaeo-1-phosphoethanolamine
c13897,sn-caldito-1-phosphoethanolamine
c13898,1-palmitoyl-2-(5-hydroxy-8-oxo-6-octenedioyl)-sn-glycero-3-phosphocholine
c13900,1-palmitoyl-2-(5-keto-6-octenedioyl)-sn-glycero-3-phosphocholine
c13901,1-palmitoyl-2-(5-hydroxy-8-oxo-6-octenoyl)-sn-glycero-3-phosphocholine; 1-palmitoyl-2-(5-hydroxy-8-oxooct-6-enoyl)-sn-glycero-3-phosphocholine
c13902,1-palmitoyl-2-(5-keto-8-oxo-6-octenoyl)-sn-glycero-3-phosphocholine
c13903,1-o-hexadecyl-lyso-sn-glycero-3-phosphocholine; 1-o-hexadecyl-2-lyso-sn-glycero-3-phosphocholine
c13906,balofloxacin
c13907,om-174; triacyl lipid a om-174; triacyl lipid a
c13908,diphosphoryl hexaacyl lipid a
c13909,diphosphoryl heptaacyl lipid a
c13910,undecylenic acid; undecenoic acid; 10-undecenoic acid; undec-10-enoic acid
c13914,"n,n-dimethylsphing-4-enine"
c13915,hexadecasphinganine
c13916,n-(tetradecanoyl)-sphing-4-enine
c13918,"n-(30-(9z,12z-octadecadienoyloxy)-tricontanoyl)-sphing-4-enine"
c13920,ml4cer; glcnac-beta1->2man-alpha1->3man-beta1->4glc-beta1->1'cer
c13921,ii2xylbeta-ml4cer; glcnac-beta1->2man-alpha1->3(xyl-beta1-2)man-beta1->4glc-beta1->1'cer
c13922,ar4cer; galnac-beta1->4glcnac-beta1->3man-beta1->4glc-beta1->1'cer
c13923,ar5cer; galnac-alpha1->4galnac-beta1->4glcnac-beta1->3man-beta1->4glc-beta1->1'cer
c13924,gal-alpha1->3gal-beta1->4glc-beta1->1'cer; igb3cer
c13925,igb4cer; galnac-beta1->3gal-alpha1->3gal-beta1->4glc-beta1->1'cer
c13926,igb5cer; galnac-alpha1->3galnac-beta1->3gal-alpha1->3gal-beta1->4glc-beta1->1'cer
c13927,argiotoxin 636; argiopin
c13929,argiotoxin 659
c13931,jstx-3; joro spider toxin
c13932,ruthenium red
c13937,cholinephosphorylmannosylneogalabiaosylceramide; pgl3a
c13938,cholinephosphorylneogalatriaosylceramide; pgl3b
c13940,sennoside; sennoside a&b
c13945,2-oxodecanoic acid; 2-oxodecanoate
c13946,2-methoxy-6z-hexadecenoic acid; 2-methoxy-6z-hexadecenoate; (6z)-2-methoxyhexadecenoic acid
c13947,2-methoxyhexadecanoic acid; 2-methoxyhexadecanoate
c13948,16-fluorohexadecanoic acid; 16-fluoropalmitic acid
c13949,9-chloro-10-hydroxyhexadecanoic acid; 9-chloro-10-hydroxypalmitic acid; 9-chloro-10-hydroxypalmitate
c13952,udp-n-acetyl-d-galactosaminuronic acid
c13958,"12-nitrolinoleic acid; 12-nitro-9-cis,12-cis-octadecadienoic acid; (9z,12e)-12-nitrooctadeca-9,12-dienoic acid"
c13962,chloramphenicol sodium succinate
c13963,mevastatin; compactin; ml-236b
c13964,fosfomycin calcium; calcium phosphomycin
c13967,carbenicillin sodium; carbenicillin disodium
c13968,cefamandole sodium
c13973,methicillin sodium; meticillin sodium; sodium methicillin monohydrate
c13974,vincristine sulfate
c13976,carfecillin sodium; carbenicillin phenyl sodium
c13978,talampicillin hydrochloride
c13980,hetacillin potassium
c13993,ciprofloxacin hydrochloride; ciprofloxacin hydrochloride monohydrate
c14001,sulbactam sodium
c14002,lincomycin hydrochloride; lincomycin hydrochloride monohydrate
c14007,cefotetan disodium; cefotetan sodium
c14010,sodium cloxacillin monohydrate; cloxacillin sodium
c14015,diphenhydramine salicylate
c14021,ticarcillin disodium; aerugipen
c14029,trimipramine maleate
c14034,piperacillin; piperacillin anhydrous
c14039,"1,1-dichloroethylene; vinylidene chloride; 1,1-dce"
c14040,1-nitronaphthalene
c14042,sodium iodide
c14043,ml-236c
c14044,"c25-allenic-apo-aldehyde; (3s,5r,6r)-3,5-dihydroxy-6,7-didehydro-5,6-dihydro-12'-apo-beta-caroten-12'-al"
c14045,"c25-epoxy-apo-aldehyde; (3s,5r,6s)-5,6-epoxy-3-hydroxy-5,6-dihydro-12'-apo-beta-caroten-12'-al"
c14049,"glycyrrhizinate dipotassium; dipotassium glycyrrhizate; dipotassium (3beta,20beta)-20-carboxy-11-oxo-30-norlean-12-en-3-yl-2-o-beta-d-gucopyranuronosyl-alpha-d-glucopyranosiduronate"
c14053,"9,10-dihydroergocornine methanesulfonate"
c14054,dihydro-beta-ergocryptine mesylate
c14055,dihydroergotoxine mesylate; dihydroergotoxine mesilate; ergoloid mesylates
c14056,leucomycin a1
c14057,leucomycin a4
c14058,leucomycin a5
c14059,leucomycin a6
c14060,leucomycin a7
c14061,leucomycin a8
c14062,leucomycin a9
c14063,leucomycin a13
c14064,kitasamycin; leucomycin
c14077,"phthalocyanine; 29h,31h-phthalocyanine; pigment blue 16"
c14078,congo red; direct red 28; sodium diphenyldiazo-bis-alpha-naphthylaminesulfonate
c14079,(-)-catechin
c14081,cbs 113a
c14082,1-methylnaphthalene; alpha-methylnaphthalene
c14083,"cis-1,2-dihydroxy-1,2-dihydro-8-methylnaphthalene"
c14084,"1,2-dihydroxy-8-methylnaphthalene"
c14085,2-hydroxy-8-methylchromene-2-carboxylate
c14086,2-hydroxy-3-methylbenzalpyruvate
c14087,3-methylsalicylaldehyde; 2-hydroxy-3-methylbenzaldehyde
c14088,3-methylsalicylate
c14089,1-hydroxymethylnaphthalene; 1-naphthalenemethanol
c14090,1-naphthaldehyde; 1-formylnaphthalene
c14091,1-naphthoic acid; 1-carboxynaphthalene; alpha-naphthoic acid
c14092,"cis-1,2-dihydroxy-1,2-dihydro-8-carboxynaphthalene"
c14093,"1,2-dihydroxy-8-carboxynaphthalene; 7,8-dihydroxy-1-naphthalenecarboxylic acid"
c14094,2-carboxy-2-hydroxy-8-carboxychromene
c14095,2-hydroxy-3-carboxybenzalpyruvate; 3-(3-carboxy-3-oxo-1-propenyl)-2-hydroxy-benzoic acid
c14096,3-formylsalicylic acid; 2-hydroxyisophthalaldehydic acid
c14097,"2-hydroxyisophthalic acid; 2-hydroxy-1,3-benzenedicarboxylic acid"
c14098,2-methylnaphthalene; beta-methylnaphthalene
c14099,2-naphthaldehyde; 2-naphthalenecarboxaldehyde
c14100,4-formylsalicylic acid; 4-formyl-2-hydroxybenzoic acid
c14101,2-naphthoic acid; 2-naphthalenecarboxylic acid; beta-naphthoic acid
c14102,"cis-1,2-dihydroxy-1,2-dihydro-7-methylnaphthalene"
c14103,4-methylsalicylate; m-cresotic acid; 2-hydroxy-4-methylbenzoic acid
c14104,"cis-1,2-dihydroxy-1,2-dihydro-7-hydroxymethylnaphthalene"
c14105,"1,2-dihydroxy-7-hydroxymethylnaphthalene"
c14106,2-hydroxy-7-hydroxymethylchromene-2-carboxylate
c14107,2-hydroxy-4-hydroxymethylbenzalpyruvate
c14108,4-hydroxymethylsalicylaldehyde; 2-hydroxy-4-hydroxymethyl-benzaldehyde
c14109,4-hydroxymethylsalicylate; 2-hydroxy-4-hydroxymethylbenzoic acid
c14110,"4-hydroxymethylcatechol; 3,4-dihydroxybenzyl alcohol"
c14111,"5,6,7,8-tetrahydro-2-naphthoic acid"
c14112,cis-2-carboxycyclohexyl-acetic acid
c14113,decahydro-2-naphthoic acid; decahydro-2-naphthalenecarboxylic acid
c14114,"tetralin; 1,2,3,4-tetrahydronaphthalene"
c14115,2-naphtylmethylsuccinic acid; naphthyl-2-methyl-succinic acid
c14116,naphthyl-2-methyl-succinyl-coa
c14117,naphthyl-2-methylene-succinyl-coa
c14118,naphthyl-2-hydroxymethyl-succinyl coa
c14119,naphthyl-2-oxomethyl-succinyl-coa
c14120,2-naphthoyl-coa
c14123,bms-268770
c14125,ur-12947
c14126,ro 61-8048
c14127,acotiamide; mz-338
c14128,cgh 2466
c14130,2-tert-butylphenol
c14131,equol; (s)-equol
c14132,4-octylphenol; 4-n-octylphenol; p-octylphenol
c14133,"2,2-(2-chlorophenyl-4'-chlorophenyl)-1,1-dichloroethene; 1,1-dichloro-2-(o-chlorophenyl)-2-(p-chlorophenyl)ethylene; 2,4'-dde; o,p'-dde"
c14134,triphenylethylene
c14135,"4,4'-methylenebis(n,n-dimethylaniline); michler's base"
c14136,"1,1,1-trichloro-2,2-bis(4-hydroxyphenyl)ethane; hpte; p,p'-hydroxy-ddt"
c14137,6-hydroxyflavone; 6-hydroxy-2-phenyl-4-benzopyrone
c14138,2-sec-butylphenol; 2-(1-methylpropyl)phenol
c14139,4-sec-butylphenol; 4-(1-methylpropyl)phenol; 1-hydroxy-4-sec-butylbenzene
c14142,sec-butylbenzene; (1-methylpropyl)benzene; 2-phenylbutane
c14143,adipyl-coa; 5-carboxypentanoyl-coa
c14144,"5-carboxy-2-pentenoyl-coa; 2,3-didehydroadipyl-coa"
c14145,(3s)-3-hydroxyadipyl-coa
c14146,alpha-zeacarotene
c14147,"cyromazine; cyclopropylmelamine; 2-cyclopropylamino-4,6-diamino-s-triazine"
c14148,"n-cyclopropylammeline; 2-hydroxy-4-amino-6-(cyclopropylamino)-1,3,5-triazine"
c14149,"n-cyclopropylammelide; 2,4-dihydroxy-6-(cyclopropylamino)-1,3,5-triazine"
c14150,cyclopropylamine
c14151,delta-tocopherol
c14152,beta-tocopherol
c14153,alpha-tocotrienol
c14154,beta-tocotrienol
c14155,gamma-tocotrienol
c14156,delta-tocotrienol
c14157,stylisterol a
c14158,stylisterol b
c14159,stylisterol c
c14160,hatomasterol
c14161,gibberellin a37
c14162,gibberellin a15
c14163,phenyl salicylate
c14164,acetrizoic acid
c14165,metrizoic acid
c14166,alpha-eucaine
c14167,beta-eucaine
c14168,3-(dimethylamino)propyl benzoate
c14169,stovaine; amylocaine
c14170,p-aminosalicylic acid methyl ester
c14171,orthoform; orthocaine
c14172,hexylcaine
c14173,piperocaine; metycaine
c14174,allocain-s
c14175,"diethyl phthalate; diethyl 1,2-benzenedicarboxylate"
c14176,"chlordane; 1,2,4,5,6,7,10,10-octachloro-4,7,8,9-tetrahydro-4,7-methyleneindane"
c14177,lombricine; l-lombricine
c14178,n-phospholombricine; n-phospho-l-lombricine
c14179,sulfoacetate; sulfoacetic acid
c14180,s-(hydroxymethyl)glutathione
c14181,2-benzothiazolesulfonamide
c14182,"1,3-benzenedisulfonamide; m-benzenedisulfonamide"
c14183,compactin diol lactone; ml-236a
c14184,mirex
c14185,heptachlor; heptachlorane
c14186,"prometon; 2,4-bis(isopropylamino)-6-methoxy-1,3,5-triazine"
c14187,"1,1,1-trichloro-2-(o-chlorophenyl)-2-(p-chlorophenyl)ethane; o,p'-ddt; 2-(2-chlorophenyl)-2-(4-chlorophenyl)-1,1,1-trichloroethane"
c14188,3-tert-butylphenol
c14189,"2,4,6-trichloro-4'-biphenylol; 4-hydroxy-2',4',6'-trichlorobiphenyl"
c14190,"2,3,4,5-tetrachloro-4'-biphenylol; 4-hydroxy-2',3',4'-5'-tetrachlorobiphenyl"
c14191,"2-chloro-4,4'-biphenyldiol; 2-chloro-(1,1'-biphenyl)-4,4'-diol"
c14192,"2,6-dichloro-4'-biphenylol; 2',6'-dichloro-(1,1'-biphenyl)-4-ol"
c14193,"2,5-dichloro-4'-biphenylol; 2',5'-dichloro-(1,1'-biphenyl)-4-ol"
c14194,"3,3',5,5'-tetrachloro-4,4'-biphenyldiol"
c14195,4-chloro-4'-biphenylol; 4-chloro-4'-hydroxybiphenyl
c14196,"2,3,5,6-tetrachloro-4,4'-biphenyldiol"
c14197,"2,2',3,3',6,6'-hexachloro-4-biphenylol; 4-hydroxy-pcb 136"
c14198,"2,2'3,4',6,6'-hexachloro-4-biphenylol"
c14199,"2,2',5,5'-tetrachlorobiphenyl; 2,2',5,5'-tcb; pcb 52"
c14200,4-tert-butylphenol; butylphen
c14201,"2,2',4,4',5,5'-hexachlorobiphenyl; pcb 153"
c14202,"2,2',4,4',6,6'-hexachlorobiphenyl; pcb 155"
c14203,"2,2',3,3',5,5'-hexachloro-6-biphenylol"
c14204,hydroxyflutamide
c14205,"4-tert-octylphenol; 4-t-octylphenol; 4-(1,1,3,3-tetramethylbutyl)phenol"
c14206,"m1; 2-(((3,5-dichlorophenyl)carbamoyl)oxy)-2-methyl-3-butenoic acid"
c14207,"m2; n-(3,5-dichlorophenyl)-2-hydroxy-2-methyl-3-butenamide; 3',5'-dichloro-2-hydroxy-2-methylbut-3-enanilide"
c14208,promegestone
c14209,4-hydroxy-17beta-estradiol; 4-hydroxyestradiol; 4-oh-estradiol
c14210,"4-androstenediol; androst-4-ene-3beta,17beta-diol"
c14211,"butylbenzyl phthalate; butyl phenylmethyl 1,2-benzenedicarboxylate"
c14212,nafoxidine
c14213,aurin
c14214,"dibutyl phthalate; di-n-butyl phthalate; dibutyl 1,2-benzenedicarboxylate"
c14215,"2,4-dihydroxybenzophenone"
c14216,"4,4'-sulfonyldiphenol; bisphenol s; 1,1'-sulfonylbis(4-hydroxybenzene)"
c14217,"1,6-dimethylnaphthalene"
c14218,"octane-1,8-diol; 1,8-octanediol"
c14219,2-chlorophenol; 2-chloro-1-hydroxybenzene
c14220,"4,4'-dihydroxybenzophenone"
c14221,6-hydroxyflavanone
c14222,"chrysene; 1,2-benzophenanthrene; benz[a]phenanthrene"
c14223,phenolphthalin
c14224,4-hydroxybiphenyl; 4-phenylphenol
c14225,"bisphenol b; 4,4'-dihydroxy-2,2-diphenylbutane; 2,2-bis(4-hydroxyphenyl)butane"
c14226,p-tert-amylphenol; 4-t-amylphenol; 4-tert-pentylphenol
c14227,"di-n-octyl phthalate; bis(n-octyl) phthalate; dioctyl 1,2-benzenedicarboxylate"
c14228,parathion-methyl; methyl parathion; methylparathion
c14229,"propanil; dcpa; n-(3,4-dichlorophenyl)propanamide"
c14230,4-hydroxybenzophenone; (4-hydroxyphenyl)phenylmethanone
c14231,4-hydroxychalcone
c14232,4'-hydroxychalcone
c14233,"4,4'-dihydroxystilbene"
c14234,"dimethylstilbestrol; (e)-4,4'-(1,2-dimethyl-1,2-ethenediyl)bisphenol"
c14235,triphenyl phosphate
c14236,4-heptyloxyphenol; p-n-heptyloxyphenol
c14237,"4-[2,2-dichloro-1-(4-methoxyphenyl)ethenyl]phenol; monohydroxymethoxychlor olefin"
c14238,"1,1-dichloro-2,2-bis(4-hydroxyphenyl)ethylene; dihydroxymethoxychlor olefin; 4,4'-(dichloroethenylidene)bis[phenol]"
c14239,3-deoxyestradiol; 3-deoxy-17beta-estradiol
c14240,di(2-ethylhexyl) adipate; dioctyl adipate; diethylhexyl adipate
c14241,"4'-hydroxyflavanone; 2,3-dihydro-2-(4-hydroxyphenyl)-4h-1-benzopyran-4-one"
c14242,mytatrienediol; 17-alpha-methylestriol 3-methyl ether; 16beta-hydroxy-16-methyl-3-methylether-17beta-estradiol
c14243,"3,3'-dihydroxyhexestrol; 4,4'-(1,2-diethylethylene)dipyrocatechol"
c14244,4-(benzyloxyl)phenol; monobenzone; 4-(phenylmethoxy)phenol
c14245,4-dodecylphenol
c14246,"2,4'-dichlorobiphenyl; pcb 8"
c14247,"2,2',4,4'-tetrachlorobiphenyl; pcb 47"
c14248,"4,4'-dichlorobiphenyl; pcb 15"
c14249,norethynodrel
c14250,"p,p'-methoxychlor olefin; 1,1-dichloro-2,2-bis(p-methoxyphenyl)ethylene; 1,1-bis(p-methoxyphenyl)-2,2-dichloroethylene"
c14251,"1,3-diphenyltetramethyldisiloxane; 1,1,3,3-tetramethyl-1,3-diphenyldisiloxane"
c14252,"1,3-dibenzyltetramethyldisiloxane"
c14253,dibutyl adipate; di-n-butyl adipate
c14254,5alpha-androstan-17beta-ol; androstan-17-ol
c14255,"mibolerone; 17-beta-hydroxy-7-alpha,17-dimethylestr-4-en-3-one"
c14256,"11-ketotestosterone; 17beta-hydroxyandrost-4-ene-3,11-dione"
c14257,"methyltrienolone; metribolone; 17-beta-hydroxy-17-methylestra-4,9,11-trien-3-one"
c14258,4-cumylphenol; p-cumylphenol; 2-phenyl-2-(4-hydroxyphenyl)propane
c14259,stanolone benzoate; dihydrotestosterone benzoate; dht benzoate
c14260,diisobutyl adipate
c14261,"trenbolone; 17-beta-hydroxyestra-4,9,11-trien-3-one"
c14262,p-lactophenetide; 4'-ethoxylactanilide; lactylphenetidin
c14263,"n-benzylphthalimide; 2-benzylisoindole-1,3-dione"
c14264,"2-(4-hydroxybenzyl)isoindole-1,3-dione"
c14265,"n-(p-nitrobenzyl)phthalimide; 2-(4-nitrobenzyl)isoindole-1,3-dione"
c14266,p-chloroacetoacetanilide; 4'-chloroacetoacetanilide
c14267,"anthrafravic acid; anthraflavin; 2,6-dihydroxyanthraquinone"
c14268,"fenpiclonil; 3-(2,3-dichlorophenyl)-4-cyanopyrrole"
c14269,"5alpha-androstane-3,11,17-trione"
c14270,3-chlorophenol
c14271,"ethohexadiol; 2-ethyl-1,3-hexanediol"
c14272,1-octen-3-ol
c14273,"1,2-octanediol; 1,2-dihydroxyoctane"
c14274,4-heptyloxybenzoic acid
c14275,furan
c14276,"4-(3,5-diphenylcyclohexyl)phenol"
c14277,"3,4-diphenyltetrahydrofuran"
c14278,"1,1,2-triphenylpropane"
c14279,furfural; 2-furaldehyde
c14280,furfural diethyl acetal
c14281,5-nitrofurfural; 5-nitro-2-furfural; 5-nitro-2-furaldehyde
c14282,2-furylmercury chloride
c14283,"2,2'-dihydroxy-4-methoxybenzophenone; dioxybenzone"
c14284,"2,2'-dihydroxybenzophenone"
c14285,2-hydroxy-4-methoxybenzophenone; oxybenzone
c14286,"phenolphthalein; 3,3-bis(4-hydroxyphenyl)phthalide"
c14287,"4,4'-methylenebis(2,6-di-tert-butylphenol)"
c14288,"4,4'-methylenedianiline; 4,4'-diaminodiphenylmethane"
c14289,dibenzo-18-crown-6
c14290,7-hydroxyflavanone
c14291,"carbofuran; 2,2-dimethyl-2,3-dihydro-7-benzofuranyl n-methylcarbamate"
c14292,"dichlorophen; 2,2'-methylenebis(4-chlorophenol)"
c14293,5-nitro-2-furfuryl methyl ether; nf 45
c14294,"diphenolic acid; 4,4-bis(4-hydroxyphenyl)pentanoic acid"
c14295,ritipenem acoxil hydrate; penemac; fc/ta-891
c14296,droloxifene; 3-hydroxytamoxifen
c14297,"4,4'-dihydroxybiphenyl; 4,4'-biphenyldiol"
c14298,"bis(4-hydroxyphenyl)methane; 4,4'-dihydroxydiphenylmethane; bisphenol f"
c14299,cyanazine
c14300,di-n-pentyl phthalate; diamyl phthalate
c14301,dicofol; kelthane
c14302,"dinoseb; 2,4-dinitro-6-(1-methylpropyl)phenol"
c14303,"equilenin; 3-hydroxyestra-1,3,5(10),6,8-pentaen-17-one"
c14304,"furamizole; 5-[1-(2-furanyl)-2-(5-nitro-2-furanyl)ethenyl]-1,3,4-oxadiazol-2-amine; nf 161"
c14305,4-hexyloxyphenol
c14306,nitrofurylacrylamide; z-furan
c14307,11beta-chloromethylestradiol; org 4333
c14308,"methoprene; (e,e)-1-methylethyl 11-methoxy-3,7,11-trimethyl-2,4-dodecadienoate"
c14309,"5,6,7,8-tetrahydro-2-naphthol"
c14310,"picloram; 4-amino-3,5,6-trichloropyridine-2-carboxylic acid"
c14311,4-propylphenol
c14312,"propazine; 2-chloro-4,6-bis(isopropylamino)-1,3,5-triazine"
c14313,"3',4',7-trihydroxyisoflavone"
c14314,"4',6,7-trihydroxyisoflavone; 6-hydroxydaidzein"
c14315,anthracene
c14316,sb 218655
c14317,"benz[a]anthracene; 1,2-benzanthracene"
c14318,"benzo[ghi]perylene; 1,12-benzoperylene"
c14319,sr 141716; rimonabant
c14320,"benzo[b]fluoranthene; 3,4-benzfluoranthene"
c14321,"benzo[k]fluoranthene; 11,12-benzofluoranthene"
c14322,chlorpyrifos; chlorpyriphos
c14323,"butylate; sutan; s-ethyl n,n-diisobutylthiocarbamate"
c14324,diazinon
c14325,"dibenz[a,h]anthracene; 1,2:5,6-dibenzanthracene"
c14326,dimethoate
c14327,heptachlor epoxide
c14328,"1,2-dichlorobenzene; o-dichlorobenzene"
c14329,"1,2-dimethylnaphthalene"
c14330,"2,6-dimethylnaphthalene"
c14331,4-chloro-m-cresol; 4-chloro-3-methylphenol; chlorocresol
c14332,metribuzin
c14333,"propyzamide; pronamide; 3,5-dichloro-n-(1,1-dimethyl-2-propynyl)benzamide"
c14334,propoxur; aprocarb; 2-isopropoxyphenyl n-methylcarbamate
c14335,pyrene
c14336,"1,2-dibromo-3-chloropropane; dbcp"
c14337,bioallethrin; allethrin; pynamin
c14338,quintozene; pentachloronitrobenzene; pcnb
c14339,"3,3'-dimethylbisphenol a; 2,2-bis(4-hydroxy-3-methylphenyl)propane"
c14340,4-phenethylphenol; 4-(2-phenylethyl)phenol
c14341,"4,4'-dihydroxybibenzyl; 4,4'-(1,2-ethanediyl)bisphenol"
c14342,3-hydroxybiphenyl; 3-phenylphenol
c14343,"trifluralin; 2,6-dinitro-n,n-dipropyl-4-trifluoromethylaniline"
c14344,"4',6-dihydroxyflavone"
c14345,"bisphenol a dimethacrylate; 2,2-di(4-methacryloxyphenyl)propane"
c14346,"bisphenol a bis(chloroformate); 2,2-bis[p-(chloroformyloxy)phenyl]propane"
c14347,"bisphenol a bis(2-hydroxyethyl)ether; bisphenol a ethoxylate; 2,2-bis[4-(2-hydroxyethoxy)phenyl]propane"
c14348,"bisphenol a diglycidyl ether; 2,2-bis(4-glycidyloxyphenyl)propane"
c14349,"1,1-bis(4-hydroxyphenyl)ethane; bisphenol e"
c14350,"2,2-bis(4-hydroxyphenyl)hexafluoropropane; bisphenol af"
c14351,4-butoxyphenol
c14352,6-bromo-2-naphthol
c14353,2-chlorobiphenyl; 2-monochlorobiphenyl; pcb 1
c14354,"2,5-dichlorobiphenyl; pcb 9"
c14355,"2,6-dichlorobiphenyl; pcb 10"
c14356,"3,5-dichlorobiphenyl; pcb 14"
c14357,"2,3,4-trichlorobiphenyl; pcb 21"
c14358,"2,3',5-trichlorobiphenyl; pcb 26"
c14359,"2,3,6-trichlorobiphenyl; pcb 24"
c14360,"2,2',4,5-tetrachlorobiphenyl; pcb 48"
c14361,"2,3,4,4'-tetrachlorobiphenyl; pcb 60"
c14362,"2,3,4,5-tetrachlorobiphenyl; pcb 61"
c14363,"2,3,5,6-tetrachlorobiphenyl; pcb 65"
c14364,"2,4,4',6-tetrachlorobiphenyl; pcb 75"
c14365,"2,3,3',4,5-pentachlorobiphenyl; pcb 106"
c14366,"2,3,4,5,6-pentachlorobiphenyl; pcb 116"
c14367,"2,2',3,3',5,5'-hexachlorobiphenyl; pcb 133"
c14368,decachlorobiphenyl; pcb 209
c14369,"2,2',3,3',6,6'-hexachlorobiphenyl; pcb 136"
c14370,"2-hydroxy-3,5-dichlorobiphenyl; 3,5-dichloro-2-hydroxybiphenyl; 2,4-dichloro-6-phenylphenol"
c14371,"4-hydroxy-3,5-dichlorobiphenyl; 3,5-dichloro-4-hydroxybiphenyl"
c14372,"2-hydroxy-2',3',4',5,5'-pentachlorobiphenyl; 2',3',4',5,5'-pentachloro-2-hydroxybiphenyl"
c14373,"4-hydroxy-2,2',3',4',5'-pentachlorobiphenyl; 2,2',3',4',5'-pentachloro-4-biphenylol"
c14374,"4-hydroxy-2,2',3',4',6'-pentachlorobiphenyl; 2,2',3',4',6'-pentachloro-4-biphenylol"
c14375,"4-hydroxy-2,2',3',5',6'-pentachlorobiphenyl; 2,2',3',5',6'-pentachloro-4-biphenylol"
c14376,"4-hydroxy-2,2',4',6'-tetrachlorobiphenyl; 2,2',4',6'-tetrachloro-4-biphenylol"
c14377,"4-hydroxy-2',3,3',4',5'-pentachlorobiphenyl; 2',3,3',4',5'-pentachloro-4-biphenylol; 4-hydroxy-pcb 106"
c14378,"4-hydroxy-2',3,3',4',6'-pentachlorobiphenyl; 2',3,3',4',6'-pentachloro-4-biphenylol"
c14379,"4-hydroxy-2',3,3',5',6'-pentachlorobiphenyl; 2',3,3',5',6'-pentachloro-4-biphenylol"
c14380,"4-hydroxy-2',3,4',6'-tetrachlorobiphenyl; 2',3,4',6'-tetrachloro-4-biphenylol"
c14381,"4-hydroxy-2,3,3',4',5-pentachlorobiphenyl; 2,3,3',4',5-pentachloro-4-biphenylol"
c14382,"4-hydroxy-2,2',3,4',5,5',6-heptachlorobiphenyl; 2,2',3,4',5,5',6-heptachloro-4-biphenylol; 4-hydroxy-pcb 187"
c14383,16-ketoestradiol; 16-oxo-17beta-estradiol
c14384,"benzo[b]fluorene; 2,3-benzofluorene"
c14385,2-ethylphenol; o-ethylphenol
c14386,3-ethylphenol
c14387,phenothrin; sumithrin
c14388,permethrin
c14389,"1,1,1-trichloro-2-(4-hydroxyphenyl)-2-(4-methoxyphenyl)ethane; monohydroxymethoxychlor"
c14390,heptanal; n-heptaldehyde
c14391,"diethylstilbestrol dimethyl ether; (e)-1,1'-(1,2-diethyl-1,2-ethenediyl)bis(4-methoxybenzene)"
c14392,"equilin; 3-hydroxyestra-1,3,5(10),7-tetraen-17-one"
c14393,benzylparaben; benzyl parahydroxybenzoate; benzyl 4-hydroxybenzoate
c14394,4-nitrotoluene; 1-methyl-4-nitrobenzene
c14395,alpha-methylstyrene; 1-methyl-1-phenylethylene; 2-phenylpropene
c14396,cumene; isopropylbenzene
c14397,"dinitrochlorobenzene; 1-chloro-2,4-dinitrobenzene"
c14398,ethylenethiourea; 2-mercaptoimidazoline
c14399,"1,3-dichloro-2-propanol"
c14400,"1,2,3-trichloropropane"
c14401,"2,4-diaminotoluene"
c14402,"1,2-diaminobenzene; o-phenylenediamine; 2-phenylene diamine"
c14403,ortho-toluidine; o-toluidine; 2-aminotoluene
c14404,"2,4-db; 4-(2,4-dichlorophenoxy)butyric acid"
c14405,n-phenyl-1-naphthylamine
c14406,3-nitrofluoranthene
c14407,2-chloronitrobenzene; 1-chloro-2-nitrobenzene
c14408,"1,2,3-trichlorobenzene"
c14409,2-hydroxydibenzofuran; dibenzofuran-2-ol
c14410,phenbenzamine hydrochloride
c14411,dicyclopentadiene
c14412,4-toluenesulfonamide
c14413,triphenyltin chloride
c14414,2-nitrofuran; ai3-23606
c14415,thiourea
c14416,"trp-p-2; 3-amino-1-methyl-5h-pyrido[4,3-b]indole"
c14417,2-anthramine; 2-aminoanthracene
c14418,3-nitrophenol; m-hydroxynitrobenzene
c14419,"2,4-dichloroaniline; 2,4-dca"
c14420,fenthion; mpp; 4-methylmercapto-3-methylphenyl dimethyl thiophosphate
c14421,1-nitropyrene
c14422,n-nitrosodiethylamine; ndea; diethylnitrosamine
c14423,"1,8-dinitropyrene"
c14424,"1,6-dinitropyrene"
c14425,fenobucarb; 2-sec-butylphenyl n-methylcarbamate; bpmc
c14426,"acephate; o,s-dimethylacetylphosphoroamidothioate"
c14427,"diflubenzuron; n-(4-chlorophenylcarbamoyl)-2,6-difluorobenzamide"
c14428,thiobencarb; benthiocarb; s-4-chlorobenzyl diethylthiocarbamate
c14429,phenthoate; fenthoate
c14430,"dichlorvos; 2,2-dichloroethenyl dimethyl phosphate; ddvp"
c14431,methidathion
c14432,"thiophanate-methyl; 1,2-di-(3-methoxycarbonyl-2-thioureido)benzene"
c14433,"bendiocarb; 2,2-dimethyl-1,3-benzodioxol-4-ol methylcarbamate"
c14434,epn; o-ethyl o-p-nitrophenyl phenylphosphonothioate
c14435,"benzo[e]pyrene; 1,2-benzpyrene"
c14436,"edifenphos; eddp; o-ethyl-s,s-diphenyl dithiophosphate"
c14437,2-mercaptobenzothiazole; captax
c14438,captan
c14439,tributyl phosphate; tbp
c14440,"1,4-dioxane; p-dioxane"
c14441,"16-ketoestrone; 3-hydroxy-1,3,5(10)-estratriene-16,17-dione"
c14442,"fenitrothion; o,o-dimethyl o-(3-methyl-4-nitrophenyl) phosphorothioate; mep"
c14443,"3,3'-dimethylbenzidine; 3,3'-dimethyl-4,4'-diaminobiphenyl; o-tolidine"
c14444,2-aminoanthraquinone
c14445,tris(2-chloroethyl)phosphate
c14446,tris(butoxyethyl)phosphate; tris(2-butoxyethyl) phosphate
c14447,2-methylpyridine; 2-picoline
c14448,"glyoxal; oxalaldehyde; 1,2-ethanedione"
c14449,"epichlorohydrin; 1-chloro-2,3-epoxypropane"
c14450,4-chloroaniline; 1-amino-4-chlorobenzene
c14451,4-chlorotoluene
c14452,"morpholine; tetrahydro-1,4-oxazine"
c14453,4-bromophenol
c14454,"2,4,6-tribromophenol"
c14455,n-ethylaniline; n-ethylbenzenamine
c14456,4-chloronitrobenzene; 1-chloro-4-nitrobenzene
c14457,"simetryn; 2,4-di(ethylamino)-6-methylthio-1,3,5-triazine"
c14458,"dihydrogenistein; 4',5,7-trihydroxyisoflavan-4-one"
c14459,2-hydroxybenzo[a]pyrene
c14460,2-hydroxyfluorene; fluoren-2-ol
c14461,3-hydroxybenzo[a]pyrene
c14462,"3,4-dichlorophenol"
c14463,(r)-3-hydroxy-3-methyl-2-oxopentanoate; (r)-3-hydroxy-3-methyl-2-oxopentanoic acid
c14464,4-butylphenol; 4-n-butylphenol; p-hydroxybutylbenzene
c14465,4-hexylphenol; 4-n-hexylphenol
c14466,4-pentylphenol; 4-n-pentylphenol; p-amylphenol
c14467,"cis-1,2-diphenylcyclobutane"
c14468,diisopropyl phthalate
c14469,di-n-propylphthalate; dipropyl phthalate
c14470,3-methylcholanthrene
c14471,"4-hydroxy-2,2',4',5,5'-pentachlorobiphenyl; 2,2',4',5,5'-pentachloro-4-biphenylol"
c14472,"4',5,6,7-tetramethoxyflavone; tetra-o-methylscutellarein"
c14473,1(2h)-phthalazinone; phthalazin-1-one; phthalazone
c14474,benzarone; 2-ethyl-3-(4-hydroxybenzoyl)benzofuran
c14475,"bolasterone; 7alpha,17alpha-dimethyltestosterone; 17beta-hydroxy-7alpha,17-dimethylandrost-4-en-3-one; u19763"
c14476,"xanthomicrol; 4',5-dihydroxy-6,7,8-trimethoxyflavone"
c14477,"3,3-difluoro-5alpha-androstan-17beta-yl acetate; 3,3-difluoroandrostane-17-ol acetate"
c14478,"21-deoxycortisone; 17alpha-hydroxypregn-4-ene-3,11,20-trione"
c14479,"flumethasone; 6alpha,9-difluoro-11beta,17,21-trihydroxy-16alpha-methylpregna-1,4-diene-3,20-dione"
c14480,"5-diazouracil; 2,6-dioxo-5-diazopyrimidine"
c14481,1-hydroxy-2-acetamidofluorene; 1-hydroxy-n-2-fluorenylacetamide; n-(1-hydroxyfluoren-2-yl)-acetamide
c14482,3beta-hydroxypregn-5-ene; 5-pregnen-3beta-ol
c14483,17alpha-methylestradiol
c14484,9-fluoroprednisolone; isoflupredone
c14485,17beta-dihydroequilin
c14486,norethindrone enanthate; norethisterone enanthate; 17alpha-ethynyl-17beta-heptanoyloxy-4-estren-3-one
c14487,ethisterone; 17alpha-ethinyl testosterone; progestolets; 17alpha-ethynyl-17beta-hydroxyandrost-4-en-3-one
c14488,"21-fluoroprogesterone; 21-fluoropregn-4-ene-3,20-dione"
c14489,"19-norprogesterone; 19-norpregn-4-ene-3,20-dione"
c14490,stenbolone; 17beta-hydroxy-2-methyl-5alpha-androst-1-en-3-one
c14491,normethandrolone; methylestrenolone; 17alpha-methyl-19-nortestosterone; normethandrone
c14492,ulifloxacin; nm 394
c14493,"methandriol; protandren; 17alpha-methylandrost-5-ene-3beta,17beta-diol"
c14494,4-chloroacetanilide
c14495,eburicoic acid
c14496,"estrololactone; 3-hydroxy-d-homo-17a-oxaestra-1,3,5(10)-trien-17-one"
c14497,"6beta-hydroxytestosterone; 6beta,17beta-dihydroxyandrost-4-en-3-one"
c14498,17alpha-dihydroequilenin
c14499,"1,2-epoxyhexadecane"
c14500,"19-norandrostenedione; delta4-estrene-3,17-dione"
c14501,"n,n'-diphenyl-p-phenylenediamine; dppd"
c14502,"boldenone; 17beta-boldenone; 17beta-hydroxyandrost-1,4-diene-3-one"
c14503,"16-dehydropregnenolone acetate; 3beta-acetyloxy-pregna-5,16-dien-20-one"
c14504,"di-n-hexyl phthalate; dihexyl 1,2-benzenedicarboxylate; dihexyl phthalate"
c14505,"di-n-decyl phthalate; didecyl phthalate; didecyl 1,2-benzenedicarboxylate"
c14506,chlorpropham; chloropropham; n-3-chlorophenylisopropylcarbamate
c14507,diphenyl carbonate
c14508,"mesitylene; 1,3,5-trimethylbenzene"
c14509,1-tridecanol; tridecyl alcohol
c14510,fensulfothion
c14511,"bisphenol a glycidylmethacrylate; bis-gma; 2,2-bis[4-(2-hydroxy-3-methacryloxypropoxy)phenyl]propane; bisphenol a diglycidyl methacrylate"
c14512,benzofuran
c14513,"tetrachlorvinphos; 2-chloro-1-(2,4,5-trichlorophenyl)vinyl dimethyl phosphate"
c14514,"chinomethionat; quinomethionate; 6-methyl-2,3-quinoxalinedithiol cyclic s,s-dithiocarbonate"
c14515,camphorquinone
c14516,kojic acid; 5-hydroxy-2-(hydroxymethyl)-4-pyrone
c14517,pretilachlor
c14518,"1,2,3-trimethylbenzene; hemimellitene"
c14519,1-hydroxypyrene
c14520,chlorpyrifos-methyl; chloropyriphos-methyl
c14521,"2,4-dibromophenol"
c14522,3-ethyltoluene; 1-methyl-3-ethylbenzene
c14523,diisopropyl adipate
c14524,flucythrinate
c14525,"mefenacet; 2-(1,3-benzothiazol-2-yloxy)-n-methylacetanilide"
c14526,esprocarb
c14527,methyl methacrylate; mma; methyl 2-methylpropenoate
c14528,"tetrachlorobisphenol a; 3,3',5,5'-tetrachlorobisphenol a; tetrachlorodian; 2,2-bis(4-hydroxy-3,5-dichlorophenyl)propane"
c14529,dicyclohexyl phthalate
c14530,2-hydroxyethyl methacrylate; hema
c14531,azomycin; 2-nitroimidazole
c14532,"fenoprop; 2-(2,4,5-trichlorophenoxy)propionic acid; 2,4,5-tp; silvex"
c14533,"1,2,4-trimethylbenzene; pseudocumene"
c14534,"1,2,4,5-tetramethylbenzene; durene"
c14535,4-t-butylbenzoic acid; p-tert-butylbenzoic acid
c14536,"glycitein; 7,4'-dihydroxy-6-methoxyisoflavone"
c14537,"trimethylolpropane triacrylate; 2-ethyl-2-(hydroxymethyl)-1,3-propanediol triacrylate; tmpta"
c14538,"trimethylolpropane trimethacrylate; 2-ethyl-2(hydroxymethyl)-1,3-propanediol trimethacrylate; tmpt"
c14539,krm 1657
c14540,rifamycin s
c14541,(r)-4'-deoxyindenestrol
c14542,(s)-4'-deoxyindenestrol
c14543,(r)-5-deoxyindenestrol
c14544,(s)-5-deoxyindenestrol
c14545,(s)-indenestrol a
c14546,(r)-indenestrol a
c14547,(s)-indenestrol b
c14548,(r)-indenestrol b
c14549,triphenylsilanol; triphenylhydroxysilane
c14550,4-nonylphenol; 4-n-nonylphenol; p-nonylphenol
c14551,diethylstilbestrol monomethyl ether; mestilbol
c14552,"11-ketoetiocholanolone; 3alpha-hydroxy-5beta-androstane-11,17-dione"
c14553,"3alpha,11beta-dihydroxy-5beta-androstane-17-one; 11beta-hydroxyetiocholanolone"
c14554,"deoxycorticosterone acetate; 21-acetoxypregn-4-ene-3,20-dione; percotol"
c14555,"11alpha,17beta-dihydroxy-17-methylandrost-4-en-3-one; 11alpha-hydroxy-17alpha-methyltestosterone"
c14556,9-hydroxybenzo[a]pyrene
c14557,8-hydroxybenzo[a]pyrene
c14558,7-hydroxybenzo[a]pyrene
c14559,5-hydroxybenzo[a]pyrene
c14560,4-hydroxybenzo[a]pyrene
c14561,"2,4,6-triphenyl-1-hexene"
c14562,"2,4-diphenyl-1-butene"
c14563,12-hydroxybenzo[a]pyrene
c14564,11-hydroxybenzo[a]pyrene
c14565,10-hydroxybenzo[a]pyrene
c14566,diethyl adipate; diethyl hexanedioate
c14567,acetyleugenol
c14568,"bromobutide; sumiherb; 2-bromo-3,3-dimethyl-n-(1-methyl-1-phenylethyl)butanamide; (rs)-2-bromo-n-(alpha,alpha-dimethylbenzyl)-3,3-dimethylbutyramide"
c14569,"4,4'-biphenyldithiol; 4,4'-dimercaptobiphenyl; 4,4'-thiobiphenyl"
c14570,dimethyl adipate; dimethyl hexanedioate
c14571,dimepiperate; s-1-methyl-1-phenylethyl piperidine 1-carbothioate
c14572,2-ethyltoluene; o-methylethylbenzene; 1-ethyl-2-methylbenzene
c14573,"3,3',4,4',5-pentachlorobiphenyl; pcb 126"
c14574,"chlorobenzilate; ethyl-4,4'-dichlorobenzilate; ethyl 2-hydroxy-2,2-bis(4-chlorophenyl)acetate"
c14575,di-n-heptyl phthalate
c14576,6-hydroxybenzo[a]pyrene
c14577,diisooctyl phthalate
c14578,diisodecyl phthalate
c14579,"xylylcarb; 3,4-dimethylphenyl methylcarbamate; meobal; mpmc"
c14580,isoxathion; karphos
c14581,"1,3-diphenylpropane"
c14582,"2,4-dimethylphenol; 2,4-xylenol; 1-hydroxy-2,4-dimethylbenzene"
c14583,"1,4-diethylbenzene; p-diethylbenzene"
c14584,chlorobenside; 4-chlorobenzyl 4-chlorophenyl sulfide
c14585,4-chlorochalcone; 3-(4-chlorophenyl)-1-phenyl-2-propen-1-one
c14586,"6alpha-methylprogesterone; 6alpha-methylpregn-4-ene-3,20-dione"
c14587,"11alpha-hydroxyandrosta-1,4-diene-3,17-dione"
c14588,17beta-hydroxy-7alpha-methylandrost-4-en-3-one; 7alpha-methyltestosterone
c14589,"1,2-bis(4-nitrophenyl)ethane; 4,4'-dinitrodibenzyl"
c14590,"estra-1,3,5(10),6-tetraen-3,17beta-diol; 6-dehydroestradiol"
c14591,pyridarone; 4-(2-benzofuranyl)pyridine
c14592,n-methyl-n'-nitro-n-nitrosoguanidine; 1-methyl-3-nitro-1-nitrosoguanidine; methylnitronitrosoguanidine; mnng
c14593,"epimestrol; 3-methoxy-17-epiestriol; 3-methoxyestra-1,3,5(10)-triene-16alpha,17alpha-diol"
c14594,"3alpha,17alpha,21-trihydroxy-5beta-pregnan-20-one; tetrahydro-11-deoxycortisol"
c14595,methylnitrosourea; n-methyl-n-nitrosourea; nmh
c14596,ethamoxytriphetol; 4-methoxy-alpha-[4-[2-(diethylamino)ethoxy]phenyl]-alpha-phenylbenzeneethanol
c14597,"2,3-bis(p-methoxyphenyl)acrylonitrile; 2,3-di(4-methoxyphenyl)acrylonitrile"
c14598,"3alpha,17alpha-dihydroxy-5beta-pregnane-11,20-dione; 17alpha-hydroxy-11-ketopregnanolone"
c14599,"2,3,3-triphenylacrylonitrile; triphenylcyanoethylene"
c14600,"16alpha-hydroxytestosterone; 16alpha,17beta-dihydroxy-4-androsten-3-one"
c14601,methyl methoxyacetate
c14602,3-hydroxyaminophenol; 3-hydroxylaminophenol
c14603,17beta-hydroxyestr-4-en-3-one cyclopentanepropionate; 19-nortestosterone cyclopentylpropionate
c14604,aminohydroquinone
c14605,metholone; dromostanolone; 17beta-hydroxy-2alpha-methyl-5alpha-androstan-3-one
c14606,"3alpha,11beta-dihydroxy-5alpha-androstane-17-one; 11beta-hydroxyandrosterone"
c14607,testosterone decanoate; 17beta-hydroxyandrost-4-en-3-one decanoate
c14608,"3alpha,6alpha-dihydroxy-5beta-pregnan-20-one; 6alpha-hydroxypregnanolone"
c14609,"3alpha,17alpha-dihydroxy-5beta-pregnan-20-one; 17alpha-hydroxypregnanolone"
c14610,"(s)-5-oxo-2,5-dihydrofuran-2-acetate; (+)-muconolactone"
c14611,1-chloro-2-(chlorophenylmethyl)benzene
c14612,"rubrophen; 4-[bis(4-hydroxy-3-methoxyphenyl)methylene]-2-methoxy-2,5-cyclohexadien-1-one"
c14613,allenolic acid; 6-hydroxy-2-naphthalenepropanoic acid
c14614,6-(pentylthio)purine; 6-amylmercaptopurine
c14615,"17beta-hydroxy-17-methylandrost-4-ene-3,11-dione"
c14616,"(3alpha,5beta,11beta,17beta)-9-fluoro-17-methylandrostane-3,11,17-triol; 9alpha-fluoro-17alpha-methyl-5beta-androstane-3alpha,11beta,17-triol"
c14617,chrysoidine free base; grasan chrysoidine
c14618,"6alpha-fluoroprednisolone; fluprednisolone; 6alpha-fluoro-11beta,17alpha,21-trihydroxypregna-1,4-diene-3,20-dione"
c14619,o-chloroacetanilide; 2'-chloroacetanilide; n-(2-chlorophenyl)acetamide
c14620,"2-acetamido-6h-dibenzo[b,d]pyran-6-one"
c14621,"9-fluoro-17-methyl-11-oxotestosterone; 9alpha-fluoro-17beta-hydroxy-17alpha-methylandrost-4-ene-3,11-dione"
c14622,(e)-1-methoxy-4-[2-(4-nitrophenyl)ethenyl]benzene; (e)-methoxy-4'-nitrostilbene
c14623,6-(ethylthio)purine; 6-ethylmercaptopurine
c14624,"androstane-3,17-diol dipropionate; 5alpha-androstane-3alpha,17beta-diol dipropionate"
c14625,9alpha-fluoro-6alpha-methylprednisolone 21-acetate
c14626,2'-carboxy-4-[bis(2-chloroethyl)amino]-2-methylazobenzene; azo-mustard; cb 1414
c14627,"14alpha,17beta-dihydroxyandrost-4-en-3-one; 14-hydroxytestosterone"
c14628,"4,5alpha-dihydro-2-(hydroxymethylene)testosterone; 17beta-hydroxy-2-hydroxymethylene-5alpha-androstan-3-one"
c14629,"fluorometholone 17-acetate; 9-fluoro-11beta,17-dihydroxy-6alpha-methylpregna-1,4-diene-3,20-dione 17-acetate; 6alpha-methyl-9alpha-fluoro-17-acetoxy-21-deoxyprednisolone"
c14630,"9alpha-fluoro-11beta-hydroxy-6alpha-methylpregn-4-ene-3,20-dione"
c14631,"5-androstene-3beta,16alpha-diol; 3beta,16alpha-dihydroxy-5-androstene; cetadiol"
c14632,"6alpha-methylpregn-4-ene-3,11,20-trione; 6alpha-methyl-11-oxoprogesterone; ski22936"
c14633,7-hydroxy-2-acetamidofluorene; n-(7-hydroxy-9h-fluoren-2-yl)acetamide
c14634,methandriol dipropionate
c14635,"16alpha,17alpha-epoxy-20-oxopregn-5-en-3beta-yl acetate; 16alpha,17alpha-epoxypregnenolone acetate"
c14636,"9alpha-fluoro-11beta,17alpha,21-trihydroxypregna-1,4-diene-3,20-dione 21-acetate; isoflupredone acetate; u-6013"
c14637,"16beta-hydroxy-3,11-dioxopregna-4,17(20)-dien-21-oic acid, gamma-lactone"
c14638,"9alpha-fluoro-11beta,16alpha,17alpha,21-tetrahydroxypregn-4-ene-3,20-dione; 9alpha-fluoro-16alpha-hydroxyhydrocortisone"
c14639,"2-indanone oxime; 1,3-dihydro-2h-inden-2-one oxime"
c14640,estradiol 17beta-cyclopentylpropionate; estradiol cypionate
c14641,cholesteryl oleate; cholest-5-en-3-beta-yl oleate; cholesteryl cis-9-octadecenoate
c14642,"melengestrol acetate; 17-hydroxy-6-methyl-16-methylenepregna-4,6-diene-3,20-dione acetate; 17alpha-acetoxy-6-methyl-16-methylenepregna-4,6-diene-3,20-dione"
c14643,"medrysone; 11beta-hydroxy-6alpha-methylpregn-4-ene-3,20-dione"
c14644,4-bromophenylthiourea; n-p-bromophenylthiourea
c14645,"estradiol-17-phenylpropionate; estra-1,3,5(10)-triene-3,17beta-diol 17-benzenepropionate"
c14646,"pregna-4,11-diene-3,20-dione; 11-dehydroprogesterone"
c14647,"braxoron; 9alpha-bromo-11-oxoprogesterone; 9alpha-bromopregn-4-ene-3,11,20-trione"
c14648,"6alpha-chloro-17-acetoxyprogesterone; 6alpha-chloro-17-hydroxypregn-4-ene-3,20-dione acetate"
c14649,"15alpha-hydroxytestosterone; 15alpha,17beta-dihydroxyandrost-4-en-3-one"
c14650,"3-hydroxyestra-1,3,5(10),6-tetraen-17-one; 6-dehydroestrone"
c14651,"16alpha,17alpha-epoxy-3,20-dioxopregn-4-en-21-yl acetate; 16,17-epoxydeoxycorticosterone acetate"
c14652,"19-nor-17alpha-pregn-5(10)-en-20-yne-3alpha,17beta-diol; 17alpha-ethynylestr-5(10)-ene-3alpha,17beta-diol"
c14653,descinolone acetonide; 21-deoxytriamcinoline acetonide
c14654,"12alpha-hydroxyprogesterone; 12alpha-hydroxy-4-pregnene-3,20-dione"
c14655,"17,17-dimethyl-18-norandrosta-4,13-dien-3-one"
c14656,3-hydroxy-2-acetamidofluorene; n-(3-hydroxy-2-fluorenyl)acetamide
c14657,"2,3-diphenyl-1-indanone; 2,3-diphenyl-1h-inden-1-one; 2,3-diphenylindone"
c14658,pregnenolone acetate; 3beta-hydroxypregn-5-en-20-one acetate
c14660,carbestrol; 3-ethyl-4-(p-methoxyphenyl)-2-methyl-3-cyclohexene-1-carboxylic acid
c14661,"3-methoxy-19-nor-17alpha-pregna-1,3,5(10)-trien-17beta-ol; 17alpha-ethyl-17beta-estradiol 3-methyl ether"
c14662,(e)-4-nitrostilbene; trans-p-nitrostilbene
c14663,testosterone isocaproate; 17beta-hydroxyandrost-4-ene-3-one 4-methylvalerate
c14664,"11beta,16alpha,17alpha,21-tetrahydroxy-9alpha-fluoropregn-4-ene-3,20-dione 16,17-acetonide"
c14665,"oranabol; oxymesterone; 4,17beta-dihydroxy-17alpha-methylandrost-4-en-3-one; 4-hydroxy-17alpha-methyltestosterone"
c14666,1-(4-methoxyphenyl)-2-phenylethane; 1-methoxy-4-(2-phenylethyl)benzene; 4-methoxydibenzyl
c14667,testosterone phenylpropionate; 17beta-hydroxyandrost-4-en-3-one 3-phenylpropionate
c14668,"cortancyl; prednisone 21-acetate; 21-acetoxy-17alpha-hydroxypregna-1,4-diene-3,11,20-trione"
c14669,"12alpha-bromo-11beta-hydroxypregn-4-ene-3,20-dione; 11beta-hydroxy-12alpha-bromoprogesterone"
c14670,"17-ethynyl-10-hydroxy-19-nortestosterone; 17alpha-ethinyl-10beta,17beta-dihydroxy-4-estren-3-one; 10beta-hydroxynorethindrone"
c14671,"11-ketoandrosterone; 3alpha-hydroxy-5alpha-androstane-11,17-dione"
c14672,p-chlorobenzhydrol; (4-chlorophenyl)phenylmethanol
c14673,"cholesta-5,7-dien-3beta-ol benzoate; 7-dehydrocholesterol benzoate"
c14674,"16alpha,17alpha-dihydroxyprogesterone acetophenide"
c14675,"11beta,21-dihydroxypregn-4-ene-3,20-dione 21-acetate; corticosterone 21-acetate"
c14676,"4-chloroprogesterone; 4-chloropregn-4-ene-3,20-dione"
c14677,"1-dehydroprogesterone; delta1-progesterone; pregna-1,4-diene-3,20-dione"
c14678,5-hydroxy-2-acetamidofluorene; n-(5-hydroxy-2-fluorenyl)acetamide
c14679,p-methoxystilbene; 1-(p-methoxyphenyl)-2-phenylethene
c14680,"5beta-pregnane-3alpha,17alpha,20alpha-triol"
c14681,"16-alpha,17-epoxypregn-4-ene-3,20-dione; 16alpha,17alpha-epoxyprogesterone"
c14682,"3-methoxyestra-2,5(10)-dien-17beta-ol"
c14683,"11beta,17beta-dihydroxy-17-methylandrost-4-en-3-one; 11beta-hydroxy-17alpha-methyltestosterone"
c14684,"17beta-hydroxy-17-methylandrosta-4,9(11)-dien-3-one; 4,9(11)-androstadien-17alpha-methyl-17beta-ol-3-one"
c14685,"1,2-dihydrostilbene; 1,2-diphenylethane; dibenzyl"
c14686,dicyclohexylamine; n-cyclohexylcyclohexanamine
c14687,2-ethoxyethanol
c14688,"bis(2-chloroethyl)ether; 2,2'-dichlorethyl ether; 1,5-dichloro-3-oxapentane"
c14689,"diethylene glycol; 2,2'-oxydiethanol; 1,5-dihydroxy-3-oxapentane"
c14690,"tetraethylenepentamine; 1,11-diamino-3,6,9-triazaundecane"
c14691,"triethylamine; n,n-diethylethanamine"
c14692,chlorodibromomethane; dibromochloromethane
c14693,"butylhydroxytoluene; bht; 2,6-di-t-butyl-4-methylphenol; 2,6-di-tert-butyl-p-cresol; butylated hydroxytoluene; 2,6-bis(1,1-dimethylethyl)-4-methylphenol"
c14694,n-phenyl-2-naphthylamine; neozone; 2-phenylaminonaphthalene
c14695,nitrilotriacetic acid; triglycollamic acid; nitrilotriacetate
c14696,1-nonanol; n-nonyl alcohol; 1-hydroxynonane
c14697,4-isopentylphenol; p-isoamylphenol
c14698,4-heptylphenol; 4-n-heptylphenol; p-heptylphenol; p-hydroxyheptylbenzene
c14699,1-hydroxychlordene; chlordene hydroxide
c14700,"2-chloro-1,1,2-trifluoroethyl ethyl ether; ethoxyflurane"
c14701,"paraquat; 1,1'-dimethyl-4,4'-bipyridinium"
c14702,"1,2-dinitrobenzene; o-dinitrobenzene"
c14703,"1,8-dimethylnaphthalene"
c14704,n-nitrosodimethylamine; dimethylnitrosamine
c14705,"1,1,1,2-tetrachloroethane"
c14706,diethyl sulfate; des
c14707,bromoform; tribromomethane
c14708,bromodichloromethane
c14709,"1,1-dimethylethyl benzoate; tert-butyl benzoate"
c14710,isobutyl alcohol; 2-methyl-1-propanol; 1-hydroxymethylpropane; 2-methylpropan-1-ol
c14711,nickel chloride; nickel(ii) chloride
c14712,"2,5-dichloroaniline; 1-amino-2,5-dichlorobenzene; 2,5-dca"
c14713,"2,4-dinitroaniline; 1-amino-2,4-dinitrobenzene"
c14714,"2-(m-chlorophenyl)-2-(p-chlorophenyl)-1,1-dichloroethane; m,p'-ddd"
c14715,"4-chloro-3,5-dimethylphenol; chloroxylenol"
c14716,2-ethylhexyl-4-hydroxybenzoate
c14717,"15-deoxy-delta12,14-pgj2; 15-deoxy-delta12,14-prostaglandin j2; 15-deoxy-pgj2"
c14718,heptyl p-hydroxybenzoate; heptylparaben
c14719,"methallenestrilphenol; n-3-(6-hydroxy-2-naphthyl)-2,2-dimethylpentanoic acid; alpha,alpha-dimethyl-beta-ethylallenolic acid; beta-ethyl-6-hydroxy-alpha,alpha-dimethyl-2-naphthalenepropanoic acid"
c14720,4-ethyl-7-hydroxy-3-(p-methoxyphenyl)coumarin
c14721,34a-deoxy-rifamycin w
c14722,rifamycin w-hemiacetal
c14723,rifamycin z
c14724,demethyl-desacetyl-rifamycin s
c14725,27-o-demethyl-25-o-desacetylrifamycin sv; demethyl-desacetyl-rifamycin sv
c14726,"2,2',3,3',4',5,5'-heptachloro-4-biphenylol"
c14727,27-o-demethylrifamycin sv
c14728,"2,2',3,3',4',5-hexachloro-4-biphenylol"
c14729,"2',3,3',4',5-pentachloro-4-biphenylol"
c14730,"2,2',3,4',5,5'-hexachloro-4-biphenylol"
c14731,"16alpha-bromo-17beta-estradiol; 16alpha-bromo-1,3,5(10)-estratriene-3,17beta-diol"
c14732,"5-oxoete; (6e,8z,11z,14z)-5-oxoicosa-6,8,11,14-tetraenoic acid; 5-oxoeicosatetraenoic acid; 5-oxoicosatetraenoic acid"
c14733,"2',3',4',5'-tetrachloro-3-biphenylol; 2',3',4',5'-tetrachloro-3-hydroxybiphenyl"
c14734,"2',5'-dichloro-3-biphenylol; 2',5'-dichloro-3-hydroxybiphenyl"
c14736,"2',5'-dichloro-2-biphenylol; 2',5'-dichloro-2-hydroxybiphenyl"
c14737,"4,3',5'-trichloro-4'-biphenol; 3,4',5-trichloro-4-biphenylol"
c14738,indanestrol
c14739,"alpha,alpha'-diethyl-3,4,3',4'-stilbenetetraol; 3,4,3',4'-tetrahydroxy-alpha,alpha'-diethylstilbene"
c14740,"alpha,alpha'-diethyl-3,4,4'-stilbenetriol; 3,4,4'-trihydroxy-alpha,alpha'-diethylstilbene; (e)-4-[1-ethyl-2-(4-hydroxyphenyl)-1-butenyl]-1,2-benzenediol"
c14741,4-isopropyl-3-methylphenol; 4-isopropyl-m-cresol; o-cymen-5y-ol
c14742,n-nitrosodiphenylamine
c14743,"isophorone; 1,1,3-trimethyl-3-cyclohexene-5-one"
c14744,"dacthal; chlorthal-dimethyl; dimethyl 2,3,5,6-tetrachloroterephthalate"
c14745,zindoxifene
c14746,"chlordimeform; chlorphenamidine; n'-(4-chloro-2-methylphenyl)-n,n-dimethylformamidine"
c14747,"2,2'-bisphenol f; bis(2-hydroxyphenyl)methane"
c14748,"20-hete; (5z,8z,11z,14z)-20-hydroxyicosa-5,8,11,14-tetraenoic acid; 20-hydroxyeicosatetraenoic acid; 20-hydroxyicosatetraenoic acid; 20-hydroxy arachidonic acid"
c14749,19(s)-hete; (19s)-hydroxyeicosatetraenoic acid; (19s)-hydroxyicosatetraenoic acid; (19s)-hydroxy arachidonic acid
c14750,alpha-zearalenol; trans-zearalenol
c14751,beta-zearalenol; beta-trans-zearalenol
c14752,alpha-zearalanol; zeranol
c14753,beta-zearalanol; taleranol
c14754,zearalanone; (s)-zearalanone
c14755,2-chloro-4-biphenylol; 2-chloro-4-hydroxybiphenyl
c14756,"2,2',3,6,6'-pentachloro-4-biphenylol"
c14757,"moxestrol; 11beta-methoxy-17alpha-ethinylestradiol; 17alpha-ethinyl-11beta-methoxy-1,3,5(10)-estratrien-3,17-diol"
c14758,"ici 164384; n-n-butyl-n-methyl-11-[3,17beta-dihydroxyestra-1,3,5(10)-trien-7alpha-yl]undecanamide"
c14759,"4,4'-diaminodiphenyl ether; 4-aminophenyl ether; 4,4'-oxybisbenzenamine; 4,4'-oxydianiline"
c14760,amaranth; food red no.2
c14761,"trans,trans-1,4-diphenyl-1,3-butadiene"
c14762,"13(s)-hode; (13s)-hydroxyoctadecadienoic acid; (9z,11e)-(13s)-13-hydroxyoctadeca-9,11-dienoic acid"
c14763,trans-4-hydroxystilbene; (e)-4-stilbenol
c14764,2-thiophenesulfonamide
c14765,"13-oxoode; 13-kode; (9z,11e)-13-oxooctadeca-9,11-dienoic acid"
c14766,"9-oxoode; 9-kode; (10e,12z)-9-oxooctadeca-10,12-dienoic acid"
c14767,"9(s)-hode; (9s)-hydroxyoctadecadienoic acid; (10e,12z)-(9s)-9-hydroxyoctadeca-10,12-dienoic acid"
c14768,"5,6-eet; (8z,11z,14z)-5,6-epoxyeicosa-8,11,14-trienoic acid; (8z,11z,14z)-5,6-epoxyicosa-8,11,14-trienoic acid"
c14769,"8,9-eet; (5z,11z,14z)-8,9-epoxyeicosa-5,11,14-trienoic acid; (5z,11z,14z)-8,9-epoxyicosa-5,11,14-trienoic acid"
c14770,"11,12-eet; (5z,8z,14z)-11,12-epoxyeicosa-5,8,14-trienoic acid; (5z,8z,14z)-11,12-epoxyicosa-5,8,14-trienoic acid"
c14771,"14,15-eet; (5z,8z,11z)-14,15-epoxyeicosa-5.8.11-trienoic acid; (5z,8z,11z)-14,15-epoxyicosa-5.8.11-trienoic acid"
c14772,"5,6-dhet; (8z,11z,14z)-5,6-dihydroxyeicosa-8,11,14-trienoic acid; (8z,11z,14z)-5,6-dihydroxyicosa-8,11,14-trienoic acid"
c14773,"8,9-dhet; (5z,11z,14z)-8,9-dihydroxyeicosa-5,11,14-trienoic acid; (5z,11z,14z)-8,9-dihydroxyicosa-5,11,14-trienoic acid"
c14774,"11,12-dhet; (5z,8z,14z)-11,12-dihydroxyeicosa-5,8,14-trienoic acid; (5z,8z,14z)-11,12-dihydroxyicosa-5,8,14-trienoic acid"
c14775,"14,15-dhet; (5z,8z,11z)-14,15-dihydroxyeicosa-5,8,11-trienoic acid; (5z,8z,11z)-14,15-dihydroxyicosa-5,8,11-trienoic acid"
c14776,"8(s)-hete; (5z,9e,11z,14z)-(8s)-8-hydroxyeicosa-5,9,11,14-tetraenoic acid; (5z,9e,11z,14z)-(8s)-8-hydroxyicosa-5,9,11,14-tetraenoic acid"
c14777,"12(s)-hete; (5z,8z,10e,14z)-(12s)-12-hydroxyeicosa-5,8,10,14-tetraenoic acid; (5z,8z,10e,14z)-(12s)-12-hydroxyicosa-5,8,10,14-tetraenoic acid"
c14778,"16(r)-hete; (5z,8z,11z,14z)-(16r)-16-hydroxyeicosa-5,8,11,14-tetraenoic acid; (5z,8z,11z,14z)-(16r)-16-hydroxyicosa-5,8,11,14-tetraenoic acid"
c14779,"9(s)-hete; (5z,7e,11z,14z)-(9s)-9-hydroxyeicosa-5,7,11,14-tetraenoic acid; (5z,7e,11z,14z)-(9s)-9-hydroxyicosa-5,7,11,14-tetraenoic acid"
c14780,"11(r)-hete; (5z,8z,12e,14z)-(11r)-hydroxyeicosa-5,8,12,14-tetraenoic acid; (5z,8z,12e,14z)-(11r)-hydroxyicosa-5,8,12,14-tetraenoic acid"
c14781,"15h-11,12-eeta; 15-hydroxy-11,12-epoxyeicosatrienoic acid; (5z,8z,13e)-(15s)-11,12-epoxy-15-hydroxyeicosa-5,8,13-trienoic acid; (5z,8z,13e)-(15s)-11,12-epoxy-15-hydroxyicosa-5,8,13-trienoic acid"
c14782,"11,12,15-theta; 11,12,15-trihydroxyicosatrienoic acid; (5z,8z,13e)-(15s)-11,12,15-trihydroxyeicosa-5,8,12-trienoic acid; (5z,8z,13e)-(15s)-11,12,15-trihydroxyicosa-5,8,12-trienoic acid"
c14783,"1,2-naphthoquinone; 1,2-naphthalenedione"
c14784,"1,2-dihydroxy-3,4-epoxy-1,2,3,4-tetrahydronaphthalene"
c14785,"1,4-dihydroxynaphthalene; 1,4-naphthohydroquinone; naphthalene-1,4-diol"
c14786,"(1r,2s)-naphthalene 1,2-oxide; (1r,2s)-naphthalene epoxide"
c14787,"(1s,2r)-naphthalene 1,2-oxide; (1s,2r)-naphthalene epoxide"
c14788,1-nitrosonaphthalene
c14789,n-hydroxy-1-aminonaphthalene; 1-naphthylhydroxylamine
c14790,1-naphthylamine
c14791,"(1r)-hydroxy-(2r)-glutathionyl-1,2-dihydronaphthalene"
c14792,"(1s)-hydroxy-(2s)-glutathionyl-1,2-dihydronaphthalene"
c14793,"(1r)-glutathionyl-(2r)-hydroxy-1,2-dihydronaphthalene"
c14794,"2,3-dinor-8-iso prostaglandin f2alpha; 2,3-dinor-8-iso pgf2alpha"
c14795,"2,3-dinor-8-iso prostaglandin f1alpha; 2,3-dinor-8-iso pgf1alpha"
c14796,"(1r)-hydroxy-(2r)-n-acetyl-l-cysteinyl-1,2-dihydronaphthalene"
c14797,"(1r)-n-acetyl-l-cysteinyl-(2r)-hydroxy-1,2-dihydronaphthalene"
c14798,"(1s)-hydroxy-(2s)-n-acetyl-l-cysteinyl-1,2-dihydronaphthalene"
c14799,"(1r,2r)-3-[(1,2-dihydro-2-hydroxy-1-naphthalenyl)thio]-2-oxopropanoic acid"
c14800,"1-nitronaphthalene-5,6-oxide"
c14801,"1-nitro-5,6-dihydroxy-dihydronaphthalene; 1,2-dihydro-5-nitro-1,2-naphthalenediol"
c14802,"1-nitronaphthalene-7,8-oxide"
c14803,"1-nitro-7-hydroxy-8-glutathionyl-7,8-dihydronaphthalene"
c14804,"1-nitro-7-glutathionyl-8-hydroxy-7,8-dihydronaphthalene"
c14805,"1-nitro-5-hydroxy-6-glutathionyl-5,6-dihydronaphthalene"
c14806,"1-nitro-5-glutathionyl-6-hydroxy-5,6-dihydronaphthalene"
c14807,"12-oxoete; 12-kete; (5z,8z,10e,14z)-12-oxoeicosa-5,8,10,14-tetraenoic acid; (5z,8z,10e,14z)-12-oxoicosa-5,8,10,14-tetraenoic acid"
c14808,"hepoxilin a3; (5z,9e,14z)-(11s,12s)-11,12-epoxy-8-hydroxyeicosa-5,9,14-trienoic acid; (5z,9e,14z)-(11s,12s)-11,12-epoxy-8-hydroxyicosa-5,9,14-trienoic acid"
c14809,"trioxilin a3; (5z,9e,14z)-(11r,12s)-8,11,12-trihydroxyeicosa-5,9,14-trienoic acid; (5z,9e,14z)-(11r,12s)-8,11,12-trihydroxyicosa-5,9,14-trienoic acid"
c14810,"hepoxilin b3; (5z,8z,14z)-(11s,12s)-11,12-epoxy-10-hydroxyeicosa-5,8,14-trienoic acid; (5z,8z,14z)-(11s,12s)-11,12-epoxy-10-hydroxyicosa-5,8,14-trienoic acid"
c14811,"trioxilin b3; (5z,8z,14z)-(11r,12r)-10,11,12-trihydroxyeicosa-5,8,14-trienoic acid; (5z,8z,14z)-(11r,12r)-10,11,12-trihydroxyicosa-5,8,14-trienoic acid"
c14812,"12(r)-hpete; (5z,8z,10e,14z)-(12r)-12-hydroperoxyeicosa-5,8,10,14-tetraenoic acid; (5z,8z,10e,14z)-(12r)-12-hydroperoxyicosa-5,8,10,14-tetraenoic acid"
c14813,"11h-14,15-eeta; 11-hydroxy-14,15-eeta; 11-hydroxy-14,15-epoxyeicosatrienoic acid; (5z,8z,12e)-14,15-epoxy-11-hydroxyeicosa-5,8,12-trienoic acid; (5z,8z,12e)-14,15-epoxy-11-hydroxyicosa-5,8,12-trienoic acid"
c14814,"11,14,15-theta; 11,14,15-trihydroxyicosatrienoic acid; (5z,8z,12e)-11,14,15-trihydroxyeicosa-5,8,12-trienoic acid; (5z,8z,12e)-11,14,15-trihydroxyicosa-5,8,12-trienoic acid"
c14815,"5,6-epoxytetraene; (7e,9e,11z,13e)-(5s,6s,15s)-5,6-epoxy-15-hydroxyeicosa-7,9,11,13-tetraenoic acid; (7e,9e,11z,13e)-(5s,6s,15s)-5,6-epoxy-15-hydroxyicosa-7,9,11,13-tetraenoic acid"
c14816,sch 59884
c14817,bms 379224
c14818,fe2+; fe(ii); ferrous ion; iron(2+)
c14819,fe3+; fe(iii); ferric ion; iron(3+)
c14820,"11(r)-hpete; (5z,8z,12e,14z)-(11r)-hydroperoxyeicosa-5,8,12,14-tetraenoic acid; (5z,8z,12e,14z)-(11r)-hydroperoxyicosa-5,8,12,14-tetraenoic acid"
c14821,"9(s)-hpete; (5z,7e,11z,14z)-(9s)-9-hydroperoxyeicosa-5,7,11,14-tetraenoic acid; (5z,7e,11z,14z)-(9s)-9-hydroperoxyicosa-5,7,11,14-tetraenoic acid"
c14822,"12(r)-hete; (5z,8z,10e,14z)-(12r)-12-hydroxyeicosa-5,8,10,14-tetraenoic acid; (5z,8z,10e,14z)-(12r)-12-hydroxyicosa-5,8,10,14-tetraenoic acid"
c14823,"8(s)-hpete; (5z,9e,11z,14z)-(8s)-8-hydroperoxyeicosa-5,9,11,14-tetraenoic acid; (5z,9e,11z,14z)-(8s)-8-hydroperoxyicosa-5,9,11,14-tetraenoic acid"
c14824,"8(r)-hete; (5z,9e,11z,14z)-(8r)-8-hydroxyeicosa-5,9,11,14-tetraenoate; (5z,9e,11z,14z)-(8r)-8-hydroxyicosa-5,9,11,14-tetraenoate; (5z,9e,11z,14z)-(8r)-8-hydroxyeicosa-5,9,11,14-tetraenoic acid; (5z,9e,11z,14z)-(8r)-8-hydroxyicosa-5,9,11,14-tetraenoic acid"
c14825,"9(10)-epome; (9r,10s)-(12z)-9,10-epoxyoctadecenoic acid"
c14826,"12(13)-epome; (12r,13s)-(9z)-12,13-epoxyoctadecenoic acid"
c14827,"9(s)-hpode; 9(s)-hpod; (10e,12z)-(9s)-9-hydroperoxyoctadeca-10,12-dienoic acid; (9s,10e,12z)-9-hydroperoxy-10,12-octadecadienoate"
c14828,"9,10-dhome; 9,10-dhoa; (12z)-9,10-dihydroxyoctadec-12-enoic acid"
c14829,"12,13-dhome; 12,13-dhoa; (9z)-12,13-dihydroxyoctadec-9-enoic acid"
c14830,gdp-4-keto-6-l-deoxygalactose
c14831,"8(r)-hpode; (9z,12z)-(8r)-8-hydroperoxyoctadeca-9,12-dienoic acid; (8r,9z,12z)-8-hydroperoxyoctadeca-9,12-dienoate"
c14832,"12,13-epoxy-9-hydroxy-10-octadecenoate; 12(r),13(s)-epoxy-9(s)-hydroxy-10(e)-octadecenoic acid; (10e)-(9s,12r,13s)-12,13-epoxy-9-hydroxyoctadec-10-enoic acid"
c14833,"9,12,13-trihome; 9(s),12(s),13(s)-trihydroxy-10(e)-octadecenoic acid; (10e)-(9s,12s,13s)-9,12,13-trihydroxyoctadec-10-enoic acid"
c14834,"9,10-epoxy-13-hydroxy-11-octadecenoate; (11e)-9,10-epoxyoctadecenoic acid"
c14835,"9,10,13-trihome; 9,10,13-trihydroxyoctadec-11-enoic acid; (11e)-9,10,13-trihydroxyoctadec-11-enoic acid"
c14836,"9,10-12,13-diepoxyoctadecanoate; 9,10-12,13-diepoxyoctadecanoic acid"
c14837,"9,10-dihydroxy-12,13-epoxyoctadecanoate; 9,10-dihydroxy-12,13-epoxyoctadecanoic acid"
c14838,"y 23684; 2-(4-chlorophenyl)-5,6-dihydro-[1]benzothepino[5,4-c]pyridazin-3(2h)-one-7-oxide"
c14839,"bromobenzene-3,4-oxide; bromobenzene-3,4-epoxide"
c14840,"bromobenzene-2,3-oxide; bromobenzene-2,3-epoxide"
c14841,2-bromophenol; o-bromophenol
c14842,"bromobenzene-2,3-dihydrodiol; 3-bromo-3,5-cyclohexadiene-1,2-diol"
c14843,4-bromocatechol
c14844,"bromobenzene-3,4-dihydrodiol; 4-bromo-3,5-cyclohexadiene-1,2-diol"
c14845,"4-bromophenol-2,3-epoxide"
c14846,"4-bromo-3,5-cyclohexadiene-1,2-dione; 4-bromo-1,2-benzoquinone"
c14847,"3,4-dihydro-3-hydroxy-4-s-glutathionyl bromobenzene"
c14848,"2,3-dihydro-2-s-glutathionyl-3-hydroxy bromobenzene"
c14849,"benzo[a]pyrene-9,10-oxide; benzo[a]pyrene-9,10-epoxide"
c14850,"benzo[a]pyrene-7,8-oxide; benzo[a]pyrene-7,8-epoxide"
c14851,"benzo[a]pyrene-4,5-oxide; benzo[a]pyrene-4,5-epoxide"
c14852,"benzo[a]pyrene-7,8-dihydrodiol"
c14853,"benzo[a]pyrene-7,8-dihydrodiol-9,10-oxide; 7,8-dihydro-7,8-dihydroxybenzo[a]pyrene 9,10-oxide"
c14854,"9-hydroxybenzo[a]pyrene-4,5-oxide; 9-hydroxybenzo[a]pyrene-4,5-epoxide"
c14855,"4,5-dihydro-4-hydroxy-5-s-glutathionyl-benzo[a]pyrene"
c14856,"7,8-dihydro-7-hydroxy-8-s-glutathionyl-benzo[a]pyrene"
c14857,"1,1-dichloroethylene epoxide; 2,2-dichlorooxirane"
c14858,"2,2-dichloroacetaldehyde"
c14859,chloroacetyl chloride
c14860,"2,2-dichloro-1,1-ethanediol"
c14861,"s-(2,2-dichloro-1-hydroxy)ethyl glutathione"
c14862,2-s-glutathionyl acetate; s-(carboxymethyl)glutathione
c14863,2-(s-glutathionyl)acetyl glutathione
c14864,s-(2-chloroacetyl)glutathione
c14865,2-(s-glutathionyl)acetyl chloride
c14866,chloral; trichloroacetaldehyde
c14867,dichloroacetyl chloride
c14868,"s-(1,2-dichlorovinyl)glutathione; dcvg"
c14869,"trichloroethanol glucuronide; urochloralic acid; 2,2,2-trichloroethyl beta-d-glucopyranosiduronic acid"
c14870,2-bromoacetaldehyde
c14871,s-(formylmethyl)glutathione
c14872,thiodiacetic acid
c14873,thiodiacetic acid sulfoxide
c14874,glutathione episulfonium ion
c14875,s-(2-hydroxyethyl)glutathione
c14876,s-(2-hydroxyethyl)-n-acetyl-l-cysteine
c14877,s-[2-(n7-guanyl)ethyl]-n-acetyl-l-cysteine
c14878,"6alpha,17-dimethyl-5alpha-androstane-3beta,17beta-diol"
c14879,"17-methyl-3-(2,4-cyclopentadien-1-ylidene)-5alpha-androstane-17beta-ol"
c14880,"16alpha,17-dihydroxypregn-4-ene-3,20-dione cyclic acetal with 2-furyl methyl ketone"
c14881,"17-hydroxy-3-oxo-19-nor-5alpha,17alpha-pregnane-21-carboxylic acid, gamma-lactone"
c14882,"2alpha-methyl-5alpha-androstane-3alpha,17beta-diol"
c14883,"(3beta,5alpha,11beta,17beta)-9-fluoro-17-methylandrostane-3,11,17-triol; 9-fluoro-17alpha-methyl-5alpha-androstane-3beta,11beta,17-triol"
c14884,"cis-1,3,4,6,7,11b-hexahydro-9-methoxy-2h-benzo[a]quinolizine-3-carboxylic acid ethyl ester"
c14885,"9-fluoro-11beta-hydroxy-16beta-methylandrosta-1,4-diene-3,17-dione"
c14886,"16beta-fluoroandrost-4-ene-3,17-dione"
c14887,"11alpha,17beta-dihydroxy-17alpha-methylandrosta-1,4-dien-3-one"
c14888,"(+)-methallenestrilphenol; (+)-3-(6-hydroxy-2-naphthyl)-2,2-dimethylpentanoic acid; (+)-beta-ethyl-6-hydroxy-alpha,alpha-dimethyl-2-naphthalenepropanoic acid"
c14889,"5alpha-androstane-2beta-fluoro-17beta-ol-3-one acetate; (2beta,5alpha,17beta)-17-(acetyloxy)-2-fluoro-androstan-3-one"
c14890,17beta-hydroxy-6beta-methylandrost-4-en-3-one; 6beta-methyltestosterone
c14891,"7alpha,17beta-dihydroxy-17alpha-methylandrost-4-en-3-one; 7alpha-hydroxy-17alpha-methyltestosterone"
c14892,"17-allylestra-1,3,5(10)-triene-3,17beta-diol"
c14893,2-(4-chlorophenyl)-3-phenyl-3-(2-pyridinyl)acrylonitrile
c14894,"3',6'-dihydroxy-2',4,4'-trimethoxy-chalcone; 1-(3,6-dihydroxy-2,4-dimethoxyphenyl)-3-(4-methoxyphenyl)-2-propen-1-one"
c14895,"1-(2-hydroxy-3,4,5,6-tetramethoxyphenyl)-3-(2,3,4,6-tetramethoxyphenyl)-2-propen-1-one"
c14896,"1-methyl-6-(1,2,3,4-tetrahydro-6-methoxy-2-naphthyl)-2(1h)-pyridone"
c14897,"p-(3,4-dihydro-6-methoxy-2-naphthyl)phenol"
c14898,"4,4a,5,6,7,8-hexahydro-6-(p-hydroxyphenyl)-2(3h)-naphthalenone"
c14899,3-dehydro-l-gulonate 6-phosphate
c14900,"6-(1,2,3,4-tetrahydro-6-methoxy-2-naphthyl)-2(1h)-pyridone"
c14901,"1-methyl-6-(1,2,3,4-tetrahydro-6-hydroxy-2-naphthyl)-2(1h)-pyridone"
c14902,"6-(1,2,3,4-tetrahydro-6-hydroxy-2-naphthyl)-2(1h)-pyridone"
c14903,"2,3-bis(p-hydroxyphenyl)acrylonitrile"
c14904,alpha-(p-methoxyphenyl)-3-pyridineacrylonitrile
c14905,2-chloro-beta-(4-chlorophenyl)phenethyl alcohol
c14906,"(5alpha,17beta)-3-methyl-androst-2-en-17-ol"
c14907,"7alpha,17beta-dihydroxyandrosta-1,4-dien-3-one"
c14908,"3-ethyl-1,3,4,6,7,11b-hexahydro-9,10-dimethoxy-2h-benzo[a]quinolizin-2-one"
c14909,"9alpha-hydroxyandrosta-1,4-diene-3,17-dione"
c14910,"4,4-difluoro-17beta-hydroxy-17alpha-methyl-androst-5-en-3-one"
c14911,17beta-hydroxy-2-oxa-5alpha-androstan-3-one
c14912,"1,2,4,5-tetrahydrotestolactone; d-homo-17a-oxa-5alpha-androstane-3,17-dione"
c14913,17beta-hydroxy-4-oxa-5alpha-androstan-3-one acetate
c14914,"3beta-chloro-n,n-bis(2-chloroethyl)-androst-5-en-17beta-amine"
c14915,"3-(2,4-cyclopentadien-1-ylidene)-5alpha-androstan-17beta-ol"
c14916,nirvanol
c14917,"9-thiocyanato-androst-4-ene-3,11,17-trione"
c14918,"9-bromo-16alpha-methyl-pregn-4-ene-3,11,20-trione"
c14919,17beta-hydroxy-2alpha-(methoxymethyl)-17-methyl-5alpha-androstan-3-one
c14920,"n-(6-oxo-6h-dibenzo[b,d]pyran-3-yl)acetamide"
c14921,3-oxo-n-phenyl-n-(phenylmethyl)butanamide
c14922,"15beta-hydroxy-7alpha-mercapto-pregn-4-ene-3,20-dione 7-acetate"
c14923,"12alpha-(chloromethyl)-12-hydroxy-pregn-4-ene-3,20-dione"
c14924,"3beta,21-dihydroxy-pregna-5,7,9(11)-trien-20-one diacetate"
c14925,"17beta-hydroxy-2-methylandrost-1,4-dien-3-one"
c14926,"3-hydroxy-2-(4-morpholinylmethyl)estra-1,3,5(10)-trien-17-one; 2-morpholinomethylestrone"
c14927,"n-(6-oxo-6h-dibenzo[b,d]pyran-2-yl)methanesulfonamide"
c14928,17-[[3-(1-pyrrolidinyl)propyl]imino]androst-5-en-3beta-ol acetate
c14929,17beta-hydroxy-16alpha-methoxy-androst-4-en-3-one
c14930,"3-methoxy-androsta-3,5-diene-7,17-dione"
c14931,"16-butyl-3-methoxy-estra-1,3,5(10)-triene-16beta,17beta-diol"
c14932,11beta-hydroxy-5alpha-androstan-17-one
c14933,17-propyl-5alpha-androst-2-en-17beta-ol
c14934,"16-propyl-3-methoxy-estra-1,3,5(10)-triene-16beta,17beta-diol"
c14935,m-(beta-acetyl-alpha-ethyl-p-hydroxyphenethyl)benzoic acid
c14936,2-(p-methoxyphenyl)-3-(m-chlorophenyl)acrylonitrile
c14937,"6beta-(dimethylamino)-3beta,5-dihydroxy-5alpha-pregnan-20-one"
c14938,n-[(4-chlorophenyl)methyl]-n-ethyl-2-pyridinamine
c14939,"11beta-17-dihydroxy-6alpha-methylpregn-4-ene-3,20-dione; 6alpha-methyl-11beta,17alpha-dihydroxyprogesterone"
c14940,"2,3-dihydro-2-(4-hydroxyphenyl)-5,6,7,8-tetramethoxy-4h-1-benzopyran-4-one"
c14941,pyrethrin; pyrethrum
c14942,"2-(2,4,5-trimethoxyphenyl)-5,6,7,8-tetramethoxy-4h-1-benzopyran-4-one"
c14943,"2-(2,5-dimethoxyphenyl)-5,6,7,8-tetramethoxy-4h-1-benzopyran-4-one"
c14944,"2-(3,5-dimethoxyphenyl)-5,6,7,8-tetramethoxy-4h-1-benzopyran-4-one"
c14945,"3-methoxy-16-methyl-estra-2,5(10)-diene-16beta,17beta-diol"
c14946,1-dehydro-15alpha-hydroxytestololactone
c14947,"17-propylestra-1,3,5(10)-triene-3,17beta-diol diacetate"
c14948,"2-(4-ethoxyphenyl)-5,6,7,8-tetramethoxy-4h-1-benzopyran-4-one"
c14949,"3-[(2,6-dichlorobenzylidene)amino]-6h-dibenzo[b,d]pyran-6-one"
c14950,"3-[(2,4-dichlorobenzylidene)amino]-6h-dibenzo[b,d]pyran-6-one"
c14951,"3-[(2-chlorobenzylidene)amino]-6h-dibenzo[b,d]pyran-6-one"
c14952,"3-amino-6h-dibenzo[b,d]pyran-6-one"
c14953,"2-(3,4,5-trimethoxyphenyl)-5,6,7,8-tetramethoxy-4h-1-benzopyran-4-one"
c14954,"17-methylandrosta-4,6-diene-3beta,17beta-diol 3-acetate"
c14955,"17beta-(acetylthio)estra-1,3,5(10)-trien-3-ol acetate"
c14956,3alpha-hydroxy-2alpha-methyl-5alpha-androstan-17-one; 2alpha-methylandrosterone
c14957,3beta-(acetyloxy)-5beta-methyl-6beta-chloroestr-9-en-17-one
c14958,17a-aza-d-homoandrost-5-en-3beta-ol
c14959,"estra-1,3,5(10),16-tetraen-3-ol benzoate"
c14960,"1alpha,5alpha-dimercaptoandrostane-3alpha,17beta-diol"
c14961,3beta-hydroxy-16beta-(hydroxymethyl)-5alpha-androstan-17-one
c14962,"17-hydroxy-5alpha,17alpha-pregn-1-en-3-one"
c14963,"2-[4-(acetyloxy)phenyl]-5,6,7,8-tetramethoxy-4h-1-benzopyran-4-one"
c14964,"11alpha-hydroxy-12alpha-methyl-pregn-4-ene-3,20-dione"
c14965,"n-(6-oxo-6h-dibenzo[b,d]pyran-3-yl)methanesulfonamide"
c14966,17beta-[bis(2-hydroxyethyl)amino]androst-5-en-3beta-ol
c14967,1-[2-bromo-1-(4-chlorophenyl)ethenyl]-2-chlorobenzene
c14968,"3-(2,4-cyclopentadien-1-ylidene)pregn-4-en-20-one"
c14969,"4',6-dihydroxy-5,7-dimethoxyflavanone; 2,3-dihydro-6-hydroxy-2-(4-hydroxyphenyl)-5,7-dimethoxy-4h-1-benzopyran-4-one"
c14970,"2alpha-(hydroxymethyl)-5alpha-androstane-3beta,17beta-diol"
c14971,"n-(6-oxo-6h-dibenzo[b,d]pyran-3-yl)-2,2,2-trifluoroacetamide"
c14972,"3-deoxyestrone; adopron; estra-1,3,5(10)-trien-17-one"
c14973,17beta-hydroxy-7alpha-mercaptoandrost-4-en-3-one 7-propionate; s-(17beta-hydroxy-3-oxoandrost-4-en-7alpha-yl)propanethioate
c14974,"3-methoxy-16-methylestra-1,3,5(10)-triene-16beta,17beta-diol 17-acetate"
c14975,d-homo-17a-oxa-5alpha-androstan-3beta-ol
c14976,"3alpha,21-dihydroxy-d-homo-5beta-pregn-17a(20)-en-11-one"
c14977,"2alpha-(hydroxymethyl)-17-methyl-5alpha-androstane-3beta,17beta-diol"
c14978,17beta-hydroxy-2alpha-(methoxymethyl)-5alpha-androstan-3-one
c14979,3beta-cyclopentyl-5alpha-androstan-17beta-ol
c14980,"16beta-methyl-d-homo-17a-oxa-5alpha-androstane-3,17-dione"
c14981,3beta-fluoro-5beta-pregnan-20-one
c14982,"6beta,17-dimethyl-5alpha-androstane-3beta,17beta-diol"
c14983,"6beta-hydroxy-d-homo-17a-oxaandrost-4-ene-3,17-dione"
c14984,"17-hydroxy-3-oxo-19-nor-5beta,17alpha-pregnane-21-carboxylic acid, gamma-lactone"
c14985,"6-hydroxy-4',5,7-trimethoxyflavone; 6-hydroxy-2-(4-methoxyphenyl)-5,7-dimethoxy-4h-1-benzopyran-4-one"
c14986,"2-(4-hydroxyphenyl)-5,6,7-trimethoxy-4h-1-benzopyran-4-one; 4'-hydroxy-5,6,7-trimethoxyflavone"
c14987,"2,3-dihydroxycyclopentaneundecanoic acid"
c14988,"4-nitroestra-1,3,5(10)-triene-3,17beta-diol; 4-nitroestradiol"
c14990,"cyclic-3,20-bis(1,2-ethanediyl acetal)-11alpha-(acetyloxy)-5alpha,6alpha-epoxypregnane-3,20-dione"
c14991,"3beta,21-dihydroxy-4,4,14-trimethyl-5alpha-pregn-8-en-20-one"
c14992,"3-(acetyloxy)-9-mercaptoandrosta-3,5-diene-11,17-dione"
c14993,nonylphenol
c14994,"3-methoxy-16-octylestra-1,3,5(10)-triene-16beta,17beta-diol"
c14995,"3-methoxy-16-ethylestra-1,3,5(10)-triene-16beta,17beta-diol"
c14996,"12-(2,3-dihydroxycyclopentyl)-2-dodecanone"
c14997,"6-hydroxy-4',5,7-trimethoxyflavanone; 2,3-dihydro-6-hydroxy-2-(4-methoxyphenyl)-5,7-dimethoxy-4h-1-benzopyran-4-one"
c14998,17beta-(1h-imidazol-4-yl)androst-5-en-3beta-ol
c14999,"10-hydroxyestra-1,4-dien-3-one acetate"
c15000,17beta-(benzoyloxy)-b-norandrost-4-en-3-one
c15001,3beta-(acetyloxy)-5alpha-androst-16-ene-16-carboxaldehyde
c15002,"11alpha,15alpha-dihydroxypregn-4-ene-3,20-dione"
c15003,17-hydroxy-19-nor-17alpha-pregn-5(10)-en-3-one
c15004,16beta-chloro-17beta-hydroxyandrost-4-en-3-one; 16beta-chlorotestosterone
c15005,"4-aminoestra-1,3,5(10)-triene-3,17beta-diol"
c15006,"2-aminoestra-1,3,5(10)-triene-3,17beta-diol; 2-aminoestradiol"
c15007,"2-nitroestra-1,3,5(10)-triene-3,17beta-diol; 2-nitroestradiol"
c15008,"1,2,3,4,4a,9,10,10a-octahydro-6-hydroxy-7-isopropyl-1,4a-dimethyl-1-phenanthrenemethanol"
c15009,"17beta-hydroxyandrost-4-ene-3,11-dione propionate"
c15010,"16beta-chloroandrost-4-ene-3,17-dione"
c15011,"11beta,17beta-dihydroxy-6alpha,17-dimethylandrost-4-en-3-one"
c15012,"17beta-hydroxy-2,17-dimethyl-5alpha-androst-1-en-3-one"
c15013,"3beta-(1-pyrrolidinyl)-5alpha-pregnane-11,20-dione"
c15014,"3-(2-propenyloxy)estra-1,3,5(10)-triene-16,17-dione 16-oxime"
c15015,"2beta,21-dihydroxypregn-4-ene-3,20-dione"
c15016,"19-norpregna-4,17(20)-dien-3-one"
c15017,17beta-hydroxy-5alpha-androst-2-ene-2-carboxaldehyde
c15018,"3-hydroxy-2-nitroestra-1,3,5(10)-trien-17-one; 2-nitroestrone"
c15019,"4'-hydroxy-5,6,7-trimethoxyflavanone; 2,3-dihydro-2-(4-hydroxyphenyl)-5,6,7-trimethoxy-4h-1-benzopyran-4-one"
c15020,"17beta-methylestra-1,3,5(10)-trien-3-ol"
c15021,"4,4'-(diphenylethenylidene)bis[n,n-dimethylbenzenamine]"
c15022,"11alpha,17beta-dihydroxy-2alpha,17-dimethylandrost-4-en-3-one"
c15023,19-chloro-3beta-hydroxyandrost-5-en-17-one acetate
c15024,19-chloro-17beta-hydroxyandrost-4-en-3-one
c15025,(s)-carnitine; d-carnitine
c15026,"l-365260; n-[(3r)-2,3-dihydro-1-methyl-2-oxo-5-phenyl-1h-1,4-benzodiazepin-3-yl]-n'-(3-methylphenyl)urea"
c15027,"2,2-dimethyl-3,4-bis(4-methoxyphenyl)-2h-1-benzopyran-7-ol acetate"
c15028,"alpha-ethyl-alpha,beta-diphenyl-2-pyridineethanol"
c15029,"3,6-dimethoxy-19-norpregna-1,3,5,7,9-pentaen-20-one"
c15030,"3,6-dimethoxyestra-1,3,5(10),6,8-pentaene-17beta-carboxylic acid methyl ester"
c15031,"nortangeretin; 2-(4-hydroxyphenyl)-5,6,7,8-tetrahydroxy-4h-1-benzopyran-4-one; 5,6,7,8,4'-pentahydroxyflavone"
c15032,1-(4-methoxyphenyl)-3-(4-morpholinyl)-1-propanone; 4'-methoxy-3-morpholino-propiophenone
c15033,"hydroxystenozole; 17alpha-methyl-2'h-androsta-2,4-dieno[3,2-c]pyrazol-17beta-ol"
c15034,"16alpha-hydroxycorticosterone; 11beta,16alpha,21-trihydroxypregn-4-ene-3,20-dione"
c15035,17beta-hydroxy-2alpha-(hydroxymethyl)-5alpha-androstan-3-one
c15036,"2alpha-methyl-5alpha-androstane-3,17-dione"
c15037,"oplophorus luciferin; 8-benzyl-2-(4-hydroxybenzyl)-6-(4-hydroxyphenyl)imidazo-[1,2a]pyrazin-3(7h)-one; coelenterazine"
c15038,oxidized oplophorus luciferin; coelenteramide
c15039,3-(m-aminophenyl)-2-(p-methoxyphenyl)acrylonitrile
c15040,"gyki 52466; 4-(8-methyl-9h-1,3-dioxolo[4,5-h][2,3]benzodiazepin-5-yl)benzenamine"
c15041,"17-methylandrost-5-ene-3beta,11beta,17beta-triol"
c15042,4-(2-pyrazinylethenyl)phenol
c15043,2-[2-(4-pyridinyl)-1-butenyl]phenol
c15044,"2,3-dimethoxy-[2-(4-pyridinyl)-1-butenyl]phenol; 4-[1-[(2,3-dimethoxyphenyl)methylene]propyl]pyridine"
c15045,4-chloro-[2-(4-pyridinyl)-1-butenyl]phenol; 4-[1-[(4-chlorophenyl)methylene]propyl]pyridine
c15046,"pregna-5,16,20-triene-3beta,20-diol diacetate"
c15047,"11,17-dimethyl-5alpha-androstane-11beta,17beta-diol"
c15048,7-(acetyloxy)-3-(3-pyridinyl)-2h-1-benzopyran-2-one
c15049,(2-butylbenzofuran-3-yl)(4-hydroxyphenyl)ketone; 2-butyl-3-(4-hydroxybenzoyl)benzofuran
c15050,"2,2-dimethyl-3-[4-(acetyloxy)phenyl]-4-ethyl-2h-1-benzopyran-7-ol acetate; 4-ethyl-3-(p-hydroxyphenyl)-2,2-dimethyl-2h-1-benzopyran-7-ol diacetate"
c15051,7-hydroxy-3-(4-methoxyphenyl)-4-propyl-2h-1-benzopyran-2-one; 7-hydroxy-3-(4-methoxyphenyl)-4-propylcoumarin
c15052,7-hydroxy-3-(4-methoxyphenyl)-4-methylcoumarin; 7-hydroxy-3-(4-methoxyphenyl)-4-methyl-2h-1-benzopyran-2-one
c15053,"2,2-dimethyl-3-(4-methoxyphenyl)-4-propyl-2h-1-benzopyran-7-ol acetate"
c15054,"2,2-dimethyl-3-(4-methoxyphenyl)-4-ethyl-2h-1-benzopyran-7-ol"
c15055,"2,2-dimethyl-3-(4-methoxyphenyl)-4-ethyl-2h-1-benzopyran-7-ol acetate"
c15056,"2,2,4-trimethyl-3-(4-fluorophenyl)-2h-1-benzopyran-7-ol acetate"
c15057,"3-ethoxyandrosta-3,5-dien-17beta-ol propanoate"
c15058,"2alpha-methyl-5alpha-androstane-3beta,17beta-diol"
c15059,"2,2,4-trimethyl-3-(4-methoxyphenyl)-2h-1-benzopyran-7-ol acetate"
c15060,"7-methoxy-2,2,4-trimethyl-3-(4-methoxyphenyl)-2h-1-benzopyran"
c15061,"2,2-dibutyl-3-(4-methoxyphenyl)-4-methyl-2h-1-benzopyran-7-ol acetate"
c15062,"17beta-hydroxy-3-methoxyestra-1,3,5(10)-triene-17-carbonitrile"
c15063,"3-methoxy-d-homoestra-1,3,5(10),8,14-pentaen-17abeta-ol"
c15064,17beta-(hydroxymethyl)androst-4-en-3-one acetate
c15065,"9-fluoro-11beta-hydroxy-a-norpregn-3(5)-ene-2,20-dione"
c15066,"alpha,alpha'-diethyl-4,4'-bis(2-propynyloxy)stilbene"
c15067,4-chloro-alpha-[4-[2-(diethylamino)ethoxy]phenyl]-alpha-phenylbenzeneethanol
c15068,17beta-hydroxy-4-oxa-5alpha-androst-1-en-3-one acetate
c15069,"4,4'-(butane-1,1-diyl)diphenol; 1,1-bis(4-hydroxyphenyl)butane"
c15070,"17beta-hydroxy-1,17-dimethylestr-5(10)-en-3-one"
c15071,"6beta-fluoro-5alpha-hydroxypregnane-3,20-dione"
c15072,"6beta,19-epoxy-17beta-hydroxyandrost-4-en-3-one"
c15073,"17alpha-chloroethynylestradiol; 21-chloro-19-nor-17alpha-pregna-1,3,5(10)-trien-20-yne-3,17-diol"
c15074,16alpha-fluoro-17alpha-hydroxyandrost-4-en-3-one
c15075,3-fluoro-1-(4-hydroxyphenyl)-1-propanone
c15076,"5,6,7,4'-tetramethoxyisoflavone; 3-(4-methoxyphenyl)-5,6,7-trimethoxy-4h-1-benzopyran-4-one"
c15077,1-phenyl-3-(phenylsulfonyl)-2-propen-1-one; 3-(phenylsulfonyl)acrylophenone
c15078,"3-methoxyestra-1,3,5(10)-triene-16,17-dione 16-oxime; 3-methoxyestra-1,3,5(10)-trien-16-oximino-17-one"
c15079,"9-fluoro-11beta-hydroxypregna-4,16-diene-3,20-dione"
c15080,"4-benzyloxy-2'-hydroxy-3',4',5',6'-tetramethoxychalcone"
c15081,"trans-1,3,4,6,7,11b-hexahydro-9-methoxy-2h-benzo[a]quinolizine-3-carboxylic acid ethyl ester"
c15082,4-(1-ethyl-2-phenylbutyl)phenol
c15083,1-chloro-2-[1-(4-chlorophenyl)ethenyl]benzene
c15084,"2,3-diphenyl-3-(2-pyridinyl)acrylonitrile"
c15085,"17-methyl-18-norandrosta-4,13(17)-dien-3-one"
c15086,"3-allyloxyestra-1,3,5(10),7-tetraene-16,17-dione dioxime"
c15087,"3-hydroxyestra-1,3,5(10),7-tetraene-16,17-dione 16-oxime"
c15088,4-fluoro-17beta-hydroxyandrost-4-en-3-one propionate; 4-fluorotestosterone propionate
c15089,"1,6-dihydro-1-(3-methoxyphenethyl)-6-oxonicotinic acid"
c15090,"17-hydroxy-3-oxo-17alpha-pregna-1,4-diene-21-carboxylic acid, gamma-lactone"
c15091,"9-fluoro-17beta-hydroxy-6alpha,17-dimethylandrost-4-ene-3,11-dione"
c15092,"9-fluoro-11beta,17beta-dihydroxy-16alpha-methylandrosta-1,4-dien-3-one"
c15093,3beta-fluoroandrost-5-en-17beta-ol
c15094,"gyki 52895; 4-(8,9-dihydro-8-methyl-7h-1,3-dioxolo[4,5-h][2,3]benzodiazepin-5-yl)benzenamine"
c15095,"coumestrol diacetate; 3,9-diacetoxy-6h-benzofuro[3,2-c][1]benzopyran-6-one"
c15096,"gv 150013x; n-phenyl-n'-[(3r)-2,3,4,5-tetrahydro-2,4-dioxo-1-phenyl-5-(tricyclo[3.3.1.13,7]dec-1-ylmethyl)-1h-1,5-benzodiazepin-3-yl]urea"
c15097,"androst-5-ene-3beta,17beta,19-triol"
c15098,"21-fluoro-11beta-hydroxypregn-4-ene-3,20-dione; 21-fluoro-11beta-hydroxyprogesterone"
c15099,"17beta-hydroxy-2alpha,17-dimethyl-5alpha-androstan-3-one; 2alpha,17alpha-dimethyldihydrotestosterone"
c15100,"4',6-dihydroxy-5,7-dimethoxyflavone; 6-hydroxy-2-(4-hydroxyphenyl)-5,7-dimethoxy-4h-1-benzopyran-4-one"
c15101,17-methyl-5-alpha-androst-2-en-17-beta-ol
c15102,"1,2,3,4-tetrahydro-4-oxo-1-naphthoic acid"
c15103,"11alpha,17beta-dihydroxy-1,4-androstadien-3-one"
c15104,ly-202769; 2-[2-(5-chloro-1h-indol-3-yl)ethyl]-3-[3-(1-methylethoxy)phenyl]-4(3h)-quinazolinone
c15105,"9-fluoro-16alpha-hydroxyandrost-4-ene-3,11,17-trione"
c15106,3-oxopregn-4-ene-20beta-carboxaldehyde dioxime
c15107,"3-methoxyestra-1,3,5(10),16-tetraene"
c15108,"17beta-hydroxy-6alpha,17-dimethylandrost-4-en-3-one; 6alpha,17alpha-dimethyltestosterone"
c15109,"gardenin b; 5-hydroxy-2-(4-methoxyphenyl)-6,7,8-trimethoxy-4h-1-benzopyran-4-one; 5-hydroxy-4',6,7,8-tetramethoxyflavone; demethyltangeretin"
c15110,1-[6-hydroxy-2-(4-hydroxyphenyl)-1-benzofuran-3-yl]ethanone; 6-hydroxy-2-(4-hydroxyphenyl)-3-benzofuranyl methyl ketone
c15111,1-[2-(4-hydroxyphenyl)-1-benzofuran-3-yl]ethanone; 2-(4-hydroxyphenyl)-3-benzofuranyl methyl ketone
c15112,"4,4-difluoro-17beta-hydroxyandrost-5-en-3-one propionate"
c15113,"9-fluoro-11beta,17beta-dihydroxy-2,17-dimethylandrost-4-en-3-one"
c15114,"3-methoxy-5,10-seco-5,19-cycloandrosta-1(10),2,4-trien-17-one; 3-methoxy-5,19-cyclo-5,10-secoandrosta-1(10),2,4-trien-17-one"
c15115,"11beta-hydroxy-6alpha,11-dimethylpregn-4-ene-3,20-dione; 11beta-hydroxy-6alpha,11-dimethylprogesterone"
c15116,"2alpha-methylpregn-4-ene-3,20-dione; 2alpha-methylprogesterone"
c15117,"3-methyl-19-nor-17alpha-pregna-1,3,5(10)-trien-17-ol"
c15118,"4',5,6,7-tetramethoxyflavanone; 2,3-dihydro-2-(4-methoxyphenyl)-5,6,7-trimethoxy-4h-1-benzopyran-4-one"
c15119,b-norcholest-4-en-3-one
c15120,alpha-(p-methoxyphenyl)-4-pyridineacrylic acid
c15121,alpha-(p-methoxyphenyl)-2-pyridineacrylonitrile
c15122,alpha-(p-methoxyphenyl)-6-methyl-2-pyridineacrylic acid
c15123,"1,1-dichloro-2,2-diphenylethane"
c15124,"3-methoxy-d-homoestra-1,3,5(10),8-tetraen-17a-one"
c15125,n-(cyclohexylmethyl)-n-methylbenzenamine; n-methyl-n-phenylcyclohexanemethylamine
c15126,"2,17beta-dihydroxy-17-methylandrosta-1,4-dien-3-one"
c15127,"6alpha-fluoropregn-4-ene-3,20-dione; 6alpha-fluoroprogesterone"
c15128,"1'h-5alpha-androst-2-eno[3,2-b]indol-17beta-ol"
c15129,"estra-1,3,5(10)-triene-2,17beta-diol; 2-hydroxy-3-deoxyestradiol"
c15130,"6beta,19-epoxypregn-4-ene-3,20-dione"
c15131,"2,5-dimethoxystilbene; 1,4-dimethoxy-2-(2-phenylethenyl)benzene"
c15132,"11alpha,12alpha-epoxy-5beta-pregnane-3,20-dione"
c15133,"4-methyl-4-aza-5-pregnene-3,20-dione"
c15134,"3-(1,2,3,4-tetrahydro-6-hydroxy-2-naphthyl)cyclopentanone"
c15135,3beta-hydroxy-17-oxoandrost-5-en-19-al acetate
c15136,3beta-hydroxy-d-homo-17a-oxa-5alpha-androstan-17-one; isoandrololactone
c15137,17beta-hydroxy-2alpha-(hydroxymethyl)-17-methyl-5alpha-androstan-3-one
c15138,"17beta-methoxyandrost-5-ene-3beta,16beta-diol"
c15139,d-homo-17a-oxa-5alpha-androstan-3beta-ol acetate
c15140,"3,3-difluoro-17-methyl-5alpha-androstan-17beta-ol"
c15141,n-(phenylmethyl)-n-methyl-2-pyridinamine
c15142,"3-methoxy-d-homoestra-1,3,5(10),8-tetraen-17abeta-ol"
c15143,"(2-butylbenzofuran-3-yl)(4-hydroxy-3,5-diiodophenyl)ketone"
c15144,"16beta,17beta-dihydroxy-16-methylestr-4-en-3-one"
c15145,"4,4-bis[4-(acetyloxy)phenyl]3-hexanone; 4,4-bis(4-hydroxyphenyl)-3-hexanone diacetate"
c15146,"pregna-4,16-diene-3,11,20-trione"
c15147,"9-fluoro-11beta-hydroxy-16alpha-methylandrosta-1,4-diene-3,17-dione"
c15148,"9-fluoro-16alpha-methylpregn-4-ene-3,11,20-trione"
c15149,17beta-acetamidoandrost-4-en-3-one
c15150,"14-hydroxyandrosta-1,4-diene-3,17-dione"
c15151,17beta-hydroxy-4-oxa-5alpha-estr-1-en-3-one acetate
c15152,"4,4-difluoropregn-5-ene-3,20-dione"
c15153,"(-)-methallenestrilphenol; (-)-3-(6-hydroxy-2-naphthyl)-2,2-dimethylpentanoic acid; (-)-beta-ethyl-6-hydroxy-alpha,alpha-dimethyl-2-naphthalenepropanoic acid"
c15154,"4beta,5beta-epoxypregnane-3,20-dione"
c15155,"9-bromo-11beta-hydroxy-16alpha-methylpregn-4-ene-3,20-dione"
c15156,3-acetyl-5alpha-androst-2-en-17beta-ol
c15157,"3-acetyl-5alpha-androstane-3beta,17beta-diol 3-acetate"
c15158,3alpha-ethynyl-3-hydroxy-5alpha-androstan-17-one
c15159,"3beta,13-dihydroxy-16-(hydroxymethylene)-13,17-seco-5alpha-androstan-17-oic acid, delta-lactone"
c15160,"2,2-dimethyl-3-(4-methoxyphenyl)-4-ethyl-6-(1-pyrrolidinylmethyl)-2h-1-benzopyran-7-ol"
c15161,"2,2-dimethyl-3-(4-methoxyphenyl)-4-ethyl-7-hydroxy-2h-1-benzopyran-8-methanol diacetate"
c15162,"2,2-dimethyl-3-(4-methoxyphenyl)-4-ethyl-8-(1-pyrrolidinylmethyl)-2h-1-benzopyran-7-ol"
c15163,"17-[(benzylamino)methyl]estra-1,3,5(10)-triene-3,17beta-diol"
c15164,"12alpha-fluoro-11beta,17beta-dihydroxyandrost-4-en-3-one"
c15165,"12alpha-fluoro-11beta,17beta-dihydroxyandrosta-1,4-dien-3-one"
c15166,"5alpha-androstane-2alpha-fluoro-17beta-ol-3-one acetate; (2alpha,5alpha,17beta)-17-(acetyloxy)-2-fluoro-androstan-3-one"
c15167,"3-methoxy-19-norpregna-1,3,5(10)-trien-20-one"
c15168,"4,4'-(2-ethyl-1-butenylidene)diphenol; 1,1-bis(4-hydroxyphenyl)-2-ethyl-1-butene"
c15169,"16alpha-fluoroandrost-4-ene-3,17-dione"
c15170,"17-methyl-18,19-dinor-17alpha-pregna-4,13-dien-3-one"
c15171,17beta-hydroxyestr-4-en-3-one benzoate; nandrolone benzoate
c15172,"6alpha-fluoro-11beta,17-dihydroxypregn-4-ene-3,20-dione; 6alpha-fluoro-11beta,17-dihydroxyprogesterone"
c15173,3beta-hydroxy-16-phosphonopregn-5-en-20-one monoethyl ester; (3beta-hydroxy-20-oxopregn-5-en-16-yl)phosphonic acid monoethyl ester
c15174,"estra-1,3,5-(10)-trien-17-one-3-oxyacetic acid; 3-o-(carboxymethyl)estrone"
c15175,"17beta-hydroxy-4,17-dimethyl-4-azaandrost-5-en-3-one"
c15176,"17-methyl-5alpha-androst-2-ene-1alpha,17beta-diol"
c15177,"17-methylandrosta-2,4-dieno[2,3-d]isoxazol-17beta-ol"
c15178,5-nitro-2-furancarboxaldehyde (2-hydroxyethyl)hydrazone
c15179,"1,1-diphenyl-2-(4-methoxyphenyl)propene"
c15180,17beta-hydroxy-4-mercaptoandrost-4-en-3-one 4-acetate 17-propionate
c15181,wortmannin
c15182,temsirolimus; cci 779; 42-[3-hydroxy-2-(hydroxymethyl)-2-methylpropanoate]rapamycin
c15183,ap 23573; 42-(dimethylphosphinate)rapamycin; deforolimus
c15184,17beta-hydroxy-6alpha-methylandrost-4-en-3-one; 6alpha-methyltestosterone
c15185,"21-acetyloxy-17-hydroxypregna-1,4-diene-3,20-dione; 11-deoxyprednisone acetate"
c15186,"5alpha,17alpha-pregn-2-en-20-yn-17-ol acetate; 17alpha-ethynyl-5alpha-androst-2-en 17beta-acetate"
c15187,"11beta,12beta-epoxypregn-4-ene-3,20-dione; 11beta,12beta-epoxyprogesterone"
c15188,"19-nor-5alpha-pregnane-3,20-dione"
c15189,3-(4-chlorophenyl)-2h-1-benzopyran-2-one; 3-(p-chlorophenyl)coumarin
c15190,"12alpha-methylpregna-4,9(11)-diene-3,20-dione"
c15191,(2-isopropyl-1-benzofuran-3-yl)(4-hydroxyphenyl)methanone; 2-isopropyl-3-(4-hydroxybenzoyl)benzofuran
c15192,"9beta,11beta-epoxy-17beta-hydroxy-17-methylandrost-4-en-3-one"
c15193,2-[3-ethyl-5-(4-methoxyphenyl)-1h-pyrazol-4-yl]phenol
c15194,"androsta-4,9(11)-diene-3,17-dione; 9(11)-dehydroandrostenedione"
c15195,ly 294002; 2-(4-morpholinyl)-8-phenyl-4h-1-benzopyran-4-one
c15196,"3,4-dihydro-8,9-dihydroxy-1(2h)-anthracenone"
c15197,17beta-pyrazol-3-ylandrost-5-en-3beta-ol
c15198,"3-ethyl-5alpha-androstane-3alpha,17beta-diol"
c15199,"3-ethynyl-5alpha-androstane-3beta,17beta-diol"
c15200,"9beta,11beta-epoxyandrost-4-ene-3,17-dione"
c15201,"5beta-estrane-3alpha,17beta-diol; 19-nor-5beta-androstane-3alpha,17beta-diol"
c15202,2'-chloro-4-biphenylol
c15203,6-hydroxy-2'-methoxyflavone; 6-hydroxy-2-(2-methoxyphenyl)-4h-1-benzopyran-4-one
c15204,3'-hydroxyflavanone
c15205,diisobutyl phthalate; dibp
c15206,"3,3-bis(4-hydroxyphenyl)pentane; 4,4'-(1-ethylpropane-1,1,-diyl)diphenol"
c15207,17beta-estradiol-3-(beta-d-glucuronide) 17-sulfate; estradiol 3-glucuronide 17beta-sulfate
c15208,"bisphenol a bis(2-hydroxypropyl) ether; bisphenol a propoxylate; 2,2-bis[4-(2-hydroxy-2-methylethoxy)phenyl]propane"
c15209,bisphenol a ethoxylate diacrylate
c15210,"1,1-bis(4-hydroxyphenyl)propane"
c15211,"4,4-bis(4-hydroxyphenyl)heptane"
c15212,"2,2',5-trichloro-4-hydroxybiphenyl"
c15213,"2,2',3',4,4',5,5'-heptachloro-3-biphenylol"
c15214,"alpha-hexachlorocyclohexane; alpha-hch; 1alpha,2alpha,3beta,4alpha,5beta,6beta-hexachlorocyclohexane; alpha-lindane"
c15215,"3-hydroxyestra-1,3,5(10)-trien-16-one"
c15216,"3-methoxyestriol; estriol 3-methyl ether; 3-methoxyestra-1,3,5(10)-triene-16alpha,17beta-diol"
c15217,4-[1-ethyl-2-(4-methylphenyl)butyl]phenol; 3-(p-phenyl)-4-(p-tolyl)hexane
c15218,"2,2',4,4'-tetrahydroxybenzil; bis(2,4-dihydroxyphenyl)ethanedione"
c15219,"2,6-dimethylhexestrol; 4-[1-ethyl-2-(4-hydroxyphenyl)butyl]-3,5-dimethylphenol"
c15220,2-chloro-4-methylphenol; 2-chloro-p-cresol
c15221,diisononyl phthalate
c15222,"3,6,4'-trihydroxyflavone; 3,6-dihydroxy-2-(4-hydroxyphenyl)-4h-1-benzopyran-4-one"
c15224,tributyltin chloride; tri-n-butylchlorotin; tributylchlorostannane
c15225,manzeb; mancozeb
c15226,thallium chloride; thallous chloride
c15227,potassium dichromate
c15228,"beta-estradiol 17-acetate; estra-1,3,5(10)-triene-3,17beta-diol 17-acetate; 17beta-acetylestradiol"
c15229,ziram
c15230,"iprobenfos; ibp; kitazin p; s-benzyl o,o-diisopropyl phosphorothioate"
c15231,maneb
c15232,zineb
c15233,cadmium chloride
c15234,lead nitrate
c15235,antimony trichloride; antimony(iii) chloride; trichlorostibine
c15236,"8-hydroxy-2,3,4-trichlorodibenzofuran"
c15237,8-hydroxy-2-chlorodibenzofuran; 8-chloro-2-dibenzofuranol
c15238,"8-hydroxy-3,4,6-trichlorodibenzofuran; 4,6,7-trichloro-2-dibenzofuranol"
c15239,"8-hydroxy-3,4-dichlorodibenzofuran; 6,7-dichloro-2-dibenzofuranol"
c15240,"6-hydroxy-3,4-dichlorodibenzofuran; 6,7-dichloro-4-dibenzofuranol"
c15241,8-hydroxy-3-chlorodibenzofuran; 7-chloro-2-dibenzofuranol
c15242,"8-chloro-2,7-dibenzofurandiol; 3,8-dihydroxy-2-chlorodibenzofuran"
c15243,"3-hydroxy-2,8-dichlorodibenzofuran; 2,8-dichloro-3-dibenzofuranol"
c15244,"7-hydroxy-1,2,3,6,8-pentachlorodibenzofuran; 2,4,7,8,9-pentachloro-3-dibenzofuranol"
c15245,"7-hydroxy-3,4-dichlorodibenzofuran; 6,7-dichloro-3-dibenzofuranol"
c15246,"9-hydroxy-3,4-dichlorodibenzofuran; 6,7-dichloro-1-dibenzofuranol"
c15247,"9-hydroxy-2,6-dichlorodibenzofuran; 4,8-dichloro-1-dibenzofuranol"
c15248,"4-hydroxy-2',3,5,5'-tetrachlorobiphenyl; 2',3,5,5'-tetrachloro-4-biphenylol"
c15249,"2-(3,5-dichlorophenylcarbamoyl)-1,2-dimethylcyclopropane-1-carboxylic acid"
c15250,"3-(3,4-dichlorophenyl)-1-hydroxy-1-methylurea; hydroxylinuron"
c15251,3-aza-a-homocholest-4a-en-4-one
c15252,"17beta-hydroxy-4alpha-methyl-5alpha-androstan-3-one; 4,5alpha-dihydro-4alpha-methyltestosterone"
c15253,16beta-fluoro-17beta-hydroxyandrost-4-en-3-one propionate; 16beta-fluorotestosterone propionate
c15254,"3-(allyloxy)estra-1,3,5(10)-triene-16alpha,17beta-diol; 3-(2-propenyloxy)estra-1,3,5(10)-triene-16alpha,17beta-diol; 3-allyloxyestriol"
c15255,"1-methylestra-1,3,5(10),6-tetraene-3,17beta-diol"
c15256,"6alpha-fluoro-17-hydroxycorticosterone 21-acetate; 6alpha-fluoro-11beta,17,21-trihydroxypregn-4-ene-3,20-dione 21-acetate"
c15257,17beta-hydroxyestr-5(10)-en-3-one; prenortestosterone
c15258,17beta-hydroxy-2alpha-methylestr-4-en-3-one; 2alpha-methyl-19-nortestosterone
c15259,"17beta-hydroxy-2alpha,17-dimethylestr-4-en-3-one; 2alpha,17-dimethyl-19-nortestosterone"
c15260,"5beta-pregn-11-ene-3,20-dione"
c15261,"estra-1,3,5(10)-triene-3,16beta-diol; 16beta-estradiol"
c15262,"3-methoxyestra-1,3,5(10)-trien-16beta-ol; 16beta-estradiol-3-methyl ether"
c15263,"a-norpregn-3(5)-ene-2,20-dione; a-norprogesterone"
c15264,17beta-hydroxy-5alpha-androstane acetate; 17beta-acetoxy-5alpha-androstane
c15265,"16beta-methylpregn-4-ene-3,20-dione; 16beta-methylprogesterone"
c15266,17abeta-hydroxy-d-homoandrost-4-en-3-one propionate; d-homotestosterone propionate
c15267,"(17z)-3,11-dioxopregna-4,17(20)-dien-21-oic acid methyl ester"
c15268,"trans-2-(4-nitrophenyl)-3-phenyloxirane; trans- alpha,alpha'-epoxy-4-nitrobibenzyl; trans-4-nitrostilbene oxide"
c15269,"9-fluoro-11beta,17,21-trihydroxy-2alpha-methylpregn-4-ene-3,20-dione 21-acetate; 9-fluoro-2alpha-methylcortisol 21-acetate"
c15270,"cycloguanil hydrochloride; 1-(4-chlorophenyl)-1,6-dihydro-6,6-dimethyl-1,3,5-triazine-2,4-diamine monohydrochloride"
c15271,"9-fluoro-2alpha-methylpregn-4-ene-3,11,20-trione; 9-fluoro-2alpha-methyl-11-oxoprogesterone"
c15272,"3alpha,12alpha-dihydroxy-5beta-pregnan-20-one diacetate"
c15273,17beta-hydroxy-5alpha-androst-1-en-3-one propionate
c15274,"allobetulin; allobetulinol; 19beta,28-epoxy-18alpha-oleanan-3beta-ol"
c15275,"21-acetoxy-11beta,17-dihydroxy-6alpha-methylpregn-4-ene-3,20-dione; 17-hydroxy-6alpha-methylcorticosterone 21-acetate"
c15276,2alpha-fluoro-17beta-hydroxyandrost-4-en-3-one; 2alpha-fluorotestosterone
c15277,"3-hydroxy-19-norpregna-1,3,5(10)-trien-20-one"
c15278,"4,4'-(2-methylpropylidene)bisphenol; 4,4'-isobutylidenediphenol"
c15279,2-amino-6-(benzylthio)purine; 6-benzylthioguanine; benzythioguanine
c15280,"16alpha,17-isopropylidenedioxy-6alpha-methylprogesterone; 16alpha,17-dihydroxy-6alpha-methylpregn-4-ene-3,20-dione cyclic acetal with acetone"
c15281,17beta-nitro-5alpha-androstane
c15282,17beta-hydroxyestr-5(10)-en-3-one acetate; 19-norandrost-5(10)-en-17beta-acetoxy-3-one
c15283,17beta-hydroxy-5alpha-androstan-3-one cyclohexanecarboxylate
c15284,"6beta,17beta-dihydroxyandrost-4-en-3-one diacetate; 6beta-hydroxytestosterone diacetate"
c15285,"17alpha-methyl-5alpha-androstane-3beta,11beta,17beta-triol; u6952"
c15286,"4beta,5-epoxy-17beta-hydroxy-5beta-androstan-3-one; 4beta,5beta-epoxytestosterone"
c15287,"11beta,17beta-dihydroxy-17alpha-methylandrosta-1,4-dien-3-one"
c15288,"5alpha-androstane-11beta,17beta-diol"
c15289,"16alpha,17beta-dihydroxyandrost-4-en-3-one dipropionate"
c15290,"2alpha,17beta-dihydroxyandrost-4-en-3-one dipropionate; 2alpha-hydroxytestosterone dipropionate"
c15291,"6alpha-hydroxycortisol; 6alpha,11beta,17,21-tetrahydroxypregn-4-ene-3,20-dione"
c15292,a-nor-5alpha-cholestan-2-one
c15293,"17beta-hydroxyandrosta-4,9(11)-dien-3-one; 9(11)-dehydrotestosterone"
c15294,"n-methylindolo[3,2-b]-5alpha-cholest-2-ene; 1'-methyl-1'h-5alpha-cholest-2-eno[3,2-b]indole"
c15295,"17beta-hydroxy-3-methoxyestra-1,3,5(10)-trien-16-one; 16-oxoestradiol 3-methyl ether"
c15296,"4,4'-dinitrostilbene"
c15297,"2,4-dinitro-1-(3-nitrophenoxy)benzene; 2,4-dinitro-3'-nitrodiphenyl ether"
c15298,5alpha-androstan-2-en-17beta-ol; 17beta-hydroxy-5alpha-androst-2-ene
c15299,"7alpha-methyl-4-pregnene-3,20-dione; 7alpha-methylprogesterone"
c15300,"spiro[benzofuran-2(3h),1'-[2]cyclohexene]-7-chloro-4,6-dimethoxy-6'-methyl-2'-(methylthio)-3,4'-dione"
c15301,"2alpha-methylpregn-4-ene-3,11,20-trione; 2alpha-methyl-11-oxoprogesterone"
c15302,"11beta,17,21-trihydroxy-2alpha-methylpregn-4-ene-3,20-dione 21-acetate; 17-hydroxy-2alpha-methylcorticosterone 21-acetate; 2alpha-methylcortisol acetate"
c15303,"(z)-11beta,21-dihydroxypregna-1,4,17(20)-trien-3-one"
c15304,"3beta,19-dihydroxyandrost-5-en-17-one 3-acetate; 3beta-acetoxy-19-hydroxyandrost-5-en-17-one"
c15305,"9-chloro-11beta,17,21-trihydroxypregn-4-ene-3,20-dione 21-acetate; 9-chloro-17-hydroxycorticosterone 21-acetate; 9alpha-chlorocortisol acetate"
c15306,"11alpha,17beta-dihydroxyandrost-4-en-3-one; 11alpha-hydroxytestosterone"
c15307,"17beta-hydroxy-7alpha-methylandrost-1,4-diene-3-one; 1-dehydro-7alpha-methyltestosterone"
c15308,"3-hydroxy-1-methylestra-1,3,5(10),6-tetraen-17-one; 1-methyl-6-dehydroestrone"
c15309,"17,21-epoxy-9-fluoro-11beta-hydroxypregn-4-ene-3,20-dione; 17,21-epoxy-9-fluoro-11beta-hydroxyprogesterone"
c15310,"6alpha-fluoro-17-hydroxypregn-4-ene-3,20-dione acetate"
c15311,"n,n-bis(2-chloroethyl)-dl-alanine hydrochloride"
c15312,"9alpha-fluoro-11beta-hydroxy-4-pregnene-3,20-dione; 11beta-hydroxy-9alpha-fluoroprogesterone"
c15313,"3,17beta-diacetoxyestra-1,3,5(10)-trien-6-one; 3,17beta-dihydroxyestra-1,3,5(10)-trien-6-one diacetate; 6-oxo-17beta-estradiol diacetate"
c15314,"11beta,17beta-dihydroxyandrost-4-en-3-one 17-propionate; 11beta-hydroxytestosterone 17-propionate"
c15315,"1-methylestra-1,3,5(10)-triene-3,17beta-diol; 1-methylestradiol"
c15316,5alpha-androstane-2alpha-methyl-17beta-ol
c15317,"9-fluoro-11beta-hydroxy-16alpha-methylpregn-4-ene-3,20-dione"
c15318,17abeta-hydroxy-d-homoandrost-4-en-3-one; d-homotestosterone
c15319,"9alpha-fluoro-11beta,17alpha,21-trihydroxy-6alpha-methylpregna-1,4-diene-3,20-dione; 9alpha-fluoro-6alpha-methylprednisolone"
c15320,"21-fluoro-11beta,17-dihydroxy-6alpha-methylpregn-4-ene-3,20-dione; 21-fluoro-11beta,17-dihydroxy-6alpha-methylprogesterone"
c15321,6alpha-fluoro-17beta-hydroxyandrost-4-en-3-one propionate; 6alpha-fluorotestosterone propionate
c15322,"2alpha,3alpha-(difluoromethylene)-5alpha-androstan-17beta-ol acetate"
c15323,"3-hydroxy-1-methylestra-1,3,5(10)-trien-17-one; 1-methylestrone"
c15324,"androst-4-ene-3beta,17beta-diol diacetate; 3beta,17beta-diacetoxyandrost-4-ene"
c15325,"6-azaequilenin; 3-hydroxy-6-azaestra-1,3,5(10),6,8-pentaen-17-one"
c15326,17beta-hydroxy-2alpha-methyl-5alpha-estran-3-one
c15327,"6alpha-fluoropregn-4-ene-3,11,20-trione; 6alpha-fluoro-11-oxoprogesterone"
c15328,"n,n-diethyl-2-[4-[6-methoxy-2-(4-methoxyphenyl)-1h-inden-3-yl]phenoxy]ethanamine hydrochloride"
c15329,"21-fluoro-11beta,17-dihydroxy-6alpha-methylpregna-1,4-diene-3,20-dione"
c15330,3beta-fluoro-5alpha-androstan-17beta-ol
c15331,"17beta-hydroxy-6beta-methyl-5alpha-androstan-3-one propionate; 4,5alpha-dihydro-6beta-methyltestosterone propionate"
c15332,"3beta-hydroxy-5alpha-androstane-7,17-dione"
c15333,"3alpha-hydroxy-5beta-pregn-16-ene-11,20-dione 3-acetate"
c15334,"17beta-hydroxy-4,4-dimethylandrost-5-en-3-one"
c15335,3beta-hydroxy-5-androsten-16-one; 5-androsten-3beta-ol-16-one
c15336,"3beta,4-dimethyl-4-aza-5alpha-cholestane"
c15337,allocholesterol; coprostenol; 3beta-hydroxycholest-4-ene; 4-cholesten-3beta-ol
c15338,"11beta,17beta-dihydroxy-9alpha-fluoro-17alpha-methyl-5alpha-androstan-3-one"
c15339,"17alpha,2alpha-dimethyl-17beta-hydroxy-4-androsten-3-one; 2alpha,17-dimethyltestosterone"
c15340,"20,21,21-trifluoro-3-methoxy-19-nor-17alpha-pregna-1,3,5(10),20-tetraen-17-ol; 17-(trifluorovinyl)-3-(methyl ether)-17beta-estradiol"
c15341,fluorofelbamate
c15342,"17beta-hydroxy-2alpha,17-dimethyl-4,9(11)-androstadien-3-one; 9(11)-dehydro-2alpha,17-dimethyltestosterone"
c15343,"hr1917; 4',4''-di-2-imidazolin-2-yl-2-nitroterephthalanilide dihydrochloride"
c15344,"n-butyl-1h-pyrazolo[3,4-d]pyrimidin-4-amine; nsc4928"
c15345,"3beta-[(tetrahydro-2h-pyran-2-yl)oxy]androst-5-en-17beta-ol; androst-5-ene-3beta,17beta-diol 3-tetrahydropyranyl ether"
c15346,"5alpha-androstane-3beta,17beta-diol diacetate; 3beta,17beta-diacetoxy-5alpha-androstane"
c15347,6-(isopropylthio)purine
c15348,6-(allylthio)purine
c15349,"11beta,17beta-dihydroxy-17-methyl-5alpha-androstan-3-one; 4,5alpha-dihydro-11beta-hydroxy-17-methyltestosterone"
c15350,"estra-1,3,5(10)-triene-3,16alpha-diol dipropionate"
c15351,"7alpha-hydroxytestololactone; 7alpha-hydroxy-d-homo-17a-oxaandrost-4-ene-3,17-dione"
c15352,6-(dibromomethylene)-17beta-hydroxyandrost-4-en-3-one; 6-(dibromomethylene)testosterone
c15353,"17alpha-methyl-17beta-hydroxyandrosta-4,6-dien-3-one; 17alpha-methyl-6,7-dehydrotestosterone"
c15354,"17beta-hydroxy-17-methyl-5alpha-androstane-3,11-dione"
c15355,"11alpha-hydroxy-5beta-pregnane-3,20-dione"
c15356,17beta-amino-5alpha-androstan-11beta-ol
c15357,"cholesta-3,5-dien-7-one"
c15358,4-chloro-17alpha-methyl-17beta-hydroxy-4-androsten-3-one; 4-chloro-17alpha-methyltestosterone
c15359,6-(dibromomethylene)-17beta-hydroxy-androst-4-en-3-one propionate
c15360,"evadol hydrochloride; 2-amino-1,2-bis(p-methoxyphenyl)ethanol hydrochloride; beta-amino-4-methoxy-alpha-(4-methoxyphenyl)benzeneethanol hydrochloride"
c15361,"descinolone; 9-fluoro-11beta,16alpha,17-trihydroxypregna-1,4-diene-3,20-dione"
c15362,"4-nitroestrone; 3-hydroxy-4-nitroestra-1,3,5(10)-trien-17-one"
c15363,"6beta,11alpha-dihydroxyprogesterone; 6beta,11alpha-dihydroxypregn-4-ene-3,20-dione"
c15364,"15alpha-hydroxyprogesterone; 15alpha-hydroxypregn-4-ene-3,20-dione"
c15365,"4-pregnene-16alpha,21-diol-3,20-dione; 16alpha,21-dihydroxypregn-4-ene-3,20-dione"
c15366,"estrone 16-oxime; 3-hydroxyestra-1,3,5(10)-triene-16,17-dione 16-oxime"
c15367,3beta-methoxyandrost-5-en-16beta-ol
c15368,"5beta-pregnane-3alpha,17alpha,20alpha-triol-11-one; pregnanetriolone; (3alpha,5beta,20s)-3,17,20-trihydroxypregnan-11-one"
c15369,"9alpha-fluoro-11beta-hydroxy-2alpha-methyl-4-pregnene-3,20-dione; 9alpha-fluoro-11beta-hydroxy-2alpha-methylprogesterone"
c15370,"androsta-5,16-dieno[17,16-b]quinolin-3beta-ol; 16,17-(3',2'-quinolino)androst-5-en-3beta-ol"
c15371,"9-bromo-17beta-hydroxy-17-methylandrost-4-ene-3,11-dione"
c15372,"11alpha,17beta-dihydroxyandrost-4-en-3-one diacetate; 11alpha-hydroxytestosterone diacetate"
c15373,5alpha-androstan-17beta-ol propionate
c15374,17beta-hydroxy-7alpha-methylandrost-4-en-3-one propionate; 7alpha-methyltestosterone propionate
c15375,"apocholic acid; 3alpha,12alpha-dihydroxy-5beta-chol-8(14)-en-24-oic acid"
c15376,"17alpha-methyl-5alpha-androstane-3alpha,17beta-diol"
c15377,1-testosterone; 17beta-hydroxy-5alpha-androst-1-en-3-one
c15378,b-norcholesterol; 3beta-hydroxy-b-norcholest-5-ene
c15379,"3beta-hydroxylanostane-7,11-dione acetate"
c15380,"9-fluoro-11beta,16alpha-dihydroxypregn-4-ene-3,20-dione"
c15381,"6alpha,9-difluoro-11beta-hydroxypregn-4-ene-3,20-dione; 6alpha,9-difluoro-11beta-hydroxyprogesterone"
c15382,"estra-1,3,5(10)-triene-3,6alpha,17beta-triol triacetate"
c15383,"(5-phenyl-1,2,4-triazol-3-yl)urea; 3-phenyl-5-ureido-1,2,4-triazole"
c15384,"12alpha-hydroxy-5beta-pregnane-3,20-dione"
c15385,"d-homo-a-nor-17a-oxaandrost-3(5)-ene-2,17-dione; a-nortestololactone"
c15386,"d-homo-17a-oxaandrosta-4,6-diene-3,17-dione"
c15387,1-dehydro-9-fluoro-11-oxotestololactone
c15388,"3-methoxy-19-nor-17alpha-pregna-1,3,5(10),20-tetraen-17-ol; 17-vinylestradiol 3-methyl ether"
c15389,"4,4'-stilbenedicarboxamidine dihydrochloride; stilbamidine dihydrochloride"
c15390,"1alpha,5alpha-epidithio-17a-oxa-d-homoandrostan-3,17-dione"
c15391,"3alpha,12alpha-dihydroxy-5beta-pregnan-20-one"
c15392,"1-chloro-4-(2,2-dichloro-1-phenylethyl)benzene; 1,1-dichloro-2-(p-chlorophenyl)-2-phenylethane"
c15393,2-chlorobenzhydrol
c15394,"2,2,2-trifluoro-n-(6-oxo-6h-dibenzo[b,d]pyran-2-yl)acetamide; 6-(2,2,2-trifluoroacetamide)-3,4-benzocoumarin"
c15395,17beta-hydroxy-4-methylestr-4-en-3-one; 4-methyl-19-nortestosterone
c15396,3beta-chloro-5-androsten-17beta-ol
c15397,6-(2-chloroallylthio)purine
c15398,"10,13-dimethyl-11-docosyne-10,13-diol"
c15399,"17-methyl-5alpha-androstane-11beta,17beta-diol"
c15400,"9-chloro-11beta,17beta-dihydroxy-17-methylandrost-4-en-3-one; 9-chloro-11beta-hydroxy-17-methyltestosterone"
c15401,"11beta,17beta-dihydroxy-4,17-dimethylandrost-4-en-3-one; 11beta-hydroxy-4,17-dimethyltestosterone"
c15402,"17beta-hydroxy-7alpha,17-dimethylandrosta-1,4-dien-3-one; 1-dehydro-7alpha,17-dimethyltestosterone"
c15403,"3alpha,11beta,17alpha-trihydroxy-5beta-pregnan-20-one; tetrahydro-21-deoxycortisol"
c15404,"3beta,17-dihydroxy-5alpha-pregnane-11,20-dione 3-acetate"
c15405,17beta-carbomethoxyandrost-5-en-3beta-ol; 3beta-hydroxyandrost-5-ene-17beta-carboxylic acid methyl ester
c15406,"5alpha-androst-1-ene-3,11,17-trione"
c15407,"9-chloro-17beta-hydroxy-17-methylandrost-4-ene-3,11-dione"
c15408,2alpha-fluoro-17beta-hydroxyandrost-4-en-3-one propionate; 2alpha-fluorotestosterone propionate
c15409,17beta-hydroxy-a-norandrost-3(5)-en-2-one propionate
c15410,1-(o-chlorophenyl)-1-(p-chlorophenyl)ethane; 1-chloro-2-[1-(4-chlorophenyl)ethyl]benzene
c15411,"beta-chloro-alpha-phenylbenzeneethanamine hydrochloride; 2-chloro-1,2-diphenylethylamine hydrochloride"
c15412,17beta-hydroxy-4-methylandrost-4-en-3-one; 4-methyltestosterone
c15413,"17beta-hydroxy-4,4,17-trimethylandrost-5-en-3-one"
c15414,6alpha-fluoro-17beta-hydroxyandrost-4-en-3-one acetate; 6alpha-fluorotestosterone acetate
c15415,1-phenyl-5-mercaptotetrazole; 1-phenyltetrazole-5-thiol
c15416,"17beta-hydroxy-5alpha-androstan-3,6-dione; 6-ketodihydrotestosterone"
c15417,3beta-hydroxy-5alpha-pregnan-20-one acetate; 3beta-acetoxy-5alpha-pregnan-20-one
c15418,5-(alpha-phenylethyl)semioxamazide; 5-(alpha-methylbenzyl)semioxamazide
c15419,trans-2-phenylcyclopropanecarboxylic acid
c15420,5alpha-pregn-2-en-20-one
c15421,2-methyl-5alpha-androst-2-en-17beta-ol acetate
c15422,2alpha-methyl-17beta-[(tetrahydro-2h-pyran-2-yl)oxy]-5alpha-androstan-3-one
c15423,"androst-4-ene-3alpha,17beta-diol diacetate; 3alpha,17beta-diacetoxyandrost-4-ene"
c15424,"estra-1,3,5(10)-triene-3,17beta-diol 3-phosphate; estra-1,3,5(10)-triene-3,17beta-diol 3-(dihydrogen phosphate); 17beta-estradiol 3-phosphate"
c15425,"21-hydroxypregn-4-ene-3,20-dione hydrogen succinate; 21-(3-carboxy-1-oxopropoxy)pregn-4-ene-3,20-dione; 11-deoxycorticosterone hydrogen succinate"
c15426,"2,5-bis[(iodomercuri)methyl]-p-dioxane"
c15427,"2-amino-1,2-bis(p-chlorophenyl)ethanol"
c15428,asiaticoside; madecassol
c15429,"17,21-dihydroxypregn-4-ene-3,11,20-trione 21-(hydrogensuccinate); 21-(3-carboxy-1-oxopropoxy)-17-hydroxypregn-4-ene-3,11,20-trione; cortisone 21-succinate"
c15430,"3-hydroxyestra-1,3,5(10)-trien-17-one o-(carboxymethyl)oxime; estrone 17-o-carboxymethyloxime"
c15431,"17-ethynyl-5alpha-androstan-17beta-ol; 5alpha,17alpha-pregn-20-yn-17beta-ol"
c15432,"flurogestone acetate; 9alpha-fluoro-11-hydroxy,17alpha-acetoxyprogesterone; 9-fluoro-11beta,17-dihydroxypregn-4-ene-3,20-dione 17-acetate"
c15433,"1-(6-oxo-6h-dibenzo[b,d]pyran-3-yl)-1h-pyrrole-2,5-dione"
c15434,"11beta,17beta-dihydroxy-12alpha-methylandrost-4-en-3-one; 11beta-hydroxy-12alpha-methyltestosterone"
c15435,fenbutatin oxide; bis[tris(2-methyl-2-phenylpropyl)tin]oxide
c15436,"didecyldimethylammonium chloride; n-decyl-n,n-dimethyl-1-decanaminium chloride"
c15437,"1,3,5-triphenylcyclohexane"
c15438,bis(2-butoxyethyl)phthalate; beta-butoxyethyl phthalate
c15439,2-methacryloyloxyethyl phenyl phosphate; phenyl-p
c15440,"estra-1,3,5(10)-triene-3,6beta,17beta-triol triacetate"
c15441,"cholesteryl linoleate; (z,z)-(3beta)-cholest-5-en-3-ol 9,12-octadecadienoate"
c15442,"5-androstene-3beta,16beta-diol"
c15443,"3-(allyloxy)estra-1,3,5(10)-triene-16beta,17beta-diol; 3-(2-propenyloxy)estra-1,3,5(10)-triene-16beta,17beta-diol"
c15444,"11beta,17beta-dihydroxy-9alpha-fluoro-17alpha-methyl-5beta-androstan-3-one"
c15445,"1'h-5alpha-cholest-2-eno[3,2-b]indole"
c15446,6beta-fluoro-17beta-hydroxyandrost-4-en-3-one propionate; 6beta-fluorotestosterone propionate
c15447,16alpha-fluoro-17beta-hydroxyandrost-4-en-3-one propionate; 16alpha-fluorotestosterone propionate
c15448,urethane dimethacrylate; udma
c15449,"trans-1,2-diphenylcyclobutane"
c15450,"s 1033; (5z,9alpha,11alpha,13e)-9,11-dihydroxyprosta-5,13-dien-1-oic acid monosodium salt"
c15451,hinokitiol glucoside; beta-thujaplicin 2-o-beta-d-glucoside
c15452,"4,4'-diaminostilbene dihydrochloride"
c15453,"doisynoestrol; cis-1-ethyl-1,2,3,4-tetrahydro-7-methoxy-2-methyl-2-phenanthrenecarboxylic acid"
c15454,"hexestrol monomethyl ether; (r*,s*)-4-[1-ethyl-2-(4-methoxyphenyl)butyl]phenol"
c15455,sodium molybdate; sodium molybdate(vi)
c15456,"11beta,13-dihydroxy-3-oxo-13,17-secoandrosta-1,4-dien-17-oic acid, delta-lactone"
c15457,trans-2-(4-methoxyphenyl)-3-(4-nitrophenyl)oxirane; trans-4-methoxy-4'-nitrostilbene oxide
c15458,"(alphas,betas)-alpha-ethyl-alpha-(4-methoxyphenyl)-beta-phenyl-2-pyridineethanol"
c15459,"13-hydroxy-2-(hydroxymethylene)-3-oxo-13,17-seco-5alpha-androstan-17-oic acid, delta-lactone"
c15460,17beta-hydroxy-17-methyl-5alpha-androst-9(11)-en-3-one
c15461,"17beta-acetyl-1,2,3,4,6alpha,7alpha,10,12,13,14alpha,16,17-dodecahydro-3beta-hydroxy-10beta,13beta-dimethyl-5beta,8beta-etheno-15h-cyclopenta[a]phenanthrene-6,7-dicarboxylic anhydride acetate"
c15462,"cis-1,3,4,6,7,11b-hexahydro-9-methoxy-2h-benzo[a]quinolizine-3-carboxylic acid"
c15463,"(r*,s*)-4-[1-ethyl-2-(4-fluorophenyl)butyl]phenol"
c15464,(+)-12-(2-cyclopenten-1-yl)-2-dodecanone
c15465,6-oxabicyclo[3.1.0]hexane-2-undecanoic acid methyl ester
c15466,"n-(6-oxo-6h-dibenzo[b,d]pyran-3-yl)maleamic acid"
c15467,"6beta,17-dihydroxy-3,5-cyclo-5alpha,17alpha-pregn-20-ene-21-carboxylic acid, gamma-lactone"
c15468,"3,5-cyclo-5alpha,17alpha-pregn-20-yne-6beta,17-diol"
c15469,butylated hydroxyanisole; bha; butylhydroxyanisole
c15470,toxaphene; camphechlor
c15471,bismuth
c15472,germanium
c15473,lithium
c15474,tropolone
c15475,u 0521
c15476,norselegiline
c15477,cgp 28014
c15478,"d-fucosamine; 2-amino-2,6-dideoxy-d-galactose"
c15479,"d-quinovosamine; 2-amino-2,6-dideoxy-d-glucose"
c15480,"n-acetyl-d-fucosamine; 2-acetamido-2,6-dideoxy-d-galactose"
c15481,"n-acetyl-d-quinovosamine; 2-acetamido-2,6-dideoxy-d-glucose"
c15482,bacitracin a
c15483,d-galactonolactone
c15484,isopregnanolone; epiallopregnanolone; 3beta-hydroxy-5alpha-pregnan-20-one
c15485,2'-deoxymugineic acid
c15486,3''-deamino-3''-oxonicotianamine
c15488,fluoroacetaldehyde
c15489,s-2-(indol-3-yl)acetyl-coa; (indol-3-yl)acetyl-coa
c15492,"all-trans-13,14-dihydroretinol; 13,14-dihydroretinol"
c15493,9-cis-retinoic acid
c15494,"decylubiquinone; 6-decylubiquinone; 2,3-dimethoxy-5-methyl-6-decyl-1,4-benzoquinone"
c15495,"decylubiquinol; 6-decylubiquinol; 2-decyl-5,6-dimethoxy-3-methyl-1,4-benzenediol"
c15496,oxidized thiol-containing reductant; thiol-containing reductant disulfide form; r'-s-s-r'; disulfide
c15497,"1-(beta-d-ribofuranosyl)-1,4-dihydronicotinamide; reduced nicotinamide riboside"
c15498,rooh; hydroperoxide
c15499,"pentane-2,4-dione; acetylacetone; 2,4-dioxopentane"
c15500,mugineic acid
c15501,3-epihydroxymugineic acid
c15502,3-epihydroxy-2'-deoxymugineic acid
c15503,"n,n-dihydroxy-l-tyrosine"
c15504,demethylsulochrin
c15505,"2,3,5,6-tetrachlorophenol"
c15506,steroid ester
c15507,steroid lactone
c15508,"1,2-epoxypropane; 1,2-propylene oxide; propylene oxide"
c15509,"glyceocarpin; 2-dimethylallyl-(6as,11as)-3,6a,9-trihydroxypterocarpan; (6as,11as)-3,6a,9-trihydroxy-2-prenylpterocarpan"
c15510,"4-glyceollidin; 4-dimethylallylglycinol; 4-dimethylallyl-(6as,11as)-3,6a,9-trihydroxypterocarpan; (6as,11as)-3,6a,9-trihydroxy-4-prenylpterocarpan"
c15511,glyceollin iii
c15512,phenylacetone; 1-phenyl-2-propanone
c15513,benzyl acetate
c15514,8'-hydroxyabscisate; 8'-hydroxyabscisic acid
c15515,"murideoxycholate; murideoxycholic acid; 6beta-hydroxylithocholate; 3alpha,6beta-dihydroxy-5beta-cholanic acid"
c15516,"taurohyocholate; n-(3alpha,6alpha,7alpha-trihydroxy-5beta-cholan-24-oyl)taurine"
c15517,"hyodeoxycholate; hyodesoxycholic acid; 6alpha-hydroxylithocholate; iodeoxycholic acid; 3alpha,6alpha-dihydroxy-5beta-cholanic acid"
c15518,"(24s)-cholest-5-ene-3beta,7alpha,24-triol; 5-cholesten-3beta,7alpha,24(s)-triol"
c15519,"25-hydroxycholesterol; cholest-5-ene-3beta,25-diol"
c15520,"cholest-5-ene-3beta,7alpha,25-triol; 7alpha,25-dihydroxycholesterol; 5-cholesten-3beta,7alpha,25-triol; 3beta,7alpha,25-trihydroxycholest-5-ene"
c15521,alkanesulfonate
c15522,"4a-hydroxytetrahydrobiopterin; 4a-hydroxy-5,6,4,8-tetrahydrobiopterin; (6r)-6-(l-erythro-1,2-dihydroxypropyl)-5,6,7,8-tetrahydro-4a-hydroxypterin; 6-[(1r,2s)-1,2-dihydroxypropyl]-5,6,7,8-tetrahydro-4a-hydroxypterin"
c15523,"2,6-dihydroxynicotinate"
c15524,phenylglyoxylyl-coa
c15525,"eriodictyol chalcone; 2',3,4,4',6'-pentahydroxychalcone"
c15527,precorrin 1
c15528,[cytochrome c]-arginine
c15529,[cytochrome c]-n(omega)-methylarginine
c15530,corydaline; (+)-corydaline
c15531,2'-o-methylisoliquiritigenin
c15532,n-acetyl-l-citrulline
c15533,4-fluoro-l-threonine
c15534,2-arylethylamine
c15535,n-acetyl-2-arylethylamine
c15536,dihydromonacolin l
c15537,taxuyunnanin c
c15538,10-desacetyltaxuyunnanin c
c15539,anthocyanidin 3-o-beta-d-glucoside; anthocyanidin-3-o-d-glucoside
c15540,anthocyanidin 3-o-(6-o-malonyl-beta-d-glucoside)
c15541,ndp-glucose; ndp-d-glucose; ndp-alpha-d-glucose
c15542,d-mannosyl-1-phosphoundecaprenol
c15543,6-(alpha-d-mannosyl)-beta-d-mannosyl-r
c15544,4-(n-acetyl-beta-d-glucosaminyl)-beta-d-mannosyl-r
c15545,cis-zeatin; (z)-2-methyl-4-(1h-purin-6-ylamino)but-2-en-1-ol
c15546,o-beta-d-glucopyranosyl-cis-zeatin; cis-zeatin-o-glucoside
c15547,"1,4-dihydroxy-2-naphthoyl-coa"
c15548,2-alpha-d-glucosyl-d-glucose; kojibiose; alpha-d-glucopyranosyl-(1->2)-d-glucopyranose
c15549,anthocyanin; anthocyanidin 3-glycoside
c15550,anthocyanin 3'-o-beta-d-glucoside
c15551,cv 2961; s 8308
c15552,pd 123177
c15553,pd 123319
c15554,exp 3174
c15555,flavonol 3-o-d-glycoside; flavonol 3-o-beta-d-glycoside
c15556,"l-3,4-dihydroxybutan-2-one 4-phosphate; 1-deoxy-l-glycero-tetrulose 4-phosphate; 2-hydroxy-3-oxobutyl phosphate"
c15557,glycolithocholate; glycolithocholic acid
c15558,dermatan 6'-sulfate
c15559,glycochenodeoxycholate 7-sulfate
c15560,deoxycholoyl-coa
c15561,n-benzylformamide
c15562,benzylamine; benzenemethanamine
c15563,2-amino-5-formylamino-6-(5-phospho-d-ribosylamino)pyrimidin-4(3h)-one
c15564,(r)-2-haloacid
c15565,(s)-2-hydroxyacid; (s)-2-hydroxy acid; (s)-2-hydroxyalkanoic acid; (s)-2-hydroxycarboxylic acid; (2s)-2-hydroxycarboxylate
c15566,d-dopachrome
c15567,"2,7,4'-trihydroxyisoflavanone; 2,4',7-trihydroxyisoflavanone"
c15568,"7alpha,12alpha-dihydroxy-3-oxochol-4-enoate"
c15569,"12alpha-hydroxy-3-oxochola-4,6-dienoate"
c15570,"dihydroflavonol; flavanonol; 2,3-dihydroflavonol"
c15571,catechol
c15572,guaiacol
c15573,beta-d-glucuronosyl-(1->4)-n-acetyl-alpha-d-glucosaminylproteoglycan
c15574,n-acetyl-alpha-d-glucosaminyl-(1->4)-beta-d-glucuronosyl-(1->4)-n-acetyl-alpha-d-glucosaminylproteoglycan
c15575,n-acetyl-alpha-d-glucosaminyl-(1->4)-beta-d-glucuronosylproteoglycan
c15576,beta-d-glucuronosyl-(1->4)-n-acetyl-alpha-d-glucosaminyl-(1->4)-beta-d-glucuronosylproteoglycan
c15577,n-acetyl-beta-d-galactosaminyl-(1->4)-beta-d-glucuronosylproteoglycan
c15578,beta-d-glucuronosyl-(1->3)-n-acetyl-beta-d-galactosaminyl-(1->4)-beta-d-glucuronosylproteoglycan
c15579,flavanone 7-o-[alpha-l-rhamnosyl-(1->2)-beta-d-glucoside]
c15580,flavonol 7-o-beta-d-glucoside
c15581,flavonol 3-o-beta-d-glucosyl-(1->2)-beta-d-glucoside
c15582,flavonol 3-o-beta-d-glucosyl-(1->2)-beta-d-glucosyl-(1->2)-beta-d-glucoside
c15583,phenyl acetate
c15584,phenol
c15585,myo-inositol phosphate
c15586,n-d-ribosylpurine; purine nucleoside; purine ribonucleoside
c15587,purine; purine base
c15588,glycol
c15589,chalcone
c15590,acylglycerol
c15591,"(6r)-2-acetyl-6-(3-acetyl-2,4,6-trihydroxy-5-methylphenyl)-3-hydroxy-6-methyl-2,4-cyclohexadien-1-one; reduced-(s)-usnate"
c15592,pyranose
c15593,2-dehydropyranose
c15594,pyranoside
c15595,3-dehydropyranoside
c15596,n-alkanal
c15597,alk-2-enal
c15598,flavanol; flavan-3-ol
c15599,"6-(2-amino-2-carboxyethyl)-7,8-dioxo-1,2,3,4,7,8-hexahydroquinoline-2,4-dicarboxylate; 6-(2-amino-2-carboxyethyl)-7,8-dioxo-1,2,3,4,7,8-hexahydroquinoline-2,4-dicarboxylic acid"
c15601,glyceollin
c15602,quinone
c15603,hydroquinone; p-hydroquinone; quinol; reduced quinone
c15604,prenal
c15605,n-formyl-d-kynurenine
c15606,"1,2-dihydroxy-5-(methylthio)pent-1-en-3-one; 1,2-dihydroxy-5-(methylsulfanyl)pent-1-en-3-one"
c15607,3-oxo-3-ureidopropanoate; malonuric acid
c15608,flavone
c15609,"3',5'-dihydroxyflavanone"
c15610,"cholest-5-ene-3beta,26-diol; cholest-5-ene-3beta,27-diol; 26-hydroxycholesterol; 27-hydroxycholesterol"
c15612,senecionine n-oxide
c15613,"(25r)-3alpha,7alpha,12alpha-trihydroxy-5beta-cholestan-26-oyl-coa"
c15614,"(24r,25r)-3alpha,7alpha,12alpha,24-tetrahydroxy-5beta-cholestanoyl-coa; (24r,25r)-3alpha,7alpha,12alpha,24-tetrahydroxy-5beta-cholestan-26-oyl-coa"
c15615,7-hydroxyisoflavone
c15616,7-methoxyisoflavone
c15617,pirinixic acid
c15618,sobetirome; gc-1
c15619,am 580
c15620,gw 6471
c15622,gw 7647
c15623,gw 409544; gw 9544
c15624,gw 2433
c15625,gw 0742
c15626,gw 1929
c15627,gw 9662; 2-chloro-5-nitrobenzanilide
c15628,sr 12813; gw 485801
c15629,cgp 52608
c15630,t 0901317; t0901317
c15631,gw 3965
c15632,"24(s),25-epoxycholesterol"
c15633,"5,6-24(s),25-diepoxycholesterol; (24s,25)-epoxycholesterol alpha-epoxide; 5alpha,6alpha-24s,25-diepoxycholesterol"
c15634,arotinoid acid; ttnpb; ro 13-7410
c15635,gw 4064; gw-4064
c15636,6-ethylchenodeoxycholic acid; 6-ecdca; 6-ethyl-cdca; 6alpha-ethyl-chenodeoxycholic acid
c15637,pregnenolone carbonitrile; 3beta-hydroxy-20-oxo-5-pregnene-16alpha-carbonitrile; pregnenolone-16alpha-carbonitrile; pcn
c15638,3-androstanol; 5alpha-androstan-3alpha-ol; androstanol
c15639,"citco; 6-(4-chlorophenyl)imidazo[2,1-b][1,3]thiazole-5-carbaldehyde o-(3,4-dichlorobenzyl)oxime"
c15640,lg 100268
c15641,xct 790
c15642,gsk 4716
c15643,dexamethasone
c15644,gw 0791
c15645,1-(1-alkenyl)-sn-glycerol
c15646,1-(1-alkenyl)-sn-glycero-3-phosphate
c15647,2-acyl-1-(1-alkenyl)-sn-glycero-3-phosphate
c15648,octachlorocamphene
c15649,fexaramine
c15650,"2,3-diketo-5-methylthiopentyl-1-phosphate; 5-(methylthio)-2,3-dioxopentyl phosphate; 5-(methylsulfanyl)-2,3-dioxopentyl phosphate"
c15651,2-hydroxy-3-keto-5-methylthiopentenyl-1-phosphate; 2-hydroxy-5-(methylthio)-3-oxopent-1-enyl phosphate; 2-hydroxy-5-(methylsulfanyl)-3-oxopent-1-enyl phosphate
c15652,neomycin c
c15653,peptide-l-methionine (r)-s-oxide
c15654,kni 102
c15655,kynostatin 272; kni-272
c15656,alpha-n-acetyl-d-glucosaminyl-(1->4)-beta-d-glucuronosyl-(1->3)-beta-d-galactosyl-(1->3)-beta-d-galactosyl-(1->4)-beta-d-xylosylproteoglycan; [protein]-3-o-(alpha-d-glcnac-(1->4)-beta-d-glca-(1->3)-beta-d-gal-(1->3)-beta-d-gal-(1->4)-beta-d-xyl)-l-serine
c15657,bila 2185bs
c15658,6-(alpha-d-glucosaminyl)-1d-myo-inositol
c15659,tmc 126; uic 94003
c15660,a 77003
c15661,a 80987
c15662,dmp 323
c15663,cmn 131; pyridyl-2-thioacetamide monohydrochloride
c15664,b 823-08
c15665,ro 18-5364
c15666,(7r)-7-(4-carboxybutanamido)cephalosporanate; 7-glutarylaminocephalosporanate
c15667,5-carboxyamino-1-(5-phospho-d-ribosyl)imidazole
c15668,"1-pyrroline; 3,4-dihydro-2h-pyrrole"
c15669,teicoplanin a3; teichomycin a3
c15670,heme a
c15672,heme o
c15673,2-dehydro-l-idonate; 2-dehydro-l-idonic acid; l-sorbosonate; l-sorbosonic acid; 2-keto-l-gulonate; 2-keto-l-gulonic acid; l-xylo-hex-2-ulosonic acid; l-ketoidonate; l-ketoidonic acid
c15674,myxothiazol a
c15675,myxothiazol z
c15676,hc-toxin
c15677,leinamycin
c15678,chalcomycin
c15679,lankamycin
c15680,mycinamicin ii; mirosamicin
c15681,mycinamicin iii
c15682,mycinamicin vi
c15683,mycinamicin vii
c15684,mycinamicin viii
c15685,protomycinolide iv
c15686,arthrofactin
c15687,borrelidin
c15688,vicenistatin
c15689,"aureothin; 2-methoxy-3,5-dimethyl-6-[(2r,4z)-4-[(2e)-2-methyl-3-(4-nitrophenyl)prop-2-en-1-ylidene]oxolan-2-yl]-4h-pyran-4-one"
c15690,salinomycin
c15691,anabaenopeptilide 90a
c15692,anabaenopeptilide 90b
c15693,barbamide
c15694,epothilone c
c15695,complestatin; chloropeptin ii
c15696,melithiazol a
c15697,nostopeptolide a1
c15698,nostopeptolide a2
c15699,gamma-l-glutamylputrescine
c15700,gamma-glutamyl-gamma-aminobutyraldehyde
c15701,syringolin a
c15702,tubulysin a
c15703,tubulysin b
c15704,tubulysin d
c15705,tubulysin e
c15706,spinosyn h
c15707,spinosyn j
c15708,spinosyn k
c15709,spinosyn p
c15710,phoslactomycin b
c15711,balhimycin
c15712,melithiazole e; cystothiazole a
c15713,nodularin
c15714,myxochromide s1
c15715,myxochromide s2
c15716,myxochromide s3
c15717,eco 02301
c15718,pyoverdine i
c15719,coelichelin
c15720,lyngbyatoxin; lyngbyatoxin a
c15721,triostin a
c15722,quinomycin a; echinomycin
c15723,nostocyclopeptide a1
c15724,nostocyclopeptide a2
c15725,nostocyclopeptide a3
c15726,zwittermicin a
c15727,thiocoraline
c15728,chivosazole a
c15729,chivosazole b
c15730,chivosazole c
c15731,chivosazole d
c15732,chivosazole e
c15733,chivosazole f
c15734,patellamide a
c15735,patellamide c
c15736,patellamide b
c15737,patellamide d
c15738,ascidiacyclamide
c15739,westiellamide
c15740,enniatin b
c15741,methylsulfomycin i
c15742,cyanopeptolin a
c15743,cyanopeptolin s
c15744,aeruginopeptin 95a
c15745,aeruginopeptin 95b
c15746,aeruginopeptin 228a
c15747,aeruginopeptin 228b
c15748,aeruginopeptin 917s-a; microcystilide a
c15749,aeruginopeptin 917s-b
c15750,aeruginopeptin 917s-c
c15751,spicamycin
c15752,lienomycin
c15753,dihydroalbocycline
c15754,septacidin
c15755,dihydropicromycin
c15756,antibiotic ta
c15757,enniatin b4; enniatin d
c15758,lankacidin c
c15759,hedamycin
c15760,pederin
c15761,concanamycin a
c15762,onnamide a; onnamide
c15763,sw 163c
c15764,uk 63598
c15765,coronafacic acid
c15766,halstoctacosanolide a
c15767,4-(l-gamma-glutamylamino)butanoate; 4-(gamma-l-glutamylamino)butanoate; gamma-glutamyl-gamma-aminobutyrate; 4-(glutamylamino)butanoate; gamma-glutamyl-gaba
c15769,"hboa; 2-hydroxy-1,4-benzoxazin-3-one; 2-hydroxy-2h-1,4-benzoxazin-3(4h)-one"
c15770,"diboa; 2,4-dihydroxy-1,4-benzoxazin-3-one; 2,4-dihydroxy-2h-1,4-benzoxazin-3(4h)-one"
c15771,"triboa; 2,4,7-trihydroxy-2h-1,4-benzoxazin-3(4h)-one"
c15772,"diboa-glucoside; 2,4-dihydroxy-1,4-benzoxazin-3-one glucoside; (2r)-4-hydroxy-3-oxo-3,4-dihydro-2h-1,4-benzoxazin-2-yl beta-d-glucopyranoside"
c15773,bleomycin
c15774,bleomycin a
c15775,bleomycin b
c15776,4alpha-methylfecosterol
c15777,"episterol; (3beta,5alpha)-ergosta-7,24(28)-dien-3-ol"
c15780,"5-dehydroepisterol; 5,7,24(28)-ergostatrienol; ergosta-5,7,24(28)-trien-3beta-ol"
c15781,24-methylenecholesterol
c15782,delta7-avenasterol; 7-dehydroavenasterol
c15783,5-dehydroavenasterol
c15784,campest-4-en-3beta-ol; (24r)-ergost-4-en-3beta-ol
c15785,campest-4-en-3-one; (24r)-ergost-4-en-3-one
c15786,5alpha-campestan-3-one; (24r)-5alpha-ergostan-3-one
c15787,campestanol; 5alpha-campestanol; (24r)-5alpha-ergostan-3beta-ol
c15788,6alpha-hydroxycampestanol
c15789,6-oxocampestanol
c15790,cathasterone
c15791,"teasterone; (3beta,5alpha,22r,23r,24s)-3,22,23-trihydroxyergostan-6-one"
c15792,3-dehydroteasterone
c15793,"typhasterol; 2-deoxycastasterone; (3alpha,5alpha,22r,23r,24s)-3,22,23-trihydroxyergostan-6-one"
c15794,"castasterone; (2alpha,3alpha,5alpha,22r,23r,24s)-2,3,22,23-tetrahydroxyergostan-6-one"
c15795,22alpha-hydroxy-campesterol; (22s)-22-hydroxy-campesterol; (22s)-22-hydroxycampesterol
c15796,"(22s)-22-hydroxycampest-4-en-3-one; 22alpha-hydroxy-campest-4-en-3-one; (22s,24r)-22-hydroxy-ergost-4 en-3-one"
c15797,"22alpha-hydroxy-5alpha-campestan-3-one; (22s,24r)-22-hydroxy-5alpha-ergostan-3-one"
c15798,6-deoxocathasterone
c15799,6-deoxoteasterone
c15800,3-dehydro-6-deoxoteasterone
c15801,6-deoxotyphasterol
c15802,6-deoxocastasterone
c15803,6alpha-hydroxycastasterone
c15804,p-hydroxyphenyl lignin
c15805,guaiacyl lignin
c15806,syringyl lignin
c15807,5-hydroxy-guaiacyl lignin
c15808,"4alpha-methylzymosterol-4-carboxylate; 4alpha-carboxy-4beta-methyl-5alpha-cholesta-8,24-dien-3beta-ol"
c15809,iminoglycine; iminoacetic acid; 2-iminoacetate
c15810,sulfur-carrier protein; [sulfur-carrier protein]; [sulfur-carrier protein]-gly-gly
c15811,[enzyme]-cysteine
c15812,[enzyme]-s-sulfanylcysteine
c15813,adenylyl-[sulfur-carrier protein]; [sulfur-carrier protein]-gly-gly-amp
c15814,thiocarboxy-[sulfur-carrier protein]; [sulfur-carrier protein]-gly-nh-ch2-c(o)sh
c15816,3-keto-4-methylzymosterol
c15817,heme c
c15818,soraphen o
c15819,fk463; micafungin sodium
c15820,teicoplanin
c15821,rimocidine
c15822,ce-108
c15823,progeldanamycin
c15824,cephabacin f3; cephabacin
c15825,bt1583
c15826,jamaicamide
c15827,obscurin
c15828,syringopeptin
c15829,glycopeptidelipid
c15830,gramicidin a
c15831,a54145
c15834,narasin b; a28086b
c15835,axenomycin
c15838,tmc-151
c15839,antibiotic k41
c15840,neocarzilin
c15841,luzopeptin
c15842,lipomycin; alpha-lipomycin
c15844,elaiophylin
c15845,arenomycin b
c15846,isomigrastatin
c15847,x-206
c15848,angiotensin iii
c15849,"angiotensin iv; angiotensin ii, 1-des-asn-2-arg"
c15850,angiotensin (1-7)
c15851,angiotensin (1-9)
c15852,angiotensin (1-5)
c15853,dehydrospermidine
c15854,n-(4-aminobutylidene)-[eif5a-precursor]-lysine; n-(4-aminobutylidene)-[enzyme]-lysine
c15855,apelin-13
c15856,apelin-36
c15857,"9,9'-dicis-zeta-carotene; 9,9'-di-cis-zeta-carotene"
c15858,"7,9,7',9'-tetracis-lycopene; 7,9,7',9'-tetra-cis-lycopene"
c15859,1'-hydroxy-gamma-carotene
c15860,1'-hydroxytorulene; myxocoxanthin
c15861,1'-hydroxy-gamma-carotene glucoside
c15862,buccalin
c15863,cerebellin
c15864,1'-hydroxy-gamma-carotene glucoside ester
c15865,neuromedin b; nmb
c15866,neuromedin c; gastrin-releasing peptide-10
c15867,"3,4-dehydrolycopene; all-trans-3,4-didehydrolycopene"
c15868,neuromedin n
c15869,neuromedin u; nmu
c15871,nocistatin
c15872,kinetensin
c15873,kassinin
c15874,"3,4-dehydrorhodopin; 3,4-didehydrorhodopin; 1-hydroxy-3,4-didehydro-1,2-dihydrolycopene"
c15875,kemptide
c15876,katacalcin; calcitonin carboxyl-terminal flanking peptide; pdn-21
c15877,anhydrorhodovibrin
c15878,rhodovibrin
c15879,hydroxyspirilloxanthin; monodemethyl spirilloxanthin
c15880,allatostatin i
c15881,spirilloxanthin; rhodoviolascin
c15882,"2-methyl-6-phytylquinol; 2-methyl-6-phytyl-1,4-hydroquinone; 2-methyl-6-phytylbenzene-1,4-diol; 2-methyl-6-phytyl-1,4-benzoquinol"
c15883,"2,3-dimethyl-5-phytylquinol; 2,3-dimethyl-5-phytyl-1,4-hydroquinone; 2,3-dimethyl-6-phytylbenzene-1,4-diol"
c15884,2-ketospirilloxanthin; 2-oxospirilloxanthin
c15885,"2,2'-diketospirilloxanthin; 2,2'-dioxospirilloxanthin"
c15886,"3,4-dihydroanhydrorhodovibrin"
c15887,"3',4'-dihydrorhodovibrin"
c15888,"3,4,3',4'-tetrahydrospirilloxanthin"
c15889,dermaseptin
c15890,endomorphin-1
c15891,endomorphin-2
c15892,chloroxanthin; hydroxyneurosporene
c15893,exendin-3
c15894,exendin-4
c15895,"3,4-dihydrospheroidene; methoxyneurosporene"
c15897,fibrinogen binding inhibitor peptide
c15898,demethylspheroidene
c15899,fibrinogen binding peptide
c15900,spheroidene
c15901,galanin
c15902,hydroxyspheroidene
c15903,spheroidenone; spheroiden-2-one
c15904,galantide
c15905,hydroxyspheroidenone
c15906,glucose-dependent insulinotropic peptide; gastric inhibitory peptide; gip
c15907,"1',2'-dihydro-gamma-carotene"
c15908,chlorobactene
c15910,"1',2'-dihydrochlorobactene"
c15911,hydroxychlorobactene
c15912,granuliberin r
c15913,ha peptide
c15914,hydroxychlorobactene glucoside
c15915,"4,4-dimethyl-5alpha-cholesta-8-en-3beta-ol"
c15916,helospectin i; exendin-1
c15917,hydroxychlorobactene glucoside ester
c15918,helospectin ii; exendin-1b
c15919,myxol
c15920,heparin binding peptide
c15921,histatin 5
c15922,indolicidin
c15923,l-gulose
c15924,l-gulose 1-phosphate
c15925,gdp-l-gulose
c15926,beta-l-galactose 1-phosphate; l-galactose 1-phosphate
c15927,leucokinin i
c15928,4-ketomyxol
c15929,leucokinin viii
c15930,l-galactonate; l-galactonic acid
c15931,magainin 1
c15932,4-hydroxymyxol
c15933,deoxymyxol
c15935,"(2's)-deoxymyxol 2'-(2,4-di-o-methyl-alpha-l-fucoside)"
c15936,magainin 2; magainin ii
c15937,"(3r,2's)-myxol 2'-(2,4-di-o-methyl-alpha-l-fucoside)"
c15938,mage-3 (271 - 279)
c15939,n-acetyl-alpha-neuraminyl-(2->3)-beta-d-galactosyl-(1->3)-n-acetyl-beta-d-galactosaminyl-r
c15940,(2's)-deoxymyxol 2'-alpha-l-fucoside
c15941,"(3r,2's)-myxol 2'-alpha-l-fucoside"
c15942,"(3s,2's)-4-ketomyxol 2'-alpha-l-fucoside"
c15943,isorenieratene
c15944,mas7
c15945,mas8
c15946,mas17
c15947,mastoparan
c15948,myomodulin; myomodulin a
c15949,neuropeptide y
c15952,thermocryptoxanthin-11
c15954,thermocryptoxanthin-13
c15955,thermocryptoxanthin-15
c15956,thermozeaxanthin-13
c15957,thermozeaxanthin-15
c15958,thermozeaxanthin-17
c15959,thermobiszeaxanthin-13-13
c15960,octaneuropeptide
c15961,p55-tnfr fragment
c15962,p75-tnfr fragment
c15963,thermobiszeaxanthin-13-15
c15964,thermobiszeaxanthin-15-15
c15965,3'-hydroxyechinenone
c15966,3-hydroxyechinenone
c15967,phoenicoxanthin; adonirubin
c15968,"adonixanthin; 4-ketozeaxanthin; 3,3'-dihydroxy-beta,beta-carotene-4-one"
c15969,zeaxanthin diglucoside; zeaxanthin-beta-d-diglucoside
c15970,abscisic acid glucose ester; abscisic acid-beta-d-glucopyranosyl ester; beta-d-glucopyranosyl abscisate
c15971,dihydrophaseic acid; (-)-dihydrophaseic acid
c15972,enzyme n6-(lipoyl)lysine; lipoamide-e; [e2 protein]-n6-lipoyl-l-lysine; [lipoyl-carrier protein e2]-n6-lipoyl-l-lysine
c15973,enzyme n6-(dihydrolipoyl)lysine; dihydrolipoamide-e; [e2 protein]-n6-[(r)-dihydrolipoyl]-l-lysine; [lipoyl-carrier protein e2]-n6-[(r)-dihydrolipoyl]-l-lysine
c15974,3-methyl-1-hydroxybutyl-thpp; 3-methyl-1-hydroxybutyl-tpp
c15975,[dihydrolipoyllysine-residue (2-methylpropanoyl)transferase] s-(3-methylbutanoyl)dihydrolipoyllysine; s-(3-methylbutanoyl)-dihydrolipoamide-e
c15976,2-methyl-1-hydroxypropyl-thpp; 2-methyl-1-hydroxypropyl-tpp
c15977,[dihydrolipoyllysine-residue (2-methylpropanoyl)transferase] s-(2-methylpropanoyl)dihydrolipoyllysine; s-(2-methylpropanoyl)-dihydrolipoamide-e; s-(2-methylpropionyl)-dihydrolipoamide-e; enzyme n6-(s-[2-methylpropanoyl]dihydrolipoyl)lysine
c15978,2-methyl-1-hydroxybutyl-thpp; 2-methyl-1-hydroxybutyl-tpp
c15979,[dihydrolipoyllysine-residue (2-methylpropanoyl)transferase] s-(2-methylbutanoyl)dihydrolipoyllysine; s-(2-methylbutanoyl)-dihydrolipoamide-e
c15980,(s)-2-methylbutanoyl-coa
c15981,"alpha-cryptoxanthin; (3'r,6'r)-beta,epsilon-caroten-3'-ol"
c15982,thermocryptoxanthin
c15983,thermozeaxanthin; zeaxanthin glucoside ester
c15984,thermobiszeaxanthin; zeaxanthin diglucoside diester
c15985,17-o-acetylajmaline
c15986,"2,6-dihydroxypseudooxynicotine; 1-(2,6-dihydroxypyridin-3-yl)-4-(methylamino)butan-1-one"
c15987,4-methylaminobutyrate; gamma-n-methylaminobutyrate
c15988,"(9s,10s)-9,10-dihydroxyoctadecanoate"
c15989,"(9s,10s)-10-hydroxy-9-(phosphonooxy)octadecanoate"
c15990,"1l-myo-inositol 1,2,3,4,6-pentakisphosphate; myo-inositol 1,2,3,4,6-pentakisphosphate"
c15991,myo-inositol pentakisphosphate
c15992,"cholesterol-5alpha,6alpha-epoxide; 5,6alpha-epoxy-5alpha-cholestan-3beta-ol"
c15995,bombesin
c15996,7-cyano-7-carbaguanine; 7-cyano-7-deazaguanine
c15997,"potassium 2,6-dihydroxytriazinecarboxylate; potassium oxonate; oteracil potassium"
c15998,l-methionine (r)-s-oxide
c15999,l-methionine (s)-s-oxide
c16000,urodilatin
c16001,reactive black 5
c16002,oxidized reactive black 5
c16003,atrial natriuretic peptide; atrial natruiretic factor; anp
c16004,brain natriuretic peptide; bnp
c16005,c-type natriuretic peptide; cnp
c16006,uroguanylin
c16007,guanylin
c16008,t-kinin; ile-ser-bradykinin
c16009,big endothelin
c16010,endothelin-1
c16011,protein-omega-n-(adp-d-ribosyl)-l-arginine; protein-nomega-(adp-d-ribosyl)-l-arginine; nomega-(adp-d-ribosyl)-protein-l-arginine
c16012,endothelin-2
c16013,endothelin-3
c16014,cis-stilbene oxide
c16015,"(+)-(1r,2r)-1,2-diphenylethane-1,2-diol"
c16016,urotensin ii
c16017,alpha-endorphin
c16018,gamma-endorphin
c16019,beta-lipotropin; beta-lph
c16020,gamma-lipotropin; gamma-lph
c16021,somatostatin-28; somatostatin-2
c16022,somatostatin-14; somatostatin-1
c16023,cortistatin-29
c16024,cortistatin-17
c16025,ghrelin
c16027,cocaine- and amphetamine- regulated transcript (1-39); cocaine and amphetamine regulated transcript (1-39); cart(1-39)
c16028,"amorpha-4,11-diene"
c16029,cocaine- and amphetamine- regulated transcript (42-89); cocaine and amphetamine regulated transcript (42-89); cart(42-89)
c16030,melanin-concentrating hormone; mch
c16031,neuropeptide ge
c16032,neuropeptide w-30
c16033,neuropeptide w-23
c16034,neuropeptide b-29
c16035,neuropeptide b-23
c16036,neuropeptide s
c16037,leumorphin
c16038,"2-amino-1-methyl-6-phenylimidazo[4,5-b]pyridine; phip"
c16039,alpha-neoendorphin
c16040,beta-neoendorphin
c16041,leu-enkephalin
c16042,met-enkephalin-arg-gly-leu
c16043,met-enkephalin-arg-phe
c16044,nociceptin; orphanin fq
c16045,rfamide-related peptide 2; rfrp-2
c16046,galanin-like peptide
c16047,motilin
c16048,glucagon-like peptide 1; glp-1
c16049,glucagon-like peptide 2; glp-2
c16050,glicentin
c16051,parathyroid hormone; parathormone; pth
c16052,parathyroid hormone-related peptide (1-36); pthrp (1-36)
c16053,tuberoinfundibular peptide of 39 residues; tip39
c16054,defensin alpha-1
c16055,defensin alpha-2
c16056,defensin alpha-3
c16057,defensin alpha-4
c16058,defensin alpha-5
c16059,defensin beta-1
c16060,defensin beta-2
c16061,defensin beta-3
c16062,defensin beta-4
c16063,liver-expressed antimicrobial peptide 1; leap-1
c16064,liver-expressed antimicrobial peptide 2; leap-2
c16065,thymosin alpha-1
c16066,thymosin beta-4
c16067,thymosin beta-10
c16068,humanin
c16069,3-sulfolactate
c16070,"6-(alpha-d-glucosaminyl)-1d-myo-inositol 1,2-cyclic phosphate"
c16071,"riboflavin cyclic-4',5'-phosphate"
c16072,aliphatic nitrile
c16074,phenylacetonitrile; benzyl cyanide
c16075,(z)-phenylacetaldehyde oxime; z-phenylacetaldoxime
c16076,urotensin i
c16077,neurophysin i
c16078,neurophysin ii
c16079,corticotropin releasing hormone; corticoliberin; crh
c16080,urocortin i
c16081,urocortin ii
c16082,urocortin iii
c16084,gonadotropin-releasing hormone ii; gonadoliberin-ii; gnrh-ii
c16085,growth hormone-releasing hormone (1-29); growth hormone-releasing factor (1-29); ghrh(1-29)
c16086,prolactin-releasing peptide-31
c16087,prolactin-releasing peptide-20
c16088,pituitary adenylate cyclase-activating peptide-38; pacap-38
c16089,pituitary adenylate cyclase-activating peptide-27; pacap-27
c16090,metastin; kisspeptin
c16091,kisspeptin-14
c16092,kisspeptin-13
c16093,kisspeptin-10
c16094,substance p
c16095,neuropeptide k
c16096,neuropeptide gamma
c16097,neurokinin a; substance k; neuromedin l
c16098,neurokinin b; neuromedin k; tachykinin-3
c16099,endokinin a/b
c16100,endokinin c
c16101,endokinin d
c16102,obestatin
c16103,agouti related protein (87-132); agouti
c16104,neuropeptide ei
c16105,orexin a
c16106,orexin b
c16107,neuromedin s
c16108,adrenorphin
c16109,rfamide-related peptide 1; rfrp-1
c16110,rfamide-related peptide 3; rfrp-3
c16111,neuropeptide af
c16112,neuropeptide ff
c16113,gastrin-17; little gastrin; heptadecapeptide gastrin
c16114,cholecystokinin-8; cck-8
c16115,gastrin-releasing peptide; grp
c16116,l-aminoacyl-l-amino acid
c16117,pancreatic polypeptide
c16118,peptide yy
c16119,vasoactive intestinal peptide; vip
c16120,c-peptide
c16121,relaxin-1
c16122,relaxin-2
c16123,relaxin-3
c16124,insulin-like 3; relaxin-like factor; insl 3
c16125,calcitonin gene-related peptide 1; calcitonin-related polypeptide alpha; alpha-cgrp
c16126,calcitonin gene-related peptide 2; calcitonin-related polypeptide beta; beta-cgrp
c16127,adrenomedullin
c16128,adrenomedullin 2
c16129,calcitonin receptor-stimulating peptide 1; crsp-1
c16130,amylin; islet amyloid polypeptide
c16131,insulin-like growth factor i; somatomedin c
c16132,insulin-like growth factor ii; somatomedin a
c16133,cholecystokinin-33; cck-33
c16134,corticotropin-like intermediary peptide
c16135,dynorphin b; rimorphin
c16136,beta-melanotropin; beta-melanocyte-stimulating hormone; beta-msh
c16137,gamma-melanotropin; gamma-melanocyte-stimulating hormone; gamma-msh
c16138,l-pyrrolysine; pyrrolysine
c16139,trna(pyl)
c16140,l-lysyl-trna(pyl)
c16141,(+)-germacrene a; (+)-(r)-germacrene a
c16142,(-)-germacrene d
c16143,"(1e,4s,5e,7r)-germacra-1(10),5-dien-11-ol; germacradienol"
c16144,"4,4'-diapophytoene; dehydrosqualene; 15-cis-4,4'-diapophytoene"
c16145,"4,4'-diaponeurosporene"
c16146,"4,4'-diaponeurosporenic acid"
c16147,"glucosyl-4,4'-diaponeurosporenoate"
c16148,staphyloxanthin
c16149,(3z)-4-(2-carboxyphenyl)-2-oxobut-3-enoate; cis-2'-carboxybenzalpyruvate
c16150,"(r,s)-nicotine; (+-)-3-(1-methyl-2-pyrrolidinyl)pyridine"
c16151,"2,6-dihydroxy-n-methylmyosmine"
c16152,"blue pigment; nicotine blue; (e)-2,2',5,5'-tetrahydroxy-6h,6'h-[3,3'-bipyridinylidene]-6,6'-dione"
c16153,udp-l-ara4n; udp-4-amino-4-deoxy-l-arabinose; udp-4-amino-4-deoxy-beta-l-arabinopyranose
c16154,udp-l-ara4fn; uridine 5'-diphospho-beta-(4-deoxy-4-formamido-l-arabinose); udp-4-deoxy-4-formamido-beta-l-arabinopyranose
c16155,udp-l-ara4o; udp-4''-ketopentose; uridine 5'-diphospho-beta-(l-threo-pentapyranosyl-4''-ulose); udp-beta-l-threo-pentapyranos-4-ulose; udp-4-keto-d-xylose
c16156,"undecaprenyl phosphate alpha-l-ara4fn; 4-deoxy-4-formamido-alpha-l-arabinopyranosyl ditrans,octacis-undecaprenyl phosphate"
c16157,"undecaprenyl phosphate alpha-l-ara4n; 4-amino-4-deoxy-alpha-l-arabinopyranosyl ditrans,octacis-undecaprenyl phosphate"
c16158,exendin-2
c16159,2-formylglutarate
c16160,"linoleoyl-[acyl-carrier protein]; linoleoyl-acp; (9z,12z)-octadecadienoyl-[acyl-carrier protein]; (9z,12z)-octadecadienoyl-acp"
c16161,"alpha-linolenoyl-acp; alpha-linolenoyl-[acyl-carrier protein]; (9z,12z,15z)-octadecatrienoyl-acp; (9z,12z,15z)-octadecatrienoyl-[acyl-carrier protein]"
c16162,"(9z,12z,15z)-octadecatrienoyl-coa; alpha-linolenoyl-coa"
c16163,"(6z,9z,12z,15z)-octadecatetraenoyl-coa; stearidonoyl-coa"
c16164,"(8z,11z,14z,17z)-icosatetraenoyl-coa; (8z,11z,14z,17z)-icosa-8,11,14,17-tetraenoyl-coa"
c16165,"(5z,8z,11z,14z,17z)-icosapentaenoyl-coa; (5z,8z,11z,14z,17z)-icosa-5,8,11,14,17-pentaenoyl-coa"
c16166,"(7z,10z,13z,16z,19z)-docosapentaenoyl-coa"
c16167,"(9z,12z,15z,18z,21z)-tetracosapentaenoyl-coa"
c16168,"(6z,9z,12z,15z,18z,21z)-tetracosahexaenoyl-coa"
c16169,"(4z,7z,10z,13z,16z,19z)-docosahexaenoyl-coa"
c16170,"(7z,10z,13z,16z)-docosatetraenoyl-coa"
c16171,"(9z,12z,15z,18z)-tetracosatetraenoyl-coa"
c16172,"(6z,9z,12z,15z,18z)-tetracosapentaenoyl-coa"
c16173,"(4z,7z,10z,13z,16z)-docosapentaenoyl-coa"
c16174,litorin
c16175,ranatensin
c16176,sarafotoxin s6b
c16177,beta-d-galactosyl-(1->3)-n-acetyl-beta-d-galactosaminyl-r
c16178,insulin-like 5; insl5
c16179,"(11z,14z,17z)-icosatrienoyl-coa; (11z,14z,17z)-icosa-11,14,17-trienoyl-coa"
c16180,"(11z,14z)-icosadienoyl-coa; (11z,14z)-icosa-11,14-dienoyl-coa"
c16181,"beta-2,3,4,5,6-pentachlorocyclohexanol"
c16182,"beta-2,3,5,6-tetrachloro-1,4-cyclohexanediol"
c16183,alpha-d-arabinopyranose 1-phosphate
c16184,"(5z,8z,11z,14z,17z)-eicosapentaenoic acid ethyl ester; epa ethyl ester; ethyl (5z,8z,11z,14z,17z)-eicosapentaenoate; ethyl (5z,8z,11z,14z,17z)-icosapentaenoate; ethyl (5z,8z,11z,14z,17z)-icosa-5,8,11,14,17-pentaenoate"
c16185,"(4z,7z,10z,13z,16z,19z)-docosahexaenoic acid ethyl ester; dha ethyl ester"
c16186,l-ascorbate 6-phosphate
c16187,"7,2'-dihydroxy-4'-methoxy-isoflavanol; dmi; (3r,4r)-4'-methoxyisoflavan-2',4,7-triol"
c16188,"7-hydroxy-2',4',5'-trimethoxyisoflavone"
c16189,9-demethylmunduserone
c16190,"2,7-dihydroxy-4'-methoxyisoflavanone"
c16191,malonyldaidzin
c16192,malonylgenistin
c16193,"1,6-naphthalenedisulfonic acid"
c16194,"2,6-naphthalenedisulfonic acid"
c16195,glycitin; glycitein 7-o-glucoside
c16196,"1,2-dihydroxynaphthalene-6-sulfonate"
c16197,malonylglycitin
c16198,(z)-4-(2-hydroxy-5-sulfonatophenyl)-2-oxo-3-butenoate
c16199,5-sulfosalicylate; sulfosalicylic acid
c16200,phenylboronic acid; benzeneboronic acid
c16201,1-naphthalenesulfonic acid; naphthalene-1-sulfonate
c16202,2-naphthalenesulfonic acid; naphthalene-2-sulfonate
c16203,"anthracene-cis-1,2-dihydrodiol; cis-1,2-dihydroanthracene-1,2-diol"
c16204,"1,2-anthracenediol"
c16205,"anthracene-9,10-dihydrodiol"
c16206,"9,10-dihydroxyanthracene; 9,10-anthracenediol"
c16207,"anthraquinone; 9,10-anthraquinone"
c16208,1-methoxy-2-hydroxyanthracene
c16209,3-(2-carboxyvinyl)naphthalene-2-carboxylic acid
c16210,4-(3-hydroxy-2-naphthyl)-2-oxobut-3-enoic acid
c16211,"6,7-benzocoumarin"
c16212,3-hydroxy-2-naphthoate
c16213,"2,3-dihydroxynaphthalene"
c16214,"3-[6-(carboxymethylene)cyclohexa-2,4-dien-1-ylidene]-2-oxopropanate"
c16215,"1,2-dihydrophthalic acid; cyclohexa-3,5-diene-1,2-dicarboxylate"
c16216,3-oxostearoyl-coa; 3-oxooctadecanoyl-coa; beta-ketostearoyl-coa; 3-ketostearoyl-coa
c16217,3-hydroxyoctadecanoyl-coa; 3-hydroxystearoyl-coa; beta-hydroxystearoyl-coa
c16218,(2e)-octadecenoyl-coa; trans-octadec-2-enoyl-coa
c16219,3-oxostearoyl-[acp]; 3-oxooctadecanoyl-[acp]; beta-ketostearoyl-[acp]; 3-ketostearoyl-[acp]
c16220,(3r)-3-hydroxyoctadecanoyl-[acyl-carrier protein]; (r)-3-hydroxyoctadecanoyl-[acp]; (r)-3-hydroxyoctadecanoyl-[acyl-carrier protein]; (r)-3-hydroxystearoyl-[acp]; (r)-3-hydroxystearoyl-[acyl-carrier protein]
c16221,(2e)-octadecenoyl-[acp]; trans-octadec-2-enoyl-[acp]
c16222,formononetin 7-o-(6-o-malonyl-beta-d-glucoside); formononetin 7-o-glucoside-6''-o-malonate
c16223,(-)-medicocarpin; medicarpin 3-o-glucoside
c16224,medicarpin 3-o-glucoside-6'-malonate
c16225,(-)-vestitol
c16226,"2',7-dihydroxy-4',5'-methylenedioxyisoflavone; dmi"
c16227,(+)-sophorol
c16228,(-)-sophorol
c16229,(+)-maackiain
c16230,(+)-6a-hydroxymaackiain
c16231,(-)-maackiain-3-o-glucosyl-6''-o-malonate
c16232,"6,7,4'-trihydroxyflavanone"
c16233,"2,6,7,4'-tetrahydroxyisoflavanone"
c16234,o-nitrobenzoate; 2-nitrobenzoic acid
c16235,o-hydroxylaminobenzoate; 2-hydroxylaminobenzoic acid
c16236,[protein]-n6-(octanoyl)-l-lysine; protein n6-(octanoyl)lysine
c16237,protein n6-(lipoyl)lysine; [lipoyl-carrier protein]-n6-(lipoyl)lysine
c16238,lipoyl-amp
c16239,lipoyl-[acp]; lipoyl-[acyl carrier protein]; lipoyl-acp
c16240,[lipoyl-carrier protein]-l-lysine; apoprotein
c16241,"(r)-lipoate; (r)-lipoic acid; (r)-(+)-lipoate; r-(+)-lipoic acid; 1,2-dithiolane-3r-pentanoic acid"
c16242,cobalt-precorrin 5a
c16243,cobalt-precorrin 5b
c16244,cobalt-precorrin 7
c16245,d-glucuronic acid
c16246,"3,5-dibromo-4-hydroxybenzamide"
c16247,"2,6-dibromophenol"
c16248,"2,6-dibromohydroquinone"
c16249,2-bromomaleylacetate
c16250,mtic
c16251,3-epi-6-deoxocathasterone
c16252,"(22r,23r)-22,23-dihydroxycampesterol"
c16253,"(22r,23r)-22,23-dihydroxy-campest-4-en-3-one"
c16254,[dihydrolipoyllysine-residue succinyltransferase] s-succinyldihydrolipoyllysine; s-succinyldihydrolipoamide-e; enzyme n6-(s-succinyldihydrolipoyl)lysine
c16255,[dihydrolipoyllysine-residue acetyltransferase] s-acetyldihydrolipoyllysine; s-acetyldihydrolipoamide-e; enzyme n6-(s-acetyldihydrolipoyl)lysine
c16256,(e)-cinnamoyl-coa
c16257,(r)-phenyllactyl-coa; (r)-3-(phenyl)lactoyl-coa
c16258,"petromyzonol; 5alpha-cholan-3alpha,7alpha,12alpha,24-tetrol"
c16259,"petromyzonol 24-sulfate; 5alpha-cholan-3alpha,7alpha,12alpha-triol 24-sulfate"
c16260,"scymnol; 5beta-scymnol; 5beta-cholestane-3alpha,7alpha,12alpha,24,26,27-hexol"
c16261,5beta-scymnol sulfate
c16262,"1-hydro-1,1a-dihydroxy-9-fluorenone"
c16263,"2,3-dihydroxy-2'-carboxybiphenyl"
c16264,"2-hydroxy-6-oxo-6-(2-carboxyphenyl)-hexa-2,4-dienoate"
c16265,n-acetylgalactosamine 4-sulfate
c16266,3-chloro-2-hydroxymuconic semialdehyde
c16267,cyclopropanecarboxylate
c16268,cyclopropanecarboxyl-coa
c16269,"(+)-epi-isozizaene; (3s,3ar,6s)-3,7,7,8-tetramethyl-2,3,4,5,6,7-hexahydro-1h-3a,6-methanoazulene"
c16270,rhodopinal
c16271,rhodopinal glucoside
c16272,3-hydroxy-5-oxohexanoate
c16273,3-hydroxy-5-oxohexanoyl-coa
c16274,"(2s,2's)-oscillol"
c16275,"(2s,2's)-oscillol 2,2'-di(alpha-l-fucoside)"
c16276,epsilon-carotene
c16277,r.g.-keto i
c16278,r.g.-keto iii
c16279,thiothece-474
c16280,okenone
c16281,thiobenzamide
c16282,caloxanthin
c16283,thiobenzamide s-oxide
c16284,nostoxanthin
c16285,"thiobenzamide s,s-dioxide"
c16286,"geosmin; (-)-geosmin; trans-1,10-dimethyl-trans-9-decalol"
c16287,d-thevetose
c16288,"pelargonidin 3-o-3'',6''-o-dimalonylglucoside"
c16289,"cyanidin 3-o-3'',6''-o-dimalonylglucoside"
c16290,"delphinidin 3-o-3'',6''-o-dimalonylglucoside"
c16291,"7,8-dihydro-beta-carotene"
c16292,cyanidin-3-(p-coumaroyl)-rutinoside-5-glucoside
c16293,peonidin-3-(p-coumaroyl)-rutinoside-5-glucoside
c16294,delphinidin-3-(p-coumaroyl)-rutinoside-5-glucoside
c16295,petunidin-3-(p-coumaroyl)-rutinoside-5-glucoside
c16296,malvidin-3-(p-coumaroyl)-rutinoside-5-glucoside
c16297,pelargonidin 3-o-(6-caffeoyl-beta-d-glucoside)
c16298,cyanidin 5-o-glucoside
c16299,malonylshisonin
c16300,"stearidonic acid; 6,9,12,15-octadecatetraenoic acid; (6z,9z,12z,15z)-octadecatetraenoic acid; 6z,9z,12z,15z-octadecatetraenoic acid; (6z,9z,12z,15z)-octadeca-6,9,12,15-tetraenoic acid"
c16301,delphinidin 3-o-(6''-o-malonyl)-beta-d-glucoside
c16302,ternatin a1
c16303,"ternatin c5; delphinidin 3-o-(6''-o-malonyl)-beta-d-glucoside-3',5'-di-o-beta-d-glucoside"
c16304,delphinidin 3-o-(6''-o-malonyl)-beta-glucoside-3'-o-beta-glucoside; delphinidin 3-o-(6''-o-malonyl)-beta-d-glucoside-3'-o-beta-d-glucoside
c16305,pelargonidin 3-o-sophoroside
c16306,cyanidin 3-o-sophoroside
c16307,delphinidin 3-o-sophoroside
c16308,traumatic acid; (2e)-dodecenedioic acid; dodec-2-enedioic acid; (2e)-dodec-2-enedioic acid
c16309,traumatin; (10e)-12-oxododecenoic acid
c16310,3-hexenal; (3z)-hexenal
c16311,12-oxo-9(z)-dodecenoic acid
c16312,"delphinidin 3,5-diglucoside; delphin"
c16313,delphinidin 3-glucoside 5-caffoyl-glucoside
c16314,"delphinidin 3,5,3'-triglucoside"
c16315,delphinidin 3-o-rutinoside; tulipanin
c16316,"13(s)-hot; (9z,11e,15z)-(13s)-hydroxyoctadeca-9,11,15-trienoate; (9z,11e,15z)-(13s)-13-hydroxyoctadeca-9,11,15-trienoic acid; (9z,11e,13s,15z)-13-hydroxyoctadeca-9,11,15-trienoic acid; 13(s)-hotre"
c16317,(+)-7-isojasmonic acid
c16318,(+)-7-isomethyljasmonate
c16319,"etherolenic acid; (9z,11e,1'e,3'z)-12-(1',3'-hexadienyloxy)-9,11-dodecadienoic acid"
c16320,"colnelenic acid; (8e)-9-[(1e,3z,6z)-nona-1,3,6-trien-1-yloxy]non-8-enoate"
c16321,"9(s)-hpot; (10e,12z,15z)-(9s)-9-hydroperoxyoctadeca-10,12,15-trienoic acid; 9(s)-hpotre; (9s,10e,12z,15z)-9-hydroperoxy-10,12,15-octadecatrienoate"
c16322,9-oxononanoic acid
c16323,"3,6-nonadienal"
c16324,"9,10-eot; 9,10-epoxyoctadecatrienoic acid; (9s)-(10e,12z,15z)-9,10-epoxyoctadecatri-10,12,15-enoic acid; 9,10-eotre"
c16325,"10-opda; 10-oxo-11,15-phytodienoic acid; (11z,15z)-10-oxo-11,15-phytodienoic acid"
c16326,"9(s)-hot; (9s)-(10e,12z,15z)-9-hydroxyoctadecatri-10,12,15-enoic acid; 9(s)-hotre"
c16327,opc8-coa
c16328,trans-2-enoyl-opc8-coa
c16329,3-hydroxy-opc8-coa
c16330,3-oxo-opc8-coa
c16331,opc6-coa
c16332,trans-2-enoyl-opc6-coa
c16333,3-hydroxy-opc6-coa
c16334,3-oxo-opc6-coa
c16335,opc4-coa
c16336,trans-2-enoyl-opc4-coa
c16337,3-hydroxy-opc4-coa
c16338,3-oxo-opc4-coa
c16339,(+)-7-isojasmonic acid coa
c16340,beta-isorenieratene
c16341,"2(r)-hpot; (2r)-(9z,12z,15z)-2-hydroperoxyoctadecatri-9,12,15-enoic acid; 2(r)-hpotre"
c16342,"2(r)-hot; (2r)-(9z,12z,15z)-2-hydroxyoctadecatri-9,12,15-enoic acid; 2(r)-hotre"
c16343,"heptadecatrienal; (8z,11z,14z)-8,11,14-heptadecatrienal"
c16344,"norlinolenic acid; (8z,11z,14z)-heptadecatrienoic acid; (8z,11z,14z)-8,11,14-heptadecatrienoic acid; 8z,11z,14z-heptadecatrienoic acid; (8z,11z,14z)-heptadeca-8,11,14-trienoic acid"
c16345,volicitin; n-(17-hydroxylinolenoyl)-l-glutamine
c16346,"17-hydroxylinolenic acid; (9z,12z,15z)-17-hydroxyoctadecatri-9,12,15-enoic acid"
c16347,deinoxanthin
c16348,cis-3-chloroallyl aldehyde; cis-3-chloro-2-propenal
c16349,pelargonidin 3-o-beta-d-glucoside 5-o-(6-coumaroyl-beta-d-glucoside)
c16350,cyanidin 3-o-beta-d-glucoside 5-o-(6-coumaroyl-beta-d-glucoside)
c16351,delphinidin 3-o-beta-d-glucoside 5-o-(6-coumaroyl-beta-d-glucoside)
c16352,7-methylxanthosine
c16353,7-methylxanthine
c16354,"albireodelphin; delphinidin 3,3'-diglucoside 5-(6-caffeoyl)glucoside"
c16355,7-methyluric acid
c16356,"1,7-dimethyluric acid"
c16357,3-methylxanthine
c16358,1-methylxanthine
c16359,1-methyluric acid
c16360,"3,7-dimethyluric acid"
c16361,"1,3,7-trimethyluric acid; 1,3,7-trimethylurate"
c16362,"3,6,8-trimethylallantoin"
c16363,n-methylurea; methylurea
c16364,"n,n'-dimethylurea; 1,3-dimethylurea"
c16365,5-acetylamino-6-formylamino-3-methyluracil; afmu
c16366,5-acetylamino-6-amino-3-methyluracil; aamu
c16367,delphinidin 3-o-(6-caffeoyl-beta-d-glucoside)
c16368,pelargonidin 3-(6-p-coumaroyl)glucoside
c16369,cyanidin 3-(6-p-caffeoyl)glucoside
c16370,delphinidin 3-(6-p-coumaroyl)glucoside
c16371,pelargonidin 3-glucoside 5-caffeoylglucoside
c16372,cyanidin 3-glucoside 5-caffeoylglucoside
c16373,cyanidin-3-o-(6''-o-malonyl-2''-o-glucuronyl)glucoside
c16374,"(2e,6z,9z,12z,15z,18z,21z)-tetracosaheptaenoyl-coa; (2e,6z,9z,12z,15z,18z,21z)-tetracosa-2,6,9,12,15,18,21-heptaenoyl-coa"
c16375,"(3r,6z,9z,12z,15z,18z,21z)-3-hydroxytetracosahexaenoyl-coa; (6z,9z,12z,15z,18z,21z)-3-hydroxytetracosa-6,9,12,15,18,21-hexaenoyl-coa"
c16376,"(6z,9z,12z,15z,18z,21z)-3-oxotetracosahexaenoyl-coa; (6z,9z,12z,15z,18z,21z)-3-oxotetracosa-6,9,12,15,18,21-hexaenoyl-coa"
c16386,(r)-nicotine; d-nicotine; 2'-beta-h-nicotine
c16387,"(2e,6z,9z,12z,15z,18z)-tetracosahexaenoyl-coa; (2e,6z,9z,12z,15z,18z)-tetracosa-2,6,9,12,15,18-hexaenoyl-coa"
c16388,"(3r,6z,9z,12z,15z,18z)-3-hydroxytetracosapentaenoyl-coa; (6z,9z,12z,15z,18z)-3-hydroxytetracosa-6,9,12,15,18-pentaenoyl-coa"
c16389,"(6z,9z,12z,15z,18z)-3-oxotetracosapentaenoyl-coa; (6z,9z,12z,15z,18z)-3-oxotetracosa-6,9,12,15,18-pentaenoyl-coa"
c16390,(s)-2-(hydroxymethyl)glutarate
c16391,"trinitrotoluene; 2,4,6-trinitrotoluene"
c16392,"4-hydroxylamino-2,6-dinitrotoluene"
c16393,"2-hydroxylamino-4,6-dinitrotoluene"
c16394,"4-amino-2,6-dinitrotoluene"
c16395,"2-amino-4,6-dinitrotoluene"
c16396,"2,4-diamino-6-nitrotoluene"
c16397,"2,6-diamino-4-nitrotoluene"
c16398,2-amino-4-nitrotoluene; 5-nitro-o-toluidine
c16399,"2,4-diamino-6-hydroxylaminotoluene"
c16400,"2,4,6-triaminotoluene"
c16401,"2,4,6-trihydroxytoluene; 2-methylphloroglucinol"
c16402,"2,4-dihydroxylamino-6-nitrotoluene"
c16403,4-amino-2-hydroxylamino-6-nitrotoluene
c16404,pinocembrin chalcone
c16405,homoeriodictyol chalcone
c16406,phlorizin chalcone; chalcone 2'-o-glucoside
c16407,"2',4,4',6'-tetrahydroxychalcone 4'-o-glucoside; thc 4'-glucoside; chalconaringenin 4'-glucoside; 2',4,4',6'-tetrahydroxychalcone 4'-o-beta-d-glucoside"
c16408,"2',3,4,4',6'-peptahydroxychalcone 4'-o-glucoside; phc 4'-o-glucoside; 2',3,4,4',6'-pentahydroxychalcone 4'-o-beta-d-glucoside"
c16409,aureusidin 6-o-glucoside; aureusidin 6-o-beta-d-glucoside
c16410,bracteatin 6-o-glucoside; bracteatin 6-o-beta-d-glucoside
c16411,"4,4',6,6'-tetranitro-2,2'-azoxytoluene"
c16412,"2,4',6,6'-tetranitro-2',4-azoxytoluene"
c16413,"2,2',6,6'-tetranitro-4,4'-azoxytoluene"
c16414,2-amino-5-hydroxyl-4-hydroxylamino-6-nitrotoluene; 4-amino-6-hydroxylamino-3-methyl-2-nitrophenol
c16415,5-deoxyleucopelargonidin
c16416,desmethylxanthohumol
c16417,"xanthohumol; (2e)-1-[2,4-dihydroxy-6-methoxy-3-(3-methylbut-2-en-1-yl)phenyl]-3-(4-hydroxyphenyl)prop-2-en-1-one"
c16418,pinobanksin 3-o-acetate
c16419,pinostrobin
c16420,4-acetamido-2-amino-6-nitrotoluene
c16421,ai-2; autoinducer 2
c16422,hesperetin 7-o-glucoside
c16423,naringin chalcone
c16424,isopentenyladenosine-5'-triphosphate; isopentenyl-atp; n6-(dimethylallyl)adenosine 5'-triphosphate; n6-prenyladenosine 5'-triphosphate
c16426,isopentenyladenosine-5'-diphosphate; isopentenyl-adp; n6-(dimethylallyl)adenosine 5'-diphosphate; n6-prenyladenosine 5'-diphosphate
c16427,isopentenyl adenosine
c16428,trans-zeatin riboside triphosphate
c16429,trans-zeatin riboside diphosphate
c16430,trans-zeatin riboside monophosphate
c16431,trans-zeatin riboside
c16432,5-hydroxyectoine
c16433,aspartate; aspartic acid
c16434,isoleucine
c16435,proline
c16436,valine
c16438,asparagine
c16439,leucine
c16440,lysine
c16441,cis-zeatin riboside monophosphate
c16442,asbestos
c16443,trans-zeatin-7-beta-d-glucoside
c16444,benzidine
c16445,dihydrozeatin riboside monophosphate
c16446,"chlornaphazine; n,n-bis(2-chloroethyl)-2-naphthylamine"
c16447,dihydrozeatin riboside
c16448,dihydrozeatin-o-glucoside
c16449,cis-zeatin riboside
c16450,"1,3-butadiene"
c16451,coal-tar pitch
c16452,n'-nitrosonornicotine; nnn
c16453,4-(n-nitrosomethylamino)-1-(3-pyridyl)-1-butanone; nnk
c16454,radon-222
c16455,radium-224
c16456,radium-226
c16457,radium-228
c16458,shale oils; oil shale
c16459,crystalline silica; quartz
c16460,beryllium
c16461,"geranic acid; 3,7-dimethylocta-2,6-dienoate; geranate; 3,7-dimethylocta-2,6-dienoic acid"
c16462,"citronellate; citronellic acid; 3,7-dimethyl-6-octenoic acid"
c16463,"3',5'-cyclic digmp; cdigmp; 3',5'-cyclic diguanylic acid; bis-(3',5')-cyclic digmp; cyclic di-3',5'-guanylate"
c16464,citronellyl-coa
c16465,trans-geranyl-coa
c16466,7-methyl-3-oxo-6-octenoyl-coa; 7-methyl-3-oxooct-6-enoyl-coa
c16467,cis-prenyl-trna; trna containing n6-(cis-hydroxy)isopentenyladenosine
c16468,"(2e)-5-methylhexa-2,4-dienoyl-coa"
c16469,3-hydroxy-5-methylhex-4-enoyl-coa
c16470,5-methylhex-4-enoyl-coa
c16471,5-methyl-3-oxo-4-hexenoyl-coa
c16472,3-fluorocatechol
c16473,4-fluorocatechol
c16474,"3-fluoro-cis,cis-muconate"
c16475,"2-fluoro-cis,cis-muconate"
c16476,4-fluoromuconolactone
c16477,5-fluoromuconolactone
c16478,"3-fluorocyclohexadiene-cis,cis-1,2-diol-1-carboxylate"
c16479,"5-fluorocyclohexadiene-cis,cis-1,2-diol-1-carboxylate"
c16480,"4-fluorocyclohexadiene-cis,cis-1,2-diol-1-carboxylate"
c16481,"6-fluorocyclohexadiene-cis,cis-1,2-diol-1-carboxylate"
c16482,"2-fluorocyclohexadiene-cis,cis-1,2-diol-1-carboxylate"
c16483,"4-fluorocyclohexadiene-cis,cis-1,2-diol"
c16484,"1-fluorocyclohexadiene-cis,cis-1,2-diol"
c16485,4-fluorophenol
c16486,astaxanthin diester
c16487,hydrofluoric acid; hydrogen fluoride; fluoride
c16488,fructoselysine; n6-(d-fructosyl)-l-lysine
c16489,fructoselysine 6-phosphate
c16490,kaempferol 3-o-beta-d-glucosylgalactoside; panasenoside
c16491,isovitexin 2''-o-arabinoside
c16492,8-c-glucosylnaringenin
c16493,"2,22,25-trideoxyecdysone; 3beta,14alpha-dihydroxy-5beta-cholest-7-en-6-one"
c16494,"2,22-dideoxyecdysone"
c16495,"2-deoxyecdysone; (3beta,5beta,22r)-3,14,22,25-tetrahydroxycholest-7-en-6-one"
c16496,3-epiecdysone
c16497,3-dehydro-2-deoxyecdysone
c16498,"2,22-dideoxy-3-dehydroecdysone"
c16499,26-hydroxyecdysone
c16500,"20,26-dihydroxyecdysone; (2beta,3beta,5beta,22r)-2,3,14,20,22,25,26-heptahydroxycholest-7-en-6-one"
c16501,farnesal
c16502,"farnesoic acid; trans,trans-farnesoic acid; (2e,6e)-farnesoate"
c16503,"methyl farnesoate; methyl (2e,6e)-farnesoate"
c16504,"juvenile hormone iii acid; juvenile-hormone-iii carboxylate; (2e,6e,10r)-10,11-epoxy-3,7,11-trimethyldodeca-2,6-dienoate"
c16505,(10s)-juvenile hormone iii diol
c16506,(10s)-juvenile hormone iii acid diol
c16507,(10s)-juvenile hormone iii diol phosphate
c16508,12-trans-hydroxy juvenile hormone iii
c16509,"14alpha-hydroxy-5beta-cholest-7-ene-3,6-dione"
c16510,c5a anaphylatoxin
c16511,l-homocysteic acid; (2s)-2-amino-4-sulfobutanoic acid
c16512,palmitoylethanolamide; palmidrol
c16513,"(7z,10z,13z,16z,19z)-docosapentaenoic acid; (7z,10z,13z,16z,19z)-docosa-7,10,13,16,19-pentaenoic acid; docosapentaenoic acid; 7z,10z,13z,16z,19z-docosapentaenoic acid"
c16514,amyloid beta protein 40
c16515,amyloid beta protein 42
c16516,indolylmethylthiohydroximate; (e)-2-(1h-indol-3-yl)-1-thioacetohydroximate
c16517,indolylmethyl-desulfoglucosinolate; desulfoglucobrassicin
c16518,s-(indolylmethylthiohydroximoyl)-l-cysteine
c16519,2-succinyl-5-enolpyruvyl-6-hydroxy-3-cyclohexene-1-carboxylate; 5-enolpyruvoyl-6-hydroxy-2-succinylcyclohex-3-ene-1-carboxylate; sephchc
c16520,hexadecenoyl-[acyl-carrier protein]; (9z)-hexadec-9-enoyl-[acyl-carrier protein]
c16521,"isoprene; 2-methyl-1,3-butadiene"
c16522,"icosatrienoic acid; eicosatrienoic acid; eta; 11,14,17-icosatrienoic acid; (11z,14z,17z)-icosa-11,14,17-trienoic acid; 11,14,17-eicosatrienoic acid; (11z,14z,17z)-eicosa-11,14,17-trienoic acid"
c16523,3'-n-debenzoyl-2'-deoxytaxol; beta-phenylalanoyl baccatin iii; 13-o-beta-phenylalanoylbaccatin iii
c16524,3'-n-debenzoyltaxol; 13-o-3-phenylisoserinoyl baccatin iii
c16525,"icosadienoic acid; eicosadienoic acid; 11,14-icosadienoic acid; (11z,14z)-icosa-11,14-dienoic acid; 11,14-eicosadienoic acid; (11z,14z)-eicosa-11,14-dienoic acid"
c16526,icosenoic acid; eicosenoic acid; 11-icosenoic acid; 11-eicosenoic acid; (11z)-icosenoic acid; (11z)-eicosenoic acid; (z)-icosa-11-enoic acid
c16527,"adrenic acid; 7,10,13,16-docosatetraenoic acid; (7z,10z,13z,16z)-docosa-7,10,13,16-tetraenoic acid; 7z,10z,13z,16z-docosatetraenoic acid"
c16528,docosanoyl-coa; behenoyl-coa
c16529,tetracosanoyl-coa; lignoceroyl-coa
c16530,icosenoyl-coa; eicosenoyl-coa; (11z)-icosenoyl-coa; (11z)-eicosenoyl-coa
c16531,docosenoyl-coa; (13z)-docosenoyl-coa
c16532,tetracosenoyl-coa; nervonoyl-coa; (15z)-tetracosenoyl-coa
c16533,"(13z,16z)-docosadienoic acid; (13z,16z)-docosa-13,16-dienoic acid; 13z,16z-docosadienoic acid"
c16534,"13,16,19-docosatrienoic acid; (13e,16e,19e)-docosa-13,16,19-trienoic acid"
c16535,nonadecanoic acid; nonadecylic acid
c16536,9e-heptadecenoic acid; (e)-heptadec-9-enoic acid
c16537,pentadecanoic acid; pentadecylic acid; n-pentadecanoic acid
c16538,"1,5-anhydro-d-mannitol"
c16540,7(1)-hydroxychlorophyllide a
c16541,chlorophyllide b
c16542,apc
c16543,npc
c16544,alpha-hydroxytamoxifen
c16545,tamoxifen n-oxide
c16546,n-desmethyltamoxifen
c16547,endoxifen; 4-hydroxy-n-desmethyltamoxifen
c16548,"n,n-didesmethyltamoxifen"
c16549,alpha-hydroxy-n-desmethyltamoxifen
c16550,dechloroethylcyclophosphamide; 3-dechloroethylifosfamide
c16551,alcophosphamide
c16552,nornitrogen mustard
c16553,4-hydroxyifosfamide
c16554,4-ketoifosfamide
c16555,2-dechloroethylifosfamide
c16556,aldoifosfamide
c16557,carboxyifosfamide
c16558,alcoifosfamide
c16559,isophosphoramide mustard; ifosfamide mustard; isophosphamide mustard
c16560,3-hydroxylidocaine
c16561,monoethylglycinexylidide
c16562,glutathionylspermine
c16563,"bis(glutathionyl)spermine; n1,n12-bis(glutathionyl)spermine"
c16564,bis(glutathionyl)spermine disulfide
c16565,aminopropylcadaverine
c16566,glutathionylaminopropylcadaverine
c16567,"homotrypanothione; n1,n9-bis(glutathionyl)aminopropylcadaverine"
c16568,homotrypanothione disulfide
c16569,glycinexylidide; gx
c16570,"4-hydroxy-2,6-dimethylaniline; 3,5-dimethyl-4-aminophenol"
c16571,2-amino-3-methylbenzoate
c16572,3-hydroxymonoethylglycinexylidide
c16573,3'-hydroxyropivacaine
c16574,4'-hydroxyropivacaine
c16575,"(s)-2',6'-pipecoloxylidide"
c16576,norcodeine; n-desmethylcodeine
c16577,codeine-6-glucuronide
c16578,morphine-6-glucuronide
c16579,"trans-homoaconitate; (e)-1,2,4-but-1-enetricarboxylic acid"
c16581,"d-threo-aldono-1,5-lactone; (2s,3r)-aldono-1,5-lactone"
c16582,2-hydroxyfelbamate
c16583,"(r)-(homo)2-citrate; (r)-2-hydroxy-1,2,5-pentanetricarboxylate; (r)-2-hydroxy-1,2,5-pentanetricarboxylic acid"
c16584,p-hydroxyfelbamate
c16586,"2-phenyl-1,3-propanediol monocarbamate"
c16587,3-carbamoyl-2-phenylpropionaldehyde
c16588,2-oxopimelate; alpha-ketopimelate; 2-oxoheptanedionic acid
c16589,2-oxosuberate; 2-oxooctanedionic acid; alpha-ketosuberate
c16590,7-oxoheptanoic acid; 7-ketoheptanoic acid
c16591,3-carbamoyl-2-phenylpropionic acid
c16592,atropaldehyde; 2-phenylpropenal
c16593,7-mercaptoheptanoic acid
c16594,7-mercaptoheptanoylthreonine
c16595,"4-hydroxy-5-phenyltetrahydro-1,3-oxazin-2-one"
c16596,"5-phenyl-1,3-oxazinane-2,4-dione"
c16597,"(-)-threo-iso(homo)2-citrate; (-)-threo-1-hydroxy-1,2,5-pentanetricarboxylic acid; 1-hydroxypentane-1,2,5-tricarboxylate; threo-(homo)2-isocitrate"
c16598,"(r)-(homo)3-citrate; (r)-2-hydroxy-1,2,6-hexanetricarboxylate; (r)-2-hydroxy-1,2,6-hexanetricarboxylic acid"
c16600,"(-)-threo-iso(homo)3-citrate; (-)-threo-1-hydroxy-1,2,6-hexanetricarboxylic acid; 1-hydroxyhexane-1,2,6-tricarboxylate; threo-(homo)3-isocitrate"
c16601,2-hydroxycarbamazepine
c16602,3-hydroxycarbamazepine
c16603,"2,3-dihydroxycarbamazepine"
c16604,2-hydroxyiminostilbene
c16605,"2h-dibenz[b,f]azepin-2-one"
c16606,carbamazepine-o-quinone
c16607,citalopram n-oxide
c16608,demethylcitalopram
c16609,didemethylcitalopram
c16610,citalopram propionic acid
c16611,citalopram alcohol
c16612,citalopram aldehyde
c16613,6-thiourate; 6-thiouric acid
c16614,6-methylmercaptopurine; thiopurine s-methylether
c16615,6-methylthiopurine 5'-monophosphate ribonucleotide; 6-methylthioinosine-5'-monophosphate
c16616,6-mercaptopurine ribonucleoside 5'-diphosphate; 6-thioinosine-5'-diphosphate
c16617,6-mercaptopurine ribonucleoside triphosphate; 6-thioinosine-5'-triphosphate
c16618,6-thioxanthine 5'-monophosphate
c16619,6-thioguanosine monophosphate
c16620,6-methylthioguanosine monophosphate
c16621,1-methyl-4-nitroimidazole
c16622,"n,n'-diacetylhydrazine; diacetylhydrazine"
c16623,isonicotinylglycine; isonicotinuric acid
c16624,isoniazid pyruvate
c16625,isoniazid alpha-ketoglutaric acid
c16626,albendazole sulfone
c16627,albendazole-2-aminosulfone
c16628,albendazole-beta-hydroxysulphone
c16629,albendazole-gamma-hydroxysulphone
c16630,"5,6-dihydro-5-fluorouracil; 5-fluorodihydrouracil"
c16631,alpha-fluoro-beta-ureidopropionic acid; 2-fluoro-3-ureidopropionic acid
c16632,alpha-fluoro-beta-alanine; 3-amino-2-fluoropropionic acid
c16633,5-fluorouridine
c16634,5-fluorouridine monophosphate
c16635,5'-deoxy-5-fluorocytidine
c16636,trna(sec)
c16637,5-deoxyribose-1-phosphate; 5-deoxy-alpha-d-ribose-1-phosphate
c16638,o-phosphoseryl-trna(sec)
c16639,beta-d-ribofuranose
c16640,cai-1; cholerae autoinducer-1
c16641,irinotecan
c16643,morphine-3-glucuronide
c16644,"1-(3,4-dimethoxyphenyl)ethane-1,2-diol"
c16645,"(13z,16z)-docosadienoyl-coa; (13z,16z)-docosadi-13,16-enoyl-coa; 13z,16z-docosadienoyl-coa"
c16647,"n,n-diethylglycine"
c16648,2-n-propyl-4-pentenoic acid; 4-en-valproic acid; 4-ene-vpa
c16649,4-hydroxyvalproic acid; 2-n-propyl-4-hydroxypentanoic acid; 4-oh-vpa
c16650,5-hydroxyvalproic acid; 2-n-propyl-5-hydroxypentanoic acid; 5-oh-vpa
c16651,3-hydroxyvalproic acid; 2-n-propyl-3-hydroxypentanoic acid; 3-oh-vpa
c16652,3-oxovalproic acid; 2-n-propyl-3-oxopentanoic acid; 3-keto-vpa
c16653,2-n-propyl-2-pentenoic acid; 2-en-valproic acid; 2-ene-vpa
c16654,2-n-propyl-3-pentenoic acid; 3-en-valproic acid; 3-ene-vpa
c16655,2-n-propyl-4-oxopentanoic acid; 4-oxovalproic acid; 4-keto-vpa
c16656,"2-propyl-2,4-pentadienoic acid; 2,4-diene-vpa"
c16657,2-propylsuccinic acid; 2-psa
c16658,2-propylglutaric acid; 2-pga
c16659,"2-ethylidene-1,5-dimethyl-3,3-diphenylpyrrolidine; eddp"
c16660,"2-ethyl-5-methyl-3,3-diphenyl-1-pyrroline; emdp"
c16661,l-alpha-acetyl-n-normethadol; nor-laam
c16662,"l-alpha-acetyl-n,n-dinormethadol; dinor-laam"
c16663,tryparedoxin
c16664,tryparedoxin disulfide
c16665,12-methyltetradecanoic acid
c16666,vanillylamine
c16667,"1,2-dimyristyl-sn-glycerol; 1,2-ditetradecanoyl-sn-glycerol"
c16669,oligonucleotide 5'-diphosphate
c16671,"3,6-dihydronicotinic acid"
c16672,benzylpenicilloic acid
c16673,"isoglutamine; 4,5-diamino-5-oxopentanoic acid; dl-isoglutamine"
c16674,formylisoglutamine; dl-formylisoglutamine
c16675,7-aminomethyl-7-carbaguanine; 7-aminomethyl-7-deazaguanine
c16676,n6-alkylaminopurine-9-beta-d-glucoside
c16677,all-trans-4-hydroxyretinoic acid
c16678,all-trans-4-oxoretinoic acid
c16679,all-trans-18-hydroxyretinoic acid
c16680,"all-trans-5,6-epoxyretinoic acid; all-trans-5,6-epoxy-5,6-dihydroretinoic acid"
c16681,9-cis-retinal
c16682,9-cis-retinol
c16683,4-oxoretinol
c16684,n-acetoxyarylamine
c16685,n-hydroxyarylamine
c16687,phosphomannan mannosephosphate
c16688,sucrose 6-phosphate; 6-phosphosucrose; 6-o-phosphonosucrose; beta-d-fructofuranosyl-6-o-phosphono-alpha-d-glucopyranoside
c16689,poly-cis-polyprenyl diphosphate longer by one c5 unit
c16690,5-l-glutamyl-d-glutamyl-peptide; gamma-l-glutamyl-d-glutamyl-peptide
c16691,"dna 2,6-diamino-5-formamido-3,4-dihydro-4-oxopyrimidine"
c16692,mannopine
c16693,plastoquinol
c16694,plastoquinone-1
c16695,plastoquinol-9; plastoquinol a
c16696,dolichotheline
c16697,1-indolizidinone; 1-ketooctahydroindolizine
c16698,n-acetylmuramic acid 6-phosphate; n-acetylmuramate 6-phosphate; murnac 6-phosphate
c16699,2-o-(6-phospho-alpha-mannosyl)-d-glycerate; 2-o-(6-phospho-alpha-d-mannosyl)-d-glycerate
c16700,"3,4-dihydroxybenzaldehyde; protocatechualdehyde"
c16701,norbelladine
c16702,4'-o-methylnorbelladine
c16703,n-demethylnarwedine
c16704,anhalonidine
c16705,anhalonine; o-methylanhalonidine
c16706,4-hydroxydihydrocinnamaldehyde; 3-(p-hydroxyphenyl)propanal
c16707,(s)-autumnaline; autumnaline
c16708,isoandrocymbine
c16709,o-methylandrocymbine
c16710,n-formyldemecolcine
c16711,vitamin k epoxide
c16712,deacetylcolchicine; trimethylcolchicinic acid methyl ether
c16713,floramultine
c16714,kreysigine
c16715,"2-oxo-1,2-dihydroquinoline-4-carboxylate"
c16716,"4-hydroxy-2-quinolone; 4-hydroxy-2(1h)-quinolone; 2,4-dihydroxyquinoline"
c16717,limonoate d-ring-lactone
c16718,limonoate a-ring-lactone
c16719,(-)-norephedrine; l-phenylpropanolamine
c16720,peptide 2-[3-carboxy-3-(dimethylammonio)propyl]-l-histidine; 2-[3-carboxy-3-(dimethylammonio)propyl]-l-histidine; ef-2 2-[3-carboxy-3-(dimethylammonio)propyl]-l-histidine; elongation factor 2 2-[3-carboxy-3-(dimethylammonio)propyl]-l-histidine; 2-[(3s)-3-carboxy-3-(dimethylamino)propyl]-l-histidine-[translation elongation factor 2]
c16721,platydesmine
c16722,acceptor
c16723,pumiloside
c16724,strictosamide
c16725,deoxypumiloside
c16726,cinchoninone; cinchonan-9-one
c16727,cinchonamine
c16728,quinidinone
c16729,"[thyroglobulin]-l-thyroxine; [thyroglobulin]-3,5,3'5'-tetraiodo-l-thyronine"
c16730,"thyroglobulin triiodothyronine; [thyroglobulin]-3,5,3'-triiodo-l-thyronine"
c16731,"[thyroglobulin]-3,5-diiodo-l-tyrosine"
c16732,[thyroglobulin]-3-iodo-l-tyrosine
c16733,[thyroglobulin]-l-tyrosine
c16734,thyroglobulin dehydroalanine; [thyroglobulin]-aminoacrylate
c16735,corynantheal
c16737,5-deoxy-d-glucuronate; 5-deoxy-d-glucuronic acid; 5-deoxy-d-xylo-hexuronic acid
c16738,sulfuric monoester; ester sulfate
c16739,l-arginyl-protein; n-terminal l-arginyl-[protein]
c16740,procollagen l-lysine
c16741,l-hydroxylysine; 5-hydroxy-l-lysine; l-erythro-5-hydroxylysine; (5r)-5-hydroxy-l-lysine
c16742,allo-hydroxy-l-lysine; allohydroxy-l-lysine
c16743,phosphoallohydroxy-l-lysine
c16744,spongothymidine
c16745,spongouridine
c16746,discodermolide
c16747,spergualin
c16748,patulin
c16749,acetylgitaloxin; alpha-acetylgitaloxin
c16750,acetylintermedine
c16751,acetyllycopsamine
c16752,acevaltrate
c16753,aflatoxin b2
c16754,aflatoxin g2
c16755,aflatoxin g1
c16756,aflatoxin m1
c16757,(z)-ajoene
c16758,(e)-ajoene
c16759,s-allyl-l-cysteine
c16760,aloe emodin anthrone
c16761,neosurugatoxin
c16762,ciguatoxin i; ctx
c16763,luteoskyrin
c16764,rugulosin
c16765,citrinin
c16766,citreoviridin
c16767,rubratoxin b
c16768,sporidesmin j
c16769,aplysiatoxin
c16770,19-bromoaplysiatoxin
c16771,oscillatoxin a
c16772,alpha-terpineol; dl-alpha-terpineol
c16773,bisabolol oxide a
c16774,bisabolol oxide b
c16775,(s)-beta-bisabolene; beta-bisabolene
c16776,beta-sesquiphellandrene; (-)-beta-sesquiphellandrene
c16777,sabinene; sabinen
c16778,cantharidin
c16779,dendrolasin
c16780,jasmolin i
c16781,jasmolin ii
c16782,(-)-solenopsin a
c16783,meliantriol
c16784,hmt-toxin
c16785,pm-toxin b
c16786,am-toxin i
c16787,ak-toxin i
c16788,pyriculol
c16789,toxoflavine
c16790,coronatine
c16791,halichondrin b
c16792,panaxytriol
c16793,corynomycolic acid
c16794,tuberculostearic acid; 10-methyloctadecanoic acid
c16795,hydnocarpic acid
c16796,islandicin; funiculosin
c16797,sennoside c
c16798,sennoside d
c16799,cascaroside b
c16800,cascaroside d
c16801,cascaroside c
c16802,glucofrangulin a
c16803,glucofrangulin b
c16804,penicillic acid
c16805,coumachlor
c16806,coumatetralyl
c16807,difenacoum
c16808,isosilybin
c16809,isovaltrate
c16810,bioresmethrin
c16811,baldrinal
c16812,homobaldrinal
c16813,valeranone
c16814,gamma-bisabolene; (z)-gamma-bisabolene
c16815,alpha-cadinene
c16816,ginkgolide m
c16817,goitrin
c16818,ophiobolin f; ophiobolene
c16819,"neotigogenin; (3beta,5alpha,25s)-spirostan-3-ol"
c16820,k-strophanthin-beta
c16821,guvacoline
c16822,9-aminocamptothecin
c16823,distigmine
c16825,neomenthyl acetate
c16826,"2-cis,6-trans-farnesyl diphosphate; (2z,6e)-farnesyl diphosphate"
c16827,p-coumaroyl-d-glucose; 1-o-(4-coumaroyl)-beta-d-glucose; 1-o-(4-hydroxycinnamoyl)-beta-d-glucose
c16828,caffeoquinone; caffeic acid quinone
c16829,gamma-humulene
c16830,d-aldonolactone
c16831,l-2-methyltryptophan; 2-methyl-l-tryptophan
c16832,[protein]-n6-[(r)-dihydrolipoyl]-l-lysine; [lipoyl-carrier protein]-n6-[(r)-dihydrolipoyl]-l-lysine; protein n6-(dihydrolipoyl)lysine
c16833,beta-phenylalanoyl-coa; (r)-beta-phenylalanoyl-coa; (r)-3-amino-3-phenylpropanoyl-coa; amino phenylpropanoyl-coa
c16834,1-pentanol
c16835,succinic aldehyde; succindialdehyde
c16836,"1,4'-bipiperidine-1'-carboxylic acid; [1,4'-bipiperidine]-1'-carboxylic acid"
c16837,4-amino-1-piperidinecarboxylic acid
c16838,alternariol
c16839,brevetoxin a
c16840,eudistomin g
c16841,squalamine
c16842,sq 26180
c16843,deoxynojirimycin; moranolin
c16844,hydroxyl radical; hydrogen oxide
c16845,peroxynitrite
c16846,cinchonidinone; (8alpha)-cinchonan-9-one
c16847,didemnin b
c16848,"6-deoxy-5-ketofructose 1-phosphate; 1-deoxy-d-threo-hexo-2,5-diulose 6-phosphate"
c16849,"hydroxypyruvaldehyde phosphate; 2,3-dioxopropyl phosphate"
c16850,"2-amino-3,7-dideoxy-d-threo-hept-6-ulosonic acid"
c16851,palytoxin
c16852,gambiertoxin 4b; ciguatoxin 4b; ctx-4b
c16854,maitotoxin
c16855,gonyautoxin 1
c16856,gonyautoxin 2
c16857,brevetoxin b
c16858,pachydictyol a
c16859,renillafoulin a
c16860,"2,5,6-tribromo-1-methylgramine"
c16861,13-deoxytedanolide
c16862,plitidepsin; dehydrodidemnin b; aplidine; didemnin a
c16865,scytophycin c
c16868,"tauroursodeoxycholic acid; n-(3alpha,7beta-dihydroxy-5beta-cholan-24-oyl)-taurine"
c16870,dinophysistoxin 1; dtx 1
c16871,pectenotoxin 1; ptx 1
c16872,yessotoxin
c16873,"bombykol; (z,e)-10,12-hexadecadien-1-ol; (10e,12z)-hexadeca-10,12-dien-1-ol"
c16874,makisterone a
c16875,trabectedin; ecteinascidin 743
c16876,kahalalide f
c16877,cryptophycin 1; cryptophycin
c16878,aplyronine a
c16880,s 1319
c16881,isohomohalichondrin b; ihb
c16883,jasplakinolide; jaspamide
c16884,d-threitol
c16885,gambieric acid a
c16886,gambieric acid b
c16887,gambieric acid c
c16888,gambieric acid d
c16889,pahutoxin
c16890,"5alpha-cyprinol; (3alpha,5alpha,7alpha,12alpha)-cholestane-3,7,12,26,27-pentol"
c16891,callystatin a
c16892,krn 7000
c16893,stellettamide a
c16894,plakinamine a
c16895,plakinamine b
c16896,nakitriol
c16899,goniodomin a
c16901,latrunculin a
c16902,mycalolide b
c16903,perazine
c16904,tolytoxin
c16905,dolastatin 11
c16906,anabaseine
c16907,azaspiracid
c16908,caryophyllene epoxide; caryophyllene oxide
c16909,"1,4-cineole; 1,4-epoxy-p-menthane"
c16910,acutumine
c16911,afzelin; kaempferin; kaempferol 3-o-alpha-l-rhamnoside
c16912,alphitolic acid; 2alpha-hydroxybetulinic acid
c16913,anemonin; pulsatilla camphor
c16914,isobyakangelicol; anhydrobyakangelicin
c16915,arctiin; arctigenin-4-glucoside
c16916,arundoin
c16918,atractylodin
c16919,atractylone; atractylol; atractyloxide
c16920,bornyl isovalerate; bornyval; hysterol
c16921,bufadienolide
c16922,"bufalin; (3beta,5beta)-3,14-dihydroxybufa-20,22-dienolide"
c16923,"bufotalin; 3beta,14,16beta-trihydroxy-5beta-bufa-20,22-dienolide 16-acetate"
c16924,butylidenephthalide
c16925,byakangelicol
c16926,capillarin
c16927,capillene
c16928,"capillone; 1-phenyl-2,4-hexadiene-1-one"
c16929,catalpalactone
c16930,chavicol
c16931,cinobufagin
c16932,cinobufotalin
c16933,"3,6-dihydropyridine"
c16937,cnidilide
c16938,coptisine
c16939,crataegolic acid; masilinic acid
c16940,carthamidin
c16941,carthamin
c16942,curcumenol
c16943,curzerenone
c16945,cyperol
c16946,cyperolone
c16947,decanoyl acetaldehyde
c16949,dehydrocurdione
c16950,dehydroeburicoic acid; dehydrotrametenolic acid
c16951,deoxyschizandrin
c16952,dihydrocapsaicin
c16953,"dihydrocorynantheine; 18,19-dihydrocorynantheine"
c16954,disinomenine; bisinomenine
c16955,eucarvone
c16956,evocarpine
c16957,fargesin
c16958,fernenol
c16959,furanodiene
c16960,furanodienone
c16962,"gamabufogenin; gamabufotalin; (3beta,5beta,11alpha)-3,11,14-trihydroxybufa-20,22-dienolide"
c16963,gardoside
c16964,gastrodin; 4-(hydroxymethyl)phenyl-beta-d-glucopyranoside
c16965,genipin 1-beta-gentiobioside
c16966,germacrone
c16967,glutinone; alnusenone
c16968,glycyrol; neoglycyrol
c16969,"hellebrigenin; bufotalidin; (3beta,5beta)-3,5,14-trihydroxy-19-oxobufa-20,22-dienolide"
c16970,hinesol
c16971,hirsuteine
c16972,hirsutine
c16973,isoarborinol
c16974,isocyperol
c16975,isoelemicin
c16976,isoimperatorin
c16977,isokobusone
c16978,isoliquiritin
c16979,isomangiferin
c16980,isorhynchophylline
c16981,"kaempferitrin; kaempferol 3,7-dirhamnoside; kaempferol-3,7-o-alpha-l-dirhamnoside; kaempferol-dirhamnoside; lespenefril"
c16982,kakuol; kakoul
c16983,kobusone
c16984,laurolitsine
c16985,leonurine; norboldine
c16986,licoricidin
c16987,ligustilide
c16988,linderenol; linderene
c16989,liquiritin; liquiritigenin-4'-beta-glucoside
c16990,lupenone
c16991,magnocurarine
c16992,callinecdysone a
c16993,ectocarpen
c16994,anthopleurine
c16995,methyl palmitate
c16996,methyl nigakinone
c16997,michelalbine
c16998,pavoninin 1
c16999,futalosine
c17000,morroniside
c17002,neocnidilide
c17003,neogitogenin
c17004,kalihinol a
c17005,callytriol c
c17007,axisothiocyanate 3
c17008,mycalamide a
c17009,mycalamide b
c17010,dehypoxanthine futalosine
c17011,leonuridine
c17012,nigakilactone a; quassin
c17013,nigakilactone b; simalikalactone a; quassin
c17016,nemertelline
c17017,cyclic dehypoxanthine futalosine
c17018,"1,4-dihydroxy-6-naphthoate"
c17019,navenone a
c17020,navenone b
c17021,navenone c
c17022,o-phosphoseryl-trna(cys)
c17023,sulfur donor; s-donor
c17024,mosesin 4
c17025,holothurin
c17027,l-pyrrolysyl-trna(pyl)
c17029,nigakilactone c; quassin
c17030,nigakilactone e
c17031,nigakilactone f
c17032,nigakilactone h
c17033,nigakilactone k
c17034,nigakilactone l
c17035,nigakilactone m
c17036,nigakilactone n
c17038,ophiopogonin b
c17039,obtusifolin
c17040,obtusin
c17041,ophiopogonin a
c17042,ophiopogonin d
c17043,ophiopogonin c
c17044,pachymic acid
c17045,physcion; emodin monomethyl ether; rheochrysidin; parienin
c17046,phellodendrine
c17047,phellopterin
c17048,forsythin; phillyrin; phillygenin-o-glucoside
c17049,picrasin a; nigakilactone g
c17050,picrasin b; nigakilactone i
c17051,picrasin d
c17052,picrasin e
c17053,picrasin f
c17054,picrasin g
c17055,picrocrocin
c17056,plantaginin; scutellarein 7beta-d-glucopyranoside
c17057,puerarin xyloside
c17058,"resibufogenin; bufogein; (3beta,5beta,15beta)-14,15-epoxy-3-hydroxybufa-20,22-dienolide"
c17059,"rhamnocitrin; 7-methylkaempferol; 3,4',5-trihydroxy-7-methoxyflavone"
c17060,isotetrandrine
c17061,rubidium cation; rb+; rubidium(1+); rubidium ion
c17062,safranal
c17063,salicifoline
c17064,schizandrin
c17065,sesquicarene
c17066,shanzhiside
c17067,siaresinol; siaresinolic acid
c17068,valerosidatum; valerosidate
c17069,sophoranol; 5-hydroxymatrine
c17070,sumaresinol; sumaresinolic acid
c17071,sweroside
c17072,"telocinobufagin; (3beta,5beta)-3,5,14-trihydroxybufa-20,22-dienolide"
c17073,terpineol-4; terpinen-4-ol
c17074,timosaponin a-i
c17075,timosaponin a-iii
c17076,tridecanoic acid
c17077,tuduranine
c17079,3-bromo-tyrosine; 3-bromotyrosine
c17080,"3,5-dibromo-tyrosine; 3,5-dibromotyrosine"
c17083,worenine
c17084,"6,6'-dibromoindigotin; 6,6'-dibromoindigo; tyrian purple"
c17085,zederone
c17086,tyrindoxyl sulfate
c17087,"dtdp-(3r)-amino-3,6-dideoxy-d-glucose; dtdp-3-amino-3,6-dideoxy-d-allose"
c17088,alpha-bergamotene
c17089,6-chloroindole; 6-chloro-1h-indole
c17090,alpha-cyperone
c17091,alpha-sanshool
c17092,clionamide
c17093,"dtdp-3-amino-4,6-dideoxy-3,4-dehydroglucose"
c17094,beta-elemene
c17097,caulerpin
c17098,"lanosol; 2,3-dibromo-4,5-dihydroxybenzyl alcohol"
c17099,aeroplysinin 1
c17100,thelepin
c17101,"3,5-dinitroguaiacol"
c17102,cartilagineal
c17103,costatol
c17104,costatone
c17105,plocamene d
c17106,mertensene
c17107,violacene
c17108,plocamene e
c17109,plocamene c
c17110,plocamene b
c17111,caespitol
c17112,isocaespitol
c17113,furocaespitane
c17114,spirolaurenone
c17116,nidificene; intricatene
c17117,nidifidienol
c17118,elatol; (+)-elatol
c17120,beta-gurjunene
c17121,"obtusol; spiro(5.5)undecan-3-ol, 2,9-dibromo-8-chloro-1,1,9-trimethyl-5-methylene-, (2s,3r,6s,8s,9s)-"
c17123,epi-friedelanol; beta-friedelinol
c17124,gamma-eudesmol; machilol; selinenol; uncineol
c17125,(-)-isomenthone; l-isomenthone
c17126,neobyakangelicol
c17127,prepacifenol epoxide
c17132,aplysin
c17133,filiformin; (-)-filiformin
c17135,filiforminol
c17136,laurinterol
c17139,"dtdp-3,4-dioxo-2,6-dideoxy-l-glucose"
c17140,tribuloside
c17141,[heparan sulfate]-glucosamine
c17142,[heparan sulfate]-n-sulfoglucosamine
c17144,3-octanol
c17145,3-octanone; octan-3-one
c17146,4-guanidino-1-butanol
c17147,neochlorogenic acid; trans-neochlorogenic acid; neochlorogenate
c17148,oleanolic acid; 3beta-hydroxyolean-12-en-28-oic acid; astrantiagenin c; caryophyllin; oleanolate
c17156,manoalide
c17158,plakortic acid
c17159,halistanol sulfate
c17160,fistularin 1
c17161,fistularin 2
c17162,aerophobin 1
c17163,aerophobin 2
c17166,sceptrin
c17167,eudistomin c
c17168,eudistomin h
c17169,eudistomin n
c17177,aplysinal
c17179,beta-snyderol
c17181,kylinone
c17184,rhodolaureol
c17193,heterocladol
c17202,s-palmitoylprotein; protein s-palmitoyl-l-cysteine
c17203,n-hydroxyl-tryptamine
c17204,indole-3-acetaldoxime n-oxide; iaox n-oxide; 1-(1h-indol-3-yl)-2-aci-nitroethane
c17205,(r)-2-o-sulfolactate
c17206,uracil 5-carbaldehyde; 5-formyluracil
c17207,"1,4-beta-d-mannooligosaccharide; [(1->4)-beta-d-mannosyl]n"
c17208,neosaxitoxin; neostx
c17209,2-deoxy-scyllo-inosose; 2-deoxyinosose; 2-deoxy-l-scyllo-inosose
c17210,2-(2'-methylthio)ethylmalic acid; 2-(2'-methylthio)ethylmalate
c17211,2-oxo-5-methylthiopentanoic acid; 5-(methylthio)-2-oxo-pentanoic acid
c17212,3-(2'-methylthio)ethylmalic acid; 3-(2'-methylthio)ethylmalate
c17213,homomethionine; l-homomethionine
c17214,2-(3'-methylthio)propylmalic acid; 2-(3'-methylthio)propylmalate
c17215,3-(3'-methylthio)propylmalic acid; 3-(3'-methylthio)propylmalate
c17216,2-oxo-6-methylthiohexanoic acid; 6-(methylthio)-2-oxo-hexanoic acid
c17217,dihomomethionine; l-dihomomethionine
c17218,2-(4'-methylthio)butylmalic acid; 2-(4'-methylthio)butylmalate
c17219,3-(4'-methylthio)butylmalic acid; 3-(4'-methylthio)butylmalate
c17220,2-oxo-7-methylthioheptanoic acid; 7-(methylthio)-2-oxo-heptanoic acid
c17221,trihomomethionine; l-trihomomethionine; 2-amino-7-(methylsulfanyl)heptanoic acid
c17222,2-(5'-methylthio)pentylmalic acid; 2-(5'-methylthio)pentylmalate
c17223,3-(5'-methylthio)pentylmalic acid; 3-(5'-methylthio)pentylmalate
c17224,2-oxo-8-methylthiooctanoic acid; 8-methylthio-2-octanoic acid
c17225,tetrahomomethionine; l-tetrahomomethionine
c17226,2-(6'-methylthio)hexylmalic acid; 2-(6'-methylthio)hexylmalate
c17227,3-(6'-methylthio)hexylmalic acid; 3-(6'-methylthio)hexylmalate
c17228,2-oxo-9-methylthiononanoic acid; 9-methylthio-2-nonanoic acid
c17229,pentahomomethionine; l-pentahomomethionine
c17230,2-(7'-methylthio)heptylmalic acid; 2-(7'-methylthio)heptylmalate
c17231,3-(7'-methylthio)heptylmalic acid; 3-(7'-methylthio)heptylmalate
c17232,2-oxo-10-methylthiodecanoic acid; 10-methylthio-2-decanoic acid
c17233,hexahomomethionine; l-hexahomomethionine
c17234,2-aminobut-2-enoate; (2z)-2-aminobut-2-enoic acid; 2-ammoniobut-2-enoate
c17235,l-homophenylalanine
c17236,3-phenylpropionaldoxim
c17237,s-(phenylacetothiohydroximoyl)-l-cysteine
c17238,s-(hydroxyphenylacetothiohydroximoyl)-l-cysteine
c17239,p-hydroxyphenylacetothiohydroximate
c17240,p-hydroxybenzyldesulphoglucosinolate; desulfo-p-hydroxybenzylglucosinolate
c17241,4-methylthiobutanaldoxime; (e)-4-(methylthio)-butanaldoxime
c17242,s-(4-methylthiobutylthiohydroximoyl)-l-cysteine
c17243,4-methylthiobutylthiohydroximate
c17244,3-methylthiopropyl-desulfoglucosinolate
c17245,5-methylthiopentanaldoxime; (e)-5-(methylthio)pentanaldoxime
c17246,6-methylthiohexanaldoxime; (e)-6-(methylthio)hexanaldoxime
c17248,4-methylthiobutyl-desulfoglucosinolate
c17249,7-methylthioheptanaldoxime; (e)-7-(methylthio)heptanaldoxime; 7-(methylsulfanyl)heptanal oxime
c17250,glucolesquerellin; 6-methylthiohexyl glucosinolate
c17251,8-methylthiooctanaldoxime; (e)-8-(methylthio)octanaldoxime
c17252,7-methylthioheptyl glucosinolate
c17253,9-methylthiononanaldoxime; (e)-9-(methylthio)nonanaldoxime
c17254,8-methylthiooctyl glucosinolate
c17255,3-methylbutyraldehyde oxime
c17256,2-methylpropyl glucosinolate; isobutyl glucosinolate
c17257,2-methylbutyl glucosinolate
c17258,calcium sulfate hemihydrate
c17259,desulfo-glucosinolate; desulfoglucosinolate
c17260,glucosinolate
c17261,thiohydroximic acid; thiohydroximate
c17262,s-alkyl-thiohydroximate; s-(2-amino-2-carboxyethyl)-thiohydroximate; s-thiohydroximoyl-l-cysteine
c17263,2-alkylmalic acid
c17264,3-alkylmalic acid
c17265,aliphatic oxo acid; 2-oxo acid with one additional methylene group
c17266,homoamino acid
c17267,s-sulfanylglutathione; glutathione hydrodisulfide
c17268,"pyruvophenone; 1-phenyl-1,2-propanedione"
c17269,gdp-d-arabinopyranose; gdp-alpha-d-arabinopyranose
c17271,glucohirsutin; 8-methylsulfinyloctyl glucosinolate
c17272,glucoarabin; 9-methylsulfinylnonyl glucosinolate
c17273,glucoaubrietin; 4-methoxybenzyl glucosinolate
c17274,glucobarbarin; 2(r)-hydroxy-2-phenylethyl glucosinolate
c17275,glucosisymbrin; 1-methyl-2-hydroxyetyl glucosinolate
c17276,retinol-(cellular-retinol-binding-protein)
c17277,(+)-valencene
c17278,ximenic acid; (17z)-hexacosenoic acid; 17z-hexacosenoic acid; (17z)-hexacos-17-enoic acid; (z)-hexacos-17-enoic acid
c17279,ximenoyl-coa; (17z)-hexacosenoyl-coa
c17280,gdp-4-keto-6-deoxy-d-lyxo-heptose
c17281,gdp-6-deoxy-d-manno-heptose
c17302,al-294; ethyl 2-chloro-3-(4-(2-methyl-2-phenylpropoxy)phenyl)propanoate
c17303,"al-321; 5-(4-(2-methyl-2-phenylpropoxy)benzyl)thiazolidine-2,4-dione"
c17309,"cilazaprilat; (1s,9s)-9-((s)-1-carboxy-3-phenylpropylamino)-10-oxo-4,6,7,8,9,10-hexahydro-1h-pyridazino[1,2-a][1,2]diazepine-1-carboxylic acid"
c17322,trna containing 2-thiouridine; trna containing s2u
c17323,trna containing 5-carboxymethylaminomethyl-2-thiouridine; trna containing cmnm5s2u
c17324,trna adenine; adenosine in trna
c17325,trna cytosine
c17326,"cdp-4-dehydro-3,6-dideoxy-d-glucose epimer"
c17327,cdp-ascarylose
c17328,udp-4-keto-rhamnose
c17331,"7alpha,24-dihydroxy-4-cholesten-3-one"
c17332,"7alpha,25-dihydroxy-4-cholesten-3-one"
c17333,3beta-hydroxy-5-cholestenoate; 3beta-hydroxycholest-5-en-27-oic acid
c17335,"3beta,7alpha-dihydroxy-5-cholestenoate; 3beta,7alpha-dihydroxy-5-cholesten-26-oic acid"
c17336,"7alpha,26-dihydroxy-4-cholesten-3-one"
c17337,7alpha-hydroxy-3-oxo-4-cholestenoate
c17339,"4-cholesten-7alpha,12alpha-diol-3-one; 7alpha,12alpha-dihydroxy-4-cholesten-3-one"
c17343,"(25s)-3alpha,7alpha,12alpha-trihydroxy-5beta-cholestan-26-oyl-coa"
c17345,"(25r)-3alpha,7alpha-dihydroxy-5beta-cholestanoyl-coa"
c17346,"(25s)-3alpha,7alpha-dihydroxy-5beta-cholestanoyl-coa"
c17349,guanidine; carbamidine
c17350,nocardicin b
c17351,nocardicin c
c17352,isonocardicin c
c17353,nocardicin d
c17354,nocardicin f
c17355,nocardicin g
c17356,2-formyloxymethylclavam
c17357,2-hydroxymethylclavam
c17358,clavam-2-carboxylate
c17359,8-hydroxyalanylclavam
c17360,alanylclavam
c17361,2-hydroxyethylclavam; hydroxyethylclavam
c17362,clavamycin b
c17363,clavamycin c
c17364,clavamycin d
c17365,clavamycin e
c17366,"(2s,5s)-trans-carboxymethylproline; (2s,5s)-5-carboxymethylproline"
c17367,"(3s,5s)-carbapenam-3-carboxylic acid; (3s,5s)-carbapenam-3-carboxylate"
c17368,8-dehydroxythienamycin; 8-deshydroxythienamycin; deshydroxythienamycin; ns-5
c17369,northienamycin
c17370,ps-5; antibiotic ps 5
c17371,ps-6; antibiotic ps 6
c17372,epithienamycin a
c17373,oa-6129 b1
c17374,oa-6129 b2
c17375,oa-6129 d
c17376,oa-6129 e
c17377,n-acetylthienamycin
c17378,o-acylpseudotropine
c17379,lead oxide
c17380,diacetylaminoazotoluene; pellidole; periphermine
c17381,dihydroxyaluminum
c17382,ferrous lactate
c17383,cobaltous sulfate
c17384,citronellal
c17385,2-methoxy-5-nitrophenol; 5-nitroguaiacol
c17386,2-methoxy-4-nitrophenol; 4-nitroguaiacol
c17387,cycleanine
c17388,l-galacturonic acid calcium salt
c17389,zinc lactate
c17390,polybutene
c17391,sakuranin; nsc 407308
c17392,calcium sulfide
c17393,methyl hesperidin
c17394,karounidiol
c17395,clavamycin f
c17396,epithienamycin b
c17397,epithienamycin c
c17398,epithienamycin d
c17399,epithienamycin f
c17400,asparenomycin a
c17401,cobalt-factor iii
c17402,penicillin f; 2-pentenylpenicillin
c17403,penicillin k; penicillin a
c17404,penicillin x
c17405,penicillin o
c17407,tenofovir
c17409,chinese gallotannin
c17410,platycodin d
c17411,"o-methylpsychotrine; 1',2'-dehydroemetin"
c17412,shikonin
c17413,acetylshikonin
c17414,isobutylshikonin; isobutyrylshikonin
c17415,"beta,beta-dimethylacrylshikonin; dmask"
c17416,"astrapterocarpan; (6ar,11ar)-3-hydroxy-9,10-dimethoxypterocarpan"
c17417,onjisaponin f; polygalasaponin xxxi
c17418,genisteine; genisteine-alkaloid; alpha-isosparteine
c17419,soyasapogenol a
c17420,soyasapogenol e
c17421,soyasapogenol f; soyasapogenol b1
c17422,soyasapogenol c; sapogenol c
c17423,soyasapogenol d
c17424,lindenenone
c17425,linderalactone
c17426,dicentrine
c17427,kanokonol
c17428,kanokoside a
c17429,kanokoside b; suspensolide f
c17430,kanokoside c
c17431,kanokoside d
c17432,all-trans-decaprenyl diphosphate
c17433,tricosane; n-tricosane
c17434,"di-trans,poly-cis-hexaprenyl diphosphate; ditrans,tricis-hexaprenyl diphosphate"
c17435,"di-trans,poly-cis-pentaprenyl diphosphate; ditrans,dicis-pentaprenyl diphosphate; 2-cis,6-cis,10-trans,14-trans-pentaprenyl diphosphate; 2-cis,6-cis,10-trans,14-trans-geranylfarnesyl diphosphate"
c17436,"di-trans,poly-cis-heptaprenyl diphosphate; ditrans,tetracis-heptaprenyl diphosphate"
c17437,"di-trans,poly-cis-octaprenyl diphosphate; ditrans,pentacis-octaprenyl diphosphate"
c17438,"di-trans,poly-cis-nonaprenyl diphosphate; ditrans,hexacis-nonaprenyl diphosphate"
c17439,dihydrogeranylgeranyl diphosphate
c17440,tetrahydrogeranylgeranyl diphosphate
c17441,polygalacin d
c17442,isomatrine
c17443,platycodin a
c17444,kurarinol
c17445,kuraridinol
c17446,kurarinone
c17447,"(3s,9z)-1,9-heptadecadiene-4,6-diyn-3-ol; (+)-falcarinol"
c17449,astilbin; taxifolin 3-o-rhamnoside
c17450,rehmaionoside a
c17451,rehmaionoside b
c17452,rehmaionoside c
c17453,paeoniflorigenone
c17454,paeonilactone a
c17455,paeonilactone b
c17456,paeonilactone c
c17457,albiflorin
c17458,"gallotannin; 1,3,6-tri-o-galloyl-beta-d-glucose"
c17459,alisol a
c17460,alisol b
c17461,alisol c
c17462,alismol
c17463,nupharidine
c17464,nupharamine
c17465,parishin b
c17466,parishin c
c17467,p-hydroxybenzyl alcohol; 4-hydroxybenzyl alcohol; p-methylolphenol
c17468,methylprotodioscin
c17469,pseudoprotodioscin
c17470,asparasaponin ii
c17471,ophiopogonone a
c17472,ophiopogonone b
c17473,methylophiopogonone a
c17474,methylophiopogonone b
c17475,ophiopogonanone a
c17476,osthenol-7-o-beta-d-gentiobioside
c17477,d-galacturonic acid calcium salt
c17478,calcium oxalate
c17479,"fraxidin; 8-hydroxy-6,7-dimethoxy-2h-1-benzopyran-2-one"
c17480,"isofraxidin; 7-hydroxy-6,8-dimethoxy-2h-1-benzopyran-2-one"
c17482,(-)-deltoin
c17483,hamaudol
c17484,sec-o-glucosylhamaudol
c17485,ignavine
c17486,coryneine
c17487,platycodin c
c17488,furanogermenone
c17489,"(4s,5s)-(+)-germacrone 4,5-epoxide"
c17490,zedoarol
c17491,13-hydroxygermacrone
c17492,curcumenone
c17493,curdione
c17494,turmerone
c17495,[8]-gingerol; (8)-gingerol
c17496,[10]-gingerol; (10)-gingerol
c17497,zingerone; zingiberone; vanillylacetone; [0]-paradol
c17498,galanolactone; (+)-galanolactone
c17499,notopterol
c17500,"6-iminocyclohexa-2,4-dienone; 1,2-benzoquinone monoimine"
c17501,cyperotundone; cyperenone
c17502,sugetriol
c17503,cnidilin; isophellopterin
c17504,sugeonol
c17505,cyperene; (-)-cyperene
c17506,sugeonyl acetate
c17507,palmatoside g
c17508,isocolumbin
c17509,thymine dimer; cyclobutadithymine (in dna); cis-syn thymine dimer; t-t dimer
c17510,two thymine residues (in dna); two adjacent thymine residues (in dna)
c17512,n-methylanthranilamide; n-methyl-2-aminobenzamide
c17513,trans-crocetin (beta-d-glucosyl) (beta-d-gentibiosyl) ester; beta-d-gentiobiosyl beta-d-glucosyl crocetin
c17514,4-o-galloylbergenin
c17515,capsi-amide; n-(13-methyltetradecyl)acetamide; cap-a
c17516,capsianside a
c17517,beta-terpineol
c17518,gamma-terpineol
c17519,amaroswerin
c17520,11-o-galloylbergenin
c17521,mallotinic acid
c17522,mallogenin-3-o-alpha-l-rhamnopyranoside; malloside
c17523,panogenin-3-o-alpha-l-rhamnopyranoside; panoside
c17524,coroglaucigenin-3-o-alpha-l-rhamnopyranoside
c17525,corotoxigenin-3-o-alpha-l-rhamnopyranoside
c17526,boivinide a; corotoxigenin-3-o-beta-d-glucopyranosyl-(1->4)-beta-d-digitalopyranoside
c17527,rengyol
c17528,beta-hydroxyacteoside
c17529,(-)-pinoresinol glucoside
c17530,methyl acetate; devoton; tereton
c17531,plantagoside
c17532,metoxadiazone
c17533,gambirtannine
c17534,cylindrin
c17535,aplotaxene
c17536,sibiricoside a
c17537,sibiricoside b
c17538,cimigenol
c17539,chikusetsusaponin iii
c17540,chikusetsusaponin iv; araloside a
c17541,undecaprenyl-diphospho-n-acetylmuramoyl-(n-acetylglucosamine)-l-alanyl-d-isoglutaminyl-l-lysyl-(glycyl)-d-alanyl-d-alanine; und-pp-murnac-(glcnac)-l-ala-d-isoglutaminyl-l-lys-(gly)-d-ala-d-ala
c17542,undecaprenyl-diphospho-n-acetylmuramoyl-(n-acetylglucosamine)-l-alanyl-d-isoglutaminyl-l-lysyl-(glycyl)3-d-alanyl-d-alanine; und-pp-murnac-(glcnac)-l-ala-d-isoglutaminyl-l-lys-(gly)3-d-ala-d-ala
c17543,chikusetsusaponin v; ginsenoside ro
c17544,chikusetsusaponin ia
c17545,chikusetsusaponin ib
c17546,akeboside stf
c17547,akeboside std; akebia saponin c; cauloside c
c17548,akeboside ste
c17549,undecaprenyl-diphospho-n-acetylmuramoyl-(n-acetylglucosamine)-l-alanyl-gamma-d-glutamyl-l-lysyl-(l-alanyl-l-alanyl)-d-alanyl-d-alanine
c17550,undecaprenyl-diphospho-n-acetylmuramoyl-(n-acetylglucosamine)-l-alanyl-gamma-d-glutamyl-l-lysyl-(l-alanyl)-d-alanyl-d-alanine
c17551,"2-polyprenyl-6-hydroxyphenol; 3-polyprenylcatechol; 3-(all-trans-polyprenyl)benzene-1,2-diol"
c17552,2-polyprenyl-6-methoxyphenol; 2-methoxy-6-(all-trans-polyprenyl)phenol
c17553,condurango glycoside a
c17554,"3,4-dihydroxy-5-polyprenylbenzoate; 3-polyprenyl-4,5-dihydroxybenzoate; 3,4-dihydroxy-5-all-trans-polyprenylbenzoate"
c17555,icariin
c17556,"di-trans,poly-cis-undecaprenyl phosphate; undecaprenyl phosphate; ditrans,octacis-undecaprenyl phosphate"
c17557,lonicerin
c17558,"di-trans,poly-cis-undecaprenol; undecaprenol"
c17559,3-methoxy-4-hydroxy-5-polyprenylbenzoate; 3-polyprenyl-4-hydroxy-5-methoxybenzoate; 3-methoxy-4-hydroxy-5-all-trans-polyprenylbenzoate
c17560,"2-polyprenyl-6-methoxy-1,4-benzoquinone"
c17561,"2-polyprenyl-3-methyl-6-methoxy-1,4-benzoquinone"
c17562,"2-polyprenyl-3-methyl-5-hydroxy-6-methoxy-1,4-benzoquinone"
c17563,multinoside a
c17564,zizybeoside i
c17565,zizybeoside ii
c17566,coixenolide
c17567,lotusine; (-)-lotusine; d-(-)-lotusine
c17568,ubiquinone-6; coenzyme q6
c17569,ubiquinone-8; coenzyme q8
c17570,"2-methyl-6-solanyl-1,4-benzoquinol; 2-methyl-6-nonaprenyl-benzene-1,4-diol; 2-methyl-6-all-trans-nonaprenylbenzene-1,4-diol; 2-methyl-6-solanesylbenzene-1,4-diol; msbq"
c17571,5'-hydroxystreptomycin
c17572,bluensidine 6-phosphate
c17573,bluensomycin
c17574,2-epi-streptamine
c17575,actinamine; spectinamine
c17576,3-keto-scyllo-inosamine
c17577,myo-inosose-5
c17578,neo-inosamine-2; 2l-2-amino-2-deoxy-neo-inositol
c17579,hygromycin a
c17580,2-deoxy-scyllo-inosamine
c17581,"3-amino-2,3-dideoxy-scyllo-inosose; 2-deoxy-3-keto-scyllo-inosamine"
c17582,2'-n-acetylparomamine
c17583,6'-dehydro-6'-oxoparomamine; 6'-dehydroparomamine; 6'-oxoparomamine
c17584,xylostasin
c17585,butirosin a
c17586,butirosin b
c17587,2'''-n-acetyl-6'''-deamino-6'''-hydroxyneomycin c
c17588,6'''-deamino-6'''-hydroxyneomycin c; 6'''-hydroxyneomycin c; neomycin y2
c17589,6'''-deamino-6'''-oxoneomycin c; 6'''-oxoneomycin c; 6'''-deamino-6'''-dehydro-6'''-oxoneomycin c
c17590,catechin; (+/-)-catechin
c17591,(s)-corytuberine
c17592,laudanine
c17593,uncarine a
c17594,uncarine b; formosamine
c17595,uncarine c
c17596,uncarine d; speciophylline
c17597,uncarine e
c17598,uncarine f
c17599,methylarbutin
c17600,multiflorin b
c17601,2(5h)-furanone; gamma-crotonolactone; butenolide
c17602,2(3h)-furanone; alpha-crotonolactone
c17603,kikkanol a
c17604,kikkanol b
c17605,kikkanol c
c17606,kikkanol d
c17607,kikkanol e
c17608,kikkanol f
c17609,chrysantherol
c17610,chrysanthetriol
c17611,chrysanthemol
c17612,indicumenone
c17613,handelin
c17614,1-octen-3-ol-3-o-beta-d-xylopyranosyl(1->6)-beta-d-glucopyranoside
c17615,kukoamine a
c17616,kukoamine b
c17617,kukoamine c
c17618,kukoamine d
c17619,10-(beta-dimethylaminopropionyl)phenothiazine
c17620,"epomediol; 2,6-dihydroxycineol"
c17621,(6e)-8-hydroxygeraniol; 10-hydroxygeraniol; 8-hydroxygeraniol
c17622,(6e)-8-oxogeranial; 10-oxogeranial; 8-oxogeranial
c17623,(-)-pulegone
c17624,cinnamtannin a1; proanthocyanidin c1; procyanidin c1
c17625,cinnamtannin a2
c17626,cinnamtannin a3
c17627,prenyl diphosphate; prenol pyrophosphate
c17628,prenol
c17629,cinnamtannin b2
c17631,cinnamtannin b1
c17632,cinnamtannin d1
c17633,cinnamtannin d2
c17634,schizonepetoside a
c17635,schizonepetoside b
c17636,schizonepetoside c
c17637,schizonepetoside d
c17638,schizonepetoside e
c17639,procyanidin b2; procyanidol b2
c17640,procyanidin b5; procyanidol b5
c17641,cinncassiol c3
c17642,cinncassiol c2
c17643,cinncassiol c1
c17644,"ursocholate; ursocholic acid; 3alpha,7beta,12alpha-trihydroxy-5beta-cholan-24-oic acid; 3alpha,7beta,12alpha-trihydroxy-5beta-cholanic acid; 7beta-hydroxyisocholic acid; 7-epicholic acid"
c17645,cinncassiol a
c17646,12-epideoxycholic acid; 12-epideoxycholate
c17647,"alpha-muricholate; alpha-muricholic acid; 5beta-cholanic acid-3alpha,6beta,7alpha-triol; 3alpha,6beta,7alpha-trihydroxy-5beta-cholan-24-oic acid"
c17648,cinncassiol b
c17649,"hyocholate; hyocholic acid; iocholic acid; gamma-muricholate; alpha-hyocholic acid; 3alpha,6alpha,7alpha-trihydroxy-5beta-cholan-24-oic acid; 6alpha-hydroxychenodeoxycholic acid"
c17650,"vulpecholate; vulpecholic acid; 1alpha,3alpha,7alpha-trihydroxy-5beta-cholan-24-oic acid"
c17651,"alpha-phocaecholic acid; 3alpha,7alpha,12alpha,23r-tetrahydroxycholanic acid"
c17652,cinncassiol d1
c17653,cinncassiol d2
c17654,"beta-phocaecholate; beta-phocaecholic acid; (23r)-hydroxychenodeoxycholate; (3alpha,5beta,7alpha,23r)-3,7,23-trihydroxycholan-24-oic acid"
c17655,cinncassiol d3
c17656,cinncassiol d4
c17657,bitocholate; bitocholic acid
c17658,isolithocholate; isolithocholic acid; beta-lithocholic acid; beta-lithocholanic acid; 3-epilithocholic acid; 3beta-hydroxy-5beta-cholan-24-oic acid; 3beta-hydroxy-5beta-cholan-24-oic acid
c17659,cinncassiol e
c17660,"isochenodeoxycholate; isochenodeoxycholic acid; 3beta,7alpha-dihydroxy-5beta-cholanic acid"
c17661,"isodeoxycholate; isodeoxycholic acid; 7alpha,12alpha-dihydroxy-5beta-cholanic acid; 7alpha,12alpha-dihydroxycholanoic acid"
c17662,"isoursodeoxycholate; isoursodeoxycholic acid; 3beta,7beta-dihydroxy-5beta-cholanoic acid; 3beta,7beta-dihydroxy-5beta-cholan-24-oic acid"
c17663,3-phenylpropyl acetate; hydrocinnamyl acetate
c17664,"allochenodeoxycholate; allochenodeoxycholic acid; 3alpha,7alpha-dihydroxy-5alpha-cholanoic acid"
c17665,2-phenylpropyl acetate
c17666,1-phenylpropyl acetate
c17667,avicholate; avicholic acid
c17668,"haemulcholate; hemulcholic acid; 3alpha,7alpha,22-trihydroxy-5beta-cholan-24-oic acid"
c17669,chryso-obtusin
c17670,aurantio-obtusin
c17671,norrubrofusarin
c17672,torachrysone
c17673,toralactone
c17674,cassiaside b2
c17675,neocarthamin
c17676,cryptomeridiol; proximadiol
c17677,eudesobovatol b
c17678,magnoloside a
c17679,magnoloside b
c17680,magnoloside c
c17682,neoarctin a
c17683,neoarctin b
c17684,lappaol a
c17685,lappaol b
c17686,lappaol c
c17687,"allodeoxycholate; 5alpha-deoxycholic acid; 3alpha,12alpha-dihydroxy-5alpha-cholanoic acid"
c17688,aluminum acetoacetate
c17689,"ursodeoxycholoyl-coa; 3alpha,7beta-dihydroxy-5beta-cholanoyl-coa"
c17690,4-(4-hydroxyphenyl)-2-butanol; 4-hpb; rhododendrol; betuligenol
c17691,"2-epi-5-epi-valiolone; (2s,3s,4s,5r)-2,3,4,5-tetrahydroxy-5-(hydroxymethyl)cyclohexan-1-one"
c17692,2-epi-5-epi-valiolone 7-phosphate
c17693,5-epi-valiolone 7-phosphate
c17694,5-epi-valiolone
c17695,2-keto-5-epi-valiolone
c17696,valienone
c17697,valienone 7-phosphate
c17698,salbostatin
c17699,cetoniacytone a
c17700,validoxylamine a
c17701,gentamicin a2
c17702,gentamicin x2
c17703,antibiotic g-418; g418; geneticin
c17704,antibiotic ji-20a; ji-20a
c17705,antibiotic ji-20b; ji-20b
c17706,gentamicin c2b; sagamicin
c17707,lividomycin a
c17708,fortimicin a; astromicin
c17709,fortimicin b
c17710,sannamycin a; istamycin a
c17711,sannamycin b; istamycin a0
c17712,paromomycin ii; neomycin f
c17713,dl-alpha-tocopheryl sodium phosphate
c17714,heptanoic acid
c17715,undecanoic acid; hendecanoic acid
c17716,dehydrofalcarinol
c17717,"5-phenyl-1,3-pentadiyne"
c17718,sulfamethoxazole sodium
c17719,tenitramine
c17720,difenpiramide
c17721,vinyl ether
c17722,narcobarbital
c17723,metabutethamine
c17724,ethadione
c17725,heptabarbital
c17726,"beta-muricholate; beta-muricholic acid; 3alpha,6beta,7beta-trihydroxy-5beta-cholan-24-oic acid; 5beta-cholanic acid-3alpha,6beta,7beta-triol"
c17727,omega-muricholate; omega-muricholic acid
c17728,idanpramine
c17729,"nicofetamide; n-(1,2-diphenylethyl)nicotinamide"
c17730,"piperidione; 3,3-diethyl-2,4-dioxopiperidine"
c17731,sodium folinate
c17732,magnesium peroxide
c17733,"7-oxateasterone; (22r,23r,24s)-3beta,22,23-trihydroxy-7-oxa-5alpha-ergostane-6-one"
c17734,acetoxolone; acetylglycyrrhetinic acid
c17735,"7-oxatyphasterol; (22r,23r,24s)-3alpha,22,23-trihydroxy-7-oxa-5alpha-ergostane-6-one"
c17737,"allocholic acid; allocholate; 3alpha,7alpha,12alpha-trihydroxy-5alpha-cholanoic acid"
c17740,p-coumaroyl-diketide-coa; (4-coumaroyl)acetyl-coa
c17741,feruloyl-diketide-coa; feruloylacetyl-coa
c17742,demethoxycurcumin
c17743,bisdemethoxycurcumin
c17744,"1-(4-hydroxyphenyl)-1-decene-3,5-dione"
c17745,"1-(3,4-dihydroxyphenyl)-1-decene-3,5-dione"
c17746,1-dehydro-[6]-gingerdione
c17747,5-hydroxy-1-(4-hydroxyphenyl)-3-decanone
c17748,"1-(3,4-dihydroxyphenyl)-5-hydroxy-3-decanone"
c17749,curcumin monoglucoside
c17750,curcumin diglucoside
c17751,cyclo-dopa 5-o-glucoside
c17752,cyclo-dopa-glucuronylglucoside
c17753,dopaxanthin quinone
c17754,3-methoxytyramine-betaxanthin
c17755,dopamine quinone
c17756,"2-descarboxy-cyclo-dopa; indoline-5,6-diol; 5,6-indolinediol"
c17757,2-descarboxy-betanidin
c17758,"4,5-seco-dopa"
c17759,1-o-feruloyl-beta-d-glucose; 1-feruloyl-d-glucose
c17760,senegin iii
c17761,senegin iv
c17762,homoplantaginin; hispidulin 7-o-glucoside; hispiduloside
c17763,6-hydroxyluteolin 7-glucoside
c17764,glabric acid
c17765,licoricone
c17766,condurangogenin c
c17767,condurangogenin a; kondurangogenin a
c17768,condurango glycoside a0
c17769,condurango glycoside c
c17770,sarcostin
c17771,lithospermoside; griffonin
c17772,gambiriin a1
c17773,gambiriin a2
c17774,gambiriin a3
c17775,gambiriin b1
c17776,gambiriin b2
c17777,gambiriin b3
c17778,isobarbaloin; aloin b
c17779,aloinoside a
c17780,aloinoside b
c17781,2''-o-p-coumaroylaloesin
c17782,"3,5-dimethoxyallylbenzene"
c17783,capillanol
c17784,"pectolinarigenin; 5,7-dihydroxy-4',6-dimethoxyflavone"
c17785,"cirsimaritin; scrophulein; 4',5-dihydroxy-6,7-dimethoxyflavone"
c17786,6-demethoxycapillarisin
c17787,arcapillin
c17788,eupatolitin
c17789,capillartemisin a
c17790,dehydrocorydaline
c17791,cycloaraloside c
c17792,cycloaraloside f
c17793,isoastragaloside i
c17794,isoastragaloside ii
c17795,capillartemisin b
c17796,norcapillene
c17797,astragaloside i
c17798,astragaloside ii
c17799,astragaloside iv
c17800,astragaloside v
c17801,astragaloside vi
c17802,astragaloside vii
c17803,dimethyl suberate; octanedioic acid dimethyl
c17804,clematichinenoside a
c17805,clematichinenoside b
c17806,clematichinenoside c
c17807,huzhongoside b
c17808,clemaphenol a
c17809,polygonimitin b
c17810,citreorosein; omega-hydroxyemodin
c17811,"questinol; 1,6-dihydroxy-3-(hydroxymethyl)-8-methoxy-9,10-anthracenedione"
c17812,lappaol d
c17813,activin a
c17814,gomisin b; schisantherin b
c17815,civetol
c17816,gomisin d
c17817,gomisin e
c17818,gomisin f
c17819,gomisin g
c17820,gomisin h
c17821,"2,4,5-trimethoxy-1-allylbenzene; gamma-asarone"
c17822,"3,4,5-trimethoxytoluene"
c17823,"2,4,5-trimethoxytoluene"
c17824,(+/-)-asarinol a
c17825,(+/-)-asarinol b
c17826,hexahydrocurcumin
c17827,hydroxy-gamma-sanshool
c17828,protojujuboside a
c17829,protojujuboside b
c17830,protojujuboside b1
c17831,jujuboside a
c17832,jujuboside b
c17833,jujuboside c
c17834,spinosin
c17835,swertisin
c17836,6''-feruloylspinosin
c17837,isospinosin
c17838,visamminol
c17839,terrestriamide
c17840,dehydrozingerone
c17841,dahurinol
c17842,acerinol
c17843,norvisnagin
c17844,(+)-demethoxyaschantin
c17845,(+)-aschantin
c17846,alpha-asaron
c17847,magnosalin
c17848,biondinin a
c17849,biondinin b
c17850,biondinin c
c17851,biondinin d
c17852,biondinin e
c17853,senkyunolide
c17854,butylphthalide
c17855,coniferyl ferulate
c17856,atractylodinol
c17857,acetylatractylodinol
c17858,atractyloside a
c17859,atractyloside b
c17860,atractyloside c
c17861,atractyloside d
c17862,atractyloside e
c17863,atractyloside f
c17864,atractyloside g
c17865,atractyloside h
c17866,atractyloside i
c17867,cyclomorusin
c17868,morusinol; oxyhydromorusin
c17869,sanggenon a
c17870,sanggenon b
c17871,sanggenon e
c17872,corynantheine
c17873,2-hydroxytetracosanoic acid
c17874,uncaric acid a
c17875,sedanonic acid lactone
c17877,dioxation
c17878,eucommiol
c17879,nigakinone
c17880,cryptocyanin; cryptocyanine iodide
c17881,zhebeinine
c17882,peiminoside
c17883,4-vinylguaiacol
c17884,3beta-hydroxyatractylon
c17885,atractylenolide i
c17886,atractylenolide ii
c17887,atractylenolide iii
c17888,eriojaposide a
c17889,eriojaposide b
c17890,euscaphic acid
c17891,"cryptogenin; kryptogenin; (3beta,25r)-3,26-dihydroxycholest-5-ene-16,22-dione"
c17892,arecatannin b1
c17893,arecatannin a2
c17894,arecatannin a1
c17895,arecatannin a3
c17896,arecatannin b2
c17897,arecatannin c1
c17898,sinactine
c17899,isosinomenine
c17900,menisdaurilide
c17901,simiarenol
c17902,ephedroxane
c17903,(+)-n-methylpseudoephedrine
c17904,alpha-allokainic acid
c17905,cannabisin a
c17906,cannabisin b
c17907,cannabisin c
c17908,cannabisin d
c17909,cannabisin e
c17910,cannabisin f
c17911,cannabisin g
c17912,isozaluzanin c
c17913,isodehydrocostus lactone
c17914,nootkatone
c17915,nootkatol
c17916,coixinden a
c17917,coixinden b
c17918,scabraside
c17919,rindoside
c17920,dihydroabietic acid
c17921,scopoloside i
c17922,scopoloside ii
c17925,nordephrine; alpha-methylnorepinephrine; alpha-methylnoradrenaline
c17926,2-pyridinemethanamine
c17927,thiazolylethylamine; 2-(2-aminoethyl)thiazole
c17928,2-methylhistamine
c17929,4-methylhistamine
c17930,dimaprit
c17931,imetit
c17932,immepip
c17933,thioperamide
c17934,clobenpropit
c17935,cysteinyldopa; 5-s-cysteinyl-dopa
c17936,phaeomelanin
c17937,eumelanin
c17938,"5,6-indolequinone-2-carboxylic acid"
c17939,10-hydroxycamptothecin
c17940,rhizocticin b
c17941,2-oxo-4-phosphonobutanoate; 2-oxo-4-phosphonobutanoic acid
c17942,fr 900098; (3-(acetylhydroxyamino)propyl)phosphonic acid
c17943,formylphosphonate; phosphonoformaldehyde; formylphosphonic acid
c17944,rhizocticin a
c17945,phosphonoformyl-cmp; cmp-5'-phosphonoformate
c17946,carboxyphosphonopyruvate
c17947,2-phosphinomethylmalate; 2-phosphinomethylmalic acid; 2-(hydrohydroxyphosphorylmethyl)malate
c17948,deamino-alpha-keto-demethylphosphinothricin; 4-(hydroxyphosphinyl)-2-oxobutyric acid; 2-oxo-4-phosphinobutanoate; 4-hydrohydroxyphosphoryl-2-oxobutanoate
c17949,n-acetyldemethylphosphinothricin; n-adpt
c17950,n-acetyldemethylphosphinothricin tripeptide
c17951,n-acetylbialaphos; n-acetylphosphinothricin tripeptide
c17952,n-acetylphosphinothricin; l-n-acetylphosphinothricin; n-acetyl-l-glufosinate; n-acetylphinothricin
c17953,(5s)-albaflavenol
c17954,albaflavenone
c17955,(5r)-albaflavenol
c17956,grandifloric acid
c17957,irigenin
c17958,irisflorentin
c17959,alpha-l-rhamnosyl-(1->3)-alpha-d-galactosyl-diphosphoundecaprenol
c17960,rhizocticin c
c17961,rhizocticin d
c17962,demethylphosphinothricin; (2s)-2-amino-4-(hydroxyphosphinyl)butanoic acid
c17963,colchicoside
c17964,pilocarpidine
c17965,trans-lachnophyllol
c17966,shionone; shionon
c17967,bluensidine
c17968,kasugamycin
c17969,minosaminomycin
c17970,spenolimycin
c17971,fortimicin fu-10
c17972,fortimicin ao
c17973,fortimicin kl1
c17974,fortimicin kk1
c17975,fortimicin ap
c17976,fortimicin kh
c17977,fortimicin kr
c17978,1-epi-fortimicin b
c17979,formimidoyl-fortimicin a; dactimicin; sf-2052
c17980,1-epidactimicin
c17981,istamycin fu-10
c17982,istamycin ao
c17983,istamycin kl1
c17984,istamycin ap
c17985,istamycin y0
c17986,istamycin x0; sannamycin g
c17987,istamycin a1
c17988,istamycin a2
c17989,istamycin a3
c17990,istamycin b0
c17991,istamycin b
c17992,istamycin b1
c17993,istamycin b3
c17994,istamycin c0
c17995,istamycin c
c17996,istamycin c1
c17997,oxyapramycin
c17998,saccharocin; ka-5685; 4''-deamino-4''-hydroxyapramycin
c17999,6-o-glc-paromamine
c18000,nebramycin factor 4; 6''-o-carbamoylkanamycin b
c18001,nebramycin 5'; nebramycin factor 5'; 6''-o-carbamoyltobramycin
c18002,5-ribosylparomamine; ribosylparomamine
c18003,lividomycin b; 3'-deoxyparomomycin i
c18004,5''-phosphoribostamycin
c18005,gamma-l-glutamyl-butirosin b
c18006,gamma-l-glutamyl-[acp]; gamma-l-glutamyl-[acyl carrier protein]; gamma-l-glutamyl-acp
c18007,4-aminobutyryl-[acp]; 4-aminobutyryl-[acyl carrier protein]; gaba-acp
c18008,4-(gamma-l-glutamylamino)butanoyl-[acp]; gamma-l-glutamyl-4-aminobutyryl-[acp]; gamma-l-glutamyl-4-aminobutyryl-[acyl carrier protein]; gamma-l-glutamyl-4-aminobutyryl-acp
c18009,4-(gamma-l-glutamylamino)-(2s)-2-hydroxybutanoyl-[acp]; gamma-l-glutamyl-4-amino-2-hydroxybutyryl-[acp]; gamma-l-glutamyl-4-amino-2-hydroxybutyryl-[acyl carrier protein]; gamma-l-glutamyl-4-amino-2-hydroxybutyryl-acp
c18010,deltorphin a; dermenkephalin
c18011,"7-hydroxy-6-methylhepta-3,5-dienal"
c18012,"flaviolin; 2,5,7-trihydroxy-1,4-naphthalenedione; 4,5,7-trihydroxynaphthalene-1,2-dione"
c18013,"3,3'-biflaviolin; 3,3',6,6',8,8'-hexahydroxy-2,2'-binaphthalene-1,1',4,4'-tetraone"
c18014,"3,8'-biflaviolin; 2,3',4,6',7,8'-hexahydroxy-1,2'-binaphthalene-1',4',5,8-tetraone"
c18015,momilactone a
c18016,"3beta-hydroxy-9beta-pimara-7,15-diene-19,6beta-olide"
c18017,"1,6-dihydrocarveol; 8-p-menthen-2-ol; 6-methyl-3-isopropenylcyclohexanol; menth-8-en-2-ol"
c18018,dihydrocarvone; p-menth-8-en-2-one; 2-methyl-5-(1-methylethenyl)cyclohexanone; menth-8-en-2-one
c18019,1-hydroxy-p-menth-8-en-2-one; 2-hydroxy-2-methyl-5-(1-methylethenyl)cyclohexanone; 1-hydroxymenth-8-en-2-one
c18020,"p-menth-8-ene-1,2-diol; 1-methyl-4-(1-methylethenyl)-1,2-cyclohexanediol; menth-8-ene-1,2-diol"
c18021,pheophorbide a
c18022,red chlorophyll catabolite
c18023,"sophoraflavanone b; flavaprenin; 8-prenylnaringenin; (-)-(2s)-8-dimethylallylnaringenin; (-)-(2s)-5,7-dihydroxy-2-(4-hydroxyphenyl)-8-(3-methylbut-2-enyl)chroman-4-one"
c18024,"leachianone g; (-)-(2s)-2'-hydroxy-8-dimethylallylnaringenin; (-)-(2s)-5,7-dihydroxy-8-(2-hydroxy-3-methylbut-2-enyl)-2-(4-hydroxyphenyl)chroman-4-one"
c18025,(+)-menthofuran; (r)-menthofuran
c18026,(2s)-ethylmalonyl-coa; (s)-ethylmalonyl-coa; ethylmalonyl-coa; ethylmalonyl coenzyme a
c18027,"(4r,7s)-7-isopropyl-4-methyloxepan-2-one; (4r,7s)-4-methyl-7-(1-methylethyl)-2-oxepanone; mentholactone"
c18028,"l-fucono-1,5-lactone"
c18029,"dtdp-3-oxo-2,6-dideoxy-d-glucose; dtdp-(2,6-dideoxy-alpha-d-erythro-hexopyranos-3-ulos-1-yl) ester"
c18030,"dtdp-2,6-dideoxy-d-kanosamine; dtdp-(3-amino-2,3,6-trideoxy-alpha-d-arabino-hexopyranosyl) ester"
c18031,dtdp-d-angolosamine
c18032,"dtdp-4-oxo-2,3,6-trideoxy-d-glucose; dtdp-[(2r,6r)-tetrahydro-6-methyl-5-oxo-2h-pyran-2-yl] ester; dtdp-4-dehydro-2,3,6-trideoxy-alpha-d-hexopyranose"
c18033,"dtdp-4-amino-2,3,4,6-tetradeoxy-d-glucose; dtdp-[(2r,5s,6r)-5-aminotetrahydro-6-methyl-2h-pyran-2-yl] ester; dtdp-4-amino-2,3,4,6-tetradeoxy-alpha-d-erythro-hexopyranose"
c18034,"dtdp-d-forosamine; dtdp-alpha-d-forosamine; dtdp-[(2r,5s,6r)-5-(dimethylamino)tetrahydro-6-methyl-2h-pyran-2-yl] ester; dtdp-4-(dimethylamino)-2,3,4,6-tetradeoxy-alpha-d-erythro-hexopyranose"
c18035,"dtdp-3-methyl-4-oxo-2,6-dideoxy-d-glucose; dtdp-(2,6-dideoxy-3-c-methyl-alpha-d-threo-hexopyranos-4-ulos-1-yl) ester"
c18036,strigolactone abc-rings
c18037,5-deoxystrigol
c18038,"7alpha-hydroxypregnenolone; 3beta,7alpha-dihydroxy-5-pregnen-20-one"
c18039,"aldosterone hemiacetal; 11beta,18-epoxy-18,21-dihydroxypregn-4-ene-3,20-dione"
c18040,"5alpha-dihydrodeoxycorticosterone; 5alpha-pregnan-21-ol-3,20-dione; allopregnane-21-ol-3,20-dione"
c18041,5alpha-pregnan-20alpha-ol-3-one; allopregnan-20alpha-ol-3-one
c18042,"5alpha-pregnane-3alpha,20alpha-diol; allopregnane-3alpha,20alpha-diol"
c18043,cholesterol sulfate; cholest-5-en-3beta-ol sulfate
c18044,3beta-hydroxypregn-5-en-20-one sulfate; pregnenolone sulfate
c18045,"7alpha-hydroxydehydroepiandrosterone; 7alpha-oh-dhea; 3beta,7alpha-dihydroxy-5-androstene-17-one"
c18046,biotinyl-[protein]; biotin protein of malonate decarboxylase
c18047,carboxybiotinyl-[protein]
c18048,n-succinyl-l-citrulline
c18049,n-acyl-l-homoserine lactone
c18050,beta-d-fructofuranosyl-alpha-d-mannopyranoside 6f-phosphate; mannosylfructose 6-phosphate
c18051,chrysanthemyl diphosphate
c18052,lavandulyl diphosphate
c18053,sophoraflavanone g
c18054,"2-amino-2-deoxyisochorismate; (2s)-2-amino-4-deoxychorismate; (2s,3s)-3-(1-carboxyvinyloxy)-2,3-dihydroanthranilate"
c18055,n-acetyl-alpha-d-hexosamine 1-phosphate
c18056,n-desmethylzolmitriptan; 183c91
c18058,1d-myo-inositol bisdiphosphate tetrakisphosphate
c18059,"cdp-2,3-bis-(o-geranylgeranyl)-sn-glycerol"
c18060,n-acetyl-alpha-d-galactosamine 1-phosphate
c18061,n-acyl-l-homoserine
c18062,"triboa-glucoside; 2,4,7-trihydroxy-1,4-benzoxazin-3-one-glucoside; 2,4,7-trihydroxy-2h-1,4-benzoxazin-3(4h)-one-glucoside; (2r)-4,7-dihydroxy-3-oxo-3,4-dihydro-2h-1,4-benzoxazin-2-yl beta-d-glucopyranoside"
c18063,c-13(2)-carboxypyropheophorbide a; c-13(2)-carboxylpyropheophorbide a
c18064,pyropheophorbide a
c18066,7-isopropyl-4-methyloxepan-2-one
c18067,"6-hydroxy-3,7-dimethyloctanoate; 6-hydroxy-3,7-dimethyloctanoic acid"
c18068,beta-d-fructofuranosyl-alpha-d-mannopyranoside; mannosylfructose
c18069,"n1,n5,n10-tricoumaroyl spermidine"
c18070,"n1,n5,n10-tricaffeoyl spermidine"
c18071,"n1,n5,n10-triferuloyl spermidine"
c18072,"n1,n5,n10-tri(hydroxyferuloyl) spermidine"
c18073,"n1,n5-di(hydroxyferuloyl)-n10-sinapoyl spermidine"
c18075,"11beta,17beta-dihydroxy-4-androsten-3-one; 11beta-hydroxytestosterone"
c18076,5'-phosphoguanylyl(3'->5')guanosine
c18077,methylenedioxycinnamic acid; mdca
c18078,ayapin
c18079,isoscopoletin
c18080,osthenol
c18081,sphondin
c18082,isobergapten
c18083,demethylsuberosin; 7-demethylsuberosin
c18084,isobergaptol
c18085,6-hydroxyangelicin; heratomol
c18086,2'-hydroxy caffeic acid
c18087,2'-hydroxyferulic acid
c18088,2'-hydroxy-mdca
c18089,"2',4'-dihydroxycinnamic acid"
c18090,tricaine; 3-aminobenzoic acid; m-aminobenzoate
c18091,ethylnitronate
c18092,"dtdp-l-ristosamine; dtdp-3-amino-2,3,6-trideoxy-l-allose; dtdp-3-amino-2,3,6-trideoxy-l-ribo-hexose"
c18093,iopodic acid
c18094,udp-l-arabinofuranose; udp-beta-l-arabinofuranose
c18095,deltorphin b; deltorphin ii
c18096,d-allulose 6-phosphate
c18097,deltorphin c; deltorphin i
c18098,primary fluorescent chlorophyll catabolite
c18099,"1,2,3,7,8-pentachlorodibenzodioxin; 1,2,3,7,8-pentachlorodibenzo-p-dioxin; 1,2,3,7,8-pecdd; pcdd 54"
c18100,"1,2,3,4,7,8-hexachlorodibenzodioxin; 1,2,3,4,7,8-hexachlorodibenzo-p-dioxin; 1,2,3,4,7,8-hxcdd; pcdd 66"
c18101,"1,2,3,6,7,8-hexachlorodibenzodioxin; 1,2,3,6,7,8-hexachlorodibenzo-p-dioxin; 1,2,3,6,7,8-hxcdd; pcdd 67"
c18102,"1,2,3,7,8,9-hexachlorodibenzodioxin; 1,2,3,7,8,9-hexachlorodibenzo-p-dioxin; 1,2,3,7,8,9-hxcdd; pcdd 70"
c18103,"1,2,3,4,6,7,8-heptachlorodibenzodioxin; 1,2,3,4,6,7,8-heptachlorodibenzo-p-dioxin; 1,2,3,4,6,7,8-hpcdd; pcdd 73"
c18104,"2,3,7,8-tetrachlorodibenzofuran; 2,3,7,8-tcdf; pcdf 83"
c18105,"1,2,3,7,8-pentachlorodibenzofuran; 1,2,3,7,8-pecdf; pcdf 94"
c18106,"2,3,4,7,8-pentachlorodibenzofuran; 2,3,4,7,8-pecdf; pcdf 114"
c18107,"1,2,3,4,7,8-hexachlorodibenzofuran; 1,2,3,4,7,8-hxcdf; pcdf 118"
c18108,"1,2,3,7,8,9-hexachlorodibenzofuran; 1,2,3,7,8,9-hxcdf; pcdf 124"
c18109,"1,2,3,6,7,8-hexachlorodibenzofuran; 1,2,3,6,7,8-hxcdf; pcdf 121"
c18110,"2,3,4,6,7,8-hexachlorodibenzofuran; 2,3,4,6,7,8-hxcdf; pcdf 130"
c18111,"1,2,3,4,6,7,8-heptachlorodibenzofuran; 1,2,3,4,6,7,8-hpcdf; pcdf 131"
c18112,"1,2,3,4,7,8,9-heptachlorodibenzofuran; 1,2,3,4,7,8,9-hpcdf; pcdf 134"
c18113,"1,2,3,4,6,7,8,9-octachlorodibenzofuran; octachlorodibenzofuran; ocdf; pcdf 135"
c18114,"3,4,4',5-tetrachlorobiphenyl; pcb 81"
c18115,"3,4,5,3',4',5'-hexachlorobiphenyl; pcb 169"
c18116,"2,3,4,3',4'-pentachlorobiphenyl; pcb 105"
c18117,"2,3,4,4',5-pentachlorobiphenyl; pcb 114"
c18118,"2,3',4,4',5-pentachlorobiphenyl; pcb 118"
c18119,"2,3',4,4',5'-pentachlorobiphenyl; pcb 123"
c18120,"2,3,3',4,4',5-hexachlorobiphenyl; pcb 156"
c18121,"2,3,3',4,4',5'-hexachlorobiphenyl; pcb 157"
c18122,"2,3',4,4',5,5'-hexachlorobiphenyl; pcb 167"
c18123,"2,3,3',4,4',5,5'-heptachlorobiphenyl; pcb 189"
c18124,endrin
c18125,1-acyl-sn-glycero-3-phosphoserine; 1-acyl-2-lyso-phosphatidylserine
c18126,1-acyl-sn-glycero-3-phosphoglycerol
c18127,beta-funaltrexamine; beta-fna
c18128,naltrindole; nti
c18129,monolysocardiolipin; mlcl
c18130,norbinaltorphimine; norbni
c18131,geranyl-hydroxybenzoate
c18132,3''-hydroxy-geranylhydroquinone; 3''-hydroxygeranylhydroquinone
c18133,deoxyshikonin
c18134,dihydroechinofuran
c18135,dihydroshikonofuran
c18136,2''-adenylylgentamicin a
c18137,"2,2',4,4',5,5'-hexabromodiphenyl ether; bde 153"
c18138,"2,2',4,4',5,6'-hexabromodiphenyl ether; pbde 154; bde 154"
c18139,"2,2',3,3',4',5,6'-heptabromodiphenyl ether; 1,2,3,5-tetrabromo-4-(2,3,5-tribromophenoxy)-benzene; bde 175"
c18140,"2,2',3,4,4',5',6-heptabromodiphenyl ether; 1,2,3,5-tetrabromo-4-(2,4,5-tribromophenoxy)-benzene; bde 183"
c18141,"pentachlorobenzene; 1,2,3,4,5-pentachlorobenzene; pcb"
c18142,perfluorooctanesulfonic acid; perfluorooctylsulfonic acid; pfos
c18143,perfluorooctylsulfonyl fluoride
c18144,metiram
c18145,trans-nonachlor
c18146,oxychlordane
c18147,esfenvalerate
c18148,octachlorostyrene
c18149,tributyltin oxide; tbto
c18150,n-butylbenzene
c18151,7(1)-hydroxychlorophyll a; 7-hydroxymethylchlorophyll a
c18152,3-vinylbacteriochlorophyllide a; 3-deacetyl-3-vinylbacteriochlorophyllide a
c18153,3-hydroxyethylbacteriochlorophyllide a; 3-deacetyl-3-(1-hydroxyethyl)bacteriochlorophyllide a
c18154,3-hydroxyethylchlorophyllide a; 3-devinyl-3-(1-hydroxyethyl)chlorophyllide a
c18155,bacteriochlorophyllide a
c18156,bacteriochlorophyllide b
c18157,8-ethyl-12-methyl-3-vinylbacteriochlorophyllide d
c18158,17-oxosparteine
c18159,polyplatillen
c18160,bacteriochlorophyllide d
c18161,bacteriochlorophyllide c
c18162,bacteriochlorophyll d
c18163,bacteriochlorophyll c
c18164,deoxymiroestrol
c18165,enterolactone
c18166,enterodiol
c18167,secoisolariciresinol; (-)-secoisolariciresinol
c18168,diacylglycerylhomoserine; dghs
c18169,"diacylglyceryl-n,n,n-trimethylhomoserine; dgts"
c18170,3-acetamidopropanal
c18171,"resolvin e1; 5s,12r,18r-trihydroxy-6z,8e,10e,14z,16e-eicosapentaenoic acid"
c18172,carboxyspermidine; 2-amino-4-[(4-aminobutyl)amino]-butanoic acid
c18173,"resolvin e2; 5s,18r-dihydroxy-6e,8z,11z,14z,16e-eicosapentaenoic acid"
c18174,carboxynorspermidine
c18175,"5,6-epoxy-18r-hepe; 5,6-epoxy,18r-hydroxy-7e,9e,11z,14z,16e-eicosapentaenoic acid"
c18176,"5s-hydroperoxy-18r-hepe; 5s-hydroperoxy-18r-hydroxy-6e,8z,11z,14z,16e-eicosapentaenoic acid"
c18177,"18r-hepe; 18r-hydroxy-5z,8z,11z,14z,16e-eicosapentaenoic acid"
c18178,"resolvin d1; 7s,8r,17s-trihydroxydocosa-4z,9e,11e,13z,15e,19z-hexaenoic acid"
c18179,resolvin d2
c18180,"1,2,3,4,6,7,8,9-octachlorodibenzo-p-dioxin; octachlorodibenzo-p-dioxin; ocdd; pcdd 75"
c18181,growth hormone; somatotropin; gh
c18182,thyroid stimulating hormone; pretiron; thyreotrophic hormone; thyrotrophin; tsh
c18183,luteinizing hormone; lh; interstitial cell stimulating hormone; icsh
c18184,follicle stimulating hormone; follitropin; fsh
c18185,chorionic gonadotropin
c18186,gastrin-14; minigastrin
c18187,gastrin-34; big gastrin
c18188,leptin
c18189,adiponectin
c18190,resistin
c18191,13-sophorosyloxydocosanoic acid
c18192,"vitamin d4; 22-dihydroergocalciferol; (5z,7e)-(3s)-9,10-seco-5,7,10(19)-ergostatrien-3-ol"
c18193,"vitamin d5; (5z,7e)-9,10-secostigmasta-5,7,10(19)-trien-3beta-ol"
c18195,(3r)-11-cis-3-hydroxyretinal
c18196,(3r)-all-trans-3-hydroxyretinal
c18197,oxyntomodulin
c18198,proadrenomedullin n-terminal 20 peptide; pamp20
c18200,erythropoietin; epo
c18201,prolactin; prl
c18202,8-methyl-6-nonenoic acid
c18203,"2,2',4,4',5-pentabromodiphenyl ether; pbde 99; bde 99"
c18204,"2,2',4,5'-tetrabromodiphenyl ether; pbde 49; bde 49"
c18205,"2,2',4,4'-tetrabromodiphenyl ether; pbde 47; bde 47"
c18206,cis-11-methyl-2-dodecenoic acid
c18208,activin ab
c18209,activin b
c18210,placental lactogen; chorionic somatomammotropin hormone; pl
c18211,"isopimara-7,15-diene"
c18212,jamaicamide a
c18213,jamaicamide b
c18214,jamaicamide c
c18215,bis(4-hydroxyphenyl)methanol
c18216,4-hydroxyphenyl-4-hydroxybenzoate
c18217,16-feruloyloxypalmitate; 16-feruloyloxypalmitic acid
c18218,16-hydroxypalmitate; 16-hydroxypalmitic acid; 16-hydroxyhexadecanoic acid; juniperic acid
c18219,palustradienol
c18220,palustradienal
c18221,isopimaradienol
c18222,isopimaradienal
c18223,stemar-13-ene
c18224,stemod-13(17)-ene
c18225,"9beta-pimara-7,15-diene"
c18226,"ent-cassa-12,15-diene"
c18228,"ent-pimara-8(14),15-diene"
c18229,"fusicocca-2,10(14)-diene"
c18230,calcitroic acid
c18231,"calcitetrol; 1alpha,24r,25-trihydroxyvitamin d3; (1s,3r,5z,7e,24r,25)-9,10-secocholesta-5,7,10(19)-triene-1,3,24,25-tetrol"
c18232,n-formylmaleamic acid
c18233,ferricytochrome cl; oxidized cytochrome cl; cytochrome cl
c18234,ferrocytochrome cl; reduced cytochrome cl
c18235,s-(hydroxymethyl)mycothiol
c18236,"1,2,3,4-tetrachlorobenzene"
c18237,molybdoenzyme molybdenum cofactor; molybdenum cofactor
c18238,cis-chlorobenzene dihydrodiol
c18239,precursor z; cyclic pyranopterin monophosphate; cyclic pyranopterin phosphate; cpmp
c18240,"tetrachlorocatechol; tetrachloro-1,2-benzenediol"
c18241,"tetrachloro-cis,cis-muconate; tetrachloro-cis,cis-muconic acid"
c18242,"2,3,5-trichlorodienelactone"
c18243,"2,3,5-trichloromaleylacetate"
c18244,"2,4-dichloro-3-oxoadipate"
c18245,8-epi-cedrol
c18246,"1,1,1-trichloroethane; methylchloroform"
c18247,"1,1-dichloroethane"
c18248,chloroethane; ethyl chloride
c18249,"cis-4,5-dihydroxy-4,5-dihydropyrene; cis-4,5-dihydro-4,5-pyrenediol"
c18250,"4,5-dihydroxypyrene"
c18251,"pyrene-4,5-dione; 4,5-pyrenequinone"
c18252,"phenanthrene-4,5-dicarboxylate"
c18253,phenanthrene-4-carboxylate; 4-phenanthroic acid
c18254,"pyrene-4,5-oxide; pyrene-4,5-epoxide"
c18255,"trans-4,5-dihydroxy-4,5-dihydropyrene; trans-4,5-pyrenedihydrodiol"
c18256,"cis-3,4-phenanthrenedihydrodiol-4-carboxylate"
c18257,"pyrene-1,6-dione; 1,6-pyrenequinone"
c18258,"pyrene-1,8-dione; 1,8-pyrenequinone"
c18259,1-methoxypyrene
c18260,"1,6-dimethoxypyrene"
c18261,1-hydroxy-6-methoxypyrene; 6-methoxy-1-pyrenol
c18262,"1-methoxypyrene-6,7-oxide"
c18263,"1,6-dihydroxypyrene; 1,6-pyrenediol"
c18264,"1,8-dihydroxypyrene; 1,8-pyrenediol"
c18265,"1-hydroxypyrene-6,7-oxide"
c18266,"1-hydroxypyrene-7,8-oxide"
c18267,"pyrene-1,2-oxide"
c18268,2-hydroxypyrene; 2-pyrenol
c18269,1-pyrenylsulfate
c18270,"benzo[a]pyrene-cis-4,5-dihydrodiol"
c18271,cis-4-(7-hydroxtpyren-8-yl)-2-oxobut-3-enoate
c18272,cis-4-(8-hydroxypyren-7-yl)-2-oxobut-3-enoate
c18273,"7,8-dihydropyrene-8-carboxylate; 1,2-dihydropyrene-1-carboxylate"
c18274,"7,8-dihydropyrene-7-carboxylate; 1,2-dihydropyrene-2-carboxylate"
c18275,"benzo[a]pyrene-cis-7,8-dihydrodiol"
c18276,"benzo[a]pyrene-cis-9,10-dihydrodiol"
c18277,"4,5-chrysenedicarboxylate"
c18278,"9,10-dihydroxybenzo[a]pyrene; benzo[a]pyrene-9,10-diol"
c18279,"4,5-dihydroxybenzo[a]pyrene; benzo[a]pyrene-4,5-diol"
c18280,"11,12-dihydroxybenzo[a]pyrene; benzo[a]pyrene-11,12-diol"
c18281,"10-oxabenzo[def]chrysen-9-one; 9h-pyreno[1,2-b]pyran-9-one"
c18282,5-chrysenecarboxylate
c18283,4-chrysenecarboxylate
c18284,"benzo[a]pyrene-cis-11,12-dihydrodiol"
c18285,"benzo[a]pyrene-trans-11,12-dihydrodiol"
c18286,"benzo[a]pyrene-11,12-epoxide"
c18287,monocyte locomotion inhibitory factor; mlif
c18293,nonaketamide monocyclic intermediate
c18294,nonaketamide tricyclic intermediate
c18295,pretetramid; pretetramide
c18296,"5a,11a-dehydrooxytetracycline"
c18297,anhydrochlortetracycline; anhydro-7-chlorotetracycline
c18298,"5a,11a-dehydrochlortetracycline; dehydrochlortetracycline; 5a,11a-dehydro-7-chlorotetracycline"
c18299,4-aminoanhydrochlortetracycline; 4-aminoanhydro-7-chlorotetracycline
c18300,"2,4-dichlorotoluene"
c18301,"4,6-dichloro-3-methyl-cis-1,2-dihydroxycyclohexa-3,5-diene"
c18302,"4,6-dichloro-3-methylcatechol"
c18303,"3,5-dichloro-2-methylmuconate"
c18304,2-chloro-5-methyl-cis-dienelactone
c18305,2-chloro-5-methylmaleylacetate
c18306,5-methylmaleylacetate
c18307,2-methyl-3-oxoadipate
c18308,"3,5-dichloro-2-methylmuconolactone"
c18309,3-chloro-2-methyldienelactone
c18310,3-chloro-2-methylmaleylacetate
c18311,4-methyl-3-oxoadipate-enol-lactone
c18312,4-methyl-3-oxoadipate
c18313,ll-37; cathelicidin ll-37
c18314,"phthalate 3,4-cis-dihydrodiol"
c18315,4-methyl-5-nitrocatechol
c18316,"2-hydroxy-5-methylquinone; 2-hydroxy-5-methyl-1,4-benzoquinone"
c18317,"2,4,5-trihydroxytoluene"
c18318,"cis,cis-2,4-dihydroxy-5-methyl-6-oxo-2,4-hexadienoate"
c18319,2-methylbutyrate; 2-methylbutyric acid; 2-methylbutanoic acid
c18320,4-amino-2-nitrotoluene
c18321,"trans,octacis-decaprenyl diphosphate; (2z,6z,10z,14z,18z,22z,26z,30z,34e)-decaprenyl diphosphate"
c18323,3-methylfumaryl-coa; (e)-3-carboxybut-2-enoyl-coa; mesaconyl-c4-coa
c18324,(2s)-methylsuccinyl-coa; methylsuccinyl-coa; methylsuccinyl-coenzyme a
c18325,feruloylagmatine
c18326,p-coumaroylputrescine
c18327,"7,9,12-octaketide intermediate 1"
c18328,"7,9,12-octaketide intermediate 2"
c18329,"7,9,12-octaketide intermediate 3"
c18330,"7,9,12-decaketide intermediate 1"
c18331,"7,9,12-decaketide intermediate 2"
c18332,"7,9,12-decaketide intermediate 3"
c18333,"7,9,12-decaketide intermediate 4"
c18334,"7,9,12-decaketide intermediate 5"
c18335,"7,9,12-decaketide intermediate 6"
c18336,"7,12-decaketide intermediate 1"
c18337,"9,14-decaketide intermediate 1"
c18338,"5-carboxyvanillic acid; 5-carboxyvanillate; 4-hydroxy-5-methoxy-1,3-benzenedicarboxylate; 4-hydroxy-5-methoxyisophthalate"
c18339,l-ascorbic acid-2-glucoside; aa-2g
c18340,magnesium l-ascorbic acid-2-phosphate; vc-pmg; ap
c18341,sodium l-ascorbic acid 2-phosphate; vcp-na
c18342,3-o-ethyl-l-ascorbic acid; l-ascorbic acid ethyl ester
c18343,4-butylresorcinol; 4-n-butylresorcinol; rucinol (tn)
c18344,adenosine 5'-phosphate disodium
c18345,"4-carboxy-2-hydroxy-6-methoxy-6-oxohexa-2,4-dienoate"
c18346,4-methoxy potassium salicylate; 4msk
c18347,"5,5'-dehydrodivanillate"
c18348,"2,2',3-trihydroxy-3'-methoxy-5,5'-dicarboxybiphenyl"
c18349,4-[2-(5-carboxy-2-hydroxy-3-methoxyphenyl)-2-oxoethylidene]-2-hydroxy-2-pentenedioate
c18350,asulam
c18351,"4-aminocatechol; 4-amino-1,2-benzenediol; 3,4-dihydroxyaniline"
c18352,oxocamphor; 10-oxocamphor; beta-oxocamphor
c18353,octaketide bicyclic intermediate
c18354,(s)-chiral alcohol
c18355,(r)-chiral alcohol
c18356,(s)-hemiketal
c18357,(r)-hemiketal
c18358,dhkred-oh; hydroxylated dihydrokalafungin dihydroquinone
c18359,dihydrogranaticin
c18360,dihydrokalafungin dihydroquinone form; dhkred
c18361,mafoprazine mesylate
c18362,tepoxalin
c18363,firocoxib
c18364,carprofen
c18365,carbetocin
c18366,sodium iodate
c18367,malachite green
c18368,chlorine dioxide; chlorine peroxide
c18369,dl-camphor; camphor
c18370,alkyldiaminoethylglycine hydrochloride; alkylpolyaminoethylglycine hydrochloride
c18371,"stearyltrimethylammonium chloride; 1-octadecanaminium, n,n,n-trimethyl-, chloride"
c18372,chlorhexidine acetate
c18373,tetramethrin; neo-pynamin; phthalthrin
c18374,clostebol acetate
c18375,osaterone acetate
c18376,fursultiamine hydrochloride
c18377,thiamine disulfide
c18378,menadione sodium bisulfite
c18379,calcium propionate
c18380,calcium levulinate anhydrous
c18381,calcium iodide
c18382,ethylendiamine dihydroiodide; eddi
c18383,sodium chondroitin sulfate
c18384,magnesium dipropionate
c18386,sulfadimethoxine sodium
c18387,sulfamoyldapsone
c18388,diminazene
c18389,nicarbazin
c18390,emodepside
c18391,dithiazanine iodide
c18392,bromofenofos
c18393,"disophenol; 2,6-diiod-4-nitrophenol"
c18394,anilofos
c18395,cadusafos
c18396,methyridine
c18397,cyanophos
c18398,dichlofenthion
c18399,ethephon
c18400,disulfoton; ethylthiometon
c18401,fosetyl
c18402,fosthiazate
c18403,pirimiphos-methyl; pirimiphosmethyl
c18404,profenofos
c18405,prothiofos
c18406,pyraclofos
c18407,tolclofos-methyl
c18408,acrinathrin
c18409,cycloprothrin
c18410,etofenprox
c18411,fenpropathrin
c18412,silafluofen
c18413,tralomethrin
c18414,alanycarb
c18415,benthiavalicarb isopropyl
c18416,carbosulfan
c18417,desmedipham
c18418,isoprocarb
c18419,oxamyl
c18420,phenmedipham
c18421,propamocarb hydrochloride
c18422,pyributicarb
c18423,thiodicarb
c18424,metam-sodium; carbam
c18425,cumyluron
c18426,chlorfluazuron
c18427,daimuron
c18428,diuron
c18429,flucetosulfuron
c18430,flufenoxuron
c18431,iodosulfuron-methyl-sodium; iodosulfuron-methyl sodium salt
c18432,isouron
c18433,karbutilate
c18434,lufenuron
c18435,siduron
c18436,tebuthiuron
c18437,teflubenzuron
c18438,azimsulfuron
c18439,cyclosulfamuron
c18440,ethoxysulfuron
c18441,flazasulfuron
c18442,halosulfuron-methyl
c18443,imazosulfuron
c18444,pyrazosulfuron-ethyl
c18445,chloropicrin
c18446,dienochlor
c18447,methyl bromide
c18448,methyl iodide
c18449,amobam
c18450,propineb
c18451,tetradifon
c18452,benfuresate
c18453,bispyribac-sodium
c18454,chlorantraniliprole
c18455,chlorfenapyr
c18456,cyproconazole
c18457,dazomet
c18458,diclomezine
c18459,difenoconazole
c18460,echlomezole; etridiazole
c18461,fenbuconazole
c18462,fludioxonil
c18463,flonicamid
c18464,fluopicolide
c18465,flurprimidol
c18466,hexaconazole
c18467,hexythiazox
c18468,imibenconazole
c18469,imicyafos
c18470,indanofan
c18471,ipconazole
c18472,"l-capreomycidine; (2s,3r)-capreomycidine; (s)-2-amino-2-[(r)-2-iminohexahydropyrimidin-4-yl]acetic acid"
c18473,"beta-hydroxyarginine; (3s)-hydroxy-(2s)-arginine; (2s,3s)-3-hydroxyarginine; (3s)-3-hydroxy-l-arginine"
c18474,maleic hydrazide
c18475,mepiquat chloride
c18476,metconazole
c18477,myclobutanil
c18478,oxyquinoline sulfate
c18479,paclobutrazol
c18480,pefurazoate
c18481,penoxsulam
c18482,penthiopyrad
c18483,probenazole
c18484,pyridalyl
c18485,pyriftalid
c18486,pyriminobac-methyl
c18487,pyroquilon
c18488,spiromesifen
c18489,tebuconazole
c18490,tetraconazole
c18491,tolfenpyrad
c18492,tricyclazole
c18493,triflumizole
c18494,uniconazole p
c18495,etoxazole
c18496,oxadiazon
c18497,cafenstrole
c18498,cymoxanil
c18499,dimethenamid
c18500,etobenzanid
c18501,fentrazamide
c18502,flutolanil
c18503,furametpyr
c18504,isoxaben
c18505,thifluzamide
c18506,furamethrin
c18507,acetamiprid
c18508,clothianidin
c18509,dinotefuran
c18510,prallethrin
c18511,nitenpyram
c18512,thiacloprid
c18513,thiamethoxam
c18514,chlorophacinone
c18515,chromafenozide
c18516,cyflufenamid
c18517,cyflumetofen
c18518,diclocymet
c18519,fenoxanil
c18520,flubendiamide
c18521,flusulfamide
c18522,mandipropamid
c18523,metaflumizone
c18524,empenthrin
c18525,methoxyfenozide
c18526,tebufenozide
c18527,fluazifop
c18528,mcpa; (2-methyl-4-chlorophenoxy)acetic acid
c18529,2-methyl-4-chlorophenoxybutyric acid; mcpb
c18530,quizalofop-ethyl
c18531,clomeprop
c18532,ethychlozate
c18533,alpha-naphthylacetamide; 1-naphthaleneacetamide
c18534,1-naphthaleneacetic acid sodium salt
c18535,acequinocyl
c18536,benzobicyclon
c18537,dimethametryn
c18538,prohydrojasmon
c18539,sethoxydim
c18540,tepraloxydim
c18541,trinexapac-ethyl
c18542,prometryn
c18543,flupoxam
c18544,simeconazole
c18545,cyenopyrafen
c18546,ioxynil
c18547,boscalid
c18548,mepronil
c18549,diflufenican
c18550,tiadinil
c18551,fluoroimide
c18552,ethiprole
c18553,spirodiclofen
c18554,pyraflufen-ethyl
c18555,benzofenap
c18556,pyrazoxyfen
c18557,milbemectin
c18558,azoxystrobin
c18559,metominostrobin
c18560,orysastrobin
c18561,pyraclostrobin
c18562,trifloxystrobin
c18563,bensultap
c18564,glyphosate-isopropylammonium
c18565,glyphosate-monoammonium
c18566,calcium peroxide
c18567,thallium sulfate
c18568,iminoctadine acetate
c18569,indoxacarb
c18570,chloridazon
c18571,oxaziclomefone
c18572,oxpoconazole fumarate
c18573,cyazofamid
c18574,dithianon
c18575,quinoxaline
c18576,clofentezine
c18577,diquat
c18578,fluazinam
c18579,ferimzone; (z)-ferimzone
c18580,pyriprole
c18581,amisulbrom
c18582,butralin
c18583,dimethomorph
c18584,quinoclamin
c18585,chlormequat
c18586,"calcium formate; formic acid, calcium salt"
c18587,methyl isothiocyanate
c18588,sodium fluoroacetate; sodium monofluoroacetate
c18589,bifenazate
c18590,pymetrozine
c18591,famoxadone
c18592,pentoxazone
c18593,fenhexamid
c18594,bentazone-sodium
c18595,fluacrypyrim
c18596,bromadiolone
c18597,dicamba
c18598,imazamox
c18599,coumafuryl; fumarin
c18600,"dalapon; 2,2-dpa; 2,2-dichloropropanoic acid"
c18601,sodium oleate
c18602,propargite; bpps
c18603,pyrimidifen
c18604,forchlorfenuron
c18605,pyriproxyfen
c18606,potassium bicarbonate
c18607,cyhalofop-butyl
c18608,mecoprop-p; (r)-2-(4-chloro-o-tolyloxy)propionic acid; (r)-2-(4-chloro-2-methylphenoxy)propanoate; (r)-mecoprop
c18609,clethodim
c18610,monoammonium glycyrrhizinate
c18611,phthalide
c18612,nonoxynol-9 iodine
c18613,pyraclonil
c18614,pyridaben
c18615,triflumuron; trifluron
c18616,methoxymalonyl-[acp]; methoxymalonyl-acp; (2r)-methoxymalonyl-[acp]
c18617,hydroxymalonyl-[acp]; hydroxymalonyl-acp; (2r)-hydroxymalonyl-[acp]
c18618,aminomalonyl-[acp]; aminomalonyl-acp; (2s)-aminomalonyl-[acp]
c18619,4-dimethylamino-l-phenylalanine
c18620,3-hydroxypicolinic acid
c18621,3-hydroxyquinaldic acid
c18622,l-homotyrosine
c18623,l-phenylglycine; phenylglycine
c18624,quinoxaline-2-carboxylic acid
c18625,4-nitrobenzoate; 4-nitrobenzoic acid; p-nitrobenzoic acid
c18626,metalaxyl-m
c18627,"1,3-dichloropropene; d-d 92"
c18628,thiadiazin; milneb
c18629,deoxynogalonate; 12-deoxynogalonic acid
c18630,"nogalaviketone; methyl 5,7-dihydroxy-2-methyl-4,6,11-trioxo-3,4,6,11-tetrahydrotetracene-1-carboxylate"
c18631,nogalavinone; nogalamycinone
c18632,1-oh-nogalamycinone
c18633,nogalamycin
c18634,aclacinomycin t; rhodosaminyl-aklavinone
c18635,aclacinomycin s; l-2-deoxyfucosyl-l-rhodosaminyl-aklavinone
c18636,dtdp-2-deoxy-beta-l-fucose; dtdp-l-2-deoxyfucose
c18637,aclacinomycin n
c18638,aclacinomycin a
c18639,aclacinomycin y
c18640,epsilon-rhodomycin t
c18641,15-demethoxy-epsilon-rhodomycin
c18642,beta-rhodomycin; rhodomycin b
c18643,dtdp-beta-l-rhodosamine; dtdp-l-rhodosamine
c18644,azinphos-ethyl
c18645,butocarboxim
c18646,butoxycarboxim
c18647,calcium arsenate
c18648,lead arsenate; lead hydrogen arsenate
c18649,ethiofencarb
c18650,furathiocarb
c18651,methiocarb
c18652,thiofanox
c18653,"dnoc; 4,6-dinitro-o-cresol; 2,4-dinitro-6-methylphenol"
c18654,chlorfenvinphos
c18655,demeton-s-methyl
c18656,dicrotophos
c18657,triazophos
c18658,famphur; famophos
c18659,fenamiphos
c18660,heptenophos
c18661,mecarbam
c18662,omethoate
c18663,monocrotophos
c18664,oxydemeton-methyl
c18665,thiometon
c18666,vamidothion
c18667,methamidophos
c18668,formetanate; dicarzol
c18669,propetamphos
c18670,mercuric oxide
c18671,dinoterb
c18672,methylmercury; methylmercury ion; ch3hg+
c18673,sodium cyanide
c18674,zinc phosphide
c18675,fluoroacetamide
c18676,"alpha-chlorohydrin; 3-monochloro-1,2-propanediol"
c18677,chlorethoxyfos
c18678,uwm6
c18679,"2,3-dehydro-uwm6; prejadomycin"
c18680,jadomycin a; jadomycin b aglycon
c18681,c1'-c9-glycosylated uwm6
c18682,11-deoxylandomycinone
c18683,landomycin h
c18684,landomycin d
c18685,landomycin e
c18686,chlormephos
c18687,ethoprophos
c18688,mevinphos
c18689,phosphamidon
c18690,phorate
c18691,sulfotep
c18692,tebupirimfos; tebupirimphos
c18693,terbufos
c18694,brodifacoum
c18695,difethialone
c18696,flocoumafen
c18697,bromethalin
c18698,diphenadione
c18699,(-)-jasmonoyl-l-isoleucine; (-)-ja-l-ile
c18700,ametryn
c18701,azaconazole
c18702,azamethiphos
c18703,bensulide
c18704,bromuconazole
c18705,butroxydim
c18706,butylamine
c18707,chloralose
c18708,chlorphonium chloride; phosfon d
c18709,decaketide tricyclic intermediate
c18710,3a-deolivosylpremithramycin b
c18711,mithramycin dk
c18712,copper hydroxide
c18713,copper sulfate; copper(ii) sulfate
c18714,cuprous oxide; copper (i) oxide
c18715,alpha-cypermethrin; alphamethrin
c18716,diclofop
c18717,difenzoquat
c18718,dimethachlor
c18719,"dimethipin; 2,3-dihydro-5,6-dimethyl-1,4-dithiine 1,1,4,4-tetraoxide"
c18720,diniconazole
c18721,dinobuton
c18722,diphenamid
c18723,dodine; dodecylguanidine acetate
c18724,endothal-disodium
c18725,ethion
c18726,fenpropidin
c18727,fenazaquin
c18728,fentin acetate
c18729,fentin hydroxide; fentin
c18730,fluchloralin
c18731,flufenacet
c18732,fluoroglycofen
c18733,flusilazole
c18734,flutriafol
c18735,fluxofenim
c18736,fomesafen
c18737,fuberidazole
c18738,"bhc; 1,2,3,4,5,6-hexachlorocyclohexane"
c18739,enilconazole; imazalil
c18740,ioxynil octanoate
c18741,mcpa-thioethyl
c18742,mecoprop
c18743,mefluidide
c18744,metaldehyde
c18745,methacrifos
c18746,methasulfocarb
c18747,metolcarb; tsumacide; mtmc
c18748,nabam
c18749,naled
c18750,2-napthyloxyacetic acid
c18751,nitrapyrin
c18752,octhilinone
c18753,oxadixyl
c18754,captafol
c18755,pebulate
c18756,phosmet
c18757,phoxim
c18758,piperophos
c18759,propachlor
c18760,prosulfocarb
c18761,pyrazophos
c18762,pyridafenthion; pyridaphenthion
c18763,quizalofop
c18764,quizalofop-p-tefuryl
c18765,sodium chlorate
c18766,sulfluramid
c18767,"2,3,6-tba; 2,3,6-trichlorobenzoic acid"
c18768,terbumeton
c18769,tralkoxydim
c18770,triazamate
c18771,"xmc; 3,5-xylyl methylcarbamate; cosban"
c18772,alloxydim
c18773,ammonium sulfamate
c18774,ancymidol
c18775,benazolin
c18776,bupirimate
c18777,chlorimuron
c18778,8-d-olivosyl-landomycin; landomycin i
c18779,"clopyralid; 3,6-dichloro-2-pyridinecarboxylic acid"
c18780,cycloate
c18781,diafenthiuron
c18782,dichlormid
c18783,dimefuron
c18784,dimethirimol
c18785,dinitramine
c18786,dodemorph
c18787,fenpropimorph
c18788,flamprop-m
c18789,fosamine
c18790,tau-fluvalinate
c18791,halofenozide
c18792,methyldymron
c18793,metobromuron
c18794,monolinuron
c18795,mgk 264; n-octylbicycloheptene dicarboximide
c18796,(2r)-2-hydroxy-2-methylbutanenitrile; 2-hydroxy-2-methylbutanenitrile
c18797,(s)-hydroxynitrile; (s)-cyanohydrin
c18798,"5,10-methylene-h4spt; 5,10-methylene-tetrahydrosarcinapterin; methylene-tetrahydrosarcinapterin"
c18799,5-methyl-h4spt; 5-methyl-tetrahydrosarcinapterin; 5-methyltetrahydrosarcinapterin; n5-methyl-tetrahydrosarcinapterin
c18800,ofurace
c18801,penconazole
c18802,"tetrahydrosarcinapterin; h4spt; 5,6,7,8-tetrahydrosarcinapterin"
c18803,pyridate
c18804,pyrifenox
c18805,pyrithiobac-sodium; pyrithiobac sodium
c18806,quinclorac
c18807,spirotetramat
c18808,tca-sodium; trichloroacetic acid sodium
c18809,temefos; temephos
c18810,terbuthylazine
c18811,terbutryn
c18812,thidiazuron
c18813,tri-allate; triallate
c18814,trietazine
c18815,triticonazole
c18816,cryolite; aluminum sodium fluoride
c18817,chlorotoluron
c18818,cinosulfuron
c18819,cloxyfonac-sodium
c18820,dichlofluanid
c18821,diclosulam
c18822,landomycin a
c18823,landomycin b
c18824,landomycin j
c18825,dikegulac; diprogulic acid
c18826,dithiopyr
c18827,ethalfluralin
c18828,ethirimol
c18829,ethofumesate
c18830,ethyl 3-(n-butylacetamido)propionate; ethyl butylacetylaminopropionate
c18831,fenchlorazole-ethyl
c18832,fenclorim
c18833,fenfuram
c18834,propylmalonyl-coa
c18835,(r)-dnpa
c18836,griseophenone c
c18837,griseophenone b
c18838,dehydrogriseofulvin
c18839,prechromomycin b
c18840,r1128a
c18841,r1128b
c18842,r1128c
c18843,r1128d
c18844,spiramycin iii
c18845,mycinamicin i
c18846,mycinamicin iv
c18847,mycinamicin v
c18848,chalcolactone
c18849,flumetralin
c18850,florasulam
c18851,flucarbazone-sodium
c18852,flumetsulam
c18853,fluometuron
c18854,flupropanate
c18855,flupyrsulfuron-methyl sodium
c18856,flurecol
c18857,fluridone
c18858,fluroxypyr
c18859,fluthiacet
c18860,folpet
c18861,hexaflumuron
c18862,hydroprene
c18863,2-(octylthio)ethanol; 2-hydroxyethyl octyl sulphide
c18864,imazapyr
c18865,imazethapyr
c18866,iprovalicarb
c18867,metosulam
c18868,napropamide
c18869,naptalam; n-1-naphthylphthalamic acid
c18870,selenodiglutathione; gssesg
c18871,glutathioselenol; gsseh
c18872,trimethylselenonium
c18873,nitrothal-isopropyl
c18874,norflurazon
c18875,novaluron
c18876,noviflumuron
c18877,oryzalin
c18878,oxabetrinil
c18879,oxine-copper; copper 8-hydroxyquinoline
c18880,piperonyl butoxide
c18881,oxyfluorfen
c18882,pentanochlor
c18883,primisulfuron
c18884,prodiamine
c18885,propamocarb
c18886,propaquizafop
c18887,propham
c18888,prothioconazole
c18889,pyrazosulfuron
c18890,pyriminobac
c18891,quinmerac
c18892,quinoxyfen
c18893,1-methylseleno-n-acetyl-d-galactosamine
c18894,spinetoram
c18895,sulfometuron
c18896,tebutam; butam
c18897,"tecnazene; 2,3,5,6-tetrachloro-1-nitrobenzene"
c18898,tiocarbazil; thiocarbazil
c18899,tolylfluanid
c18900,tribenuron
c18901,triflusulfuron-methyl
c18902,methylselenic acid; methylseleninate
c18903,zoxamide
c18904,methylselenopyruvate; beta-methylselenopyruvate
c18905,methylselenocysteine se-oxide; methylselenocysteine selenooxide
c18906,aldoxycarb
c18907,benodanil
c18908,chloraniformethan
c18909,cyprofuram
c18910,"2,5-diamino-6-(5-phospho-d-ribitylamino)pyrimidin-4(3h)-one; 2,5-diamino-6-(1-d-ribitylamino)pyrimidin-4(3h)-one 5'-phosphate"
c18911,(r)-4-phosphopantoate
c18912,furmecyclox
c18913,mebenil
c18914,pyracarbolid
c18915,salicylanilide
c18916,trichlamide
c18917,cypendazole
c18918,thiophanate
c18919,furconazole-cis
c18920,fluoromidine
c18921,myclozolin
c18922,dinocton 6
c18923,carbamorph
c18924,benquinox
c18925,ditalimfos
c18926,phosdiphen
c18927,triamiphos
c18928,dichlozoline
c18929,drazoxolon
c18930,buthiobate
c18931,pyridinitril
c18932,triarimol
c18933,"chloranil; p-chloranil; 2,3,5,6-tetrachloro-1,4-benzoquinone"
c18934,metsulfovax
c18935,anilazine
c18936,"chlorquinox; 5,6,7,8-tetrachloroquinoxaline"
c18937,fenaminosulf; para-dimethylaminoazobenzenediazo sodium sulfonate
c18938,fenitropan
c18939,fluotrimazole
c18940,glyodin; glyodin acetate
c18941,halacrinate
c18942,mecarbinzid
c18943,prothiocarb
c18944,quinacetol sulfate; quinacetol
c18945,thicyofen
c18946,thioquinox
c18947,allyxycarb
c18948,bufencarb
c18949,butacarb
c18950,carbanolate
c18951,cloethocarb
c18952,mexacarbate; zectran
c18953,dioxacarb
c18954,nitrilacarb
c18955,promacyl
c18956,promecarb
c18957,"2,3,5-trimethacarb"
c18958,bromocyclen; bromociclen
c18959,chlorbicyclen
c18960,isobenzan; telodrin
c18961,isodrin
c18962,kelevan
c18963,amidithion
c18964,athidathion
c18965,bromofos
c18966,bromophos-ethyl
c18967,butonate
c18968,carbophenothion
c18969,chlorphoxim
c18970,chlorthiophos
c18971,crotoxyphos; crotoxyfos
c18972,crufomate
c18973,cyanofenphos
c18974,cyanthoate
c18975,demephion-o
c18976,demephion-s
c18977,demeton-o
c18978,demeton-s
c18979,demeton-s-methylsulphon
c18980,dimefox
c18981,salithion; dioxabenzofos
c18982,endothion
c18983,ethoate-methyl
c18984,oxydeprofos
c18985,etrimfos
c18986,fenchlorphos; fenclofos; ronnel
c18987,fonofos; dyphonate
c18988,formothion
c18989,fosmethilan
c18992,vinylidene chloride-vinyl chloride copolymer; saran
c18993,"2,5-xylidine; 2,5-dimethyl-benzenamine"
c18999,fosthietan
c19000,ipsp
c19001,isazofos
c19002,iodofenphos; jodfenphos
c19003,leptophos
c19004,lythidathion
c19005,mecarphon
c19006,menazon
c19007,mephosfolan
c19008,mipafox
c19009,oxydisulfoton
c19010,phenkapton
c19011,phosfolan
c19012,pirimiphos-ethyl; pirimiphosethyl
c19013,propaphos
c19014,prothoate
c19015,schradan; octamethyl pyrophosphortetramide
c19016,sulprofos
c19017,tepp; tetraethyl pyrophosphate
c19018,trichloronat
c19019,aramite
c19020,azothoate
c19021,benzoximate
c19022,binapacryl
c19023,chlorfenethol
c19024,chlorfenson
c19025,chlorfensulphide; azosulfide
c19026,chloromethiuron
c19027,chloropropylate
c19028,dialifor
c19029,fenazaflor; tarzol
c19030,fenson
c19031,fluenetil
c19032,tetrasul
c19033,carbon disulfide
c19034,"1,2-dichloropropane"
c19035,diamidafos; nellite
c19036,thionazin
c19037,chloromebuform
c19038,dinex
c19039,malonoben
c19040,sodium hexafluorosilicate
c19041,flubenzimine
c19042,kinoprene
c19043,allidochlor
c19044,benzoylprop-ethyl
c19045,butenachlor
c19046,chloranocryl
c19047,isocarbamid
c19048,quinonamid
c19049,cypromid
c19050,delachlor
c19051,diethatyl-ethyl
c19052,flamprop
c19053,monalide
c19054,perfluidone
c19055,hexaflurate; potassium hexafluoroarsenate
c19056,chloramben
c19057,tricamba
c19058,benzthiazuron
c19059,barban
c19060,chlorbufam
c19061,phenisopham
c19062,swep
c19063,isopropalin
c19064,nitralin
c19065,profluralin
c19066,chlomethoxyfen
c19067,potassium cyanate
c19068,medinoterb acetate
c19069,bromofenoxim
c19070,clofop
c19071,disul
c19072,erbon
c19073,isoxapyrifop
c19074,buturon
c19075,chloroxuron
c19076,difenoxuron
c19077,fenuron-tca; fenuron tca
c19078,trna with a 3' cytidine
c19079,(4r)-7-hydroxy-4-isopropenyl-7-methyl-2-oxo-oxepanone; (4r)-7-hydroxy-4-isopropenyl-7-methyloxepan-2-one
c19080,trna with a 3' cc end; trna with a 3' cc
c19081,"(4s)-limonene-1,2-epoxide"
c19082,"(1r,2r,4s)-limonene-1,2-diol; (1r,2r,4s)-menth-8-ene-1,2-diol"
c19083,"(1r,4s)-1-hydroxy-2-oxolimonene"
c19084,(4s)-7-hydroxy-4-isopropenyl-7-methyl-2-oxo-oxepanone; (4s)-7-hydroxy-4-isopropenyl-7-methyloxepan-2-one
c19085,trna with a 3' cca end
c19086,methiuron
c19087,monuron
c19088,monuron-tca; monuron tca
c19089,parafluron
c19090,phenobenzuron
c19091,haloxydine
c19092,ethidimuron
c19093,thiazafluron
c19094,diallat; di-allate
c19095,ethiolate
c19096,sulfallate
c19097,vernolate
c19098,atraton
c19099,aziprotryne
c19100,desmetryn
c19101,dipropetryn
c19102,eglinazine
c19103,ipazine
c19104,methoprotryne
c19105,proglinazine
c19106,secbumeton
c19107,isomethiozin
c19108,isocil
c19109,cycluron
c19110,isonoruron
c19111,noruron
c19112,buthidazole
c19113,calcium carbimide
c19114,chlorfenac
c19115,chlorfenprop-methyl
c19116,credazine
c19117,cyometrinil
c19118,dimexano
c19119,dinoseb acetate
c19120,dixanthogen; exd
c19121,fenthiaprop
c19122,hexachloroacetone
c19123,methazole
c19124,"methoxyphenone; 4-methoxy-3,3'-dimethylbenzophenone"
c19125,"naphthalic anhydride; 1,8-naphthalic anhydride"
c19126,oxapyrazon
c19127,proxan
c19128,"pydanon; hexahydro-4-hydroxy-3,6-dioxopyridazine-4-acetic acid"
c19129,terbucarb
c19130,tridiphane
c19131,etacelasil; alsol
c19132,glyphosine
c19133,piproctanyl
c19134,heptopargil
c19135,triapenthenol
c19136,antu; alpha-naphthylthiourea
c19137,bisthiosemi
c19138,crimidine
c19139,norbormide
c19140,phosacetim
c19141,pindone
c19142,butopyronoxyl
c19143,dibutyl succinate
c19144,trifenmorph; 4-tritylmorpholine
c19145,"propyl isome; 1,2,3,4-tetrahydro-3-methyl-6,7-methylenebisoxynaphthalene-1,2-dicarboxylic acid dipropyl"
c19146,sesamex
c19147,piperonyl sulfoxide
c19148,"s-seven; o-ethyl o-2,4-dichlorophenyl thionobenzenephosphonate; epbp"
c19149,tca-ethadyl
c19150,diethyldithiocarbamic acid
c19151,coenzyme f420-3; coenzyme alpha-f420-3
c19152,coenzyme f420-1
c19153,coenzyme f420-0; factor 420-0; oxidized coenzyme f420-0
c19154,"7,8-didemethyl-8-hydroxy-5-deazariboflavin"
c19155,(2s)-lactyl-2-diphospho-5'-guanosine
c19156,(2s)-2-phospholactate
c19157,thorium-232
c19158,bis(chloromethyl) ether; bcme
c19159,plutonium
c19160,chloromethyl methyl ether
c19162,"phosphorus-32; phosphorus, isotope of mass 32"
c19163,erionite
c19164,sulfur mustard; mustard gas; iprit
c19165,benzal chloride
c19166,benzotrichloride
c19167,benzyl chloride
c19168,benzoyl chloride
c19169,4-chloro-ortho-toluidine; 4-chloro-o-toluidine; 2-amino-5-chlorotoluene
c19170,chlorozotocin
c19171,cobalt
c19172,creosotes; coal tar creosote
c19173,cyclopenta[cd]pyrene
c19174,"dibenzo[a,l]pyrene; dibenzo[def,p]chrysene; 1,2,9,10-dibenzopyrene"
c19175,dimethylcarbamoyl chloride
c19176,"1,2-dimethylhydrazine"
c19177,dimethyl sulfate
c19178,n-nitroso-n-ethylurea
c19179,indium phosphide
c19180,"2-amino-3-methylimidazo[4,5-f]quinoline; iq"
c19181,methyl methanesulfonate; mms
c19182,"tris(2,3-dibromopropyl) phosphate"
c19183,tungsten carbide; wc
c19184,vinyl bromide
c19185,vinyl fluoride
c19186,"2-amino-9h-pyrido[2,3-b]indole; 2-amino-alpha-carboline; a-alpha-c"
c19187,para-aminoazobenzene; 4-aminoazobenzene; aniline yellow
c19188,ortho-aminoazotoluene; c.i. solvent yellow 3
c19189,"2-amino-5-(5-nitro-2-furyl)-1,3,4-thiadiazole; triafur"
c19190,"trehalose-6,6'-dibehenate"
c19191,ortho-anisidine; o-anisidine
c19192,antimony trioxide
c19193,auramine
c19194,azaserine
c19195,benz[j]aceanthrylene
c19196,benzo[j]fluoranthene
c19197,"benzo[c]phenanthrene; 3,4-benzphenanthrene"
c19198,benzyl violet 4b; benzyl violet
c19199,"2,2-bis(bromomethyl)propane-1,3-diol; pentaerythritol dibromide"
c19200,bitumens; asphalt
c19201,beta-butyrolactone
c19202,carbon black
c19203,"poligeenan; carrageenan, degraded"
c19204,"chlorendic acid; 1,4,5,6,7,7-hexachloro-5-norbornene-2,3-dicarboxylic acid"
c19205,3-chloro-4-(dichloromethyl)-5-hydroxy-2(5h)-furanone
c19206,1-chloro-2-methylpropene; 1-chloro-2-methyl-1-propene
c19207,"4-chloro-ortho-phenylenediamine; 4-chloro-1,2-benzenediamine"
c19208,"chloroprene; 2-chloro-1,3-butadiene"
c19209,ci acid red 114
c19210,ci basic red 9
c19211,"1-amino-2,4-dibromoanthraquinone"
c19212,bromochloroacetic acid
c19213,c.i. direct blue 15
c19214,citrus red no.2; citrus red 2
c19215,cobalt sulfate; cobalt(ii) sulfate
c19216,para-cresidine; p-cresidine
c19217,"n,n'-diacetylbenzidine; 4,4'-diacetylbenzidine"
c19218,"2,4-diaminoanisole"
c19219,"dibenz[a,h]acridine"
c19220,"dibenz[a,j]acridine"
c19221,"7h-dibenzo[c,g]carbazole"
c19222,"dibenzo[a,h]pyrene; 3,4:8,9-dibenzopyrene"
c19223,"dibenzo[a,i]pyrene"
c19224,"2,3-dibromo-1-propanol; 2,3-dibromopropanol"
c19225,"3,3'-dichlorobenzidine"
c19226,"3,3'-dichloro-4,4'-diaminodiphenyl ether"
c19227,"1,2-diethylhydrazine"
c19228,diglycidyl resorcinol ether
c19229,"dihydrosafrole; 1,2-(methylenedioxy)-4-propylbenzene"
c19230,diisopropyl sulfate
c19231,"3,3'-dimethoxybenzidine; ortho-dianisidine"
c19232,"trans-2-[(dimethylamino)methylimino]-5-[2-(5-nitro-2- furyl)-vinyl]-1,3,4-oxadiazole; n,n-dimethyl-n'-(5-(2-(5-nitro-2-furyl)vinyl)-1,3,4-oxadiazol-2-yl)-formamidine"
c19233,"1,1-dimethylhydrazine"
c19234,"3,7-dinitrofluoranthene"
c19235,"3,9-dinitrofluoranthene"
c19236,"disperse blue 1; 1,4,5,8-tetraamino-9,10-anthracenedione"
c19237,"1,2-epoxybutane; 1-butene oxide"
c19238,ethyl acrylate
c19239,ethyl methanesulfonate
c19240,nifurthiazole; 2-(2-formylhydrazino)-4-(5-nitro-2-furyl)thiazole
c19241,fumonisin b1
c19242,fumonisin b2
c19243,fusarin c
c19244,"glu-p-1; 2-amino-6-methyldipyrid[1,2-a:3',2'-d]imidazole"
c19245,"glu-p-2; 2-aminodipyrido[1,2-a:3',2'-d]imidazole"
c19246,glycidaldehyde; 2-oxiranecarboxaldehyde
c19247,"hc blue no.1; 2,2'-[[4-(methylamino)-3-nitrophenyl]imino]bisethanol"
c19248,hexachloroethane
c19249,"2,4-hexadienal; (e,e)-2,4-hexadienal"
c19250,hexamethylphosphoramide; hmpa
c19251,"indeno[1,2,3-cd]pyrene"
c19252,magenta; fuchsin; rosaniline hydrochloride
c19253,"2-amino-3-methyl-9h-pyrido[2,3-b]indole; mea-alpha-c"
c19254,"meiq; 2-amino-3,4-dimethylimidazo[4,5-f]quinoline"
c19255,"meiqx; 8-methyl-iqx; 2-amino-3,8-dimethylimidazo[4,5-f]quinoxaline"
c19256,merphalan; sarcolysin
c19257,2-methylaziridine; propyleneimine
c19258,methylazoxymethanol acetate
c19259,5-methylchrysene
c19260,"4,4'-methylene bis(2-methylaniline)"
c19261,2-methylimidazole
c19262,4-methylimidazole
c19263,methyl isobutyl ketone; 4-methylpentan-2-one
c19264,2-methyl-1-nitroanthraquinone
c19265,methylthiouracil
c19266,"4,4'-bis(dimethylamino)benzophenone; michler's ketone"
c19267,levofuraltadone; 5-(morpholinomethyl)-3-[(5-nitrofurfurylidene)amino]-2- oxazolidinone
c19268,niridazole
c19269,5-nitroacenaphthene
c19270,2-nitroanisole; o-nitroanisole
c19271,6-nitrochrysene
c19272,nifuradene; 1-[(5-nitrofurfurylidene)amino]-2-imidazolidinone
c19273,n-[4-(5-nitro-2-furyl)-2-thiazolyl]acetamide; furothiazole
c19274,nitrogen mustard n-oxide
c19275,nitromethane
c19276,4-nitropyrene
c19277,"n-nitrosodi-n-butylamine; n,n-dibutylnitrosoamine"
c19278,n-nitrosodiethanolamine
c19279,n-nitrosodi-n-propylamine
c19280,3-(n-nitrosomethylamino)propionitrile; 3-(methylnitrosamino)propionitrile
c19281,n-nitrosomethylethylamine
c19282,n-nitrosomethylvinylamine
c19283,n-nitrosomorpholine
c19284,n-nitrosopiperidine
c19285,n-nitrosopyrrolidine
c19286,n-nitrososarcosine
c19287,oil orange ss
c19288,palygorskite; attapulgite
c19289,panfuran s; dihydroxymethylfuratrizine
c19290,phenazopyridine hydrochloride
c19291,phenyl glycidyl ether
c19292,talc
c19293,ponceau 3r
c19294,ponceau mx; acid red 26
c19295,potassium bromate
c19296,"1,3-propane sultone"
c19297,propiolactone; beta-propiolactone
c19298,sodium ortho-phenylphenate
c19299,tetrafluoroethylene
c19300,tetranitromethane
c19301,n-nitroso-n-methylurethane
c19302,thioacetamide
c19303,"4,4'-thiodianiline; 4,4'-thiobisbenzenamine"
c19304,thiouracil; 4-hydroxy-2-pyrimidinethiol
c19305,"trichlormethine; 2,2',2''-trichlorotriethylamine hydrochloride"
c19306,"trp-p-1; 3-amino-1,4-dimethyl-5h-pyrido[4,3-b]indole"
c19307,trypan blue
c19308,vanadium pentoxide
c19309,vinyl acetate
c19310,4-vinylcyclohexene; 4-vinyl-1-cyclohexene
c19311,4-vinylcyclohexene diepoxide
c19312,acenaphthene
c19314,"acepyrene; 3,4-dihydrocyclopenta[cd]pyrene"
c19315,"acridine orange; 3,6-bis(dimethylamino)acridine"
c19316,allyl chloride
c19317,allyl isothiocyanate; mustard oil
c19318,allyl isovalerate
c19319,5-aminoacenaphthene; 5-acenaphthenamine
c19320,1-amino-2-methylanthraquinone
c19321,2-amino-4-nitrophenol
c19322,2-amino-5-nitrophenol
c19323,4-amino-2-nitrophenol
c19324,2-amino-5-nitrothiazole; aminonitrothiazole
c19325,11-aminoundecanoic acid
c19326,para-anisidine; 1-amino-4-methoxybenzene
c19327,"anthanthrene; dibenzo[cd,jk]pyrene"
c19328,antimony trisulfide
c19329,apholate
c19330,para-aramid fibrils; kevlar 49
c19331,arsenobetaine
c19332,2-(1-aziridinyl)ethanol; 1-aziridineethanol
c19333,aziridyl benzoquinone; benzoquinone aziridine
c19334,azobenzene
c19335,11h-benz[bc]aceanthrylene
c19336,benz[l]aceanthrylene
c19337,benz[a]acridine
c19338,benz[c]acridine; 12-azabenz[a]anthracene
c19339,"benzo[b]chrysene; 1,2:6,7-dibenzophenanthrene"
c19340,benzo[g]chrysene
c19341,benzo[a]fluoranthene
c19342,"benzo[ghi]fluoranthene; 2,13-benzofluoranthene"
c19343,benzo[a]fluorene; 11h-benzo[a]fluorene
c19344,benzo[c]fluorene; 7h-benzo[c]fluorene
c19345,para-benzoquinone dioxime
c19346,benzoyl peroxide
c19347,bis(1-aziridinyl)morpholinophosphine sulfide
c19348,"1,2-bis(chloromethoxy)ethane"
c19349,"1,4-bis(chloromethoxymethyl)benzene"
c19350,bis(2-chloro-1-methylethyl)ether; dcip
c19351,"bis(2,3-epoxycyclopentyl)ether"
c19352,"brilliant blue; brilliant blue fcf, disodium salt; food blue no.1"
c19353,bromochloroacetonitrile
c19354,bromoethane; ethyl bromide
c19355,2-butoxyethanol
c19356,"1-tert-butoxy-2-propanol; 1-(1,1-dimethylethoxy)-2-propanol; propylene glycol mono-t-buthyl ether"
c19357,3-carbethoxypsoralen
c19358,carmoisine; azorubin; c.i. acid red 14
c19359,chloramine
c19360,chloroacetonitrile
c19361,chlorodifluoromethane
c19362,chlorofluoromethane
c19363,3-chloro-2-methylpropene
c19364,1-chloro-3-nitrobenzene
c19365,"4-chloro-meta-phenylenediamine; 4-chloro-1,3-benzenediamine"
c19366,5-chloro-ortho-toluidine; 5-chloro-o-toluidine
c19367,"2-chloro-1,1,1-trifluoroethane"
c19369,chrysoidine
c19370,"ci acid orange 3; c.i. acid orange 3; 2-anilino-5-(2,4-dinitroanilino)-benzenesulfonic acid"
c19371,ci acid orange 20; c.i. acid orange 20
c19372,ci orange g; c.i. orange g
c19373,ci pigment red 3; c.i. pigment red 3
c19374,cinnamyl anthranilate
c19375,coronene
c19376,meta-cresidine; m-cresidine; 4-methoxy-2-methyl-benzenamine
c19377,crotonaldehyde; 2-butenal
c19378,cyclamate; sodium cyclamate
c19379,cyclochlorotine
c19380,4h-cyclopenta[def]chrysene
c19381,"5,6-cyclopenteno-1,2-benzanthracene; 2,3-dihydro-1h-benzo[a]cyclopent[h]anthracene"
c19382,d and c red no. 9; c.i. pigment red 53
c19383,decabromodiphenyl oxide
c19384,"1,2-diamino-4-nitrobenzene"
c19385,"1,4-diamino-2-nitrobenzene"
c19386,"2,5-diaminotoluene; 2-methyl-1,4-benzenediamine"
c19387,diazomethane
c19388,"dibenz[a,c]anthracene; benzo[b]triphenylene; benzotriphenylene"
c19389,"dibenz[a,j]anthracene; dibenzo-1,2,7,8-anthracene"
c19390,"dibenzo[a,e]fluoranthene; 2,3,5,6-dibenzofluoranthene"
c19391,"13h-dibenzo[a,g]fluorene"
c19392,"dibenzo[h,rst]pentaphene"
c19393,"dibenzo[a,e]pyrene; naphtho[1,2,3,4-def]chrysene"
c19394,"dibenzo[e,l]pyrene"
c19395,dichloroacetonitrile
c19396,dibromoacetonitrile
c19397,"1,3-dichlorobenzene; meta-dichlorobenzene"
c19398,"trans-1,4-dichlorobutene; trans-1,4-dichloro-2-butene"
c19399,"2,6-dichloro-para-phenylenediamine; 2,6-dichloro-1,4-benzenediamine"
c19400,"n,n'-diethylthiourea; 1,3-diethyl-2-thiourea"
c19401,"dihydroaceanthrylene; 1,2-dihydroaceanthrylene"
c19402,dimethoxane
c19403,"3,3'-dimethoxybenzidine-4,4'-diisocyanate"
c19404,"4,4'-dimethylangelicin"
c19405,"4,5'-dimethylangelicin"
c19406,dimethyl hydrogen phosphite
c19407,"1,4-dimethylphenanthrene"
c19408,"1,3-dinitropyrene"
c19409,dinitrosopentamethylenetetramine
c19410,"3,5-dinitrotoluene"
c19411,"2,4'-diphenyldiamine; 2,4'-diaminobiphenyl"
c19412,disperse yellow 3; n-[4-[2-(2-hydroxy-5-methylphenyl)diazenyl]phenyl]-acetamide
c19413,doxefazepam
c19414,doxylamine succinate
c19415,dulcin; p-ethoxyphenylurea
c19416,eosin; d & c red no. 21
c19417,"3,4-epoxy-6-methylcyclohexylmethyl-3,4-epoxy-6-methylcyclo-hexanecarboxylate"
c19418,"9,10-epoxystearate; 9,10-epoxystearic acid; 9,10-epoxyoctadecanoic acid"
c19419,ethylene sulfide; thiirane
c19420,2-ethylhexyl acrylate
c19421,ethyl selenac
c19422,evans blue
c19423,fast green fcf
c19424,ferric oxide
c19425,fluoranthene
c19426,glycidyl oleate
c19427,glycidyl stearate
c19428,guinea green b; c.i. acid green 3
c19429,"hc blue no. 2; 2,2'-[[4-[(2-hydroxyethyl)amino]-3-nitrophenyl]imino]bis-ethanol"
c19430,hc red no. 3; 2-[(4-amino-2-nitrophenyl)amino]-ethanol
c19431,hc yellow no. 4; 2-[[2-(2-hydroxyethoxy)-4-nitrophenyl]amino]-ethanol
c19432,hycanthone mesylate
c19433,4-hydroxyazobenzene; 4-(phenylazo)phenol
c19434,8-hydroxyquinoline; oxyquinoline
c19435,hydroxysenkirkine
c19436,iron-dextrin complex; dextriferron
c19437,iron sorbitex
c19438,lauroyl peroxide; dilauroyl peroxide
c19439,light green sf; c.i. acid green 5
c19440,malonaldehyde; malondialdehyde
c19441,mannomustine dihydrochloride; degranol
c19442,medphalan; d-melphalan
c19443,methyl acrylate
c19444,5-methylangelicin
c19445,methyl carbamate
c19446,methyl chloride
c19447,1-methylchrysene
c19448,2-methylchrysene
c19449,3-methylchrysene
c19450,4-methylchrysene
c19451,6-methylchrysene
c19452,"n-methyl-n,4-dinitrosoaniline; n,4-dinitrosomethylaniline"
c19453,"4,4'-methylenediphenyl diisocyanate; methylenebisphenyl diisocyanate"
c19454,2-methylfluoranthene
c19455,3-methylfluoranthene
c19456,n-methylolacrylamide; n-(hydroxymethyl)acrylamide
c19457,1-methylphenanthrene
c19458,"7-methylpyrido[3,4-c]psoralen"
c19459,methyl red; o-methyl red; 2-(4-dimethylaminophenyl)diazenylbenzoate
c19460,methyl selenac; tetrakis(dimethyldithiocarbamato)-selenium
c19461,musk ambrette
c19462,musk xylene
c19463,"1,5-naphthalenediamine"
c19464,"1,5-naphthalene diisocyanate"
c19465,"naphtho[1,2-b]fluoranthene; indeno[1,2,3-hi]chrysene"
c19466,"naphtho[2,1-a]fluoranthene; dibenz[a,j]aceanthrylene"
c19467,"naphtho[2,3-e]pyrene; dibenzo[de,qr]naphthacene"
c19468,nithiazide
c19469,5-nitro-ortho-anisidine; 2-methoxy-5-nitroaniline
c19470,9-nitroanthracene
c19471,7-nitrobenz[a]anthracene
c19472,6-nitrobenzo[a]pyrene
c19473,"4-nitrobiphenyl; 4-nitro-1,1'-biphenyl"
c19474,2-nitronaphthalene
c19475,3-nitroperylene
c19476,2-nitropyrene
c19477,n'-nitrosoanabasine; 3-(1-nitroso-2-piperidinyl)-pyridine
c19478,n'-nitrosoanatabine; nat
c19479,para-nitrosodiphenylamine; 4-nitroso-n-phenyl-benzenamine
c19480,n-nitrosofolic acid
c19481,n-nitrosoguvacine
c19482,n-nitrosoguvacoline
c19483,n-nitrosohydroxyproline; 4-hydroxy-1-nitroso-l-proline
c19484,3-(n-nitrosomethylamino)propionaldehyde; 3-(methylnitrosoamino)-propanal
c19485,n-nitrosoproline; 1-nitroso-l-proline
c19486,3-nitrotoluene
c19487,nitrovin; difurazone
c19488,"7,12-dimethylbenz[a]anthracene; dmba"
c19489,"1a,11b-dihydro-4,9-dimethylbenz[a]anthra[3,4-b]oxirene"
c19490,"trans-3,4-dihydro-3,4-dihydroxy-7,12-dimethylbenz[a]anthracene; trans-dmba-3,4-dihydrodiol"
c19491,(e)-2-methylbutanal oxime
c19492,nylon 6; policapram
c19493,estradiol mustard; oestradiol mustard
c19494,oxyphenbutazone
c19495,"penicillic acid; 3-methoxy-5-methyl-4-oxo-2,5-hexadienoic acid"
c19496,"pentachloroethane; 1,1,1,2,2-pentachloro-ethane"
c19497,perylene
c19498,phenicarbazide
c19499,"para-phenylenediamine; 1,4-benzenediamine"
c19500,picene; benzo[a]chrysene
c19501,polyacrylic acid
c19502,polychloroprene
c19503,polyethylene
c19504,polymethyl methacrylate
c19505,polipropene 25; polypropylene
c19506,polystyrene
c19507,polytetrafluoroethylene; polytef
c19508,polyvinyl chloride
c19509,polyvinyl pyrrolidone; povidone
c19510,ponceau sx; c.i. 14700
c19511,"potassium bis(2-hydroxyethyl)dithiocarbamate; bis(2-hydroxyethyl)dithiocarbamic acid, potassium salt"
c19512,prednimustine
c19513,pronetalol hydrochloride
c19514,n-propyl carbamate
c19515,ptaquiloside; braxin c
c19516,"pyrido[3,4-c]psoralen"
c19517,rhodamine b
c19518,ripazepam
c19519,"saccharated iron oxide; ferric oxide, saccharated; iron sucrose"
c19520,scarlet red; 1-[2-[2-methyl-4-[2-(2-methylphenyl)diazenyl]phenyl]diazenyl]-2-naphthalenol
c19521,semicarbazide hydrochloride
c19522,sepiolite
c19523,sodium chlorite; textone
c19524,"succinic anhydride; dihydro-2,5-furandione"
c19525,sudan i; c.i. solvent yellow 14
c19526,sudan ii; c.i. solvent orange 7
c19527,sudan iii; c.i. solvent red 23
c19528,"sudan brown rr; c.i. 11285; 4-[2-(1-naphthalenyl)diazenyl]-1,3-benzenediamine"
c19529,sudan red 7b; oil violet; c.i. solvent red 19; n-ethyl-1-[2-[4-(2-phenyldiazenyl)phenyl]diazenyl]-2-naphthalenamine
c19530,sulfamethazine
c19531,sunset yellow fcf; c.i. food yellow 3; food yellow no.5
c19532,strobane; terpene polychlorinates
c19533,"2,2',5,5'-tetrachlorobenzidine"
c19534,"1,1,2,2-tetrachloroethane; tetrachloroethane"
c19535,"trichloroacetonitrile; 2,2,2-trichloro-acetonitrile"
c19536,"1,1,2-trichloroethane"
c19537,triethylene glycol diglycidyl ether; etoglucid
c19538,"4,4',6-trimethylangelicin"
c19539,"2,4,5-trimethylaniline"
c19540,"2,4,6-trimethylaniline"
c19541,triphenylene
c19542,triaziquone; tris(aziridinyl)-para-benzoquinone
c19543,tris(1-aziridinyl)phosphine oxide; tepa; apo
c19544,"1,2,3-tris(chloromethoxy)propane"
c19545,"vat yellow 4; c.i. vat yellow 4; dibenzo[b,def]chrysene-7,14-dione"
c19546,vinyl chloride-vinyl acetate copolymer; pevikon
c19547,"vinylidene fluoride; 1,1-difluoroethene"
c19548,n-vinyl-2-pyrrolidone; 1-ethenyl-2-pyrrolidinone
c19549,vinyl toluene
c19550,wollastonite
c19551,xylene
c19552,yellow ab; 1-(2-phenyldiazenyl)-2-naphthalenamine
c19553,yellow ob; 1-[2-(2-methylphenyl)diazenyl]-2-naphthalenamine
c19554,acriflavinium chloride
c19555,hematite
c19556,tris(2-methyl-1-aziridinyl)phosphine oxide; metepa
c19557,treosulfan
c19558,af-2; furylfuramide; 2-(2-furyl)-3-(5-nitro-2-furyl)acrylamide
c19559,"(1aalpha,2beta,3alpha,11calpha)-1a,2,3,11c-tetrahydro-6,11-dimethylbenzo[6,7]phenanthro[3,4-b]oxirene-2,3-diol"
c19560,toluene diisocyanates
c19561,7-hydroxymethyl-12-methylbenz[a]anthracene; 12-methylbenz[a]anthracene-7-methanol
c19562,7-hydroxymethyl-12-methylbenz[a]anthracene sulfate
c19563,4-[(hydroxymethyl)nitrosoamino]-1-(3-pyridinyl)-1-butanone
c19564,4-(nitrosoamino)-1-(3-pyridinyl)-1-butanone
c19565,4-hydroxy-1-(3-pyridinyl)-1-butanone
c19566,4-hydroxy-4-(methylnitrosoamino)-1-(3-pyridinyl)-1-butanone
c19567,4-oxo-1-(3-pyridyl)-1-butanone; gamma-oxo-3-pyridinebutanal; 4-oxo-4-(pyridin-3-yl)butanal; 3-succinoylsemialdehyde-pyridine
c19568,n-nitrosomethanamine
c19569,3-succinoylpyridine; 4-oxo-4-(pyridin-3-yl)butanoate
c19570,ethyl tellurac
c19571,polymethylene polyphenyl isocyanate
c19572,"silica; silica, amorphous"
c19573,styrene-acrylonitrile copolymer
c19574,4-(methylnitrosamino)-1-(3-pyridyl)-1-butanol; nnal
c19575,styrene-butadiene copolymer
c19576,zeolite
c19577,"1-(methylnitrosoamino)-4-(3-pyridinyl)-1,4-butanediol"
c19578,5-(3-pyridyl)-2-hydroxytetrahydrofuran
c19579,gamma-hydroxy-3-pyridinebutanoate
c19580,alpha-[3-[(hydroxymethyl)nitrosoamino]propyl]-3-pyridinemethanol
c19581,alpha-[3-(nitrosoamino)propyl]-3-pyridinemethanol
c19582,"1-(3-pyridinyl)-1,4-butanediol"
c19583,fusarenone x; fusarenon-x
c19584,aflatoxicol; afl
c19585,aflatoxin q1
c19586,"aflatoxin b1-exo-8,9-epoxide; 2,3-epoxyaflatoxin b1"
c19587,aflatoxin p1; afp1
c19588,"aflatoxin b1 diol; aflatoxin b1-2,3-dihydrodiol"
c19589,aflatoxin b1 dialdehyde
c19590,"6-[2,3-dihydroxy-1-(hydroxymethyl)propyl]-1,2-dihydro-7-hydroxy-9-methoxy-cyclopenta[c][1]benzopyran-3,4-dione"
c19591,"1,2,3,4-tetrahydro-alpha,7-dihydroxy-beta-(hydroxymethyl)-9-methoxy-3,4-dioxocyclopenta[c][1]benzopyran-6-propanal"
c19592,"alpha-(1,2-dihydroxyethyl)-1,2,3,4-tetrahydro-7-hydroxy-9-methoxy-3,4-dioxocyclopenta[c][1]benzopyran-6-acetaldehyde"
c19594,"aflatoxin-m1-8,9-epoxide"
c19595,"aflatoxin b1-endo-8,9-epoxide"
c19596,lipooligosaccharide; los
c19597,2-nitrotoluene
c19598,polyurethane foam; polyurethane foams
c19599,sodium diethyldithiocarbamate; ditiocarb sodium
c19600,calcium salicylate
c19601,"theobromine, calcium salt; 3,7-dihydro-3,7-dimethyl-1h-purine-2,6-dione, calcium salt"
c19602,4-(methylnitrosamino)-1-(1-oxido-3-pyridinyl)-1-butanone; 4-(methylnitrosamino)-1-(3-pyridyl-n-oxide)-1-butanone; nnk-n-oxide
c19603,4-(methylnitrosamino)-1-(3-pyridyl-n-oxide)-1-butanol; nnal-n-oxide
c19604,"7,12-dimethylbenz[a]anthracene 5,6-oxide; dmba-5,6-epoxide"
c19605,4-(methylnitrosamino)-1-(3-pyridyl)-1-butanol glucuronide; nnal-o-glucuronide
c19606,nnal-n-glucuronide
c19607,"trans-5,6-dihydro-5,6-dihydroxy-7,12-dimethylbenz[a]anthracene; trans-dmba-5,6-dihydrodiol"
c19608,ferritin
c19609,nickel(2+); ni2+; ni(ii)
c19610,manganese(2+); mn2+; mn(ii)
c19611,manganese(3+); mn3+; mn(iii)
c19612,coriose; d-altro-3-heptulose
c19613,"juvenile hormone i; methyl (2e,6e,10r,11s)-10,11-epoxy-7-ethyl-3,11-dimethyl-2,6-tridecadienoate"
c19614,16-oxopalmitate
c19615,hexadecanedioate; hexadecanedioic acid
c19616,18-hydroxyoleate; 18-hydroxyoleic acid; (9z)-18-hydroxyoctadec-9-enoic acid
c19617,18-oxooleate
c19618,"octadec-9-ene-1,18-dioic-acid"
c19619,(+)-germacrene d
c19620,"9,10-epoxy-18-hydroxystearate"
c19621,"9,10,18-trihydroxystearate; 9,10,18-trihydroxystearic acid; 9,10,18-trihydroxyoctadecanoic acid"
c19622,"9,10-dihydroxystearate"
c19623,22-hydroxydocosanoate; 22-hydroxydocosanoic acid; phellonic acid
c19624,22-oxodocosanoate
c19625,docosanedioate; docosanedioic acid
c19630,diketone
c19631,6-hydroxy-3-succinoylpyridine; 4-(6-hydroxypyridin-3-yl)-4-oxobutanoate
c19632,kojibiose; 2-o-alpha-d-glucopyranosyl-d-glucose
c19633,maltulose; 4-o-alpha-d-glucopyranosyl-d-fructose
c19634,melibiulose; 6-o-alpha-d-galactopyranosyl-d-fructose
c19635,scillabiose; 6-deoxy-4-o-beta-d-glucopyranosyl-l-mannose
c19636,turanose; 3-o-alpha-d-glucopyranosyl-d-fructose; d-turanose
c19637,"coenzyme m disulfide; (s-com)2; coenzyme m; 2,2'-dithiodiethanesulfonic acid"
c19638,5alpha-gonane
c19639,gonane; 18-norestrane
c19640,5beta-gonane
c19641,estrane; 19-norandrostane
c19642,5beta-cholanic acid; ursocholanic acid
c19643,"scillarenin; 3beta,14-dihydroxy-14beta-bufa-4,20,22-trienolide"
c19644,stigmastanol; beta-sitostanol
c19645,acceptor; aglycon
c19646,acceptor beta-d-glucuronoside
c19647,epoxyqueuosine in trna
c19648,"pseudotigogenin; (25r)-5alpha-furost-20(22)-ene-3beta,26-diol"
c19649,"pseudosarsasapogenin; (25s)-5beta-furost-20(22)-ene-3beta,26-diol"
c19650,"pseudosmilagenin; (25r)-5beta-furost-20(22)-ene-3beta,26-diol"
c19651,ergostanol; (24s)-5alpha-ergostan-3beta-ol
c19652,alpha-ergostenol; 5alpha-ergosta-8(14)-ene-3beta-ol
c19653,"lumisterol; 9beta,10alpha-ergosta-5,7,22-trien-3beta-ol"
c19654,"gamma-sitosterol; 22,23-dihydroporiferasterol"
c19655,gorgosterol; gorgost-5-en-3beta-ol
c19656,"sarcoaldesterol a; (3beta,5alpha,6beta,11alpha)-gorgostane-3,5,6,11-tetrol"
c19657,"acanthasterol; (3beta,5alpha)-gorgost-7-en-3-ol"
c19658,cardanolide
c19659,5alpha-cholane; allocholane
c19660,bufanolide
c19661,cholestane
c19662,spirostan
c19663,furostan
c19664,ergostane
c19665,5alpha-campestane; (24r)-24-methyl-5alpha-cholestane
c19666,stigmastane
c19667,5alpha-poriferastane
c19668,gorgostane
c19669,thermospermine
c19670,oleamide; oleyl amide; (z)-9-octadecenamide
c19671,amicyanin; oxidized amicyanin
c19672,reduced amicyanin
c19673,malonyl-[acp] methyl ester; malonyl-[acyl-carrier protein] methyl ester
c19674,d-arabinitol 1-phosphate; d-arabitol 1-phosphate
c19675,"(r)-2,3-dihydroxypropane-1-sulfonate"
c19676,"germacra-1(10),4,11(13)-trien-12-ol"
c19677,"germacra-1(10),4,11(13)-trien-12-al"
c19678,"germacrene a acid; germacra-1(10),4,11(13)-trien-12-oate"
c19679,l-sorbosone; 1-dehydro-l-sorbose
c19680,"n,n-dimethyl-4-nitrosoaniline; accelerine"
c19681,"4-(hydroxylamino)-n,n-dimethylaniline; 4-(dimethylamino)-n-hydroxyaniline"
c19682,"3,4-didehydroadipyl-coa; cis-3,4-dehydroadipyl-coa"
c19683,"3,4-didehydroadipyl-coa semialdehyde; cis-3,4-dehydroadipyl-coa semialdehyde; (3z)-6-oxohex-3-enoyl-coa"
c19684,"2,3-epoxy-2,3-dihydrobenzoyl-coa"
c19685,sulfoacetyl-coa
c19686,3-(1-carboxyvinyloxy)anthranilate; 2-amino-3-[(1-carboxyethenyl)oxy]benzoate; 3-enolpyruvoylanthranilate
c19687,7-chloro-l-tryptophan
c19688,2-imino-3-(7-chloroindol-3-yl)propanoate; 7-chlorodehydrotryptophan
c19689,glutathione amide; l-gamma-glutamyl-l-cysteinylglycinamide
c19690,glutathione amide disulfide
c19691,"farnesylcysteine; s-(2e,6e)-farnesyl-l-cysteine; s-trans-trans-farnesylcysteine"
c19692,polysulfide; (sulfide)n; polysulfane
c19693,reactive blue 5
c19694,d-alanyl-(r)-lactate; d-alanyl-d-lactate; (2r)-2-(d-alanyloxy)propanoic acid; (r)-2-[(r)-2-aminopropanoyloxy]propanoic acid
c19695,[beta-glcnac-(1->4)-mur2ac(oyl-l-ala-gamma-d-glu-l-lys-d-ala-d-ala)]n
c19696,[beta-glcnac-(1->4)-mur2ac(oyl-l-ala-gamma-d-glu-6-n-(beta-d-asp)-l-lys-d-ala-d-ala)]n
c19697,hypochlorous acid; hypochlorite; hclo
c19698,"3,4-bis(7-chloroindol-3-yl)pyrrole-2,5-dicarboxylate; dichlorochromopyrrolate"
c19699,dichloroarcyriaflavin a; rebeccamycin aglycon
c19700,4'-o-demethylrebeccamycin
c19701,rebeccamycin
c19702,1-o-(2-amino-2-deoxy-alpha-d-glucopyranosyl)-1d-myo-inositol
c19703,1-o-[2-(l-cysteinamido)-2-deoxy-alpha-d-glucopyranosyl]-1d-myo-inositol; desacetylmycothiol
c19704,dinoflagellate luciferin
c19705,oxidized dinoflagellate luciferin
c19706,cis-3-hydroxy-l-proline; cis-3-hydroxyproline
c19707,(+)-columbianetin; (s)-columbianetin
c19708,5-epiaristolochene; (+)-5-epiaristolochene; 5-epi-aristolochene; (+)-5-epi-aristolochene
c19709,[l-asp(4-l-arg)]n; cyanophycin
c19710,[l-asp(4-l-arg)]n-l-asp
c19711,solavetivol
c19712,n-hydroxy-l-phenylalanine; 2-(hydroxyamino)-3-phenylpropanoate
c19713,[l-asp(4-l-arg)]n+1
c19714,(e)-phenylacetaldoxime; (e)-phenylacetaldehyde oxime
c19715,"n,n-dihydroxy-l-phenylalanine"
c19716,n-hydroxy-l-tryptophan
c19717,"n,n-dihydroxy-l-tryptophan"
c19719,d-alanyl-d-serine
c19720,n6-(udp-n-acetyl-alpha-d-muramoyl-l-alanyl-gamma-d-glutamyl)-d-lysine
c19721,5-hydroxypyrrole-2-carboxylate
c19722,[trna(ile2)]-cytidine34
c19723,[trna(ile2)]-lysidine34
c19724,cobyrinate c-monamide; cobyrinic acid c-monoamide
c19725,"udp-2,3-diacetamido-2,3-dideoxy-alpha-d-glucuronate; udp-alpha-d-glcnac3naca; udp-2,3-diacetamido-2,3-dideoxy-alpha-d-glucuronic acid"
c19726,"15beta-hydroxyprogesterone; 15beta-hydroxypregn-4-ene-3,20-dione"
c19727,"5-hydroxypseudobaptigenin; 5,7-dihydroxy-3',4'-methylenedioxyisoflavone"
c19728,all-trans-8'-apo-beta-carotenal; 8'-apo-beta-carotenal
c19729,"(2e,4e,6e)-2,6-dimethylocta-2,4,6-trienedial"
c19730,"crocetin dialdehyde; 8,8'-diapocarotene-8,8'-dial"
c19731,"(3s)-3-hydroxycyclocitral; 3beta-hydroxy-beta-cyclocitral; (4r)-4-hydroxy-2,6,6-trimethylcyclohex-1-en-1-carboxaldehyde"
c19732,"24-hydroxy-beta-amyrin; olean-12-ene-3beta,24-diol"
c19733,"sophoradiol; olean-12-ene-3beta,22beta-diol"
c19734,(-)-alpha-gurjunene
c19735,(-)-endo-alpha-bergamotene
c19736,(+)-alpha-santalene
c19737,(+)-endo-beta-bergamotene
c19738,(-)-gamma-cadinene
c19739,3'-o-methyltricetin; selagin; tricetin 3'-methyl ether
c19740,(+)-alpha-barbatene
c19741,(+)-cubenene
c19742,(+)-delta-selinene
c19743,(-)-drimenol; drimenol; drim-7-en-11-ol
c19744,(+)-epicubenol
c19745,"udp-2,3-diacetamido-2,3-dideoxy-alpha-d-mannuronate; udp-alpha-d-mannac3naca; udp-2,3-diacetamido-2,3-dideoxy-alpha-d-mannuronic acid"
c19746,"(3r,6e)-nerolidol"
c19747,germacrene c
c19748,(e)-gamma-bisabolene
c19749,(e)-alpha-bisabolene
c19750,"3,5-dihydroxybiphenyl; 3,5-biphenyldiol; 5-phenylresorcinol"
c19752,"(s)-beta-macrocarpene; (1's)-4',5,5-trimethyl-1,1'-bi(cyclohexane)-1,3'-diene"
c19753,"cis-muurola-3,5-diene"
c19754,"cis-muurola-4(14),5-diene"
c19755,patchoulol
c19756,presilphiperfolan-8beta-ol
c19757,(3z)-hex-3-en-1-yl acetate; (z)-3-hexen-1-ol acetate; cis-3-hexenyl acetate
c19758,beta-d-galactosyl-(1->4)-l-rhamnose
c19759,"7,9,9'-tricis-neurosporene; 7,9,9'-tri-cis-neurosporene"
c19760,"2-cis,6-cis-farnesyl diphosphate; (2z,6z)-farnesyl diphosphate"
c19761,1-o-(2-acetamido-2-deoxy-alpha-d-glucopyranosyl)-1d-myo-inositol 3-phosphate
c19762,cyanidin 3-o-(2-o-beta-d-glucuronosyl)-beta-d-glucoside
c19763,soyasapogenol b 3-o-d-glucuronide; soyasapogenol b 3-o-beta-d-glucuronide
c19764,"9,15,9'-tricis-zeta-carotene"
c19765,"15,9'-dicis-phytofluene"
c19766,5'-deoxy-5'-fluoroadenosine
c19767,7-(3-methylbut-2-enyl)-l-tryptophan; 7-prenyl-l-tryptophan
c19768,5-deoxy-5-chloroadenosine
c19769,"1,6-anhydro-n-acetyl-beta-muramate"
c19770,n-acetyl-beta-muramate 6-phosphate
c19771,2'-(5-triphosphoribosyl)-3'-dephospho-coa; 2'-(5-triphospho-alpha-d-ribosyl)-3'-dephospho-coa
c19772,"alpha-d-glucopyranosyl-diphospho-ditrans,octacis-undecaprenol"
c19773,3-o-alpha-d-mannopyranosyl-alpha-d-mannopyranose
c19774,3-o-(6-o-alpha-d-xylosylphospho-alpha-d-mannopyranosyl)-alpha-d-mannopyranose
c19775,fluoroacetyl-coa; fluoroacetyl-coenzyme a
c19776,"1,2-diacyl-sn-glycerol 3-diphosphate; 1,2-diacyl-sn-glycerol 3-pyrophosphate"
c19777,l-homoserine lactone
c19778,(r)-piperazine-2-carboxamide
c19779,beta-alaninamide; beta-alanine amide; 3-aminopropionamide
c19780,(r)-piperazine-2-carboxylate; (r)-piperazine-2-carboxylic acid; (r)-2-piperazinecarboxylate
c19781,l-prolinamide; (s)-pyrrolidine-2-carboxamide
c19782,(s)-piperazine-2-carboxamide
c19783,(s)-piperazine-2-carboxylate; (s)-piperazine-2-carboxylic acid; (s)-2-piperazinecarboxylate
c19784,1-o-[2-(acetylamino)-2-deoxy-alpha-d-glucopyranosyl]-d-myo-inositol; 1-(2-acetamido-2-deoxy-alpha-d-glucopyranosyl)-1d-myo-inositol
c19785,streptothricin f; racemomycin a
c19786,streptothricin f acid
c19787,5'-s-methyl-5'-thioinosine; 5'-deoxy-5'-methylthioinosine; s-methyl-5'-thioinosine
c19788,5-nitroanthranilate; 2-amino-5-nitrobenzoate
c19789,5-nitrosalicylate; 2-hydroxy-5-nitrobenzoate
c19790,reduced flavin
c19791,2-o-(alpha-d-glucopyranosyl)-3-phospho-d-glycerate; (2r)-2-(alpha-d-glucopyranosyloxy)-3-(phosphonooxy)propanoate
c19792,2-o-(alpha-d-glucopyranosyl)-d-glycerate; (r)-2-(alpha-d-glucopyranosyloxy)-3-hydroxypropanoate
c19793,2-o-[2-o-(alpha-d-mannopyranosyl)-alpha-d-glucopyranosyl]-3-phospho-d-glycerate
c19794,cdp-1l-myo-inositol
c19795,"1-hydroxy-1,2-dihydrolycopene; rhodopin; 1-hydroxylycopene"
c19796,quercetin 3-o-rhamnoside 7-o-glucoside
c19797,"4,4'-diapolycopene"
c19798,"4,4'-diapolycopenedial; 4,4'-diapolycopene-4,4'-dial"
c19799,"bis(1l-myo-inositol)-3,1'-phosphate 1-phosphate"
c19800,(3-phenoxyphenyl)methanol; 3-phenoxybenzenemethanol
c19801,isomultiflorenol
c19802,[protein]-3-o-(n-acetyl-d-glucosaminyl)-l-serine; [protein]-3-o-(n-acetyl-beta-d-glucosaminyl)-l-serine
c19803,[protein]-l-threonine
c19804,[protein]-3-o-(n-acetyl-d-glucosaminyl)-l-threonine; [protein]-3-o-(n-acetyl-beta-d-glucosaminyl)-l-threonine
c19805,aminopentol; ap1
c19806,"propane-1,2,3-tricarboxylate; tricarballylate"
c19807,"3',4',5'-o-trimethyltricetin; 5,7-dihydroxy-3',4',5'-trimethoxyflavone"
c19808,glucovanillin
c19809,(s)-piperidine-2-carboxamide
c19810,"ent-pimara-9(11),15-diene"
c19811,9-cis-epoxycarotenoid
c19812,12'-apo-carotenal
c19813,threo-3-hydroxy-d-aspartate
c19814,terpentetriene
c19815,terpentedienyl diphosphate
c19816,elisabethatriene
c19817,phyllocladan-16alpha-ol
c19818,beta-phellandrene
c19819,cucurbitadienol
c19820,"protostadienol; (17z)-protosta-17(20),24-dien-3beta-ol"
c19821,2-hydroxy-2-(hydroxymethyl)-2h-pyran-3(6h)-one; microthecin
c19822,"1,5-anhydro-4-deoxy-d-glycero-hex-3-en-2-ulose; ascopyrone m"
c19823,"udp-2-acetamido-2,6-dideoxy-beta-l-arabino-hexos-4-ulose; udp-2-acetamido-2,6-dideoxy-beta-l-arabino-hex-4-ulose; udp-4-keto-6-deoxy-l-n-acetylaltrosamine"
c19824,d-5-monosubstituted hydantoin
c19825,l-5-monosubstituted hydantoin
c19826,"1,5-anhydro-4-deoxy-d-glycero-hex-1-en-3-ulose; ascopyrone p; 5-hydroxy-2-(hydroxymethyl)-2h-pyran-4(3h)-one"
c19827,"colneleate; (8e)-9-[(1e,3z)-nona-1,3-dien-1-yloxy]non-8-enoate"
c19828,"arabidiol; (13r,14r,17e)-malabarica-17,21-diene-3beta,14-diol"
c19829,"dammarenediol-ii; (20s)-dammar-24-ene-3beta,20-diol; dammar-24-ene-3beta,20-diol"
c19830,"(5s,6s)-6-amino-5-hydroxycyclohexa-1,3-diene-1-carboxylate; trans-2,3-dihydro-3-hydroxyanthranilate; trans-2,3-dihydro-3-hydroxyanthranilic acid; dhha"
c19831,"(1r,6s)-6-amino-5-oxocyclohex-2-ene-1-carboxylate"
c19832,thalianol
c19833,germanicol; (3beta)-olean-18-en-3-ol
c19834,"dammara-20,24-diene; dammara-18(28),21-diene"
c19835,camelliol c
c19836,"tuberculosinyl diphosphate; halima-5(6),13-dien-15-yl diphosphate"
c19837,indole-3-carboxylate; indole-3-carboxylic acid
c19838,d-erythro-3-hydroxyaspartate
c19839,"4,4'-diaponeurosporen-4-al"
c19840,"4,4'-diapophytofluene"
c19841,"4,4'-diapo-zeta-carotene"
c19842,peptidoglycan-d-glucosamine; deacetylated peptidoglycan
c19843,l-asp(4-l-arg)
c19844,"(1s,3r)-3-(2,2-dichloroethenyl)-2,2-dimethylcyclopropanecarboxylate"
c19845,pimeloyl-[acyl-carrier protein]; pimeloyl-[acp]; pimelyl-[acyl-carrier protein]; pimelyl-[acp]; 7-hydroxy-7-oxoheptanoyl-[acyl-carrier protein]
c19846,pimeloyl-[acyl-carrier protein] methyl ester; pimeloyl-[acp] methyl ester; pimelyl-[acyl-carrier protein] methyl ester; pimelyl-[acp] methyl ester
c19847,demethylmenaquinol
c19848,adenylated molybdopterin; adenylyl-molybdopterin
c19850,4-o-phosphohygromycin b
c19851,"adp-ribose 1'',2''-phosphate; adp-ribose 1"",2""-cyclic phosphate"
c19852,"tritrans,heptacis-undecaprenyl diphosphate"
c19853,"trans,polycis-polyprenyl diphosphate"
c19854,"d-glca-beta-(1->2)-d-man-alpha-(1->3)-d-glc-beta-(1->4)-d-glc-alpha-1-diphospho-ditrans,octacis-undecaprenol"
c19855,"d-man-alpha-(1->3)-d-glc-beta-(1->4)-d-glc-alpha-1-diphospho-ditrans,octacis-undecaprenol"
c19856,"d-glc-beta-(1->4)-glc-alpha-1-diphospho-ditrans,octacis-undecaprenol"
c19857,"d-man-beta-(1->4)-glca-beta-(1->2)-d-man-alpha-(1->3)-d-glc-beta-(1->4)-d-glc-alpha-1-diphospho-ditrans,octacis-undecaprenol"
c19858,"2-methoxy-6-all-trans-polyprenyl-1,4-benzoquinol"
c19859,"6-methoxy-3-methyl-2-all-trans-polyprenyl-1,4-benzoquinol"
c19861,3-hydroxy fatty acid
c19862,cyclic ketone
c19863,"lupan-3beta,20-diol; 3beta,20-dihydroxylupane; monogynol a"
c19864,trans-permethrin
c19865,soyasaponin iii
c19866,n-acetyl-beta-d-galactosaminyl-(1->3)-beta-d-galactosyl-(1->4)-beta-d-glucosylceramide
c19867,beta-d-glucosyl crocetin
c19868,bis(beta-d-glucosyl) crocetin; crocetin diglucosyl ester
c19869,beta-d-gentiobiosyl crocetin
c19870,"4,6-ch3(coo-)c-d-man-beta-(1->4)-d-glca-beta-(1->2)-d-man-alpha-(1->3)-d-glc-beta-(1->4)-d-glc-alpha-1-diphospho-ditrans,octacis-undecaprenol"
c19871,guanylyl molybdenum cofactor; molybdopterin guanine dinucleotide cofactor
c19872,n-formyl-4-amino-5-aminomethyl-2-methylpyrimidine; 2-methyl-4-amino-5-(formylaminomethyl)pyrimidine; famp
c19873,26-hydroxycastasterone
c19874,26-hydroxybrassinolide
c19875,alpha-kdo-(2->8)-alpha-kdo-(2->4)-alpha-kdo-(2->6)-lipid iva
c19876,alpha-kdo-(2->8)-[alpha-kdo-(2->4)]-alpha-kdo-(2->4)-alpha-kdo-(2->6)-lipid iva
c19877,4-o-phospho-alpha-kdo-(2->6)-lipid iva
c19878,d-glycero-alpha-d-manno-heptose 7-phosphate
c19879,"d-glycero-alpha-d-manno-heptose 1,7-bisphosphate"
c19880,d-glycero-alpha-d-manno-heptose 1-phosphate
c19881,gdp-d-glycero-alpha-d-manno-heptose
c19882,d-glycero-d-manno-heptose 7-phosphate
c19883,alpha-kdo-(2->4)-alpha-kdo-(2->6)-[4-p-l-ara4n]-lipid iva
c19884,lipid iia
c19885,alpha-aminoadipate carrier protein lysw; [lysw]; [lysine-biosynthesis-protein lysw]-c-terminal-l-glutamate
c19886,lysw-gamma-l-alpha-aminoadipate; [lysw]-l-2-aminoadipate; [lysine-biosynthesis-protein lysw]-c-terminal-gamma-(l-2-aminoadip-2-yl)-l-glutamate
c19887,lysw-gamma-l-alpha-aminoadipyl 6-phosphate
c19888,lysw-gamma-l-alpha-aminoadipate 6-semialdehyde
c19889,lysw-gamma-l-lysine
c19890,alpha-kdo-(2->4)-alpha-kdo-(2->6)-[4-p-l-ara4n]-lipid a
c19891,"1d-chiro-inositol; 1,2,4/3,5,6-cyclohexane-1,2,3,4,5,6-hexol; (+)-inositol"
c19892,"4'-apo-beta,psi-caroten-4'-al; beta-apo-4'-carotenal"
c19893,10-epi-gamma-eudesmol; 10alpha-eudesm-4-en-11-ol
c19894,"1,1'-dihydroxylycopene; 1,1'-dihydroxy-1,1',2,2'-tetrahydrolycopene"
c19895,4'-methoxyflavanone
c19896,4'-hydroxyflavanone
c19897,debromohymenialdisine; (z)-debromohymenialdisine; dbh
c19898,manzamine a; keramamine a
c19899,dolastatin 15; nsc 617668
c19900,12-epi-scalaradial
c19901,luffariellolide
c19902,contignasterol
c19903,lasonolide a
c19904,latrunculin b
c19905,"dmxb-a; gts-21; 2,4-dimethoxybenzylidene anabaseine"
c19906,omega-conotoxin
c19907,pyrrole
c19908,(+)-beta-chamigrene
c19909,n-acetyl-alpha-neuraminate; alpha-neu5ac
c19910,n-acetyl-beta-neuraminate; beta-neu5ac
c19911,iminodiacetate
c19912,n-arachidonoyl-phosphatidylethanolamine
c19913,phospho-anandamide
c19914,myriocin; thermozymocidin; isp-1
c19915,pyrazinoic acid; 2-pyrazinecarboxylic acid
c19916,"halomon; 6-bromo-3-(bromomethyl)-7-methyl-2,3,7-trichloro-1-octene"
c19917,pateamine; pateamine a
c19918,parkeol; lanost-9(11)-en-3beta-ol
c19919,safranin; c.i. basic red 2
c19920,diatoxanthin; all-trans-diatoxanthin
c19921,diadinoxanthin; diadinoxanthin a
c19922,cytochrome c-554
c19923,cytochrome p-460
c19924,membrane-associated cytochrome c-552
c19925,cytochrome c-550
c19926,pseudoazurin
c19927,cytochrome b
c19928,molybdopterin guanine dinucleotide
c19929,"n(alpha)-acetyl-l-2,4-diaminobutyrate; n-alpha-acetyl-l-2,4-diaminobutyrate; n2-acetyl-l-2,4-diaminobutanoate; (2s)-2-acetamido-4-aminobutanoate"
c19930,tert-butylbicyclophosphorothionate; tert-butylbicyclophosphorothioic acid; tbps
c19931,raucaffrinoline
c19932,perakine; raucaffrine
c19933,prosolanapyrone ii
c19934,"prosolanapyrone iii; 4-methoxy-2-oxo-6-(1e,7e,9e)-undeca-1,7,9-trien-1-yl-2h-pyran-3-carboxaldehyde"
c19935,azide; nitrogen ion (n3-); azide ion; hydrazoate
c19936,"(9r,10e,12z,15z)-9-hydroperoxyoctadeca-10,12,15-trienoate"
c19937,"(8e,10r,12z)-10-hydroperoxy-8,12-octadecadienoate"
c19938,pentalen-13-ol
c19939,pentalen-13-al
c19940,ferredoxin n; fdn
c19941,fdi; ferredoxin i
c19942,11alpha-hydroxy-beta-amyrin; 11alpha-dihydroxyolean-12-ene
c19943,11-oxo-beta-amyrin; 3beta-hydroxyolean-12-en-11-one
c19944,"3-hydroxy-9,10-secoandrosta-1,3,5(10)-triene-9,17-dione; secophenol"
c19945,"3-oxo-5,6-dehydrosuberyl-coa; 3-oxo-5,6-didehydrosuberoyl-coa"
c19946,"3-oxo-5,6-dehydrosuberyl-coa semialdehyde"
c19947,"dtdp-3-amino-3,6-dideoxy-alpha-d-galactopyranose"
c19948,"dtdp-3-dimethylamino-3,6-dideoxy-alpha-d-galactopyranose; dtdp-d-ravidosamine"
c19949,acromelic acid a
c19950,samandarine
c19951,samandarone
c19952,ht-2 toxin
c19953,"cytochalasin a; (7s,13e,16r,21e)-7-hydroxy-16-methyl-10-phenyl-24-oxa[14]cytochalasa-6(12),13,21-triene-1,20,23-trione"
c19954,cytochalasin b
c19955,phomopsin a
c19956,neoilludin a
c19957,fasciculol e
c19958,fasciculol f
c19959,orellanine
c19960,dtdp-3-dehydro-6-deoxy-alpha-d-galactopyranose; dtdp-6-deoxy-d-xylo-hexos-3-ulose; dtdp-6-deoxy-d-xylo-hex-3-ulose
c19961,"udp-4-amino-4,6-dideoxy-n-acetyl-beta-l-altrosamine; udp-4-amino-4,6-dideoxy-beta-l-altnac; udp-2-acetamido-4-amino-2,4,6-trideoxy-beta-l-altrose"
c19962,13-cis-retinol; neovitamin a
c19963,tuberculosinol
c19964,(13s)-isotuberculosinol
c19965,beta-d-4-deoxy-delta4-glca-(1->4)-beta-d-glc-(1->4)-alpha-l-rha-(1->3)-d-glc; beta-d-4-deoxy-delta4-glcap-(1->4)-beta-d-glcp-(1->4)-alpha-l-rhap-(1->3)-d-glcp
c19966,beta-d-glc-(1->4)-alpha-l-rha-(1->3)-d-glc; beta-d-glcp-(1->4)-alpha-l-rhap-(1->3)-d-glcp
c19967,"8-oxo-dgtp; 8-oxodeoxyguanosine triphosphate; 8-oxo-7,8-dihydro-2'-deoxyguanosine 5'-triphosphate"
c19968,"8-oxo-dgmp; 2'-deoxy-7,8-dihydro-8-oxo-5'-guanylate; 8-hydroxydeoxyguanosine 5'-monophosphate"
c19969,2-hydroxy-datp; 2-hydroxy-2'-deoxyadenosine 5'-triphosphate
c19970,2-hydroxy-damp
c19971,"udp-2,4-bis(acetamido)-2,4,6-trideoxy-beta-l-altropyranose; udp-2,4-diacetamido-2,4,6-trideoxy-beta-l-altrose"
c19972,"2,4-bis(acetamido)-2,4,6-trideoxy-beta-l-altropyranose"
c19973,(+)-beta-caryophyllene
c19974,(+)-caryolan-1-ol
c19975,2-oxepin-2(3h)-ylideneacetyl-coa
c19976,valinopine
c19977,clitidine; chrytidine
c19978,sclerocitrin
c19979,ustalic acid
c19980,domesticine
c19981,gloriosine; n-deacetyl-n-formylcolchicine
c19982,"gelsedine; (spiro(3h-indole-3,7'(6'h)-(3,) (6)methano(1h)oxepino(4,3-b)pyrrol)-2(1h)-one,) 2'-ethyl-2',3',3'a, 4',8',8'a-hexahydro-1-methoxy-"
c19983,conhydrine; (+)-alpha-conhydrine
c19984,cerberin; 2'-acetylneriifolin
c19985,nantenine
c19986,convalloside
c19987,oleandrin
c19988,strophanthidin; corchoside a aglycon
c19989,taxine b
c19990,aconine; jesaconine
c19991,euphornin
c19992,"rhodojaponin i; grayanotoxane-5,6,10,14,16-pentol, 2,3-epoxy-, 6,14-diacetate, (2beta,3beta,6beta,14r)-"
c19993,"virol a; (8e,10e,12s)-8,10-heptadecadiene-4,6-diyne-1,12-diol"
c19994,"virol b; (8s,9z)-9-heptadecene-4,6-diyne-1,8-diol"
c19995,microcystin rr
c19996,microcystin ra
c19997,microcystin yr
c19998,"anatoxin a(s); anatoxin-a(s); guanitoxin; phosphoric acid, mono[(5s)-2-amino-5-[(dimethylamino)methyl]-4,5-dihydro-1h-imidazol-1-yl] monomethyl ester"
c19999,"cylindrospermopsin; (2as,3r,4s,5as,7r)-7-[(r)-(2,6-dioxo-1,2,3,6-tetrahydropyrimidin-4-yl)(hydroxy)methyl]-3-methyl-2a,3,4,5,5a,6,7,8-octahydro-2h-1,8,8b-triazaacenaphthylen-4-yl hydrogen sulfate"
c20000,"onchidal; [e,(+)]-2-[(e)-2-acetoxyethenyl]-4-(2,2-dimethyl-6-methylenecyclohexyl)-2-butenal"
c20001,ctx 3c; ciguatoxin ctx 3c; ciguatoxin 3c
c20002,ciguatoxin 4a; ctx 4a; scaritoxin
c20003,caribbean ciguatoxin 1; c-ctx 1
c20004,gambierol
c20005,dinophysistoxin 4; dtx-4
c20006,acanthifolicin; acanthifolic acid
c20007,caribenolide i
c20008,hoffmanniolide
c20009,iriomoteolide 1a; iriomoteolide-1a
c20010,anatibant; lf 16-0687
c20011,"homoyessotoxin; yessotoxin, 3-de(2-(sulfooxy)ethyl)-3-(3-(sulfooxy)propyl)-"
c20012,pectenotoxin 2; 43-deoxypectenotoxin 1; ptx 2
c20013,brevetoxin b1
c20014,brevetoxin b2
c20015,"brevetoxin c; brevetoxin b, 43-chloro-41-deformyl-41,43-dihydro-41-oxo-"
c20016,hemibrevetoxin b
c20017,satratoxin h
c20018,gonyautoxin 5; gonyautoxin v; gtx5; toxin b1
c20019,gonyautoxin 6; gonyautoxin vi; gtx6; toxin b2
c20020,gonyautoxin 8; gtx8; gonyautoxin viii; protogonyautoxin ii; toxin c2
c20021,decarbamoylsaxitoxin
c20022,decarbamoylgonyautoxin 1
c20023,prorocentrolide
c20024,prorocentrolide b
c20025,gymnodimine; gymnodimine a; gym a
c20026,11-deoxytetrodotoxin
c20027,isodomoic acid a
c20028,ostreocin d
c20029,eledoisin
c20030,dermorphin
c20031,pumiliotoxin 251d; ptx 251d
c20032,batrachotoxinin a
c20033,pumiliotoxin a
c20034,allopumiliotoxin 267a
c20035,arenobufagin
c20036,marinobufagenin; marinobufagin
c20037,alpha-bungarotoxin; alpha-btx
c20038,beta-bungarotoxin
c20039,dendrotoxin
c20040,fasciculin
c20041,calciseptine
c20042,cardiotoxin iii; ctx 3; cytotoxin d1 (naja naja atra)
c20043,taicatoxin
c20044,enanthotoxin; oenanthotoxin
c20045,verruculogen; tr 1; tr 1 toxin
c20046,mollicellin c
c20047,adolapin
c20048,apamine; apamin
c20049,mast cell degranulating peptide; mcd peptide; mcd
c20050,polisteskinin jt
c20051,mandaratoxin
c20052,philanthotoxin
c20053,tertiapin
c20054,alpha-latrotoxin; alpha-ltx
c20055,iberiotoxin; ibtx
c20056,agitoxin 1; agtx 1
c20057,margatoxin; mgtx
c20058,leiurotoxin i; scyllatoxin
c20059,samandenone
c20060,cephalostatin 1
c20061,ritterazine a
c20062,"2-(1,2-epoxy-1,2-dihydrophenyl)acetyl-coa"
c20063,bestoxin
c20064,kappa-hefutoxin 1
c20065,maurotoxin; mtx
c20066,slotoxin
c20067,stromatoxin 1; stromatoxin-1
c20068,abrin
c20069,charybdotoxin
c20070,penitrem a
c20073,xestoquinone; (+)-xestoquinone; xqn
c20077,megascoliakinin
c20078,alpha-pompilidotoxin; alpha-pmtx
c20079,beta-pompilidotoxin; beta-pmtx
c20080,bombolitin i
c20081,vespakinin m
c20082,"pseudaminic acid; 5,7-bis(acetylamino)-3,5,7,9-tetradeoxy-l-glycero-alpha-l-manno-2-nonulopyranosonic acid; pse5ac7ac"
c20083,cmp-pseudaminic acid; cmp-pse5ac7ac
c20084,contulakin g; contulakin-g
c20085,botrocetin
c20086,crotalase
c20087,crotalocytin
c20088,echistatin
c20089,gabonase; okinaxobin ii
c20090,toxin omega-aga-ia; omega-aga-ia
c20091,toxin omega-aga-iiia; omega-aga-iiia
c20092,toxin omega-aga-iva; omega-aga-iva
c20093,argiopinin i
c20094,argiopinin ii
c20095,argiopinin iii
c20096,pseudoargiopinin i
c20097,pseudoargiopinin iii
c20098,cupiennin 1a
c20099,cupiennin 1b
c20100,jingzhaotoxin i; jztx-i
c20101,jingzhaotoxin iii; jztx-iii
c20102,jingzhaotoxin v; jztx-v
c20103,latarcin 1
c20104,latarcin 2a
c20105,latarcin 3a
c20106,lycocitin 1
c20107,lycocitin 2
c20108,lycocitin 3
c20109,lycotoxin i
c20110,lycotoxin ii
c20111,oxyopinin 1
c20112,oxyopinin 2a
c20113,phrixotoxin 1
c20114,phrixotoxin 2
c20115,agelenin
c20116,hanatoxin 1
c20117,huwentoxin-xi
c20118,robustoxin; delta-hexatoxin-ar1a
c20119,protein-cysteine; protein c-terminal caax
c20120,s-farnesyl protein; s-farnesyl protein c-terminal caax
c20121,"trans,trans-farnesyl phosphate; farnesyl phosphate; (2e,6e)-farnesyl phosphate"
c20122,"dibenz[c,h]acridine; 14-azadibenz[a,j]anthracene; 3,4:5,6-dibenzacridine"
c20123,"dibromoacetic acid; 2,2-dibromoacetic acid; dbaa"
c20124,"benzo[b]naphtho[2,1-d]thiophene; 1,2-benzo-9-thiafluorene"
c20125,dibenzothiophene
c20126,"methylone; 2-(methylamino)-1-(1,3-benzodioxol-5-yl)-1-propanone"
c20127,alpha-methyltryptamine; indopan
c20128,"bombykal; (z,e)-10,12-hexadecadienal"
c20129,(s)-warfarin
c20130,(s)-mephenytoin
c20131,aclatonium
c20132,platensimycin; (-)-platensimycin
c20133,sugiresinol; sequirin a
c20134,19-chloroproansamitocin
c20135,20-o-methyl-19-chloroproansamitocin
c20136,"n-demethyl-desepoxymaytansinol; n-desmethyl-4,5-desepoxymaytansinol"
c20137,n-demethyl-desepoxyansamitocin p-3; n-demethyl-desepoxy-ap-3
c20138,n-demethylansamitocin p-3; n-demethyl-ap-3; pnd-3
c20139,ansamitocinoside p-3; agp-3
c20140,4''-o-carbamoyl ansamitocinoside p-3; acgp-3
c20141,acridine
c20142,acridone; 9(10h)-acridone
c20143,(25s)-26-hydroxycholest-4-en-3-one
c20144,"androsta-1,4-diene-3,17-dione"
c20145,ent-isokaurene; kaur-15-ene; kryptomeren
c20146,ent-2alpha-hydroxyisokaurene; ent-isokauren-2beta-ol
c20147,"9beta-pimara-7,15-dien-19-ol"
c20148,"9beta-pimara-7,15-dien-19-al"
c20149,"9beta-pimara-7,15-dien-19-oate"
c20150,"ent-11beta-hydroxycassa-12,15-diene"
c20151,"10beta,14beta-dihydroxytaxa-4(20),11-dien-5alpha-yl acetate; 5alpha-acetoxy-10beta,14beta-dihydroxytaxadiene"
c20152,"taxusin; taxa-4(20),11-diene-5alpha,9alpha,10beta,13alpha-tetrayl tetraacetate"
c20153,7beta-hydroxytaxusin
c20154,"3-methoxy-4',5-dihydroxy-trans-stilbene"
c20155,8-oxoguanine
c20156,"dtdp-3-acetamido-3,6-dideoxy-alpha-d-galactopyranose"
c20157,beta-carboline; norharman
c20158,"(13e)-labda-7,13-dien-15-ol"
c20159,"7-epi-alpha-selinene; (-)-7-epi-alpha-selinene; (2s,4ar,8ar)-4a,8-dimethyl-2-(prop-1-en-2-yl)-1,2,3,4,4a,5,6,8a-octahydronaphthalene"
c20160,ctop; phenylalanyl-cyclo(cysteinyltyrosyl-tryptophyl-ornithyl-threonyl-penicillamine)threoninamide
c20161,alpha-guaiene
c20162,viridiflorene
c20163,"5-epi-alpha-selinene; 5beta-eudesma-3,11-diene; (2r,4ar,8as)-1,2,3,4,4a,5,6,8a-octahydro-4a,8-dimethyl-2-(prop-1-en-2-yl)naphthalene; 8a-epi-alpha-selinene; (2r,4ar,8as)-1,2,3,4,4a,5,6,8a-octahydro-4a,8-dimethyl-2-(1-methylethenyl)naphthalene"
c20164,"dpdpe; 2,5-pen-enkephalin; enkephalin, penicillamine(2,5)-"
c20165,"dslet; 2-ser-thr-leu-enkephalin; enkephalin, ser(2), leu(5), thr(6)-; [d-ser2,leu5]enkephalin-thr6"
c20166,naltriben; ntb
c20167,7-benzylidenenaltrexone; bntx
c20168,(-)tan-67
c20169,(+)tan-67
c20170,benzoyl isothiocyanate
c20171,icilin; ag 3-5
c20172,cubebol
c20173,(+)-gamma-cadinene
c20174,delta-guaiene; alpha-bulnesene
c20175,bicyclogermacrene
c20176,"8-oxo-dgdp; 8-oxo-7,8-dihydro-2'-deoxyguanosine 5'-diphosphate"
c20177,7-epi-sesquithujene; (+)-7-epi-sesquithujene
c20178,sesquithujene; (+)-sesquithujene
c20179,gamma-curcumene
c20180,(-)-alpha-cuprenene
c20181,avermitilol
c20182,"(-)-delta-cadinene; (1r,8as)-4,7-dimethyl-1-(propan-2-yl)-1,2,3,5,6,8a-hexahydronaphthalene"
c20183,n7-methylguanosine 5'-diphosphate; n7-methyl-gdp
c20184,"(+)-t-muurolol; (+)-tau-muurolol; (1r,4r,4as,8ar)-1,6-dimethyl-4-(propan-2-yl)-1,2,3,4,4a,7,8,8a-octahydronaphthalen-1-ol"
c20185,"(12e)-9alpha-labda-8(17),12,14-triene; syn-labda-8(17),12e,14-triene; (4as,5r,8as)-1,1,4a-trimethyl-6-methylidene-5-[(2e)-3-methylpenta-2,4-dien-1-yl]decahydronaphthalene"
c20186,"5s,8r-dihode; (5s,8r)-dihode; (5s,8r,9z,12z)-5,8-dihydroxyoctadeca-9,12-dienoate"
c20187,achilleol b
c20188,glutinol
c20189,baccharis oxide
c20190,"p1,p6-bis(5'-adenosyl)hexaphosphate"
c20191,"alpha-seco-amyrin; 8,14-secoursa-7,13-diene-3beta-ol"
c20192,marneral
c20193,"beta-seco-amyrin; 8,14-secooleana-7,13-diene-3beta-ol"
c20194,delta-amyrin
c20195,"tirucalla-7,24-dien-3beta-ol"
c20196,salvinorin a
c20197,prostratin
c20198,adenosine 5'-pentaphosphate
c20199,"3-[(3as,4s,7as)-7a-methyl-1,5-dioxo-octahydro-1h-inden-4-yl]propanoate; 9,17-dioxo-1,2,3,4,10,19-hexanorandrostan-5-oic acid; dohnaa; hip"
c20200,baruol
c20201,"(-)-solanapyrone a; solanapyrone a; 4-methoxy-6-((1r,2s,4ar,8ar)-2-methyl-1,2,4a,5,6,7,8,8a-octahydronaphthalen-1-yl)-2-oxo-2h-pyran-3-carboxaldehyde"
c20202,"braco-19; 9-[4-(n,n-dimethylamino)phenylamino]-3,6-bis (3-pyrrolodino-propionamido) acridine"
c20203,capsiate
c20204,entadamide a
c20205,tanabalin
c20206,albaspidin bb
c20207,grandinol
c20208,syn-stemoden-19-oate
c20209,meconic acid; poppy acid
c20210,eugenin; 2-methyl-5-hydroxy-7-methoxychromone
c20211,yakuchinone a; yakuchinone-a
c20212,steviol; 13-hydroxykaur-16-en-18-oic acid
c20213,annonacin
c20214,andrographolide
c20215,homocapsaicin; homocapsaicin i
c20216,nordihydrocapsaicin; n-((4-h ydroxy-3-methoxyphenyl)methyl)-7-methyl-octanamide
c20217,cannabidivarin; cbdv
c20218,cannabielsoin; cannabielsoin a; cbe
c20219,cannabigerol; cbg
c20220,am251; am 251; am-251
c20221,(6e)-8-oxolinalool; trans-8-oxolinalool
c20222,(6e)-8-hydroxygeranial
c20223,(6e)-8-oxogeraniol
c20224,coniferyl ester
c20225,coniferyl acetate
c20226,"benzil; 1,2-diphenylethane-1,2-dione"
c20227,(s)-benzoin
c20228,(r)-benzoin
c20229,10-hydroxy-alpha-humulene
c20230,(+)-sabinene
c20231,(z)-3-ureidoacrylate peracid; ureidoperacrylic acid
c20232,(z)-2-methylureidoacrylate peracid
c20233,17-hydroxylupanine
c20234,5-guanidino-3-methyl-2-oxopentanoate; 5-carbamimidamido-3-methyl-2-oxopentanoate
c20235,(e)-2-methylgeranyl diphosphate
c20236,4-o-beta-d-mannopyranosyl-d-glucopyranose
c20237,alpha-maltose 1-phosphate
c20238,(2r)-ethylmalonyl-coa
c20239,"6-carboxy-5,6,7,8-tetrahydropterin; 6-carboxytetrahydropterin"
c20240,"(2z,4z)-2-hydroxyhexa-2,4-dienoate; (2z,4z)-2-hydroxyhexa-2,4-dienoic acid"
c20241,tricyclene
c20242,"(-)-sabinene; (1s,5s)-1-isopropyl-4-methylenebicyclo[3.1.0]hexane"
c20243,"2-methylisoborneol; 1,2,7,7-tetramethyl-exo-bicycloheptan-2-ol"
c20244,"(+)-beta-pinene; (1r,5r)-6,6-dimethyl-2-methylenebicyclo[3.1.1]hept-2-ene"
c20245,udp-n-acetyl-alpha-d-glucosamine 3'-phosphate
c20246,"2-[(2r,5z)-2-carboxy-4-methylthiazol-5(2h)-ylidene]ethyl phosphate; cthz*-p"
c20247,"2-(2-carboxy-4-methylthiazol-5-yl)ethyl phosphate; 4-methyl-5-[2-(phosphonooxy)ethyl]-1,3-thiazole-2-carboxylate; cthz-p"
c20248,7-carboxy-7-carbaguanine; 7-carboxy-7-deazaguanine
c20249,(z)-3-peroxyaminoacrylate
c20250,(z)-2-methylperoxyaminoacrylate
c20251,"1-keto-d-chiro-inositol; 2d-2,3,5/4,6-pentahydroxycyclohexanone"
c20252,"5-androstene-3,17-dione"
c20253,aminoacrylate; (z)-3-aminoacrylate
c20254,ureidoacrylate; (z)-3-ureidoacrylate
c20255,methylaminoacrylate; (z)-2-methylaminoacrylate; (z)-2-methyl-3-aminoacrylate
c20256,methylureidoacrylate; (z)-2-methylureidoacrylate; (z)-2-methyl-3-ureidoacrylate; (2z)-3-(carbamoylamino)-2-methylprop-2-enoate
c20258,"(2s,4s)-4-hydroxy-2,3,4,5-tetrahydrodipicolinate; (2s,4s)-4-hydroxy-2,3,4,5-tetrahydropyridine-2,6-dicarboxylate; htpa"
c20259,mertansine; dm 1
c20260,(+)-thujan-3-one; (+)-isothujone
c20261,(+)-thujan-3-ol
c20262,zerumbone
c20263,"l-threo-7,8-dihydrobiopterin"
c20264,l-threo-tetrahydrobiopterin
c20265,"2,3-epoxymenaquinone; vitamin k2 2,3-epoxide"
c20266,amd 070
c20267,4-amino-5-aminomethyl-2-methylpyrimidine; amino-hmp
c20268,combretastatin a-4; combretastatin a4
c20269,eugenol quinone methide
c20270,copal-8-ol diphosphate; (13e)-8alpha-hydroxylabd-13-en-15-yl diphosphate
c20271,"[(1r)-2,2,3-trimethyl-5-oxocyclopent-3-enyl]acetate"
c20272,alpha-muurolene; (+)-alpha-muurolene
c20273,gamma-muurolene; (+)-gamma-muurolene
c20274,beta-copaene
c20275,(+)-sativene
c20276,tetraprenyl-beta-curcumene
c20277,"(2r,3r)-3-methylornithine; (3r)-3-methyl-d-ornithine"
c20278,"(2r,3r)-3-methylornithinyl-n6-lysine; n6-[(3r)-3-methyl-d-ornithinyl]-l-lysine"
c20279,"(2r,3r)-3-methylglutamyl-5-semialdehyde-n6-lysine"
c20280,"1-phenylazo-2,6-dihydroxynaphthalene; 6-oh-sudan i"
c20281,1-(4-hydroxyphenylazo)-2-naphthol; 4'-oh-sudan i
c20282,"1-(4-hydroxyphenylazo)-naphthalene-2,6-diol; 4',6-dioh-sudan i"
c20283,"1-(3,4-dihydroxyphenylazo)-2-naphthol; 3',4'-dioh-sudan i"
c20284,benzenediazonium; benzenediazonium ion
c20285,4-acetylaminobiphenyl
c20286,"2-hydroxyamino-1-methyl-6-phenylimidazo[4,5-b]pyridine; 2-hydroxyamino-phip"
c20287,"2-acetoxyamino-1-methyl-6-phenylimidazo[4,5-b]pyridine; n-acetoxy-phip"
c20288,n-sulfonyloxy-phip
c20289,n-hydroxy-iq
c20290,n-acetoxy-iq
c20291,n-hydroxy-meiqx
c20292,tetramethylammonium; tetramethylammonium ion
c20293,n-acetoxy-meiqx
c20297,narcotine hemiacetal
c20299,papaveroxine
c20300,dimethylarsinous acid
c20301,alpha-hydroxy-ndma; n-nitrosohydroxymethylmethylamine
c20302,methyldiazonium ion; methanediazonium
c20303,chloroethylene oxide
c20304,s-(2-chloroethyl)glutathione
c20305,"1,2-dichloroethanol"
c20306,methyldiazohydroxide
c20307,artemisinic alcohol
c20308,artemisinic aldehyde
c20309,artemisinate; artemisinic acid
c20310,n-hydroxy-l-isoleucine
c20311,"n,n-dihydroxy-l-isoleucine"
c20312,(z)-2-methylbutanal oxime
c20313,n-hydroxy-l-valine
c20314,"n,n-dihydroxy-l-valine"
c20315,(z)-2-methylpropanal oxime
c20316,4-nitrosobiphenyl
c20317,"s-(1,2-dichlorovinyl)-l-cysteine; dcvc"
c20318,"s-(1,2-dichlorovinyl)thiol; dcvt"
c20319,hydronitroxide radical
c20320,"bornane-2,6-dione; 6-oxocamphor"
c20321,"[(2r)-3,3,4-trimethyl-6-oxo-3,6-dihydro-1h-pyran-2-yl]acetyl-coa"
c20322,(+)-6-exo-hydroxycamphor
c20323,(+)-6-endo-hydroxycamphor
c20324,"[(1s)-4-hydroxy-2,2,3-trimethylcyclopent-3-enyl]acetate"
c20325,(11r)-dihydroartemisinic aldehyde
c20326,"2-exo-hydroxy-1,8-cineole"
c20327,2-oxo-4-phenylbutyric acid; 2-oxo-4-phenylbutanoic acid; 2-oxo-4-phenylbutanoate
c20328,n-acetyl-alpha-d-glucosamine
c20329,"abieta-7,13-dien-18,18-diol"
c20330,l-hydroxyarginine; delta-hydroxyarginine; 5-hydroxy-l-arginine
c20331,"beta-carotene-15,15'-epoxide"
c20332,"15,15'-dihydroxy-beta-carotene"
c20333,n2-citryl-n6-acetyl-n6-hydroxy-l-lysine; n2-citryl-n6-acetyl-n6-hydroxylysine
c20334,"1,2,6-hexanetriol"
c20335,"1,3-butanediol; 1,3-butylene glycol"
c20336,alphazurine fg
c20337,alizarin cyanin green; c.i. acid green 25
c20338,2-octyl dodecanol; octyldodecanol
c20339,"n,n-dimethylacetamide"
c20340,"l-ascorbic acid, 6-octadecanoate; l-ascorbic acid monostearate"
c20341,disodium malate; disodium dl-malate
c20342,isobutylparaben; isobutyl parahydroxybenzoate
c20343,isopropylparaben; isopropyl 4-hydroxybenzoate
c20344,new coccine; c.i. acid red 18; food red no.102
c20345,isopentenyl phosphate; 3-methylbut-3-en-1-yl phosphate
c20346,c.i. acid red 33; azofuchsin
c20347,rose bengal; tetrachlorotetraiodofluorescein disodium salt
c20348,lissamine rhodamine b
c20349,quinoline yellow ws; c.i. acid yellow 3
c20350,2'-deamino-2'-hydroxyneamine
c20351,2'-deamino-2'-hydroxy-6'-dehydroparomamine
c20352,"trans,octacis-decaprenylphospho-beta-d-ribofuranose 5-phosphate"
c20353,2'-deamino-2'-hydroxyparomamine
c20354,3-o-alpha-d-glucopyranosyl-l-rhamnopyranose; 3-o-alpha-d-glucosyl-l-rhamnose
c20355,glyceryl tri(2-ethylhexanoate)
c20356,isooctadecanoic acid; isostearic acid
c20357,"udp-n,n'-diacetylbacillosamine; udp-2,4-diacetamido-2,4,6-trideoxy-alpha-d-glucopyranose"
c20358,caloxetate trisodium
c20359,"udp-2-acetamido-3-amino-2,3-dideoxy-alpha-d-glucuronate"
c20360,sodium methallylsulfonate; sodium methallyl sulfonate
c20361,pseudooxynicotine; 4-(methylamino)-1-(pyridin-3-yl)butan-1-one
c20362,ethyl maltol
c20363,"ethylene carbonate; 1,3-dioxolan-2-one"
c20364,erythorbic acid; isoascorbic acid
c20365,decyl oleate
c20366,2-oxo-3-(5-oxofuran-2-ylidene)propanoate
c20367,"4-nitro-6-oxohepta-2,4-dienedioate"
c20368,"trans,octacis-decaprenylphospho-beta-d-ribofuranose"
c20369,"trans,octacis-decaprenylphospho-beta-d-erythro-pentofuranosid-2-ulose"
c20370,"trans,octacis-decaprenylphospho-beta-d-arabinofuranose"
c20371,ecgonone methyl ester
c20372,3-ketoglutaryl-[acp] methyl ester; 3-ketoglutaryl-[acyl-carrier protein] methyl ester
c20373,3-hydroxyglutaryl-[acp] methyl ester; 3-hydroxyglutaryl-[acyl-carrier protein] methyl ester
c20374,enoylglutaryl-[acp] methyl ester; enoylglutaryl-[acyl-carrier protein] methyl ester
c20375,glutaryl-[acp] methyl ester; glutaryl-[acyl-carrier protein] methyl ester
c20376,3-ketopimeloyl-[acp] methyl ester; 3-ketopimeloyl-[acyl-carrier protein] methyl ester
c20377,3-hydroxypimeloyl-[acp] methyl ester; 3-hydroxypimeloyl-[acyl-carrier protein] methyl ester
c20378,enoylpimeloyl-[acp] methyl ester; enoylpimeloyl-[acyl-carrier protein] methyl ester
c20379,chanoclavine-i aldehyde
c20380,mycophenolate
c20381,"3,3'-bipyridine-2,2',5,5',6,6'-hexol"
c20382,"imidazol-2-one; 1,3-dihydroimidazol-2-one; 4-imidazolin-2-one"
c20383,mycophenolic acid o-acyl-glucuronide
c20384,bisnorbiotin
c20385,tetranorbiotin
c20386,biotin sulfoxide
c20387,biotin sulfone
c20388,"12(s)-hht; (12s,5z,8e,10e)-12-hydroxy-5,8,10-heptadecatrienoic acid"
c20389,lauryltrimethylaminium bromide; dodecyltrimethylammonium bromide; ltab
c20390,"n-acetyl-alpha-d-glucosaminyl-diphospho-trans,octacis-decaprenol"
c20394,2-hydroxybenzoyl-coa; salicoyl-coa
c20395,udp-2-acetamido-2-deoxy-alpha-d-ribo-hex-3-uluronate; udp-3-keto-glcnaca
c20396,methylphosphonate
c20397,pentalenolactone f
c20398,pentalenolactone e
c20399,pentalenolactone d
c20400,1-deoxy-11-oxopentalenate
c20402,neopentalenolactone d
c20403,1-deoxy-11beta-hydroxypentalenate
c20404,1-deoxypentalenate
c20405,pentalenate
c20406,cannabigerolate; cbga
c20407,pentalenolactone; arenaemycin e
c20408,"festuclavine; 6,8-beta-dimethylergoline"
c20409,"6,8-dimethyl-6,7-didehydroergoline"
c20410,4-dimethylallyl-l-abrine; 4-(3-methylbut-2-enyl)-l-abrine; 4-prenyl-l-abrine
c20411,"3-methyl-1,2-didehydro-2,3-dihydrosqualene"
c20412,"3,22-dimethyl-1,2,23,24-tetradehydro-2,3,22,23-tetrahydrosqualene"
c20413,"3,5,7-trioxododecanoyl-coa"
c20414,4-hydroxycoumarin
c20415,"dtdp-4-acetamido-4,6-dideoxy-alpha-d-galactose; dtdp-fuc4nac"
c20416,"alpha-l-rhamnopyranosyl-(1->3)-n-acetyl-alpha-d-glucosaminyl-diphospho-trans,octacis-decaprenol"
c20417,"2,4-dihydroxy-6-pentylbenzoate; olivetolic acid"
c20418,"n,n'-diacetyllegionaminate; leg5ac7ac"
c20419,"cmp-n,n'-diacetyllegionaminate; cmp-leg5ac7ac"
c20420,"tritrans,heptacis-undecaprenyl phosphate"
c20421,"n,n'-diacetyl-alpha-d-bacillosaminyldiphospho-tritrans,heptacis-undecaprenol"
c20422,alpha-d-ribose 1-methylphosphonate 5-triphosphate
c20423,alpha-d-ribose 1-methylphosphonate 5-phosphate
c20424,"2,4-diacetamido-2,4,6-trideoxy-d-mannopyranose; 2,4-diacetamido-2,4,6-trideoxy-alpha-d-mannopyranose"
c20425,"beta-cyclocitral; 2,6,6-trimethyl-1-cyclohexene-1-carbaldehyde"
c20426,mycorradicin
c20427,"n-acetyl-d-galactosaminyl-alpha-(1->3)-n,n'-diacetyl-alpha-d-bacillosaminyldiphospho-tritrans,heptacis-undecaprenol"
c20428,(3s)-11-cis-3-hydroxyretinal
c20429,(3s)-all-trans-3-hydroxyretinal
c20430,(+)-larreatricin
c20431,(+)-3'-hydroxylarreatricin
c20432,c30 botryococcene
c20433,"3-methyl-1,2-didehydro-2,3-dihydrobotryococcene; showacene"
c20434,"20-methyl-21,22-didehydro-20,21-dihydrobotryococcene; isoshowacene"
c20435,"3,20-dimethyl-1,2,21,22-tetradehydro-2,3,20,21-tetrahydrobotryococcene"
c20436,fumigaclavine a
c20437,"fumigaclavine b; 6,8-alpha-dimethylergolin-9-beta-ol"
c20438,fumigaclavine c
c20439,nbmpr; 4-nitrobenzylthioinosine
c20440,"alpha-d-ribose 1,2-cyclic phosphate 5-phosphate; 5-phospho-alpha-d-ribose 1,2-cyclic phosphate"
c20441,furfuryl alcohol; 2-furancarbinol; 2-furanmethanol
c20442,"dermatan 2,4-sulfate"
c20443,"5-hydroxymethylfurfuryl alcohol; 2,5-bis(hydroxymethyl)furan"
c20444,dihydrodemethylsterigmatocystin; dhdmst
c20445,dihydrosterigmatocystin; dhst
c20446,trna 7-aminomethyl-7-carbaguanine; trna preq1; 7-aminomethyl-7-carbaguanine in trna
c20447,2-oxoglutaryl-coa; 2-oxoglutaroyl-coa
c20448,5-hydroxymethyl-2-furoate; 5-hydroxymethyl-2-furoic acid
c20449,5-formyl-2-furoate; 5-formyl-2-furancarboxylate; 5-formylfuran-2-carboxylate
c20450,"2,5-furandicarboxylate; furan-2,5-dicarboxylate"
c20451,trna hypoxanthine
c20452,"norsolorinic acid; norsolorinate; 2-hexanoyl-1,3,6,8-tetrahydroxy-9,10-anthraquinone"
c20453,"norsolorinic acid anthrone; noranthrone; 2-hexanoyl-1,3,6,8-tetrahydroxyanthracen-9(10h)-one"
c20454,(-)-lariciresinol
c20455,(-)-pinoresinol
c20456,(+)-secoisolariciresinol
c20457,"6,8-dimethyl-6,7,8,9-tetradehydroergoline"
c20458,trna(ala) hypoxanthine; hypoxanthine in trna(ala)
c20459,trna(ala) adenine; adenine in trna(ala)
c20460,cyanidin 3-o-[6-o-(6-o-4-hydroxycinnamoyl-beta-d-glucosyl)-2-o-beta-d-xylosyl-beta-d-galactoside]
c20461,anthocyanidin 3-o-[6-o-(4-hydroxycinnamoyl)-beta-d-glucoside]
c20462,"5,7-dihydroxy-2-methyl-4h-chromen-4-one"
c20463,purine deoxyribonucleoside; purine 2'-deoxyribonucleoside
c20464,isochavicol; t-anol; trans-anol; (e)-4-propenylphenol; (e)-4-hydroxypropenylbenzene
c20465,coumaryl acetate
c20466,"2,3-bis-(o-geranylgeranyl)-sn-glycero-1-phospho-l-serine"
c20467,anthocyanidin 3-o-beta-d-sambubioside
c20468,cyanidin 3-o-(beta-d-xylosyl-(1->2)-beta-d-galactoside)
c20469,"cyanidin 3,7-di-o-beta-d-glucoside"
c20470,1-o-vanilloyl-beta-d-glucose
c20471,anthocyanidin 3-o-sophoroside
c20472,anthocyanidin 3-o-[2-o-(4-coumaroyl)-alpha-l-rhamnosyl-(1->6)-beta-d-glucoside]
c20473,anthocyanidin 3-o-[2-o-(4-coumaroyl)-alpha-l-rhamnosyl-(1->6)-beta-d-glucoside] 5-o-beta-d-glucoside
c20474,anthocyanidin 5-o-beta-d-glucoside 3-o-beta-d-sambubioside
c20475,"sporulenol; (1r,2r,4as,4br,6as,10as,10br,12as)-2,4b,7,7,10a,12a-hexamethyl-1-[(3r)-3-(4-methylcyclohexa-1,4-dien-1-yl)butyl]octadecahydrochrysen-2-ol"
c20476,"delta6-protoilludene; (4as,7as,7br)-3,6,6,7b-tetramethyl-2,4,4a,5,6,7,7a,7b-octahydro-1h-cyclobuta[1,2-e]indene"
c20477,"(-)-alpha-isocomene; (1r,3as,5as,8ar)-1,3a,4,5a-tetramethyl-1,2,3,3a,5a,6,7,8-octahydrocyclopenta[c]pentalene"
c20478,(e)-2-epi-beta-caryophyllene; 2-epi-(e)-beta-caryophyllene
c20479,(+)-epi-alpha-bisabolol; (2s)-6-methyl-2-[(1r)-4-methylcyclohex-3-en-1-yl]hept-5-en-2-ol
c20480,"valerena-4,7(11)-diene; (4s,7r,7ar)-3,7-dimethyl-4-(2-methylprop-1-en-1-yl)-2,4,5,6,7,7a-hexahydro-1h-indene"
c20481,"cis-abienol; (12z)-labda-12,14-dien-8alpha-ol"
c20482,"(6r)-6beta-hydroxy-1,4,5,6-tetrahydronicotinamide-adenine dinucleotide; (r)-nadh-hydrate; (r)-nadhx"
c20483,"(6r)-6beta-hydroxy-1,4,5,6-tetrahydronicotinamide-adenine dinucleotide phosphate; (r)-nadph-hydrate; (r)-nadphx"
c20484,9-cis-beta-carotene
c20485,(4s)-4-hydroxy-2-oxoglutarate; (s)-2-hydroxy-4-oxopentanedioate; l-4-hydroxy-2-oxoglutarate
c20486,"7-epizingiberene; (5r)-2-methyl-5-[(2r)-6-methylhept-5-en-2-yl]cyclohexa-1,3-diene"
c20487,l-beta-phenylalanine; (r)-3-amino-3-phenylpropanoate
c20488,d-beta-phenylalanine; (s)-3-amino-3-phenylpropanoate
c20489,pelargonidin 3-o-beta-d-sambubioside
c20490,cyanidin 3-o-beta-d-sambubioside
c20491,delphinidin 3-o-beta-d-sambubioside
c20492,pelargonidin 5-o-beta-d-glucoside 3-o-beta-d-sambubioside
c20493,cyanidin 5-o-beta-d-glucoside 3-o-beta-d-sambubioside
c20494,delphinidin 5-o-beta-d-glucoside 3-o-beta-d-sambubioside
c20495,"pelargonidin 3,7-di-o-beta-d-glucoside"
c20496,"delphinidin 3,7-di-o-beta-d-glucoside"
c20497,"n-acetyl-beta-d-mannosaminuronosyl-(1->4)-n-acetyl-alpha-d-glucosaminyl-diphospho-ditrans,octacis-undecaprenol; und-pp-glcnac-mannaca; lipid ii"
c20498,"4-acetamido-4,6-dideoxy-alpha-d-galactosyl-(1->4)-n-acetyl-beta-d-mannosaminuronosyl-(1->4)-n-acetyl-alpha-d-glucosaminyl-diphospho-ditrans,octacis-undecaprenol; und-pp-glcnac-mannaca-fuc4nac; lipid iii"
c20499,"(1's)-averantin; 1,3,6,8-tetrahydroxy-[(1s)-2-hydroxyhexyl]-9,10-anthraquinone"
c20500,"(1's,5's)-5'-hydroxyaverantin; (1's,5's)-hydroxyaverantin"
c20501,"(1's,5'r)-5'-hydroxyaverantin; (1's,5'r)-hydroxyaverantin"
c20502,"5'-oxoaverantin; 1,3,6,8-tetrahydroxy-2-[(1s)-1-hydroxy-5-oxohexyl]anthracene-9,10-dione"
c20503,1'-hydroxyversicolorone; hydroxyversicolorone
c20504,versicolorone
c20505,versiconal hemiacetal acetate
c20506,versiconol acetate
c20507,versiconal
c20508,versiconol
c20509,2'-dehydrokanamycin a; 2'-oxokanamycin
c20510,30-hydroxy-11-oxo-beta-amyrin
c20511,glycyrrhetaldehyde
c20512,tryprostatin b
c20513,6-hydroxytryprostatin b; desmethyltryprostatin a
c20514,"cyclo(l-leucyl-l-leucyl); (3s,6s)-3,6-diisobutylpiperazine-2,5-dione"
c20515,"pulcherriminic acid; 2,5-dihydroxy-3,6-bis(2-methylpropyl)pyrazine bis-n-oxide"
c20516,cyclo(l-tyrosyl-l-tyrosyl)
c20517,mycocyclosin
c20518,"2,3-bis-(o-phytanyl)-sn-glycerol 1-phosphate"
c20519,"cyclo(l-leucyl-l-phenylalanyl); (3s,6s)-3-benzyl-6-(2-methylpropyl)piperazine-2,5-dione"
c20520,"albonoursin; (3z,6z)-3-benzylidene-6-(2-methylpropylidene)piperazine-2,5-dione"
c20521,"cyclo[(z)-alpha,beta-didehydrophenylalanyl-l-leucyl]; (3z,6s)-3-benzylidene-6-(2-methylpropyl)piperazine-2,5-dione"
c20522,dihydrourocanate; deaminohistidine; 3-(1h-imidazol-4-yl)propanoate
c20525,3-geranylgeranylindole; 3-(geranylgeranyl)indole
c20526,"10,11-epoxy-3-geranylgeranylindole"
c20527,emindole sb
c20528,terpendole b
c20529,"14,15-epoxyemindole sb"
c20530,paspaline
c20531,13-desoxypaxilline; 13-deoxypaxilline
c20532,"20,21-diprenylterpendole i"
c20533,lolitrem k
c20534,"12-demethyl-11,12-dehydropaspaline"
c20535,"beta-pc-m6; beta-10-hydroxy-12-demethyl-11,12-dehydropaspaline"
c20536,terpendole e
c20542,13-desoxyterpendole i
c20543,terpendole i
c20545,terpendole j
c20546,terpendole c
c20548,lolitriol
c20549,lolitrem j
c20550,lolitrem e
c20551,lolitrem b
c20552,terpendole k
c20553,paspalicine
c20554,paspalinine
c20555,aflatrem
c20558,"alpha-pc-m6; alpha-10-hydroxy-12-demethyl-11,12-dehydropaspaline"
c20559,4-(beta-d-ribofuranosyl)aniline 5'-phosphate
c20560,n1-(3-aminopropyl)agmatine; n1-aminopropylagmatine
c20561,"21,22-diprenylpaxilline"
c20562,"n-[(7,8-dihydropterin-6-yl)methyl]-4-(beta-d-ribofuranosyl)aniline 5'-phosphate"
c20563,brevianamide f; cyclo(l-trp-l-pro)
c20564,fumitremorgin a
c20565,"cyclic di-3',5'-adenylate; cyclic di-amp; cyclic bis(3'->5')diadenylate"
c20566,"7,8-dihydroneopterin 2'-phosphate"
c20567,"7,8-dihydroneopterin 2',3'-cyclic phosphate"
c20568,beta-l-arabinofuranosyl-(1->2)-beta-l-arabinofuranose
c20569,beta-l-arabinofuranose
c20570,"alpha-1,5-l-arabinobiose"
c20571,"alpha-1,5-l-arabinotriose"
c20572,"alpha-1,5-l-arabinotetraose"
c20573,aldotetraouronic acid
c20574,"(1's,5's)-averufin"
c20575,versicolorin b
c20576,"kunzeaol; 6beta-hydroxygermacra-1(10),4-diene; (1r,2e,6e,10r)-3,7-dimethyl-10-isopropylcyclodeca-2,6-dienol"
c20577,6-tuliposide a; 6-o-(4-hydroxy-2-methylenebutanoyl)-d-glucose
c20578,tulipalin a; 2-methylenebutanolactone
c20579,"cyclopeptine; (3s)-3-benzyl-4-methyl-3,4-dihydro-1h-1,4-benzodiazepine-2,5-dione"
c20580,[trna(ile2)]-2-agmatinylcytidine34
c20581,cis-(homo)2-aconitate
c20582,cis-(homo)3-aconitate
c20583,versicolorin a
c20584,lolicine a
c20585,lolicine b
c20586,terpendole g
c20587,paspaline b
c20588,tetrabromophenol blue
c20589,d-glucosaminate-6-phosphate; 2-amino-2-deoxy-d-gluconate 6-phosphate
c20590,beta-ergocryptine
c20591,fusaproliferin; (-)-fusaproliferin
c20592,moniliformin
c20593,beta-paxitriol; 10beta-hydroxypaxilline
c20594,"20,21-diprenylterpendole j"
c20595,"20,21-diprenylterpendole c"
c20596,penitrem d
c20597,penitrem e
c20598,penitrem f
c20599,pennigritrem
c20600,janthitrem b
c20601,janthitrem c
c20602,l-enduracididine
c20603,(3s)-3-hydroxy-l-enduracididine
c20604,"fumitremorgin c; (5as,12s,14as)-9-methoxy-12-(2-methylprop-1-en-1-yl)-1,2,3,5a,6,11,12,14a-octahydro-5h,14h-pyrrolo[1'',2'':4',5']pyrazino[1',2':1,6]pyrido[3,4-b]indole-5,14-dione"
c20605,"12alpha,13alpha-dihydroxyfumitremorgin c; 12,13-dihydroxyfumitremorgin c"
c20607,"tryprostatin a; (3s,8as)-3-{[6-methoxy-2-(3-methylbut-2-en-1-yl)-1h-indol-3-yl]methyl}hexahydropyrrolo[1,2-a]pyrazine-1,4-dione"
c20608,(s)-2-chloropropanoate; (s)-2-chloropropanoic acid
c20609,2-chloroacrylate; 2-chloroacrylic acid
c20612,"gdp-4-dehydro-3,6-dideoxy-alpha-d-mannose"
c20613,gdp-beta-l-colitose
c20614,kanamycin x
c20615,(r)-8-oxocitronellyl enol
c20616,"aldono-1,5-lactone"
c20617,"beta-d-gal-(1->3)-alpha-d-glcnac-diphospho-ditrans,octacis-undecaprenol"
c20618,"beta-d-gal-(1->4)-alpha-d-glcnac-diphospho-ditrans,octacis-undecaprenol"
c20619,"beta-d-glc-(1->3)-alpha-d-glcnac-diphospho-ditrans,octacis-undecaprenol"
c20620,"n-acetyl-alpha-d-galactosaminyl-diphospho-ditrans,octacis-undecaprenol; n-acetyl-alpha-d-galactosaminyl-1-diphospho-ditrans,octacis-undecaprenol"
c20621,"alpha-d-galnac-(1->3)-alpha-d-galnac-diphospho-ditrans,octacis-undecaprenol"
c20622,"beta-d-gal-(1->3)-alpha-d-galnac-(1->3)-alpha-d-galnac-diphospho-ditrans,octacis-undecaprenol"
c20623,caldariellaquinol
c20624,caldariellaquinone
c20625,"alpha-l-fuc-(1->2)-beta-d-gal-(1->3)-alpha-d-galnac-(1->3)-alpha-d-galnac-diphospho-ditrans,octacis-undecaprenol"
c20626,"alpha-d-gal-(1->3)-(alpha-l-fuc-(1->2))-beta-d-gal-(1->3)-alpha-d-galnac-(1->3)-alpha-d-galnac-diphospho-ditrans,octacis-undecaprenol"
c20627,"cdp-2,3-bis-(o-phytanyl)-sn-glycerol"
c20628,"2,3-bis-(o-phytanyl)-sn-glycero-1-phospho-l-serine"
c20629,8-demethylnovobiocic acid
c20630,fumitremorgin b
c20631,"(2s,3s)-3-hydroxyasparagine"
c20632,methyl gibberellin a9
c20633,methyl gibberellin a4
c20634,o-methyl anthranilate
c20635,methyl (indol-3-yl)acetate
c20636,deoxybrevianamide e
c20637,"5-[[(4,7-dihydroxy-2-oxo-2h-1-benzopyran-3-yl)amino]carbonyl]-4-methyl-1h-pyrrole-3-carboxylate"
c20638,"gdp-4-amino-4,6-dideoxy-alpha-d-mannose; gdp-alpha-d-perosamine"
c20639,o-ureido-l-serine; (2s)-2-amino-3-[(carbamoylamino)oxy]propanoate; (2s)-2-amino-3-(carbamoylamino)oxypropanoic acid
c20640,cyclic gmp-amp; cyclic gp(2'-5')ap(3'-5'); cgamp(2'-5')
c20641,l-threonylcarbamoyladenylate; l-threonylcarbamoyl-amp; tc-amp
c20642,1-archaetidyl-1d-myo-inositol 3-phosphate; 1-saturated archaetidyl-1d-myo-inositol 3-phosphate; archaetidylinositol phosphate
c20643,2-heptyl-4(1h)-quinolone; 2-heptyl-4-quinolone; 2-heptyl-4-hydroxyquinoline
c20644,"2-amino-4,5-dihydroxy-6-oxo-7-(phosphooxy)heptanoate; 2-amino-4,5-dihydroxy-6-oxo-7-(phosphonooxy)heptanoate; 2-amino-4,5-dihydroxy-6-oxo-7-(phosphonooxy)heptanoic acid; 2-amino-4,5-dihydroxy-6-one-heptanoic acid-7-phosphate"
c20645,methyl benzoate
c20646,(3s)-2-oxo-3-phenylbutanoate; (3s)-beta-methylphenylpyruvate
c20647,n1-methyladenine in rrna
c20648,adenine in rrna
c20649,7-[(3s)-(3-amino-3-carboxypropyl)]wyosine in trna(phe)
c20650,7-(dihydroxymethyl)bacteriochlorophyllide c
c20651,o-ureido-d-serine; (2r)-2-amino-3-[(carbamoylamino)oxy]propanoate; (2r)-2-amino-3-(carbamoylamino)oxypropanoic acid
c20652,7-[(3s)-3-amino-3-carboxypropyl]-4-demethylwyosine in trna(phe)
c20653,2-benzylmalic acid; 2-benzylmalate
c20654,3-benzylmalic acid; 3-benzylmalate
c20655,aldopyranose
c20656,(l-prolyl)adenylate
c20657,"meso-2,3-butanediol"
c20658,o-acetyl-adp-ribose; 2''-o-acetyl-adp-ribose; aadpr
c20659,7-[(3s)-3-amino-3-(methoxycarbonyl)propyl]wyosine in trna(phe)
c20660,wybutosine in trna(phe)
c20661,7-(2-hydroxy-3-amino-3-carboxypropyl)wyosine in trna(phe)
c20662,hydroxywybutosine in trna(phe)
c20663,l-histidine-[translation elongation factor 2]
c20664,"(-)-bornyl diphosphate; (2r,4s)-1,7,7-trimethylbicyclo[2.2.1]hept-2-yl diphosphate"
c20665,aryl-carrier protein; [aryl-carrier protein]; holo-[aryl-carrier protein]
c20666,5-oxo-delta-bilirubin; delta-staphylobilin
c20667,15-oxo-beta-bilirubin; beta-staphylobilin
c20668,3-dehydro-d-glucose 6-phosphate
c20669,2-amino-5-chlorophenol
c20670,2-amino-5-chloromuconate 6-semialdehyde
c20672,"gdp-4-acetamido-4,6-dideoxy-alpha-d-mannose; gdp-n-acetyl-alpha-d-perosamine"
c20673,n-isovaleryl-l-homoserine lactone
c20674,n7-methylguanosine
c20675,short-chain acyl-coa
c20676,"short-chain trans-2,3-dehydroacyl-coa"
c20677,n-(4-coumaroyl)-l-homoserine lactone
c20678,26-deglucoprotodioscin
c20679,tungstate; tungstic acid
c20680,2-dehydro-3-deoxy-l-galactonate; 2-keto-3-deoxy-l-galactonate; l-threo-3-deoxy-hexulosonate
c20681,"(e,e)-geranyllinalool; (6e,10e)-geranyllinalool; (6e,10e)-3,7,11,15-tetramethylhexadeca-1,6,10,14-tetraen-3-ol"
c20682,dtdp-alpha-d-fucofuranose
c20683,long-chain acyl-[acyl-carrier protein]
c20684,o-carbamoyladenylate
c20685,"(r)-(2,4-dichlorophenoxy)propanoate; (r)-dichlorprop"
c20686,(s)-2-(4-chloro-2-methylphenoxy)propanoate; (s)-mecoprop
c20687,"(s)-(2,4-dichlorophenoxy)propanoate; (s)-dichlorprop"
c20688,n1-methylguanine in trna(phe)
c20689,15-demethylaclacinomycin t
c20690,"1d-myo-inositol 1,5-bis(diphosphate) 2,3,4,6-tetrakisphosphate"
c20691,4-demethylwyosine in trna(phe); img-14 in trna(phe)
c20692,9-cis-10'-apo-beta-carotenal
c20693,carlactone
c20694,"(2e,4e,6e)-7-hydroxy-4-methylhepta-2,4,6-trienal"
c20695,all-trans-10'-apo-beta-carotenal
c20696,13-apo-beta-carotenone
c20697,"(2e,4e,6e)-4-methylocta-2,4,6-trienedial"
c20698,2-aminoethyl diphenylborinate; 2-apb
c20699,6''-o-carbamoylkanamycin a
c20700,"(e,e)-4,8,12-trimethyltrideca-1,3,7,11-tetraene; (3e,7e)-4,8,12-trimethyltrideca-1,3,7,11-tetraene; tmtt"
c20701,but-3-en-2-one; but-1-en-3-one; methyl vinyl ketone; butenone
c20702,"(8e,10s)-10-hydroperoxyoctadeca-8-enoate; (8e,10s)-10-hydroperoxy-8-octadecenoate"
c20703,"(8e,10s,12z)-10-hydroperoxyoctadeca-8,12-dienoate"
c20704,"(8e,10s,12z,15z)-10-hydroperoxyoctadeca-8,12,15-trienoate"
c20705,"4-o-(beta-l-arabinofuranosyl-(1->2)-beta-l-arabinofuranosyl-(1->2)-beta-l-arabinofuranosyl)-(2s,4s)-4-hydroxyproline; (ara-f)3-hyp"
c20706,"4-o-(beta-l-arabinofuranosyl)-(2s,4s)-4-hydroxyproline"
c20707,26-desgluco-avenacoside b
c20708,robenacoxib
c20709,"diosgenin 3-o-beta-d-glucopyranoside; (3beta,25r)-spirost-5-en-3-ol 3-o-beta-d-glucopyranoside"
c20710,"(4r,5r)-4,5-dihydroxycyclohexa-1(6),2-diene-1-carboxylate; (3r,4r)-3,4-dihydroxycyclohexa-1,5-diene-1-carboxylate; dcdc"
c20711,miltiradiene
c20712,"(s)-laudanine; (+)-laudanidine; 5-[((1s)-6,7-dimethoxy-2-methyl-1,2,3,4-tetrahydroisoquinolin-1-yl)methyl]-2-methoxyphenol"
c20713,ginsenoside rb1
c20714,3-oxodecanoate
c20715,"protopanaxadiol; dammar-24-ene-3beta,12beta,20-triol; (20s)-protopanaxadiol"
c20716,"protopanaxatriol; dammar-24-ene-3beta,6alpha,12beta,20-tetrol"
c20717,"4-hydroxy-2,5-dimethylfuran-3(2h)-one; dimethylhydroxy furanone"
c20718,4-hydroxy-5-methyl-2-methylenefuran-3(2h)-one
c20719,vancomycin aglycone
c20720,desvancosaminyl-vancomycin; vancomycin pseudoaglycone; devancosaminyl-vancomycin
c20721,chloroorienticin b
c20722,3-o-(alpha-d-mannosyl)-l-threonyl-[protein]; [protein]-3-o-(alpha-d-mannosyl)-l-threonine; o-d-mannosylprotein
c20723,3-o-[n-acetyl-beta-d-glucosaminyl-(1->4)-alpha-d-mannosyl]-l-threonyl-[protein]
c20724,(+)-thujopsene
c20725,ginsenoside rd
c20726,phenyl 5-phospho-alpha-d-ribofuranoside
c20727,kaempferol 3-o-beta-d-xyloside
c20729,[sulfur-carrier protein]-gly-nh-ch2-c(o)-s-l-cysteine; [sulfur-carrier protein]-s-l-cysteine
c20730,[protein]-fmn-l-threonine; [protein]-flavin mononucleotide-l-threonine; [protein]-riboflavin-5'-phosphate-l-threonine
c20731,penitrem b
c20732,mycothiol s-conjugate
c20734,3-o-[n-acetyl-beta-d-galactosaminyl-(1->3)-n-acetyl-beta-d-glucosaminyl-(1->4)-alpha-d-mannosyl]-l-threonyl-[protein]
c20735,n-acyl-aromatic-l-amino acid
c20736,gypenoside xvii; ginsenoside xvii
c20737,"6-geranylgeranyl-2-methylbenzene-1,4-diol"
c20738,"6-geranylgeranyl-2,3-dimethylbenzene-1,4-diol"
c20739,neopikromycin
c20740,novapikromycin
c20741,novamethymycin
c20742,2'-phospho-cyclic adp-ribose; cadprp
c20743,protein n6-acetyl-l-lysine; acetylprotein; [protein]-n6-acetyl-l-lysine
c20744,alpha-nadh
c20745,alpha-nadph
c20746,(3r)-citramalyl-coa; d-citramalyl-coa; (r)-citramalyl-coa
c20747,(r)-malyl-coa; (3r)-3-carboxy-3-hydroxypropanoyl-coa
c20748,(e)-4-(trimethylammonio)but-2-enoyl-coa; crotonobetainyl-coa
c20749,4-trimethylammoniobutanoyl-coa; gamma-butyrobetainyl-coa
c20750,l-carnitinyl-coa
c20751,n6-l-threonylcarbamoyladenine in trna; t6a in trna
c20752,2-methylthio-n6-l-threonylcarbamoyladenine in trna; 2-(methylsulfanyl)-n6-l-threonylcarbamoyladenine in trna; ms2t6a in trna
c20753,2-methylthio-n6-dimethylallyladenine in trna; 2-methylthio-n6-isopentenyladenine in trna; 2-(methylsulfanyl)-n6-dimethylallyladenine in trna; n6-(3-methylbut-2-en-1-yl)-2-(methylsulfanyl)adenine in trna; 2-(methylsulfanyl)-n6-prenyladenine in trna; ms2i6a in trna
c20754,2-thio-n6-l-threonylcarbamoyladenine in trna; 2-sulfanyl-n6-l-threonylcarbamoyladenine in trna
c20755,2-thio-n6-dimethylallyladenine in trna; 2-sulfanyl-n6-dimethylallyladenine in trna; n6-(3-methylbut-2-en-1-yl)-2-thioadenine in trna
c20756,[ribosomal protein s12]-l-aspartate
c20757,[ribosomal protein s12]-3-thioaspartate
c20758,[ribosomal protein s12]-3-methylthioaspartate; 3-(methylsulfanyl)-l-aspartate-[ribosomal protein s12]
c20759,desulfo-a47934
c20760,20-oxo-5-o-beta-mycaminosyltylactone; 23-deoxy-5-o-beta-mycaminosyltylonolide
c20761,"alpha-d-man-(1->2)-alpha-d-man-(1->2)-[alpha-d-man-(1->3)-alpha-d-man-(1->3)-alpha-d-man-(1->2)-alpha-d-man-(1->2)]n-alpha-d-man-(1->3)-alpha-d-man-(1->3)-alpha-d-man-(1->3)-alpha-d-glcnac-diphospho-ditrans,octacis-undecaprenol"
c20762,"3-o-phospho-alpha-d-man-(1->2)-alpha-d-man-(1->2)-[alpha-d-man-(1->3)-alpha-d-man-(1->3)-alpha-d-man-(1->2)-alpha-d-man-(1->2)]n-alpha-d-man-(1->3)-alpha-d-man-(1->3)-alpha-d-man-(1->3)-alpha-d-glcnac-diphospho-ditrans,octacis-undecaprenol"
c20763,"3-o-methylphospho-alpha-d-man-(1->2)-alpha-d-man-(1->2)-[alpha-d-man-(1->3)-alpha-d-man-(1->3)-alpha-d-man-(1->2)-alpha-d-man-(1->2)]n-alpha-d-man-(1->3)-alpha-d-man-(1->3)-alpha-d-man-(1->3)-alpha-d-glcnac-diphospho-ditrans,octacis-undecaprenol"
c20764,phytyl phosphate
c20765,"dtdp-beta-l-evernosamine; dtdp-3-amino-2,3,6-trideoxy-3-c-methyl-4-o-methyl-beta-l-arabino-hexopyranose"
c20766,dtdp-n-hydroxy-beta-l-evernosamine
c20767,"dtdp-2,3,6-trideoxy-3-c-methyl-4-o-methyl-3-nitroso-beta-l-arabino-hexopyranose"
c20768,"udp-2-acetamido-2,6-dideoxy-beta-l-talose; udp-n-acetyl-beta-l-pneumosamine"
c20769,"udp-2-acetamido-2,6-dideoxy-beta-l-lyxo-4-hexulose; udp-4-keto-n-acetyl-beta-l-rhamnosamine; udp-4-keto-l-rhanac"
c20770,n-methylpavine
c20771,(+/-)-pavine
c20772,3-[(1-carboxyvinyl)oxy]benzoate; 3-[(1-carboxyethenyl)oxy]benzoic acid
c20773,6-amino-6-deoxyfutalosine
c20774,udp-n-acetyl-beta-l-fucosamine
c20775,beta-citryl-l-glutamate; beta-citrylglutamate
c20776,n-acetylaspartylglutamylglutamate; n-acetyl-l-aspartyl-l-glutamyl-l-glutamate; naag2
c20777,gypenoside lxxv; ginsenoside lxxv
c20778,ginsenoside rg3; (20s)-ginsenoside rg3
c20779,ginsenoside f2
c20780,ginsenoside f1
c20781,"2,4-diketo-3-deoxy-l-fuconate; 2,4-didehydro-3-deoxy-l-fuconate; (5s)-5-hydroxy-2,4-dioxohexanoate; 2,4-diketo-3-deoxy-l-rhamnonate; 2,4-didehydro-3-deoxy-l-rhamnonate"
c20782,(s)-2-phenyloxirane; (s)-styrene oxide
c20783,propane
c20784,adp-5-ethyl-4-methylthiazole-2-carboxylate; adenosine diphospho-5-beta-ethyl-4-methylthiazole-2-carboxylic acid
c20785,eleutheroside a; sitogluside; beta-sitosterol d-glucoside
c20786,eleutheroside e
c20787,"23,24-dihydrocucurbitacin b"
c20788,"homocystine; 4,4'-dithiobis(2-aminobutyric acid)"
c20789,"7-deoxyloganetate; (1s,4as,7s,7ar)-1-hydroxy-7-methyl-1,4a,5,6,7,7a-hexahydrocyclopenta[c]pyran-4-carboxylate"
c20790,7-deoxyloganetin
c20791,methyl thioether; methyl sulfide
c20792,oleoylethanolamide; oea
c20793,3-hydroxyoctanoate; 3-hydroxyoctanoic acid
c20794,n-7 unsaturated acyl-[acyl-carrier protein]; omega-7 fatty acyl-[acyl-carrier protein]
c20795,penitrem c
c20796,n6-dimethyladenine in rrna; rrna containing n6-dimethyladenine
c20799,grixazone b
c20800,3-methyl-l-tyrosine
c20801,3-hydroxy-5-methyl-l-tyrosine
c20802,(4s)-4-hydroxy-l-isoleucine; hydroxyisoleucine
c20803,5-methyl-1-naphthoate
c20804,alpha-longipinene; (+)-alpha-longipinene
c20805,3-hydroxy-5-methyl-1-naphthoate
c20806,omega-hydroxyphylloquinone
c20807,3-hydroxy-l-phenylalanine; 3-tyrosine
c20808,2-methyl-1-pyrroline
c20809,(r)-2-methylpyrrolidine
c20810,(s)-3-chloro-beta-tyrosyl-[pcp]; (3s)-3-amino-3-(3-chloro-4-hydroxyphenyl)propanoyl-[peptidyl-carrier protein]
c20811,"(-)-exo-alpha-bergamotene; trans-alpha-bergamotene; (1s,5s,6r)-2,6-dimethyl-6-(4-methylpent-3-en-1-yl)bicyclo[3.1.1]hept-2-ene"
c20813,oa-6129 a
c20814,oa-6129 c
c20815,mm 4550
c20816,deacetylepithienamycin f; deacetyl mm 17880; na 26975
c20817,c20817; carbapenem biosynthesis intermediate 1
c20818,c20818; carbapenem biosynthesis intermediate 2
c20819,c20819; carbapenem biosynthesis intermediate 5
c20820,"2,3-dihydrothienamycin"
c20821,c20821; carbapenem biosynthesis intermediate 6
c20822,c20822; carbapenem biosynthesis intermediate 3
c20823,c20823; carbapenem biosynthesis intermediate 4
c20824,"3-nitrobenzanthrone; 3-nitro-7h-benzo[d,e]anthracen-7-one"
c20825,seminolipid; 3-sulfogalactosyl-1-alkyl-2-acylglycerol; 3-sulfogalactosyl-2-acyl-1-alkyl-sn-glycerol; 1-o-alkyl-2-o-acyl-3-beta-(3'-sulfogalactosyl)-sn-glycerol
c20826,isovalerylcarnitine; o-isovaleryl-l-carnitine
c20827,3-hydroxyisovalerate; 3-hydroxy-3-methylbutyrate
c20828,3-methylcrotonylglycine
c20829,sulfoquinovose; 6-deoxy-6-sulfo-d-glucopyranose; 6-deoxy-6-sulfo-d-glucose
c20830,6-deoxy-6-sulfo-d-fructose
c20831,6-deoxy-6-sulfo-d-fructose 1-phosphate
c20832,hydroperoxyicosatetraenoate
c20833,oxoicosatetraenoate
c20834,"cyclooctat-9-en-7-ol; (1s,3as,4r,7s,9as,10as)-1,4,9a-trimethyl-7-(propan-2-yl)-1,2,3,3a,4,5,7,8,9,9a,10,10a-dodecahydrodicyclopenta[a,d][8]annulen-4-ol"
c20835,alpha-l-fucopyranose; alpha-l-fucose
c20836,beta-l-fucopyranose; beta-l-fucose
c20837,hydroxyepoxyicosatrienoate
c20838,"3-[(3as,4s,7as)-7a-methyl-1,5-dioxo-octahydro-1h-inden-4-yl]propanoyl-coa; hip-coa"
c20839,(25r)-3-oxocholest-4-en-26-oate; 3-oxo-4-cholesten-26-oate; 3-oxo-4-cholesten-26-oic acid
c20840,(25s)-3-oxocholest-4-en-26-oyl-coa
c20841,2-hydroxy-7-methoxy-5-methyl-1-naphthoate
c20842,2-hydroxy-7-methoxy-5-methyl-1-naphthoyl-coa
c20843,n5-phenyl-l-glutamine; gamma-glutamylanilide
c20844,"(2z,4s,5r)-2-amino-4,5,6-trihydroxyhex-2-enoate"
c20845,"(4s,5r)-4,5,6-trihydroxy-2-iminohexanoate"
c20846,3-oxo-3-ureidoisobutyrate
c20847,(r)-mevalonate 3-phosphate; (r)-3-phosphomevalonate
c20848,"(r)-mevalonate 3,5-bisphosphate; (r)-3,5-diphosphomevalonate; (r)-3,5-bisphosphomevalonate"
c20849,udp-2-acetamido-3-dehydro-2-deoxy-alpha-d-glucopyranose
c20850,n5-hydroxy-l-ornithine; delta-n-hydroxyornithine
c20851,"dihydromonacolin l acid; (3r,5r)-7-[(1s,2s,4ar,6r,8as)-2,6-dimethyl-1,2,4a,5,6,7,8,8a-octahydronaphthalen1yl]-3,5-dihydroxyheptanoate"
c20852,"3alpha-hydroxy-3,5-dihydromonacolin l acid; (3r,5r)-7-[(1r,2r,3s,6r,8ar)-3-hydroxy-2,6-dimethyl-1,2,3,5,6,7,8,8a-octahydronaphthalen-1-yl]-3,5-dihydroxyheptanoate"
c20853,"monacolin l acid; (3r,5r)-7-[(1s,2s,6r,8ar)-2,6-dimethyl-1,2,6,7,8,8a-hexahydronaphthalen-1-yl]-3,5-dihydroxyheptanoate"
c20854,"monacolin j acid; (3r,5r)-7-[(1s,2s,6r,8s,8ar)-8-hydroxy-2,6-dimethyl-1,2,6,7,8,8a-hexahydronaphthalen-1-yl]-3,5-dihydroxyheptanoic acid"
c20855,"22-hydroxydocosahexaenoate; (4z,7z,10z,13z,16z,19z)-22-hydroxydocosahexaenoic acid"
c20856,2-hydroxy-5-methyl-1-naphthoate
c20857,"2,7-dihydroxy-5-methyl-1-naphthoate"
c20858,protein n5-methyl-l-glutamine
c20859,galactosyl-1-alkyl-2-acylglycerol; galactosyl-2-acyl-1-alkyl-sn-glycerol; 1-o-alkyl-2-o-acyl-3-beta-galactosyl-sn-glycerol
c20860,"triglucosyldiacylglycerol; 1,2-diacyl-3-o-[beta-d-glucopyranosyl-(1->6)-beta-d-glucopyranosyl-(1->6)-o-beta-d-glucopyranosyl]-sn-glycerol"
c20861,"mannobiose; beta-1,4-mannobiose"
c20862,5'-(n7-methyl 5'-triphosphoguanosine)-(2'-o-methyl-purine-ribonucleotide)-(2'-o-methyl-ribonucleotide)-[mrna]
c20863,5'-phospho-[mrna]; (5')ppur-mrna
c20864,5'-triphospho-[mrna]; (5')ppppur-mrna
c20865,"3beta,12alpha-dihydroxy-5beta-cholanoate; 3beta,12alpha-dihydroxy-5beta-cholanoic acid"
c20866,"alloavicholate; alloavicholic acid; 3alpha,7alpha,16alpha-trihydroxy-5alpha-cholan-24-oic acid"
c20867,"avideoxycholate; avideoxycholic acid; 3alpha,16alpha-dihydroxy-5beta-cholan-24-oic acid"
c20868,"cygnocholate; cygnocholic acid; 3alpha,7alpha,15alpha-trihydroxy-5beta-cholan-24-oic acid"
c20869,udpmurnac(oyl-l-ala-gamma-d-glu-l-lys-d-ala-d-lac); udp-n-acetylmuramoyl-l-alanyl-gamma-d-glutamyl-l-lysyl-d-alanyl-d-lactate; udp-n-acetylmuramoyl-l-alanyl-d-glutamyl-l-lysyl-d-alanyl-d-lactate
c20870,3-(methylthio)propanoyl-coa; 3-(methylsulfanyl)propanoyl-coa
c20871,3'-hydroxyflavone
c20872,3'-methoxyflavone
c20873,udpmurnac(oyl-l-ala-gamma-d-glu-l-lys-d-ala-d-ser); udp-n-acetylmuramoyl-l-alanyl-gamma-d-glutamyl-l-lysyl-d-alanyl-d-serine; udp-n-acetylmuramoyl-l-alanyl-d-glutamyl-l-lysyl-d-alanyl-d-serine
c20874,undecaprenyl-diphospho-n-acetylmuramoyl-(n-acetylglucosamine)-l-alanyl-gamma-d-glutamyl-l-lysyl-d-alanyl-d-serine; glcnac-(1->4)-murnac(oyl-l-ala-gamma-d-glu-l-lys-d-ala-d-ser)-diphosphoundecaprenol
c20875,undecaprenyl-diphospho-n-acetylmuramoyl-(n-acetylglucosamine)-l-alanyl-gamma-d-glutamyl-l-lysyl-d-alanyl-d-lactate; glcnac-(1->4)-mur2ac(oyl-l-ala-gamma-d-glu-l-lys-d-ala-d-lac)-diphosphoundecaprenol; glcnac-(1->4)-murnac(oyl-l-ala-gamma-d-glu-l-lys-d-ala-d-lac)-diphosphoundecaprenol
c20876,very-long-chain acyl-coa
c20877,very-long-chain 3-oxoacyl-coa
c20878,very-long-chain (3r)-3-hydroxyacyl-coa
c20879,"very-long-chain trans-2,3-dehydroacyl-coa"
c20880,"udp-n-acetylmuramoyl-l-alanyl-d-glutamyl-ll-2,6-diaminopimeloyl-d-alanyl-d-lactate; udp-n-acetylmuramoyl-l-alanyl-gamma-d-glutamyl-ll-2,6-diaminopimeloyl-d-alanyl-d-lactate"
c20881,"undecaprenyl-diphospho-n-acetylmuramoyl-(n-acetylglucosamine)-l-alanyl-d-glutamyl-ll-2,6-diaminopimeloyl-d-alanyl-d-lactate; undecaprenyl-diphospho-n-acetylmuramoyl-(n-acetylglucosamine)-l-alanyl-gamma-d-glutamyl-ll-2,6-diaminopimeloyl-d-alanyl-d-lactate"
c20882,"undecaprenyl-diphospho-n-acetylmuramoyl-(n-acetylglucosamine)-l-alanyl-d-glutamyl-ll-2,6-diaminopimeloyl-(glycyl)-d-alanyl-d-lactate; und-pp-murnac-(glcnac)-l-ala-d-glu-ll-dap-(gly)-d-ala-d-lac; undecaprenyl-diphospho-n-acetylmuramoyl-(n-acetylglucosamine)-l-alanyl-gamma-d-glutamyl-ll-2,6-diaminopimeloyl-(glycyl)-d-alanyl-d-lactate"
c20883,"3,4-dihydroxybenzoyl-[aryl-carrier protein]; 3,4-dihydroxybenzoyl-[acp]"
c20884,"(3,4-dihydroxybenzoyl)adenylate"
c20885,n-citryl-spermidine
c20886,"udp-n-acetylmuramoyl-l-alanyl-gamma-d-glutamyl-ll-2,6-diaminopimelate; udp-n-acetylmuramoyl-l-alanyl-gamma-d-glutamyl-ll-2,6-diaminoheptanedioate"
c20887,"beta-d-mannosyl-1,4-n-acetyl-d-glucosamine; 4-o-beta-d-mannopyranosyl-n-acetyl-d-glucosamine"
c20888,cellobionate; cellobionic acid; 4-o-beta-d-glucopyranosyl-d-gluconate
c20889,"d-galactaro-1,5-lactone"
c20890,"d-glucaro-1,5-lactone"
c20891,isoxazolin-5-one; 5-hydroxyisoxazole
c20892,3-(5-oxoisoxazolin-2-yl)-l-alanine; beta-(isoxazolin-5-on-2-yl)-l-alanine
c20893,3-(5-oxoisoxazolin-4-yl)-l-alanine; beta-(isoxazolin-5-on-4-yl)-l-alanine
c20894,beta-citraurin; 3-hydroxy-beta-apo-8'-carotenal; 3beta-hydroxy-8'-apo-beta-carotenal
c20895,"(2s,3s)-3-methylphenylalanine"
c20896,"d-galactaro-1,4-lactone"
c20897,"glycerophosphoglycoglycerolipid; (sn-gro-1-p)->6glc-alpha1->2glc-alpha1->3acyl2gro; (sn-gro-1-p)->6glcalpha1->2glcalpha1->3acyl2gro; 1,2-diacyl-3-[6''-(sn-glycero-1-phospho-)-alpha-d-kojibiosyl]-sn-glycerol"
c20898,lipoteichoic acid; (sn-gro-1-p)n->6glc-beta1->6glc-beta1->3acyl2gro
c20899,"furan-2,5-dicarbaldehyde; 2,5-furandicarboxaldehyde"
c20900,5-(dihydroxymethyl)furan-2-carbaldehyde
c20901,5-(dihydroxymethyl)furan-2-carboxylate
c20902,"3,6-anhydro-alpha-l-galactopyranose"
c20903,"3,6-anhydro-l-galactonate"
c20904,2-iminopropanoate
c20905,2-iminobutanoate
c20906,"galactosylglucosyldiacylglycerol; gal-alpha1->2glc-alpha1->3acyl2gro; 1,2-diacyl-3-o-[alpha-d-galactopyranosyl-(1->2)-o-alpha-d-glucopyranosyl]-sn-glycerol"
c20907,"chondroitin 4,6-sulfate; chondroitin sulfate e"
c20908,dermatan 4-sulfate; chondroitin sulfate b
c20909,"dermatan 4,6-sulfate"
c20910,l-4-hydroxyphenylglycyl-l-arginine; l-phpg-l-arg
c20911,c20911; tabtoxin biosynthesis intermediate 1
c20912,c20912; tabtoxin biosynthesis intermediate 2
c20913,c20913; tabtoxin biosynthesis intermediate 3
c20914,c20914; tabtoxin biosynthesis intermediate 4
c20915,c20915; tabtoxin biosynthesis intermediate 5
c20916,c20916; tabtoxin biosynthesis intermediate 6
c20917,tabtoxin; beta-tabtoxin
c20918,tabtoxinine-beta-lactam
c20919,isotabtoxin; delta-tabtoxin
c20920,tabtoxinine-delta-lactam
c20921,n1-acetyl-tabtoxinine-beta-lactam
c20922,"cembrene c; (1e,5e,9e)-1,5,9-trimethyl-12-(propan-2-ylidene)cyclotetradeca-1,5,9-triene"
c20923,"(r)-nephthenol; 2-[(1r,3e,7e,11e)-4,8,12-trimethyltetradeca-3,7,11-trien-1-yl]propan-2-ol"
c20924,"(1s,4e,8e,12e)-2,2,5,9,13-pentamethylcyclopentadeca-4,8,12-trien-1-ol"
c20925,"l-alanyl-gamma-d-glutamyl-meso-2,6-diaminoheptanedioate; l-alanyl-gamma-d-glutamyl-meso-2,6-diaminopimelate"
c20926,gamma-glutamyltyramine; gamma-l-glutamyltyramine
c20927,sulfazecin; sq 26445
c20928,mm 42842
c20929,3alpha-hydroxy-3-aminoacylmonobactamic acid
c20930,"c18g peptide; human platelet factor iv 18, c18g"
c20931,4-amino-4-deoxy-l-arabinose; l-ara4n
c20933,(9z)-hexadec-9-enoyl-kdo2-lipid iv(a); palmitoleoyl-kdo2-lipid iv(a); (9z)-hexadec-9-enoyl-kdo2-lipid iva
c20934,3-deoxy-d-glycero-d-galacto-non-2-ulopyranosonate; 3-deoxy-d-glycero-d-galacto-non-2-ulosonic acid; 2-keto-3-deoxy-d-glycero-d-galacto-nononic acid; kdn; deaminated neuraminic acid; ketodeoxynonulonic acid; 3-deoxy-d-glycero-d-galacto-non-2-ulopyranosonic acid
c20935,"2-5a; 2',5'-oligoadenylate 5'-triphosphate"
c20936,"pppa2'p5'a2'p5'a; trimeric 2-5a; 2',5'-triadenylate 5'-triphosphate"
c20937,nitroxyl
c20938,"2,2'-disulfonyl azobenzene"
c20939,"3-[(4-amino-6-chloro-1,3,5-triazin-2-yl)amino]benzenesulfonate"
c20940,l-dihydroanticapsin
c20941,l-anticapsin; anticapsin
c20942,bacilysin
c20943,"(r)-ipsdienol; (4r)-2-methyl-6-methyleneocta-2,7-dien-4-ol"
c20944,"ipsdienone; 2-methyl-6-methyleneocta-2,7-dien-4-one"
c20945,erythrodiol
c20946,oleanolic aldehyde
c20947,(z)-icos-5-enoyl-coa
c20948,lysw-l-glutamate; lysw-glutamate; lysw-gamma-(l-glutamyl)-l-glutamate
c20949,lysw-l-glutamyl 5-phosphate; [amino-group carrier protein]-c-terminal-gamma-(5-phospho-l-glutamyl)-l-glutamate
c20950,lysw-l-glutamate 5-semialdehyde; [amino-group carrier protein]-c-terminal-gamma-(l-glutamate 5-semialdehyde-2-yl)-l-glutamate
c20951,lysw-l-ornithine
c20952,"n1-(3,4-dihydroxybenzoyl)-n8-citryl spermidine; 3,4-dihydroxybenzoyl-citryl-spermidine"
c20953,"3-[(4r)-4-hydroxycyclohexa-1,5-dien-1-yl]-2-oxopropanoate"
c20954,(5-formylfuran-3-yl)methyl phosphate; 2-furaldehyde phosphate; 4-hfc-p; 4-(hydroxymethyl)-2-furancarboxaldehyde phosphate
c20955,3-(methylthio)acryloyl-coa; methylthioacryloyl-coa; 3-(methylsulfanyl)acryloyl-coa
c20956,alpha-d-sedoheptulopyranose 7-phosphate
c20957,l-alanyl-d-glutamate
c20958,l-alanyl-l-glutamate
c20959,"(4s)-4-hydroxy-5-phosphooxypentane-2,3-dione; (4s)-4-hydroxy-5-phosphonooxypentane-2,3-dione; phospho-dpd; p-dpd; (2s)-2-hydroxy-3,4-dioxopentyl phosphate; phospho-ai-2"
c20960,"3-hydroxy-5-phosphooxypentane-2,4-dione; 3-hydroxy-5-phosphonooxypentane-2,4-dione; 3-hydroxy-2,4-pentadione-5-phosphate; p-hpd; 3-hydroxy-2,4-dioxopentyl phosphate"
c20961,"n3-fumaroyl-l-2,3-diaminopropanoate; n3-fumaroyl-(s)-2,3-diaminopropanoate; (2e)-4-{[(2s)-2-amino-2-carboxyethyl]amino}-4-oxobut-2-enoate"
c20962,dapdiamide a; 3-{[(2e)-4-amino-4-oxobut-2-enoyl]amino}-l-alanyl-l-valine
c20963,dapdiamide b; 3-{[(2e)-4-amino-4-oxobut-2-enoyl]amino}-l-alanyl-l-isoleucine
c20964,dapdiamide c; 3-{[(2e)-4-amino-4-oxobut-2-enoyl]amino}-l-alanyl-l-leucine
c20965,"n(beta)-epoxysuccinamoyl-dap-val; n(beta)-epoxysuccinamoyl-diaminopropionyl-valine; 3-({[(2r,3r)-3-carbamoyloxiran-2-yl]carbonyl}amino)-l-alanyl-l-valine"
c20966,3-{[(2e)-4-amino-4-oxobut-2-enoyl]amino}-l-alanine
c20967,"n(beta)-epoxysuccinamoyl-dap; n(beta)-epoxysuccinamoyl-diaminopropionate; 3-({[(2r,3r)-3-carbamoyloxiran-2-yl]carbonyl}amino)-l-alanine"
c20968,3-hydroxy-3-(methylthio)propanoyl-coa; 3-hydroxy-3-(methylsulfanyl)propanoyl-coa
c20969,carboxyphosphate
c20970,angiotensin a
c20971,alamandine
c20972,angiotensin (5-8); angiotensin-(5-8)
c20973,angiotensin (5-7); angiotensin-(5-7)
c20974,8-demethyl-8-alpha-l-rhamnosyltetracenomycin c
c20975,8-demethyl-8-(2-o-methyl-alpha-l-rhamnosyl)tetracenomycin c
c20976,"8-demethyl-8-(2,3-di-o-methyl-alpha-l-rhamnosyl)tetracenomycin c"
c20977,"8-demethyl-8-(2,3,4-tri-o-methyl-alpha-l-rhamnosyl)tetracenomycin c"
c20978,glucoselysine
c20979,glucoselysine-6-phosphate
c20980,3-methoxy-5-methyl-1-naphthoate
c20981,"5,10-dihydrophenazine-1-carboxylate"
c20982,"9-(dimethylallyl)-5,10-dihydrophenazine-1-carboxylate; 9-prenyl-5,10-dihydrophenazine-1-carboxylate; dihydroendophenazine a"
c20983,4-o-dimethylallyl-l-tyrosine; 4-o-prenyl-l-tyrosine
c20984,3-linalylflaviolin
c20985,"2-sulfotrehalose; 2-o-sulfo-alpha,alpha-trehalose"
c20986,"d-ribose 2,5-bisphosphate"
c20987,3-sulfinopropanoyl-coa
c20988,[n-(6-aminohexanoyl)]n; 6-aminohexanoate oligomer; nylon-6 oligomer
c20990,6-aminohexanoate cyclic oligomer; nylon-6 cyclic oligomer
c20991,"1,2-diacyl-3-o-[beta-d-galactosyl-(1->6)-beta-d-galactosyl]-sn-glycerol; galbeta1->6galbeta1->3acyl2gro"
c20992,"juvenile hormone i acid; (2e,6e,10r,11s)-10,11-epoxy-7-ethyl-3,11-dimethyl-2,6-tridecadienoate"
c20993,s-(l-histidin-5-yl)-l-cysteine s-oxide
c20994,s-(hercyn-2-yl)-l-cysteine s-oxide
c20995,gamma-l-glutamyl-s-(hercyn-2-yl)-l-cysteine s-oxide
c20996,(14e)-hexadec-14-enoyl-coa
c20997,(14z)-hexadec-14-enoyl-coa
c20998,(11z)-hexadec-11-enoyl-coa
c20999,"(10e,12z)-hexadeca-10,12-dienoyl-coa"
c21000,"(9z,12z)-hexadeca-9,12-dienoyl-coa"
c21001,"2-o,3-dimethylflaviolin"
c21002,"6-linalyl-2-o,3-dimethylflaviolin"
c21003,"7-o-geranyl-2-o,3-dimethylflaviolin"
c21004,"norspermine; n,n'-bis(3-aminopropyl)-1,3-propanediamine"
c21005,18-hydroxyoleoyl-coa
c21006,18-hydroxylinoleoyl-coa
c21007,"5,6,7,8-tetrahydromonapterin"
c21008,"7,8-dihydromonapterin"
c21009,n4-aminopropylspermidine
c21010,n4-bis(aminopropyl)spermidine
c21011,[protein]-n(epsilon)-(carboxymethyl)lysine; cml-r
c21012,[protein]-n(epsilon)-(carboxyethyl)lysine; cel-r
c21013,[protein]-pyrraline; pyrraline-r
c21014,[protein]-pentosidine; pentosidine-r
c21015,gamma-l-glutamyl-l-2-aminobutyrate
c21016,ophthalmate; gamma-l-glutamyl-l-2-aminobutyrylglycine
c21017,2-(alpha-hydroxypropyl)thiamine diphosphate; 2-hydroxypropyl-thpp
c21018,enzyme n6-(s-propyldihydrolipoyl)lysine; s-propyldihydrolipoamide-e
c21019,1-acyl-2-[(12r)-12-hydroxyoleoyl]-sn-glycero-3-phosphocholine
c21020,(2'r)-2'-hydroxyphytoceramide
c21021,(2'r)-2'-hydroxydihydroceramide
c21022,"(4e,8e)-sphinga-4,8-dienine ceramide; n-acyl-(4e,8e)-sphinga-4,8-dienine"
c21023,"(4e,8e,10e)-sphinga-4,8,10-trienine ceramide"
c21024,"(4r,8e)-4-hydroxysphing-8-enine ceramide"
c21025,"(4r,8z)-4-hydroxysphing-8-enine ceramide"
c21026,iminoarginine; 5-carbamimidamido-2-iminopentanoate
c21027,n-acetylmuramic acid alpha-1-phosphate; n-acetylmuramate alpha-1-phosphate; murnac alpha-1-phosphate; n-acetyl-alpha-d-muramate 1-phosphate
c21028,"(r)-5,6-dihydrothymine; (5r)-dihydrothymine"
c21029,(r)-3-ureidoisobutyrate; (r)-n-carbamyl-beta-aminoisobutyrate
c21030,(r)-methylmalonate semialdehyde
c21031,5-hydroxymethylcytosine in dna; dna 5-hydroxymethylcytosine
c21032,l-altrose; l-altropyranose
c21033,6-deoxy-l-altrose; 6-deoxy-l-altropyranose
c21034,l-altruronic acid; l-altropyranuronic acid
c21035,l-altrosamine; 2-amino-2-deoxy-l-altropyranose
c21036,n-acetyl-l-altrosamine; 2-acetamido-2-deoxy-l-altropyranose
c21037,d-alluronic acid; d-allopyranuronic acid
c21038,d-allosamine; 2-amino-2-deoxy-d-allopyranose
c21039,n-acetyl-d-allosamine; 2-acetamido-2-deoxy-d-allopyranose
c21040,d-apiofuranose; apiose; 3-c-(hydroxymethyl)-d-erythofuranose; d-apiose
c21041,"bacillosamine; 2,4-diamino-2,4,6-trideoxy-d-glucopyranose"
c21042,d-glycero-d-manno-heptose; d-glycero-d-manno-heptopyranose
c21043,l-glycero-d-manno-heptose; l-glycero-d-manno-heptopyranose
c21044,3-deoxy-lyxo-heptulosaric acid; 3-deoxy-d-lyxo-hept-2-ulopyranosaric acid
c21045,"d-digitoxose; 2,6-dideoxy-d-ribo-hexopyranose"
c21046,"n-acetyl-l-fucosamine; 2-acetamido-2,6-dideoxy-l-galactopyranose"
c21047,d-guluronic acid; d-gulopyranuronic acid
c21048,d-gulosamine; 2-amino-2-deoxy-d-gulopyranose
c21049,n-acetyl-d-gulosamine; 2-acetamido-2-deoxy-d-gulopyranose
c21050,l-idose; l-idopyranose
c21051,l-idosamine; 2-amino-2-deoxy-l-idopyranose
c21052,n-acetyl-l-idosamine; 2-acetamido-2-deoxy-l-idopyranose
c21053,n-glycolylmuramic acid; 2-glycolylamido-3-o-[(r)-1-carboxyethyl]-2-deoxy-d-glucopyranose
c21054,"olivose; d-olivose; 2,6-dideoxy-d-arabino-hexopyranose"
c21055,"paratose; 3,6-dideoxy-d-ribo-hexopyranose"
c21056,"n-acetyl-l-rhamnosamine; 2-acetamido-2,6-dideoxy-l-mannopyranose"
c21057,d-ribose; d-ribopyranose
c21058,6-deoxy-d-talose; 6-deoxy-d-talopyranose
c21059,d-taluronic acid; d-talopyranuronic acid
c21060,d-talosamine; 2-amino-2-deoxy-d-talopyranose
c21061,n-acetyl-d-talosamine; 2-acetamido-2-deoxy-d-talopyranose
c21062,"tyvelose; 3,6-dideoxy-d-arabino-hexopyranose"
c21063,ketodeoxyoctonic acid; ketodeoxyoctulonic acid; 3-deoxy-d-manno-oct-2-ulopyranosonic acid
c21064,"6-deoxy-6-sulfo-d-glucono-1,5-lactone"
c21065,"7,8-dihydroxanthopterin"
c21066,d-galactofuranose
c21067,d-arabinofuranose
c21068,[5-(aminomethyl)furan-3-yl]methyl phosphate; 5-(aminomethyl)-3-furanmethanol phosphate
c21069,[5-(aminomethyl)furan-3-yl]methyl diphosphate; 5-(aminomethyl)-3-furanmethanol diphosphate
c21070,(4-{4-[2-(gamma-l-glutamylamino)ethyl]phenoxymethyl}furan-2-yl)methanamine; 4-[n-(gamma-l-glutamyl)-p-(beta-aminoethyl)phenoxymethyl]-2-(aminomethyl)furan; apmf-glu
c21071,"dtdp-3-o-methyl-4-oxo-2,6-dideoxy-l-mannose; dtdp-4-keto-3-o-methyl-2,6-dideoxy-l-mannose"
c21072,palmitoleoyl-coa; (9z)-hexadec-9-enoyl-coa; (9z)-hexadecenoyl-coa; 9z-hexadecenoyl-coa
c21073,"dtdp-3-n,n-dimethylamino-2,3,6-trideoxy-4-keto-d-glucose; dtdp-3-n,n-dimethylamino-4-oxo-2,3,6-trideoxy-d-glucose"
c21074,"dtdp-3-n,n-dimethylamino-4-oxo-2,3,6-trideoxy-l-allose; dtdp-3-n,n-dimethylamino-4-keto-2,3,6-trideoxy-l-allose"
c21075,"5-(n-methyl-4,5-dihydro-1h-pyrrol-2-yl)pyridin-2-ol; 6-hydroxy-n-methylmyosmine"
c21076,"delta4-dafachronic acid; (25s),26-3-keto-4-cholestenoic acid; (25s)-delta4-dafachronic acid; (25s)-3-oxocholest-4-en-26-oate"
c21077,"delta7-dafachronic acid; 3-keto-7,(5alpha)-cholestenoic acid; (25s)-delta7-dafachronic acid"
c21078,"2,6-dimethyldeca-2,4,6,8-tetraenedial"
c21079,5'-dehydrouridine; uridine-5'-aldehyde
c21080,7-hydroxydodecanoate
c21081,"gentisyl-coa; 2,5-dihydroxybenzoyl-coa"
c21082,"(5z,11z,14z)-icosa-5,11,14-trienoyl-coa"
c21083,"(5z,11z,14z,17z)-icosa-5,11,14,17-tetraenoyl-coa"
c21084,demethylphylloquinol
c21085,"3-[(1e,4r)-4-hydroxycyclohex-2-en-1-ylidene]-2-oxopropanoate"
c21086,"(3e)-3-[(1r,5r,6s)-5-hydroxy-7-oxabicyclo[4.1.0]heptan-2-ylidene]-2-oxopropanoate; epoxy-3e-h2hpp"
c21087,"3-[(1r,2s,5r,6s)-5-hydroxy-7-oxabicyclo[4.1.0]heptan-2-yl]-2-oxopropanoate; epoxy-4s-h4hpp"
c21088,"l-altarate; l-talarate; (2r,3r,4s,5r)-2,3,4,5-tetrahydroxyhexanedioate"
c21089,(r)-2-hydroxyisocaproyl-coa; (r)-2-hydroxy-4-methylpentanoyl-coa
c21090,isocaprenoyl-coa; (e)-2-isocaprenoyl-coa; 4-methylpent-2-enoyl-coa
c21091,"(2s,3r)-2,3-dihydroxy-5-oxohexanedioate; 3-deoxy-d-threo-hex-2-ulosarate"
c21092,d-allo-isoleucine
c21093,terpentecin
c21094,"7,8-dihydromonapterin 3'-triphosphate"
c21095,"d-glucaro-1,4-lactone"
c21096,l-allo-isoleucine
c21097,peptidyl-carrier protein; pcp; [peptidyl-carrier protein]; [pcp]
c21098,l-allo-isoleucyl-[peptidyl-carrier protein]
c21099,l-arginyl-l-amino acid
c21100,"caldopentamine; n-(3-aminopropyl)-n'-{3-[(3-aminopropyl)amino]propyl}-1,3-propanediamine"
c21101,protein n(omega)-phospho-l-arginine; [protein]-n(omega)-phospho-l-arginine
c21102,5'-deoxyinosine
c21103,"2,6-dichloro-p-benzoquinone; 2,6-dichloro-1,4-benzoquinone"
c21104,"2,5-dichloro-p-benzoquinone; 2,5-dichloro-1,4-benzoquinone"
c21105,5-chloro-2-hydroxy-p-benzoquinone
c21106,24-epi-campesterol
c21107,4-(beta-d-ribofuranosyl)phenol 5'-phosphate
c21108,dihydromonacolin l-[acyl-carrier protein]
c21109,aminopyrrolnitrin
c21110,monodechloroaminopyrrolnitrin
c21111,pyrithiamine; 1-(4-amino-2-methylpyrimid-5-ylmethyl)-3-(2-hydroxyethyl)-2-methylpyridinium
c21112,oxypyrithiamine; 1-(4-hydroxy-2-methylpyrimid-5-ylmethyl)-3-(2-hydroxyethyl)-2-methylpyridinium
c21113,nmnh; reduced nicotinamide nucleotide
c21114,(4z)-hexadec-4-enoyl-[acyl-carrier protein]
c21115,(6z)-hexadec-6-enoyl-[acyl-carrier protein]; delta6-hexadecenoyl-[acyl-carrier protein]; sapienoyl-[acyl-carrier-protein]
c21116,hydroxysqualene; 12-hydroxysqualene
c21117,adenosylhopane
c21118,ribosylhopane
c21119,"bacteriohopanetetrol; tetrahydroxybacteriohopane; bacteriohopane-32,33,34,35-tetrol"
c21120,bacteriohopanetetrol-acetylglucosamine
c21121,bacteriohopanetetrol-glucosamine; tetrahydroxybacteriohopane-glucosamine
c21122,bacteriohopanetetrol cyclitol ether; tetrahydroxybacteriohopane cyclitol ether
c21123,aminobacteriohopanetriol
c21124,ipa imine; 2-imino-3-(indol-3-yl)propanoate
c21125,chromopyrrolate; chromopyrrolic acid
c21126,k-252c
c21127,holyrine a
c21128,o-demethyl-n-demethyl-staurosporine; 3'-o-demethyl-4'-n-demethyl-staurosporine
c21129,(s)-2-methylbutanoyl-[acp]; (s)-2-methylbutanoyl-[acyl-carrier protein]
c21130,lovastatin acid; mevinolinic acid
c21131,protodeoxyviolaceinic acid; protodeoxyviolaceinate
c21132,deoxyviolaceinic acid; deoxyviolaceinate
c21133,deoxyviolacein
c21134,protoviolaceinic acid; protoviolaceinate
c21135,violaceinic acid; violaceinate
c21136,violacein
c21137,"dtdp-3-amino-4-oxo-2,3,6-trideoxy-l-allose; dtdp-3-amino-4-keto-2,3,6-trideoxy-l-allose"
c21138,trans-2-octenal; (e)-oct-2-enal
c21139,(s)-3-acetyloctanal
c21140,aurachin b
c21141,"4-hydroxy-2-methyl-3-oxo-4-[(2e,6e)-farnesyl]-3,4-dihydroquinoline 1-oxide"
c21142,"3,4-dihydroxy-2-methy-4-[(2e,6e)-farnesyl]-3,4-dihydroquinoline 1-oxide"
c21143,2'-n-hydroxyrifampicin; 2'-n-hydroxy-4-oxorifampicin
c21144,"1,3,7-trimethyl-5-hydroxyisourate"
c21145,protoasukamycin
c21146,4-hydroxyprotoasukamycin
c21147,asperlicin c
c21148,asperlicin e
c21149,dibenzothiophene-5-oxide
c21150,"dibenzothiophene-5,5-dioxide; dibenzothiophene sulfone"
c21151,peptide diphthine methyl ester; ef-2 diphthine methyl ester; diphthine methyl ester-[translation elongation factor 2]
c21152,"n,n'-diacetylchitobiose 6'-phosphate"
c21153,adenosylcobalamin 5'-phosphate
c21154,"n-methylmyosmine; 3-(4,5-dihydro-1-methyl-1h-pyrrol-2-yl)pyridine; 3-(1-methyl-4,5-dihydro-1h-pyrrol-2-yl)pyridine"
c21155,isatinate
c21156,acarbose 7iv-phosphate; acarbose 7-phosphate
c21157,kdo2-lipid a 1-diphosphate; alpha-kdo-(2->4)-alpha-kdo-(2->6)-lipid a 1-diphosphate
c21158,"nucleoside 3',5'-bisphosphate"
c21159,"2,4-dinitroanisole"
c21160,l-alanyl-gamma-d-glutamyl-l-lysine; l-ala-gamma-d-glu-l-lys
c21161,mitomycin a
c21162,mitomycin b
c21163,7-demethylmitomycin a; 6-demethylmitomycin a
c21164,7-demethylmitomycin b; 6-demethylmitomycin b
c21165,"9-methyl-(4e,8e)-sphinga-4,8-dienine ceramide; (e,e)-9-methylsphinga-4,8-dienine ceramide"
c21166,4-hydroxy-3-methylbenzaldehyde
c21167,4-hydroxy-3-methylbenzoate; 4-hydroxy-m-toluate
c21168,"4-hydroxyisophthalate; 4-hydroxy-1,3-benzenedicarboxylate"
c21169,"n1,n8-bis(4-coumaroyl)spermidine; n1,n10-dicoumaroyl spermidine"
c21170,"n1,n8-bis(sinapoyl)spermidine; n1,n10-disinapoyl spermidine"
c21171,[wnt]-o-(9z)-hexadec-9-enoyl-l-serine
c21172,[wnt]-l-serine
c21173,petn-kdo2-lipid a; 7-o-ethanolaminephospho-alpha-kdo-(2->4)-alpha-kdo-(2->6)-lipid a
c21174,petn-kdo2-lipid iv(a); 7-o-ethanolaminephospho-alpha-kdo-(2->4)-alpha-kdo-(2->6)-lipid iv(a)
c21175,"dihydrocaffeoyl-coa; 3-(3,4-dihydroxyphenyl)propanoyl-coa; hydrocaffeyl-coa"
c21176,3''-oxoribostamycin
c21177,prokaryotic ubiquitin-like protein; [prokaryotic ubiquitin-like protein]-l-glutamate; pup
c21178,pupylated protein; n6-([prokaryotic ubiquitin-like protein]-gamma-l-glutamyl)-[protein]-l-lysine
c21179,[prokaryotic ubiquitin-like protein]-l-glutamine
c21180,"2-dehydro-3,6-dideoxy-6-sulfo-d-gluconate; 2-keto-3,6-dideoxy-6-sulfogluconate"
c21181,(2s)-3-sulfolactaldehyde
c21182,6-deoxy-6-sulfo-d-gluconate; 6-deoxy-6-sulfogluconate
c21183,"bursehernin; (-)-bursehernin; (3r,4r)-4-(2h-1,3-benzodioxol-5-ylmethyl)-3-[(3,4-dimethoxyphenyl)methyl]oxolan-2-one"
c21184,"(-)-5'-demethylyatein; (3r,4r)-4-(2h-1,3-benzodioxol-5-ylmethyl)-3-[(3-hydroxy-4,5-dimethoxyphenyl)methyl]oxolan-2-one"
c21185,"4'-demethylepipodophyllotoxin; (-)-4'-demethylepipodophyllotoxin; (5r,5ar,8ar,9s)-9-hydroxy-5-(4-hydroxy-3,5-dimethoxyphenyl)-5,8,8a,9-tetrahydrofuro[3',4':6,7]naphtho[2,3-d][1,3]dioxol-6(5ah)-one"
c21186,"6-tuliposide b; 6-o-[(3s)-3,4-dihydroxy-2-methylenebutanoyl]-d-glucose"
c21187,tulipalin b; (4s)-4-hydroxy-3-methylideneoxolan-2-one
c21188,"protein n(omega),n(omega)-dimethyl-l-arginine; protein asymmetric dimethylarginine"
c21189,"protein n(omega),n(omega)'-dimethyl-l-arginine; protein symmetric dimethylarginine"
c21190,protein n5-methyl-l-arginine
c21191,"pluviatolide; (-)-pluviatolide; (3r,4r)-4-(2h-1,3-benzodioxol-5-ylmethyl)-3-[(4-hydroxy-3-methoxyphenyl)methyl]oxolan-2-one"
c21192,epoxypheophorbide a
c21193,hexa-acyl lipid a in lipopolysaccharide
c21194,hepta-acyl lipid a in lipopolysaccharide
c21195,n-(3-hydroxybutanoyl)-l-homoserine lactone; 3-hydroxy-c4-hsl; n-[(rs)-3-hydroxybutyryl]-l-homoserine lactone
c21197,n-hexanoyl-l-homoserine lactone; c6-hsl; n-[(3s)-tetrahydro-2-oxo-3-furanyl]-hexanamide
c21198,n-(3-oxohexanoyl)-l-homoserine lactone; 3-oxo-c6-hsl; n-(beta-ketocaproyl)-l-homoserine lactone
c21199,n-octanoyl-l-homoserine lactone; c8-hsl; n-[(3s)-tetrahydro-2-oxo-3-furanyl]octanamide
c21200,n-3-hydroxyoctanoyl-l-homoserine lactone; 3-oh-c8-hsl; 3-hydroxy-n-[(3s)-tetrahydro-2-oxo-3-furanyl]-octanamide; n-(3-hydroxyoctanoyl)-l-homoserine lactone
c21201,n-3-oxo-dodecanoyl-l-homoserine lactone; 3-oxo-c12-hsl; 3-oxo-n-[(3s)-tetrahydro-2-oxo-3-furanyl]-dodecanamide; n-(3-oxododecanoyl)-l-homoserine lactone
c21202,cis-2-dodecenoic acid; bdsf
c21203,geranyl phosphate
c21204,5-epi-valiolol 7-phosphate
c21205,1-epi-valienol 7-phosphate
c21206,"1,7-diphospho-1-epi-valienol"
c21207,ndp-1-epi-valienol 7-phosphate
c21208,dtdp-acarviose-7-phosphate
c21209,1-epi-valienol 1-phosphate
c21210,ndp-1-epi-valienol
c21211,salbostatin 6'-phosphate
c21212,archaeal dolichyl phosphate; dolichyl phosphate
c21213,"archaeal dolichyl 3-o-(2,3-diacetamido-2,3-dideoxy-beta-d-glucuronsyl)-n-acetyl-alpha-d-glucosaminyl phosphate; dol-p-glcnac-glc-2,3-dinaca"
c21214,dimethylallyl phosphate; prenyl phosphate
c21215,prenylated fmnh2; reduced prfmn
c21216,validamine 7-phosphate
c21217,geranylgeranyl bacteriochlorophyllide a
c21218,validone 7-phosphate
c21219,validoxylamine a 7'-phosphate
c21220,aip-1
c21221,csp; competence-stimulating peptide
c21222,csp; competence-stimulating peptide
c21223,blp; bacteriocin-like peptide
c21224,shp2; short hydrophobic peptide 2
c21225,shp3; short hydrophobic peptide 3
c21226,ccf10
c21227,icf10
c21228,cad1
c21229,iad1
c21230,comx pheromone
c21231,phra pentapeptide
c21232,phrc pentapeptide
c21233,phre pentapeptide
c21234,phrf pentapeptide
c21235,phrg pentapeptide
c21236,phrh pentapeptide
c21237,phrk pentapeptide
c21238,nprx peptide
c21239,papr peptide
c21240,gentamicin c 2''-phosphate
c21241,aip-2
c21242,aip-3
c21243,aip-4
c21244,agrd peptide
c21245,agrd1 peptide
c21246,gbap; gelatinase biosynthesis-activating pheromone
c21247,2-amino-5-epi-valiolone
c21248,2-aminovalienone
c21249,cetoniacytone b
c21250,2-methyl-trans-aconitate
c21251,6'-oxokanamycin x
c21252,6'-oxokanamycin c
c21253,kanamycin d
c21254,3''-deamino-3''-hydroxykanamycin b; nebramycin factor 3
c21255,lividamine
c21256,6'-oxolividamine
c21257,4'-oxolividamine; 3'-deoxy-4'-oxoparomamine
c21258,4'-oxonebramine
c21259,nebramine; 3'-deoxyneamine
c21260,5''-phosphoribosylparomamine
c21261,2'''-n-acetyl-6'''-deamino-6'''-hydroxyparomomycin ii
c21262,6'''-deamino-6'''-hydroxyparomomycin ii
c21263,6'''-deamino-6'''-oxoparomomycin ii
c21264,5'''-epi-lividomycin b
c21265,3''-oxogentamicin a2
c21266,3''-amino-3''-deoxygentamicin a2; 3''-demethyl-gentamicin a
c21267,6'-oxogentamicin x2
c21268,6'-oxo-g418
c21269,antibiotic ji-20ba; ji-20ba
c21270,gentamicin c2a
c21272,3-(4-aminophenyl)pyruvate; p-aminophenylpyruvic acid; p-aminophenylpyruvate
c21273,benfluralin
c21275,mycolactone c
c21276,mycolactone d
c21277,mycolactone e
c21278,mycolactone f
c21279,bgc 945; onx 0801
c21280,ag 2034
c21281,"demethyl-4-deoxygadusol; 2,3,5-trihydroxy-5-(hydroxymethyl)cyclohex-2-en-1-one"
c21282,"2-epi-valiolone; (2s,3s,4s,5s)-2,3,4,5-tetrahydroxy-5-(hydroxymethyl)cyclohexan-1-one"
c21283,3-indoleacrylate; (2e)-3-(1h-indol-3-yl)prop-2-enoate; 3-(indol-3-yl)acrylate
c21284,fe-coproporphyrin iii; coproheme iii
c21285,d-erythrulose 1-phosphate
c21286,l-erythrulose 4-phosphate
c21287,2-hydroxyisobutanoyl-coa; 2-hydroxy-2-methylpropanoyl-coa
c21288,"(2s,3r)-2-hydroxy-3-(indol-3-yl)butanoate; indolmycenate"
c21289,(r)-3-(indol-3-yl)-2-oxobutyrate; (r)-3-(indol-3-yl)-2-oxobutanoate; (r)-beta-methylindolepyruvate
c21290,"2-methylpropane-1,2-diol; isobutene glycol"
c21291,2-hydroxy-2-methylpropanal; 2-hydroxyisobutyraldehyde
c21292,maduropeptin chromophore; (-)-maduropeptin chromophore
c21293,validamycin b
c21294,d-erythritol 1-phosphate
c21295,5-methylphenazine-1-carboxylate
c21296,1alpha-hydroxytestosterone
c21297,2-hydroxy-2-methylpropanoate; 2-hydroxyisobutyrate
c21298,"2,6-dihydroxybenzoate; gamma-resorcylate"
c21299,rch2nhr'
c21300,r'nh2
c21301,kedarcidin chromophore
c21303,(25r)-26-hydroxycholest-4-en-3-one
c21304,(25s)-26-oxocholest-4-en-3-one
c21305,(25r)-26-oxocholest-4-en-3-one
c21306,"3,4-dihydro-2-methylene-3-oxo-2h-1,4-benzoxazine-5-carboxylate"
c21307,"3,4-dihydro-7-hydroxy-2-methylene-3-oxo-2h-1,4-benzoxazine-5-carboxylate"
c21308,(s)-beta-tyrosine
c21309,(s)-beta-tyrosyl-[pcp]
c21310,"(8s)-3',8-cyclo-7,8-dihydroguanosine 5'-triphosphate"
c21311,3-(4-hydroxyphenyl)-3-oxopropanoyl-[pcp]; 4'-hydroxyphenyl-3-ketopropionyl-[pcp]
c21312,6-methylsalicylyl-coa
c21313,"3,6-dimethylsalicylyl-coa"
c21314,ndp-d-mannose
c21315,ndp-4-oxo-6-deoxy-d-mannose
c21316,"ndp-2,6-dideoxy-d-glycero-hex-2-enos-4-ulose"
c21317,"ndp-2-amino-4-oxo-2,6-dideoxy-d-galactose"
c21318,"ndp-2-amino-2,6-dideoxy-d-galactose"
c21319,"ndp-2-methylamino-2,6-dideoxy-d-galactose"
c21320,"3,6,8-trihydroxy-2-naphthoate; 3,6,8-trihydroxy-2-naphthoic acid"
c21321,"3,6,7,8-tetrahydroxy-2-naphthoate"
c21322,"3-hydroxy-6,7,8-trimethoxy-2-naphthoate"
c21323,"3-hydroxy-7,8-dimethoxy-6-isopropoxy-2-naphthoate; 3-hydroxy-7,8-dimethoxy-6-isopropoxy-2-naphthoic acid"
c21324,"3-hydroxy-7,8-dimethoxy-6-isopropoxy-2-naphthoyl-coa"
c21325,azatyrosine; 2-aza-l-tyrosine
c21326,(r)-2-aza-beta-tyrosine
c21327,(r)-2-aza-beta-tyrosyl-[pcp]
c21328,(r)-2-aza-3-chloro-beta-tyrosyl-[pcp]
c21329,benzoyl cyanide; benzoyl nitrile
c21330,aurachin c
c21331,"aurachin c epoxide; 2-hydroxy-1a-methyl-7a-[(2e,6e)-farnesyl]-1a,2-dihydrooxireno[2,3-b]quinolin-7(7ah)-one"
c21332,"8-dehydro-3-deoxy-d-manno-octulosonate; 3,8-dideoxy-8-oxo-d-manno-octulosonate"
c21333,"8-amino-3,8-dideoxy-d-manno-octulosonate; kdo8n"
c21334,"cmp-8-amino-3,8-dideoxy-beta-d-manno-octulosonate; cmp-kdo8n"
c21335,"1,2-beta-oligomannan; 1,2-beta-d-mannooligosaccharide; [(1->2)-beta-d-mannosyl]n"
c21336,"beta-1,2-mannobiose; beta-d-mannopyranosyl-(1->2)-d-mannopyranose"
c21337,calicheamicinone
c21338,calicheamicin t0
c21339,4-deoxy-4-thio-alpha-d-digitoxosyl-calicheamicin t0
c21340,calicheamicin psag
c21341,calicheamicin alpha1(i)
c21342,calicheamicin alpha3(i)
c21343,orsellinate-[acp]
c21344,2-methoxyorsellinate-[acp]
c21345,5-iodo-2-methoxyorsellinate-[acp]
c21346,3-hydroxy-5-iodo-2-methoxyorsellinate-[acp]
c21347,"5-iodo-2,3-dimethoxyorsellinate-[acp]; 4-hydroxy-5-iodo-2,3-dimethoxy-6-methylbenzoate-[acp]"
c21348,"dtdp-4-hydroxyamino-4,6-dideoxy-alpha-d-glucose"
c21349,dtdp-4-deoxy-4-thio-alpha-d-digitoxose
c21350,dtdp-3-o-methyl-beta-l-rhamnose
c21351,dtdp-4-oxo-alpha-d-xylose; dtdp-4-keto-alpha-d-xylose; dtdp-4-dehydro-alpha-d-xylose
c21352,dtdp-4-oxo-2-deoxy-alpha-d-pentos-2-ene; dtdp-2-deoxy-4-keto-alpha-d-pentos-2-ene
c21353,dtdp-4-oxo-2-deoxy-beta-l-xylose; dtdp-4-keto-2-deoxy-beta-l-xylose; dtdp-4-dehydro-2-deoxy-beta-l-xylose
c21354,"dtdp-4-amino-2,4-dideoxy-beta-l-xylose"
c21355,"dtdp-4-methylamino-2,4-dideoxy-beta-l-xylose"
c21356,"dtdp-4-ethylamino-3-o-methyl-2,4-dideoxy-l-threo-pentopyranose"
c21357,"3-hydroxyhexadeca-4,6,8,10,12,14-hexaenoyl-[acp]; 3-hydroxy-4,6,8,10,12,14-hexadecahexaenoyl-[acp]"
c21358,"1,3,5,7,9,11,13-pentadecaheptaene"
c21361,3-(2-chloro-3-hydroxy-4-methoxyphenyl)-3-hydroxypropanoyl-[pcp]
c21362,dtdp-3-methyl-4-oxo-alpha-d-ribopyranose
c21363,dtdp-madurosamine; dtdp-4-amino-3-methyl-4-deoxy-alpha-d-ribopyranose
c21364,[fructose-bisphosphate aldolase]-l-lysine
c21365,"[fructose-bisphosphate aldolase]-n6,n6,n6-trimethyl-l-lysine"
c21366,3-o-[n-acetyl-beta-d-galactosaminyl-(1->3)-n-acetyl-beta-d-glucosaminyl-(1->4)-alpha-d-(6-phospho)mannosyl]-l-threonyl-[protein]; o3-[n-acetyl-beta-d-galactosaminyl-(1->3)-n-acetyl-beta-d-glucosaminyl-(1->4)-alpha-d-(6-phospho)mannosyl]-l-threonyl-[protein]
c21367,valienol 1-phosphate
c21368,gdp-valienol
c21369,n-(2-methylpropanyl)hydroxylamine; n-hydroxy-2-methylpropanamine; n-(2-methylpropyl)hydroxylamine; isobutylhydroxylamine
c21370,(s)-nandinine
c21371,validone
c21372,3-phosphinomethylmalate; 3-(hydrohydroxyphosphorylmethyl)malate
c21373,"(3r)-3,4-epoxy-3-methylbut-1-ene"
c21374,2-(glutathion-s-yl)-2-methylbut-3-en-1-ol
c21375,3-hydroxy-4-methylanthranilyl-[aryl-carrier protein]; 3-hydroxy-4-methylanthranilyl-[acp]
c21376,"3,5-dihydroxy-4-methylanthranilyl-[aryl-carrier protein]; 3,5-dihydroxy-4-methylanthranilyl-[acp]"
c21377,[f-actin]-l-methionine
c21378,[f-actin]-l-methionine-(r)-s-oxide
c21379,"(2s,3r)-flavan-3-ol"
c21380,"(2s,3s)-flavan-3-ol"
c21381,anthocyanidin with a 3-hydroxy group
c21382,"r-thmf; (2r,4s)-2-methyl-2,3,3,4-tetrahydroxytetrahydrofuran"
c21383,3-deoxy-d-glycero-d-galacto-non-2-ulopyranosonate 9-phosphate; 2-keto-3-deoxy-d-glycero-d-galacto-nononate 9-phosphate; 3-deoxy-d-glycero-d-galacto-non-2-ulosonate 9-phosphate; kdn 9-phosphate
c21384,cmp-3-deoxy-d-glycero-d-galacto-non-2-ulopyranosonate; cmp-2-keto-3-deoxy-d-glycero-d-galacto-nononate; cmp-3-deoxy-d-glycero-beta-d-galacto-non-2-ulosonate; cmp-kdn
c21385,trans-12-hydroxyjasmonic acid; trans-12-hydroxyjasmonate
c21386,l-leucyl-l-arginyl-protein; n-terminal l-leucyl-l-arginyl-[protein]
c21387,l-leucyl-l-lysyl-protein; n-terminal l-leucyl-l-lysyl-[protein]
c21388,l-lysyl-protein; n-terminal l-lysyl-[protein]
c21389,tert-butyl alcohol; tert-butanol
c21390,butane; butan
c21391,11a-hydroxytetracycline
c21392,multi-methyl-branched acyl-[acp]
c21393,"c32-mycocerosyl-[acp]; (2r,4r,6r,8r)-2,4,6,8-tetramethyloctacosanoyl-[acp]"
c21394,"c27-mycolipanoyl-[acp]; (2s,4s,6s)-2,4,6-trimethyltetracosanoyl-[acp]"
c21395,"dtdp-4-(methylamino)-2,3,4,6-tetradeoxy-d-glucose; dtdp-4-(methylamino)-2,3,4,6-tetradeoxy-alpha-d-erythro-hexopyranose"
c21396,ethylenediaminetriacetic acid; ethylenediaminetriacetate; ed3a
c21397,"ethylenediamine-n,n'-diacetic acid; ethylenediaminediacetate; edda"
c21398,methanesulfinic acid; methanesulfinate
c21399,isocaproate; 4-methylpentanoate
c21400,isocaproyl-coa; 4-methylpentanoyl-coa
c21401,tert-amyl alcohol; 2-methyl-2-butanol; taa
c21402,isoprenyl alcohol; 2-methyl-3-buten-2-ol
c21403,2-acetamidoethylphosphonate
c21404,n-ethylacetamide
c21405,"(4as,10br)-noroxomaritidine"
c21406,"(4ar,10bs)-noroxomaritidine"
c21407,7-(hydroxymethyl)bacteriochlorophyllide c
c21408,"(1r,6r)-1,4,5,5a,6,9-hexahydrophenazine-1,6-dicarboxylate"
c21409,"(1r,10as)-1,4,10,10a-tetrahydrophenazine-1,6-dicarboxylate"
c21410,"(5as)-5,5a-dihydrophenazine-1,6-dicarboxylate"
c21411,"(1r,10as)-1,4,10,10a-tetrahydrophenazine-1-carboxylate"
c21412,"(10as)-10,10a-dihydrophenazine-1-carboxylate"
c21413,"(1r)-1,4,5,10-tetrahydrophenazine-1-carboxylate"
c21414,"naphthalene-1,2,4,8-tetrol"
c21415,valienol 7-phosphate
c21416,"2-amino-1,5-anhydro-2-deoxyglucitol"
c21417,"(2r,3r)-dihydroflavonol"
c21418,"(2r,3s,4s)-leucoanthocyanidin; (2r,3s,4s)-flavan-3,4-diol"
c21419,"1-(3,4-dimethoxyphenyl)-2-(2-methoxyphenoxy)propane-1,3-diol"
c21420,"(3,4-dimethoxyphenyl)methanol; veratryl alcohol; 3,4-dimethoxybenzyl alcohol"
c21421,"(3,4-dimethoxyphenyl)methanol radical"
c21422,"1-(4-hydroxy-3-methoxyphenyl)-2-(2-methoxyphenoxy)propane-1,3-diol"
c21423,"1,2-dihydro-beta-nad"
c21424,"1,6-dihydro-beta-nad"
c21425,"abieta-8,11,13-triene"
c21426,3-vinyl bacteriochlorophyllide d
c21427,"8,12-diethyl-3-vinylbacteriochlorophyllide d"
c21428,12-ethyl-8-propyl-3-vinylbacteriochlorophyllide d
c21429,12-ethyl-8-isobutyl-3-vinylbacteriochlorophyllide d
c21430,malonamoyl-[acyl-carrier protein]; malonamoyl-[acp]
c21431,8-ethyl-12-methylbacteriochlorophyllide d
c21432,"8,12-diethylbacteriochlorophyllide d"
c21433,12-ethyl-8-propylbacteriochlorophyllide d
c21434,12-ethyl-8-isobutylbacteriochlorophyllide d
c21435,geranylgeranyl bacteriochlorophyllide b
c21436,4-methylamino-4-de(dimethylamino)anhydrotetracycline
c21437,[sulfur-carrier protein]-gly-gly-l-cys; [sulfur-carrier protein]-l-cysteine
c21438,11a-hydroxyoxytetracycline
c21439,11a-hydroxy-7-chlortetracycline
c21440,[protein]-s-sulfanyl-l-cysteine
c21441,bacteriochlorophyllide g
c21442,phenazine-1-carboxylate
c21443,n-demethylindolmycin
c21444,indolmycin
c21445,17-(4-hydroxyphenyl)heptadecanoyl adenylate
c21446,17-(4-hydroxyphenyl)heptadecanoate
c21447,19-(4-hydroxyphenyl)nonadecanoyl adenylate
c21448,19-(4-hydroxyphenyl)nonadecanoate
c21449,lithocholoyl-coa
c21450,4-(2-hydroxyethoxycarbonyl)benzoate; 4-[(2-hydroxyethoxy)carbonyl]benzoate; mono(2-hydroxyethyl) terephthalate; mono(ethylene terephthalate)
c21451,poly(ethylene terephthalate); polyethylene terephthalate; (ethylene terephthalate)n
c21452,(2-aminobenzoyl)acetyl-coa; 2-aminobenzoylacetyl-coa
c21453,(2-aminobenzoyl)acetate; 2-aminobenzoylacetate
c21454,"beta-1,2-mannotriose; beta-d-mannopyranosyl-(1->2)-beta-d-mannopyranosyl-(1->2)-d-mannopyranose"
c21455,l-leucyl-l-glutamyl-protein; n-terminal l-leucyl-l-glutamyl-[protein]
c21456,l-glutamyl-protein; n-terminal l-glutamyl-[protein]
c21457,l-leucyl-l-aspartyl-protein; n-terminal l-leucyl-l-aspartyl-[protein]
c21458,l-aspartyl-protein; n-terminal l-aspartyl-[protein]
c21459,6-hydroxyferuloyl-coa
c21460,(3-hydroxy-4-methylanthranilyl)adenylate; 3-hydroxy-4-methylanthraniloyl-amp; 2-amino-3-hydroxy-4-methylbenzoyl-amp
c21461,kdo2-lipid a 1-(2-aminoethyl diphosphate)
c21462,kdo2-lipid a 4'-(2-aminoethyl diphosphate)
c21463,"kdo2-lipid a 1,4'-bis(2-aminoethyl diphosphate)"
c21464,"4-o-[(2r)-1-glycerophospho]-n-acetyl-beta-d-mannosaminyl-(1->4)-n-acetyl-alpha-d-glucosaminyl-diphospho-ditrans,octacis-undecaprenol"
c21465,l-asparaginyl-protein; n-terminal l-asparaginyl-[protein]
c21466,protein nomega-(1-hydroxy-2-oxopropyl)-l-arginine; [protein]-nomega-(1-hydroxy-2-oxopropyl)-l-arginine
c21467,protein n6-(1-hydroxy-2-oxopropyl)-l-lysine; [protein]-n6-(1-hydroxy-2-oxopropyl)-l-lysine
c21468,protein s-(1-hydroxy-2-oxopropyl)-l-cysteine; [protein]-s-(1-hydroxy-2-oxopropyl)-l-cysteine
c21469,"7alpha,12alpha-dihydroxy-3-oxochol-4-en-24-oyl-coa"
c21470,"12alpha-hydroxy-3-oxochola-4,6-dien-24-oyl-coa"
c21471,7alpha-hydroxy-3-oxochol-4-en-24-oyl-coa; 3-oxo-delta4-chenodeoxycholyl-coa
c21472,"3-oxochola-4,6-dien-24-oyl-coa; 3-oxo-delta4,6-lithocholyl-coa"
c21473,"(1r,5as,6r)-4a-hydroxy-1,4,4a,5,5a,6,9,10a-octahydrophenazine-1,6-dicarboxylate"
c21474,"5,10-dihydrophenazine-1,6-dicarboxylate"
c21475,"5,10-dihydrophenazine"
c21476,phenazine; dibenzopyrazine; acridizine
c21477,1-hydroxyphenazine
c21478,erastin
c21479,"rsl3; (1s,3r)-rsl3"
c21480,"1-octadecanoyl-2-(5z,8z,11z,14z-eicosatetraenoyl)-sn-glycero-3-phosphoethanolamine"
c21481,"1-octadecanoyl-2-(7z,10z,13z,16z-docosatetraenoyl)-sn-glycero-3-phosphoethanolamine"
c21482,"1-octadecanoyl-2-(15s-hydroxy-5z,8z,11z,13e-eicosatetraenoyl)-sn-glycero-3-phosphoethanolamine; 18:0/15-hete-pe"
c21483,"1-octadecanoyl-2-(15s-hydroperoxy-5z,8z,11z,13e-eicosatetraenoyl)-sn-glycero-3-phosphoethanolamine; 18:0/15-hpete-pe"
c21484,1-octadecanoyl-sn-glycero-3-phosphoethanolamine
c21485,cytidylyl molybdenum cofactor; molybdopterin cytosine dinucleotide cofactor
c21486,thio-molybdenum cofactor
c21487,l-cysteinyl-protein; l-cysteinyl-[pcp]; l-cysteinyl-[peptidyl-carrier protein]
c21488,s-anthraniloyl-l-cysteinyl-protein
c21489,s-octanoyl-l-cysteinyl-protein
c21490,"1-(2-aminophenyl)decane-1,3-dione"
c21491,(s)-tembetarine
c21492,4'-o-methylxanthohumol
c21493,"alpha-d-gal-(1->3)-alpha-d-glcnac-diphospho-ditrans,octacis-undecaprenol"
c21494,alpha-l-fucosyl-(1->2)-beta-d-galactosyl-(1->4)-n-acetyl-beta-d-glucosaminyl-r
c21495,8-geranylumbelliferone
c21496,8-geranylesculetin
c21497,4-hydroxybenzoyl-adenylate; 4-hydroxybenzoyl-amp
c21498,2-acylphloroglucinol
c21499,2-acyl-4-prenylphloroglucinol
c21500,"2-acyl-4,6-bisprenylphloroglucinol; 2-acyl-4,6-bis(prenyl)phloroglucinol"
c21501,"2-acyl-4,6,6-trisprenylcyclohexa-2,4-dien-1-one; 2-acyl-4,6,6-tris(prenyl)cyclohexa-2,4-dien-1-one; beta-bitter acid"
c21502,"4-o-di[(2r)-1-glycerophospho]-n-acetyl-beta-d-mannosaminyl-(1->4)-n-acetyl-alpha-d-glucosaminyl-diphospho-ditrans,octacis-undecaprenol"
c21503,"4-o-[1-d-ribitylphospho-(2r)-1-glycerophospho]-n-acetyl-beta-d-mannosaminyl-(1->4)-n-acetyl-alpha-d-glucosaminyl-diphospho-ditrans,octacis-undecaprenol"
c21504,"4-o-[(1-d-ribitylphospho)n-(1-d-ribitylphospho)-(2r)-1-glycerophospho]-n-acetyl-beta-d-mannosaminyl-(1->4)-n-acetyl-alpha-d-glucosaminyl-diphospho-ditrans,octacis-undecaprenol"
c21505,4-hydroxybenzoyl-[acp]; 4-hydroxybenzoyl-[acyl-carrier protein]
c21506,17-(4-hydroxyphenyl)heptadecanoyl-[acp]; 17-(4-hydroxyphenyl)heptadecanoyl-[acyl-carrier protein]
c21507,19-(4-hydroxyphenyl)nonadecanoyl-[acp]; 19-(4-hydroxyphenyl)nonadecanoyl-[acyl-carrier protein]
c21508,"4-o-(d-ribitylphospho)n-di[(2r)-1-glycerophospho]-n-acetyl-beta-d-mannosaminyl-(1->4)-n-acetyl-alpha-d-glucosaminyl-diphospho-ditrans,octacis-undecaprenol"
c21509,jasmonoyl-l-amino acid
c21510,nickel-sirohydrochlorin; ni-sirohydrochlorin
c21511,"nickel-sirohydrochlorin a,c-diamide; ni-sirohydrochlorin a,c-diamide"
c21512,"15,17(3)-seco-f430-17(3)-acid"
c21513,turicine; (+)-turicine; cis-4-hydroxy-d-proline betaine
c21514,d-proline betaine
c21515,trandolaprilat
c21516,paliperidone; 9-hydroxyrisperidone
c21517,perindoprilat
c21518,tazarotenic acid; agn 190299
c21519,imidaprilat
c21520,18-502; 4-(2-hydroxy-3-tert-butylaminopropoxy)-2-methylindole; 4-(3-t-butylamino-2-hydroxypropoxy)-2-methylindole
c21521,"deglymidodrine; desglymidodrine; dmae; 2-amino-1-(2,5-dimethoxyphenyl)ethanol"
c21522,tebipenem
c21523,l-tagatose
c21524,d-altritol
c21525,2-methylbutanenitrile
c21526,menaquinone-9
c21527,"beta-dihydromenaquinone-9; mk-9(ii-h2); 2-methyl-3-[(2e,10e,14e,18e,22e,26e,30e,33e)-3,7,11,15,19,23,27,31,35-nonamethylhexatriaconta-2,10,14,18,22,26,30,33-octaen-1-yl]naphthalene-1,4-dione"
c21528,"(9z,12z)-hexadeca-9,12,15-trienoyl-coa"
c21529,"linoleoyl-[glycerolipid]; (9z,12z)-octadeca-9,12-dienoyl-[glycerolipid]"
c21530,"pinolenoyl-[glycerolipid]; (5z,9z,12z)-octadeca-5,9,12-trienoyl-[glycerolipid]"
c21531,"alpha-linolenoyl-[glycerolipid]; (9z,12z,15z)-octadeca-9,12,15-trienoyl-[glycerolipid]"
c21532,"coniferonoyl-[glycerolipid]; (5z,9z,12z,15z)-octadeca-5,9,12,15-tetraenoyl-[glycerolipid]"
c21533,deacetylalacepril; desacetyl-alacepril; desacetylalacepril
c21534,l-polyhomomethionine
c21535,omega-(methylthio)-(e)-alkanal oxime; (e)-omega-(methylthio)alkanal oxime; (e)-omega-(methylsulfanyl)alkanal oxime
c21536,l-n-hydroxypolyhomomethionine
c21537,"l-n,n-dihydroxypolyhomomethionine"
c21538,1-aci-nitro-omega-(methylthio)alkane; 1-(methylsulfanyl)-4-aci-nitroalkane
c21539,(e)-1-(glutathione-s-yl)-omega-(methylthio)alkylhydroximate; s-[(1e)-1-(hydroxyimino)-omega-(methylsulfanyl)alkyl]-l-glutathione
c21540,quinaprilat
c21541,benazeprilat
c21542,fosinoprilat
c21543,olmesartan
c21544,cefotiam
c21545,mecillinam; amdinocillin
c21546,cefditoren
c21547,cefcapene; cfpn
c21548,cefteram; cftm; t-2525
c21549,miproxifene; dp-tat-59
c21550,fludarabine; 2f-ara-a
c21551,melagatran
c21552,valdecoxib
c21553,fluocortin
c21554,torcitabine; l-dc; 2'-deoxy-beta-l-cytidine; beta-l-2'-deoxycytidine
c21555,aprepitant
c21556,dabigatran
c21557,laninamivir
c21558,temsavir; bms-626529
c21559,n-[(2s)-2-amino-2-carboxyethyl]-l-glutamate
c21560,"ent-sandaracopimaradien-3beta-ol; (3r,4ar,4br,7s,10as)-7-ethenyl-1,1,4a,7-tetramethyl-1,2,3,4,4a,4b,5,6,7,9,10,10a-dodecahydrophenanthren-2-ol"
c21561,"oryzalexin e; ent-sandaracopimaradiene-3beta,9alpha-diol; (3r,4ar,4bs,7s,10ar)-7-ethenyl-1,1,4a,7-tetramethyl-1,2,3,4,4a,4b,5,6,7,9,10,10a-dodecahydrophenanthren-2,4b-diol"
c21562,"oryzalexin d; ent-sandaracopimaradiene-3beta,7alpha-diol"
c21563,2-(glutathione-s-yl)-hydroquinone
c21564,"[(1->4)-n-acetyl-beta-d-glucosaminyl]n-(1->4)-n-acetyl-2-deoxy-2-amino-d-glucono-1,5-lactone"
c21565,"prodigiosin; 4-methoxy-5-((5-methyl-4-pentyl-2h-pyrrol-2-ylidene)methyl)-2,2'-bipyrrole"
c21566,6-o-methyldeacetylisoipecoside; 6-o-methyl-n-deacetylisoipecoside
c21567,pyrrolyl-2-carboxyl-s-[acyl-carrier protein]; pyrrolyl-2-carboxyl-s-[acp]
c21568,"4-hydroxy-2,2'-bipyrrole-5-methanol"
c21569,"4-hydroxy-2,2'-bipyrrole-5-carbaldehyde"
c21570,"4-methoxy-2,2'-bipyrrole-5-carbaldehyde; 4-methoxy-2,2'-bipyrrole-5-carboxaldehyde"
c21571,2-methyl-3-n-amyl-dihydropyrrole
c21572,2-methyl-3-n-amyl-pyrrole; 2-methyl-3-pentylpyrrole; 2-methyl-3-amylpyrrole
c21573,"4-keto-2-undecylpyrroline; 4-keto-2-undecyl-4,5-dihydropyrrole"
c21574,2-undecylpyrrole
c21575,delaprilat
c21576,zofenoprilat
c21577,"ly404039; (1r,4s,5s,6s)-4-amino-2-thiabicyclo[3.1.0]hexane-4,6-dicarboxylic acid 2,2-dioxide"
c21578,bromo-isophosphoramide mustard; bromo-ipm; br-ipm
c21579,12adt; 8-o-(12-aminododecanoyl)-8-o-debutanoyl thapsigargin
c21580,12adt-asp
c21581,simvastatin acid; tenivastatin
c21582,bacteriochlorophyllide e
c21583,6-o-methyl-n-deacetylisoipecoside aglycon
c21584,7'-o-dmethylcephaeline
c21585,4-phospho-d-threonate
c21586,(s)-1-hydroxy-n-methylcanadine
c21587,"(13s,14r)-1,13-dihydroxy-n-methylcanadine"
c21588,"(13s,14r)-1-hydroxy-13-o-acetyl-n-methylcanadine"
c21589,"(13s,14r)-1,8-dihydroxy-13-o-acetyl-n-methylcanadine"
c21590,4'-o-desmethyl-3-o-acetylpapaveroxine; 3-o-acetyl-4'-o-demethylpapaveroxine
c21591,3-o-acetylpapaveroxine
c21592,ceftizoxime alapivoxil
c21593,"d-erythronate; (2r,3r)-2,3,4-trihydroxybutanoate"
c21594,clindamycin palmitate
c21595,erythromycin 2'-acetate; 2'-acetylerythromycin; 2'-o-acetylerythromycin a
c21596,cytarabine ocfosphate; fosteabine
c21598,laninamivir octanoate
c21599,4'-o-desmethylpapaveroxine
c21600,narcotoline hemiacetal
c21601,3-(aminomethyl)indole; (1h-indol-3-yl)methanamine
c21602,(1h-indol-3-yl)-n-methylmethanamine
c21603,anaerobilin
c21604,(3s)-6-acetamido-3-aminohexanoate
c21605,arbaclofen; (r)-baclofen
c21606,2-o-(alpha-d-mannosyl)-1-phosphatidyl-1d-myo-inositol; 2-o-alpha-d-mannosyl-1-phosphatidyl-1d-myo-inositol
c21607,"2,6-di-o-alpha-d-mannosyl-1-phosphatidyl-1d-myo-inositol"
c21608,2-o-(6-o-acyl-alpha-d-mannosyl)-6-o-alpha-d-mannosyl-1-phosphatidyl-1d-myo-inositol
c21609,2-o-(6-o-acyl-alpha-d-mannosyl)-1-phosphatidyl-1d-myo-inositol
c21610,3-dehydro-4-phospho-d-erythronate
c21611,3-dehydro-4-phospho-l-erythronate
c21612,3-dehydro-l-erythronate
c21613,(r)-2-(phosphonomethyl)malate
c21614,glycolaldehyde phosphate
c21615,glycolaldehyde triphosphate
c21616,psicoselysine; n6-(d-psicosyl)-l-lysine
c21617,2-dehydro-d-erythronate
c21618,2-dehydro-l-erythronate
c21619,(2-hydroxy-1h-indol-3-yl)acetate
c21620,s-[(e)-n-hydroxy(indol-3-yl)acetimidoyl]-l-glutathione
c21621,methanofuran
c21622,s-[(z)-n-hydroxy(phenyl)acetimidoyl]-l-glutathione
c21623,1-aci-nitro-2-phenylethane
c21624,mycobilin a
c21625,mycobilin b
c21626,"[(1->4)-beta-d-glucosyl]n-(1->4)-d-glucono-1,5-lactone"
c21628,4-dehydro-beta-d-glucosyl-[(1->4)-beta-d-glucosyl]n-1
c21629,formylmethanofuran
c21630,(s)-norlaudanine
c21631,(s)-tetrahydropapaverine
c21632,2-hydroxyparaconate
c21633,noroxopluviine
c21634,norcraugsodine
c21635,"(4ar,10bs)-normaritidine; macowine"
c21637,elwesine
c21639,maritinamine
c21640,6-(1'-hydroxy-2'-oxopropyl)-tetrahydropterin; 1'-hydroxy-2'-oxopropyltetrahydropterin
c21641,hydroperoxyl radical; perhydroxyl radical
c21642,4-hydroxynonenal; 4-hydroxy-2-nonenal; 4-hne
c21643,"3-dehydro-scyllo-inosose; 2,4-didehydroinositol"
c21644,5-dehydro-l-gluconate; 5-keto-l-gluconate
c21645,"(2r,3s)-2-alkyl-3-hydroxyalkanoate"
c21646,8-amino-8-demethylriboflavin
c21647,roseoflavin; 8-demethyl-8-(dimethylamino)riboflavin
c21648,8-demethyl-8-(methylamino)riboflavin
c21649,"d-threonate; (2s,3r)-2,3,4-trihydroxybutanoate"
c21650,7-methylthioheptyl-desulfoglucosinolate
c21651,(r)-2-alkyl-3-oxoalkanoate; (2r)-2-alkyl-3-oxoalkanoate
c21652,rna 2'-terminal-phosphate; (ribonucleotide)n-2'-phosphate
c21653,(+)-kolavelool
c21654,(+)-kolavenyl diphosphate
c21655,"cyclobis-1,6-alpha-nigerosyl; cycloalternan"
c21656,ent-8alpha-hydroxylabd-13-en-15-yl diphosphate
c21657,cis-3-alkyl-4-alkyloxetan-2-one
c21658,peregrinol diphosphate; (13e)-9-hydroxy-8alpha-labda-13-en-15-yl diphosphate
c21659,"alpha-isomaltosyl-1,3-isomaltose"
c21660,"(+)-isoafricanol; (1as,4ar,5r,7as,7br)-3,3,5,7b-tetramethyldecahydro-4ah-cyclopropa[e]azulen-4a-ol"
c21661,(-)-spiroviolene
c21662,(e)-1-(l-cysteinylglycine-s-yl)-n-hydroxy-omega-(methylsulfanyl)alkane-1-imine
c21663,(e)-1-(l-cysteinylglycine-s-yl)-n-hydroxy-2-(1h-indol-3-yl)ethane-1-imine
c21664,(glutathione-s-yl)(1h-indol-3-yl)acetonitrile
c21665,(l-cysteinylglycine-s-yl)(1h-indol-3-yl)acetonitrile
c21666,"(3r,4r)-3-[(1s)-1-hydroxyalkyl]-4-(hydroxymethyl)oxolan-2-one"
c21667,(z)-1-(l-cysteinylglycine-s-yl)-n-hydroxy-2-phenylethane-1-imine
c21668,"(3r,4r)-3-alkanoyl-4-(hydroxymethyl)oxolan-2-one"
c21669,12-hydroxyjasmonate; 12-hydroxyjasmonic acid
c21670,"tsukubadiene; (1s,3as,5z,7as,10ar,11z)-1,5,8,8,10a-pentamethyl-2,3,3a,4,7,7a,8,9,10,10a-decahydro-1h-dicyclopenta[a,d][9]annulene"
c21671,12-sulfooxyjasmonate; 12-hydroxyjasmonate sulfate
c21672,ornithine lipid
c21673,n-methylornithine lipid
c21674,"n,n-dimethylornithine lipid"
c21675,"n,n,n-trimethylornithine lipid"
c21676,"(2s,3r,6s,9s)-(-)-protoillud-7-ene; (2as,4as,7as,7br)-3,6,6,7b-tetramethyl-2,2a,4a,5,6,7,7a,7b-octahydro-1h-cyclobuta[e]indene"
c21677,"(3s)-(+)-asterisca-2(9),6-diene; (4s,7z)-2,2,4,7-tetramethyl-2,3,4,5,6,9-hexahydro-1h-cyclopenta[8]annulene"
c21678,"(3r)-3-hydroxy-16-methoxy-1,2-didehydro-2,3-dihydrotabersonine"
c21679,"(-)-alpha-amorphene; (1s,4ar,8as)-4,7-dimethyl-1-(propan-2-yl)-1,2,4a,5,6,8a-hexahydronaphthalene"
c21680,lyso-ornithine lipid
c21681,"(+)-corvol ether b; (1s,3r,5ar,6s,8ar)-3,6-dimethyl-1-(propan-2-yl)hexahydro-1h,3h-3,8a-methanocyclopenta[c]oxepine"
c21682,"(3r)-3-hydroxy-2,3-dihydrotabersonine"
c21683,"(3r)-3-hydroxy-1,2-didehydro-2,3-dihydrotabersonine"
c21684,"(+)-eremophilene; (3s,4as,5r)-4a,5-dimethyl-3-(prop-1-en-2-yl)-1,2,3,4,4a,5,6,7-octahydronaphthalene"
c21685,"(1r,4r,5s)-(-)-guaia-6,10(14)-diene; (1r)-1-methyl-4-methylidene-7-(propan-2-yl)-1,2,3,3a,4,5,6,8a-octahydroazulene; (1r)-7-isopropyl-1-methyl-4-methylene-1,2,3,3a,4,5,6,8a-octahydroazulene"
c21686,"(+)-(1e,4e,6s,7r)-germacra-1(10),4-dien-6-ol; (1s,2e,6e,10r)-3,7-dimethyl-10-(propan-2-yl)cyclodeca-2,6-dien-1-ol"
c21687,"(3e,7e)-dolabella-3,7-dien-18-ol; 2-[(1r,3ar,5e,9e,12ar)-3a,6,10-trimethyl-1,2,3,3a,4,7,8,11,12,12a-decahydrocyclopenta[11]annulen-1-yl]propan-2-ol"
c21688,"(3e,7e)-dolathalia-3,7,11-triene; (7e,11e)-3,3,7,11,13a-pentamethy1-2,3,5,6,9,10,13,13a-octahydro-1h-benzo[11]annulene"
c21689,"7-epi-alpha-eudesmol; (-)-7-epi-alpha-eudesmol; 2-[(2s,4ar,8ar)-4a,8-dimethyl-1,2,3,4,4a,5,6,8a-octahydronaphthalen-2-yl]propan-2-ol"
c21690,"4-epi-cubebol; (+)-4-epi-cubebol; (3s,3as,3br,4s,7s,7as)-4-(2-hydroxypropan-2-yl)-7-methyloctahydro-1h-cyclopenta[1,3]cyclopropa[1,2]benzen-3-ol"
c21691,omega-(methylthio)alkyl-glucosinolate; omega-(methylsulfanyl)alkyl-glucosinolate
c21692,omega-(methylsulfinyl)alkyl-glucosinolate
c21693,"(+)-corvol ether a; (1r,4s,4ar,7r,8ar)-4,7-dimethyl-1-(propan-2-yl)decahydro-1,7-epoxynaphthalene"
c21694,10-epi-juneol; 10alpha-eudesm-4(14)-en-6alpha-ol
c21695,tau-cadinol; 10beta-cadin-4-en-10-ol
c21696,12-hydroxyjasmonoyl-l-amino acid
c21697,12-hydroxy-12-oxojasmonoyl-l-amino acid
c21698,"(2e,6e)-hedycaryol; (1e,4e,7r)-germacra-1(10),4-dien-11-ol"
c21699,12-oxojasmonoyl-l-amino acid
c21700,10-epi-cubebol
c21701,sesterfisherol
c21702,beta-thujene
c21703,"stellata-2,6,19-triene"
c21704,stellatate; stellatic acid
c21705,"guaia-4,6-diene"
c21706,"pseudolaratriene; (1rs,3asr,8ars)-3a,6-dimethyl-1-(6-methylhepta-2,5-dien-2-yl)-1,2,3,3a,4,7,8,8a-octahydrohydroazulene"
c21707,"selina-4(15),7(11)-diene"
c21708,"(+)-(2s,3r,9r)-pristinol; (1r,6r,9as)-1,4,8,8-tetramethyl-2,3,5,6,7,8,9,9a-octahydro-1h-cyclopenta[8]annulen-6-ol"
c21709,nezukol; pimar-15-en-8-ol
c21710,5-hydroxy-alpha-gurjunene
c21711,ent-atiserene
c21712,"2-chloro-n-(2,6-diethylphenyl)acetamide"
c21713,butyl formate
c21714,"ent-13-epi-manoyl oxide; (13r)-ent-8,13-epoxylabd-14-ene"
c21715,"(2z,6e)-hedycaryol; (1e,4z,7r)-germacra-1(10),4-dien-11-ol"
c21716,"beta-geranylfarnesene; (6e,10e,14e)-7,11,15,19-tetramethyl-3-methyleneicosa-1,6,10,14,18-pentaene"
c21717,beta-hexaprene
c21718,beta-heptaprene
c21719,2-(l-cystein-s-yl)-2-(1h-indol-3-yl)acetonitrile
c21720,"(13r)-9,13-epoxylabd-14-ene"
c21721,camalexin; 3-(thiazol-2-yl)indole
c21722,"(r)-dihydrocamalexate; (4r)-2-(1h-indol-3-yl)-4,5-dihydrothiazole-4-carboxylate"
c21723,biliverdin-ix-delta
c21724,biliverdin-ix-beta
c21725,"manoyl oxide; (13r)-manoyl oxide; (13r)-8,13-epoxylabd-14-ene"
c21726,"cycloaraneosene; (1r,3ar,9as,10ar)-1,9a-dimethyl-4-methylene-7-(propan-2-yl)-1,2,3,3a,4,5,6,8,9,9a,10,10a-dodecahydrodicyclopenta[a,d][8]annulene"
c21727,"(13e)-labda-7,13-dien-15-yl diphosphate; (13e)-labda-7,13-dienyl diphosphate"
c21728,"labda-7,13(16),14-triene"
c21729,"(12e)-labda-8(17),12,14-triene"
c21730,epsilon-(gamma-l-glutamyl)-l-lysine
c21731,"2-(hydroxysulfanyl)hercynine; nalpha,nalpha,nalpha-trimethyl-2-(hydroxysulfanyl)-l-histidine; 2-sulfenohercynine"
c21732,"(3s,22s)-2,3:22,23-diepoxy-2,3,22,23-tetrahydrosqualene; 2,3,22,23-dioxidosqualene"
c21733,"pre-alpha-onocerin; (21s)-21,22-epoxypolypoda-8(26)-13,17-trien-3beta-ol"
c21734,"alpha-onocerin; 8,14-secogammacera-8(26),14(27)-diene-3beta,21alpha-diol"
c21735,"(-)-kolavenyl diphosphate; (2e)-5-[(1r,2s,4as,8as)-1,2,4a,5-tetramethyl-1,2,3,4,4a,7,8,8a-octahydronaphthalen-1-yl]-3-methylpent-2-en-1-yl diposphate"
c21736,4-sulfanylbutanoate
c21737,"4,4'-disulfanediyldibutanoate"
c21738,"(4r)-4,2'-dihydroxyisoflavan"
c21739,(3r)-2'-hydroxyisoflavanone
c21740,[sulfatase]-l-cysteine
c21741,[sulfatase]-3-oxo-l-alanine; [sulfatase]-(s)-formylglycine; [sulfatase]-(s)-calpha-formylglycine; [sulfatase]-fgly
c21742,beta-d-gal-(1->4)-beta-d-glcnac-(1->3)-beta-d-gal-(1->4)-beta-d-glcnac-r
c21743,beta-d-gal-(1->4)-beta-d-glcnac-(1->3)-[beta-d-glcnac-(1->6)]-beta-d-gal-(1->4)-beta-d-glcnac-r
c21744,mn(iv)o2; manganese dioxide
c21746,8-methylthiooctyl-desulfoglucosinolate
c21747,n-acetyl-beta-d-glucosaminyl-(1->4)-d-glucosamine
c21748,5-fluorouridine diphosphate
c21749,5-fluorouridine triphosphate
c21750,5-fluorodeoxyuridine diphosphate
c21751,5-fluorodeoxyuridine triphosphate
c21752,2-hydroxyethyl-com
c21753,2-chloro-2-hydroxyethyl-com
c21754,isonicotinoyl radical
c21755,isonicotinoyl-nad+; inh-nad+
c21756,isonicotinoyl-nadp+; inh-nadp+
c21757,4-isonicotinoylnicotinamide; 4-inn
c21758,hepatotoxins
c21759,isonicotinoyl-nad adduct; inh-nad adduct
c21760,isonicotinoyl-nadp adduct; inh-nadp adduct
c21761,(3r)-3-hydroxy-4-oxobutanoate
c21762,4-hydroxytryptamine
c21763,long-chain alkane
c21764,5-hydroxybenzimidazole
c21765,rhizathalene a
c21766,"4,4'-diapolycopen-4-al"
c21767,"pyridinium-3,5-bisthiocarboxylate mononucleotide; p2tmn; pyridin-1-ium-3,5-bisthiocarboxylate mononucleotide"
c21768,"4,4'-diapolycopen-4-oate"
c21769,"ni(ii)-pyridinium-3,5-bisthiocarboxylate mononucleotide"
c21770,"4,4'-diapolycopene-4,4'-dioate"
c21771,"l-firefly luciferin; (r)-4,5-dihydro-2-(6-hydroxy-1,3-benzothiazol-2-yl)thiazole-4-carboxylate"
c21772,l-firefly luciferyl-coa
c21773,"[(3s,4r)-4-alkanoyl-5-oxooxolan-3-yl]methyl phosphate"
c21774,"(4-alkanoyl-5-oxo-2,5-dihydrofuran-3-yl)methyl phosphate"
c21775,1-(4-methoxyphenyl)-n-methyl-n-[(3-methyloxetan-3-yl)methyl]methanamine
c21776,"2-({[(4-methoxyphenyl)methyl](methyl)amino}methyl)-2-methylpropane-1,3-diol"
c21777,4-hydroxy-l-tryptophan
c21778,norbaeocystin; 4-hydroxytryptamine 4-phosphate
c21779,baeocystin; 4-hydroxy-n-methyltryptamine 4-phosphate
c21780,"alpha-d-mannosyl-(1->3)-n-acetyl-alpha-d-glucosaminyl-diphospho-ditrans,octacis-undecaprenol"
c21781,"alpha-d-mannosyl-(1->3)-alpha-d-mannosyl-(1->3)-alpha-d-mannosyl-(1->3)-n-acetyl-alpha-d-glucosaminyl-diphospho-ditrans,octacis-undecaprenol"
c21782,mogrol
c21783,mogroside ie
c21784,nerylneryl diphosphate; all-cis-tetraprenyl diphosphate
c21785,n5-phospho-l-glutamine
c21786,oleuropein aglycone
c21787,s-sulfinatoglutathione
c21788,tulathromycin a
c21789,tulathromycin b
c21790,"trehalose dimycolate; trehalose-6,6'-dimycolate; tdm; cord factor"
c21791,rhodocytin; aggretin
c21792,manlam; mannose-capped lipoarabinomannan; mannosylated lipoarabinomannan
c21793,4-phenylbutyrate; 4-phenylbutanoate; 4-phenylbutyric acid
c21794,2-hydroxyornithine lipid
c21795,"(3e)-4,8-dimethylnona-1,3,7-triene"
c21796,11-hydroxyferruginol
c21797,"all-trans-3,4-didehydroretinol; vitamin a2"
c21798,adenine in u6 snrna; adenine(43) in u6 snrna
c21799,n6-methyladenine in u6 snrna; n6-methyladenine(43) in u6 snrna
c21800,(+)-o-methylkolavelool
c21801,(+)-demethylpiperitol; sesamin monocatechol
c21802,(+)-didemethylpinoresinol; sesamin dicatechol
c21803,8-demethyl-8-formylriboflavin 5'-phosphate
c21804,8-carboxy-8-demethylriboflavin 5'-phosphate; 8-demethyl-8-carboxyriboflavin 5'-phosphate
c21805,8-amino-8-demethylriboflavin 5'-phosphate; 8-demethyl-8-aminoriboflavin 5'-phosphate
c21808,21-phosphorifampicin
c21811,wall teichoic acid; [(4-d-ala)-(2-glcnac)-rib-ol-p]n-[gro-p]m-beta-mannac-(1->4)-alpha-glcnac-p-peptidoglycan
c21812,wall teichoic acid; [(2-glcnac)-rib-ol-p]n-[gro-p]m-beta-mannac-(1->4)-alpha-glcnac-p-peptidoglycan
c21814,[soxy protein]-s-disulfanyl-l-cysteine
c21815,[soxy protein]-s-sulfosulfanyl-l-cysteine
c21816,alpha-d-galacturonosyl-[(1->2)-alpha-l-rhamnosyl-(1->4)-alpha-d-galacturonosyl]n; rhamnogalacturonan i
c21817,[(1->2)-alpha-l-rhamnosyl-(1->4)-alpha-d-galacturonosyl]n; rhamnogalacturonan i
c21818,"carnosic acid; salvin; 11,12-dihydroxyabieta-8,11,13-trien-20-oic acid"
c21819,"salviol; abieta-8,11,13-triene-2alpha,12-diol"
c21820,"maniladiol; 16beta-hydroxy-beta-amyrin; olean-12-ene-3beta,16beta-diol"
c21821,"daturadiol; 6beta-hydroxy-beta-amyrin; olean-12-ene-3beta,6beta-diol"
c21822,"sugiol; 12-hydroxyabieta-8,11,13-trien-7-one"
c21823,11-hydroxysugiol
c21824,"11,20-dihydroxysugiol"
c21825,"9beta-pimara-7,15-diene-3beta-ol"
c21826,"ent-3beta-hydroxycassa-12,15-dien-2-one"
c21827,"ent-cassa-12,15-dien-2beta-ol"
c21828,"ent-cassa-12,15-dien-2-one"
c21829,"ent-cassa-12,15-diene-2beta,3beta-diol"
c21830,"11,20-dihydroxyferruginol"
c21831,"ent-2alpha,3alpha-dihydroxyisokaurene; ent-isokaurene-2beta,3beta-diol"
c21832,"(4s)- 2,3-dehydroflavan-3,4-diol"
c21833,kaempferol-3-o-rutinoside; nictoflorin
c21834,"(4z,8z)-4,8-dimethyl-12-oxotrideca-4,8-dienal"
c21835,"12,18-didecarboxysiroheme"
c21836,"meso-zeaxanthin; (3r,3's)-beta,beta-carotene-3,3'-diol"
c21837,3-geranyl-3-[(z)-2-isocyanoethenyl]-1h-indole
c21838,hapalindole h
c21839,12-epi-hapalindole u
c21840,"12-epi-fischerindole u; (6as,9s,10r,10as)-9-ethenyl-10-isocyano-6,6,9-trimethyl-5,6,6a,7,8,9,10,10a-octahydroindeno[2,1-b]indole"
c21841,"11-oxocucurbitadienol; 3beta-hydroxycucurbita-7,24-dien-11-one"
c21842,11-hydroxycucurbitadienol
c21843,"drimendiol; drim-7-ene-11,12-diol"
c21844,adenine in mrna
c21845,n6-methyladenine in mrna
c21846,sordaricin
c21847,4'-o-demethylsordarin
c21848,gdp-6-deoxy-alpha-d-altrose
c21849,"4-o-(2-n-acetyl-beta-d-glucosaminyl-d-ribitylphospho)n-di[(2r)-1-glycerophospho]-n-acetyl-beta-d-mannosaminyl-(1->4)-n-acetyl-alpha-d-glucosaminyl-diphospho-ditrans,octacis-undecaprenol"
c21850,3-bromo-4-hydroxybenzoate
c21851,"pyridinium-3,5-biscarboxylic acid mononucleotide; p2cmn; pyridin-1-ium-3,5-dicarboxylate mononucleotide; pyridinium-3,5-biscarboxylate mononucleotide"
c21852,"3,5-dibromobenzene-1,2-diol"
c21853,"3-bromo-4,5-dihydroxybenzoate"
c21854,kaempferol 3-o-rhamnoside-7-o-glucoside
c21855,5-chloro-1h-pyrrole-2-carbonyl-[peptidyl-carrier protein]
c21856,"4,5-dichloro-1h-pyrrole-2-carbonyl-[peptidyl-carrier protein]"
c21858,n-(4-oxoglutaryl)-l-cysteinylglycine; deaminated glutathione
c21859,"cis-3-[2,2-dichloro-1-(4-chlorophenyl)vinyl]-6-chlorocyclohexa-3,5-diene-1,2-diol; cis-2,3-dihydrodiol-dde"
c21860,"3-demethylubiquinol; 3-methoxy-6-methyl-5-(all trans-polyprenyl)benzene-1,2,4-triol; 3-demethylubiquinol-n"
c21861,[protein]-dehydroalanine
c21862,5-bromo-1h-pyrrole-2-carbonyl-[peptidyl-carrier protein]
c21863,"4,5-dibromo-1h-pyrrole-2-carbonyl-[peptidyl-carrier protein]"
c21864,"3,4,5-tribromo-1h-pyrrole-2-carbonyl-[peptidyl-carrier protein]"
c21865,5-chloro-l-tryptophan
c21866,6-chloro-l-tryptophan
c21867,6-chloro-d-tryptophan
c21868,"6,7-dichloro-l-tryptophan"
c21869,"4-o-[(2-beta-d-glucosyl-1-d-ribitylphospho)n-(1-d-ribitylphospho)-(2r)-1-glycerophospho]-n-acetyl-beta-d-mannosaminyl-(1->4)-n-acetyl-alpha-d-glucosaminyl-diphospho-ditrans,octacis-undecaprenol"
c21870,"4-o-(2-n-acetyl-alpha-d-glucosaminyl-d-ribitylphospho)n-di[(2r)-1-glycerophospho]-n-acetyl-beta-d-mannosaminyl-(1->4)-n-acetyl-alpha-d-glucosaminyl-diphospho-ditrans,octacis-undecaprenol"
c21871,(e)-omega-(methylthio)alkyl-thiohydroximate; (e)-omega-(methylsulfanyl)alkyl-thiohydroximate
c21872,aliphatic desulfoglucosinolate; omega-(methylthio)alkylhydroximate s-glucoside
c21873,2-methylquinolin-4-ol; 2-methyl-4-hydroxyquinoline
c21874,aurachin b epoxide
c21875,aurachin a
c21876,fenbendazole; methyl [5-(phenylsulfanyl)-1h-benzimidazol-2-yl]carbamate
c21877,5-carboxy-1-(5-o-phospho-beta-d-ribofuranosyl)pyridin-1-ium-3-carbonyl adenylate
c21878,pyridinium-3-carboxy-5-thiocarboxylic acid mononucleotide; pctmn; pyridin-1-ium-3-carboxylate-5-thiocarboxylate mononucleotide
c21879,1-(5-o-phospho-beta-d-ribofuranosyl)-5-(sulfanylcarbonyl)pyridin-1-ium-3-carbonyl adenylate
c21880,[protein]-s-[5-carboxy-1-(5-o-phosphono-beta-d-ribofuranosyl)pyridin-1-ium-3-carbonyl]-l-cysteine
c21881,[protein]-s-[1-(5-o-phosphono-beta-d-ribofuranosyl)-5-(sulfanylcarbonyl)pyridin-1-ium-3-carbonyl]-l-cysteine
c21882,fenbendazole s-oxide; oxfendazole
c21883,hydroxyalbendazole; methyl [5-(3-hydroxypropylsulfanyl)-1h-benzimidazol-2-yl]carbamate
c21884,4'-hydroxyfenbendazole; methyl [5-(4-hydroxyphenylsulfanyl)-1h-benzimidazol-2-yl]carbamate
c21885,omega-hydroxy-beta-dihydromenaquinone-9
c21886,omega-hydroxy-long-chain fatty acid
c21887,"rhizobitoxine; (2s,3e)-2-amino-4-[(2r)-2-amino-3-hydroxypropoxy]but-3-enoate"
c21888,dihydrorhizobitoxine; (2s)-2-amino-4-[(2r)-2-amino-3-hydroxypropoxy]butanoate
c21889,(2s)-3-(4-hydroxyphenyl)-2-isocyanopropanoate; l-tyrosine isonitrile
c21890,4-[(e)-2-isocyanoethenyl]phenol
c21891,(2e)-3-(4-hydroxyphenyl)-2-isocyanoprop-2-enoate
c21892,(2s)-3-(1h-indol-3-yl)-2-isocyanopropanoate; l-tryptophan isonitrile
c21893,3-[(z)-2-isocyanoethenyl]-1h-indole
c21894,3-[(e)-2-isocyanoethenyl]-1h-indole
c21895,2-acetylphloroglucinol; monoacetylphloroglucinol
c21896,"2,4-diacetylphloroglucinol"
c21897,dihydrochanoclavine-i aldehyde
c21898,[soxy protein]-s-sulfanyl-l-cysteine
c21899,[soxy protein]-s-(2-sulfodisulfanyl)-l-cysteine
c21900,[samp]-gly-gly
c21901,[samp]-gly-gly-amp
c21902,archaeal dolichyl beta-d-glucuronosyl-(1->4)-alpha-d-glucosyl phosphate; dolichyl beta-d-glucuronosyl-(1->4)-alpha-d-glucosyl phosphate
c21903,delta9-tetrahydrocannabinolate
c21904,trehalose monomycolate; tmm
c21905,3-oxocholan-24-oyl-coa
c21906,3-oxochol-4-en-24-oyl-coa
c21907,12alpha-hydroxy-3-oxocholan-24-oyl-coa
c21908,12alpha-hydroxy-3-oxochol-4-en-24-oyl-coa
c21909,7alpha-hydroxy-3-oxochol-24-oyl-coa; 3-oxochenodeoxycholoyl-coa
c21910,"7alpha,12alpha-dihydroxy-3-oxochol-24-oyl-coa; 3-oxocholoyl-coa"
c21911,7beta-hydroxy-3-oxochol-24-oyl-coa
c21912,7beta-hydroxy-3-oxochol-4-en-24-oyl-coa
c21913,dihydro-4-coumaroyl-coa
c21914,dihydroferuloyl-coa
c21915,carotenoid beta-end group
c21916,carotenoid phi-end group
c21917,carotenoid chi-end group
c21918,14alpha-methylsteroid
c21919,delta14-steroid
c21920,14alpha-hydroxymethylsteroid
c21921,14alpha-formylsteroid
c21922,"6alpha-hydroxygermacra-1(10),4,11(13)-trien-12-oate"
c21923,"9-hydroxy-12-oxo-10(e),15(z)-octadecadienoic acid"
c21924,9-hydroxy-12-oxo-15(z)-octadecenoic acid
c21925,medium-chain fatty acid
c21926,medium-chain acyl-coa
c21927,medium-chain acyl-[acyl-carrier protein]
c21928,"(2z,4e)-4-amino-6-oxohepta-2,4-dienedioate"
c21929,"(-)-bornane-2,5-dione; (1s)-bornane-2,5-dione; 3,6-diketocamphane; (1s,4s)-1,7,7-trimethylbicyclo[2.2.1]heptane-2,5-dione"
c21930,"(-)-5-oxo-1,2-campholide; (1s,5s)-1,8,8-trimethyl-2-oxabicyclo[3.2.1]octane-3,6-dione"
c21931,cerotic acid; hexacosanoic acid
c21932,cerotoyl-coa; hexacosanoyl-coa
c21933,montanic acid; octacosanoic acid
c21934,montanoyl-coa; octacosanoyl-coa
c21935,"(6z,9z)-octadecadienoyl-coa; 6z,9z-octadecadienoyl-coa"
c21936,"(8z,11z)-icosadienoic acid; (8z,11z)-eicosadienoic acid; 8z,11z-eicosadienoic acid; (8z,11z)-icosa-8,11-dienoic acid"
c21937,"(8z,11z)-icosadienoyl-coa; (8z,11z)-eicosadienoyl-coa; 8z,11z-eicosadienoyl-coa"
c21938,"mead acid; 5,8,11-eicosatrienoic acid; (5z,8z,11z)-eicosatrienoate; 5z,8z,11z-eicosatrienoic acid; (5z,8z,11z)-icosatrienoic acid; (5z,8z,11z)-icosa-5,8,11-trienoic acid"
c21939,"(5z,8z,11z)-icosatrienoyl-coa; (5z,8z,11z)-eicosatrienoyl-coa; 5z,8z,11z-eicosatrienoyl-coa"
c21940,"(7z,10z,13z)-docosatrienoic acid; 7z,10z,13z-docosatrienoic acid"
c21941,"(7z,10z,13z)-docosatrienoyl-coa"
c21942,sapienic acid; (6z)-hexadecenoic acid; 6z-hexadecenoic acid; (z)-hexadec-6-enoic acid
c21943,sapienoyl-coa; (6z)-hexadecenoyl-coa
c21944,cis-vaccenic acid; cis-11-octadecenoic acid; 11z-octadecenoic acid; (z)-octadec-11-enoic acid
c21945,cis-vaccenoyl-coa; (11z)-octadecenoyl-coa
c21946,paullinic acid; 13z-eicosenoic acid; (z)-eicos-13-enoic acid; (z)-icos-13-enoic acid
c21947,paullinoyl-coa; (13z)-icosenoyl-coa; (13z)-eicosenoyl-coa
c21948,"shibic acid; 11z,14z,17z,20z,23z-hexacosapentaenoic acid; (11z,14z,17z,20z,23z)-hexacosapentaenoic acid; (11z,14z,17z,20z,23z)-hexacosa-11,14,17,20,23-pentaenoic acid"
c21949,"(11z,14z,17z,20z,23z)-hexacosapentaenoyl-coa"
c21950,"(13z,16z,19z,22z,25z)-octacosapentaenoic acid; 13z,16z,19z,22z,25z-octacosapentaenoic acid; (13z,16z,19z,22z,25z)-octacosa-13,16,19,22,25-pentaenoic acid"
c21951,"(13z,16z,19z,22z,25z)-octacosapentaenoyl-coa"
c21952,"(8z,11z,14z,17z,20z,23z)-hexacosahexaenoic acid; 8z,11z,14z,17z,20z,23z-hexacosahexaenoic acid; (8z,11z,14z,17z,20z,23z)-hexacosa-8,11,14,17,20,23-hexaenoic acid"
c21953,"(8z,11z,14z,17z,20z,23z)-hexacosahexaenoyl-coa"
c21954,(+)-piperitol
c21955,"l-galactono-1,5-lactone"
c21956,"1,6-didemethyltoxoflavin"
c21957,reumycin; 1-demethyltoxoflavin
c21958,"(10z,13z,16z,19z,22z,25z)-octacosahexaenoic acid; 10z,13z,16z,19z,22z,25z-octacosahexaenoic acid; (10z,13z,16z,19z,22z,25z)-octacosa-10,13,16,19,22,25-hexaenoic acid"
c21959,"(10z,13z,16z,19z,22z,25z)-octacosahexaenoyl-coa"
c21960,"(11z,14z,17z,20z)-hexacosatetraenoic acid; 11z,14z,17z,20z-hexacosatetraenoic acid; (11z,14z,17z,20z)-hexacosa-11,14,17,20-tetraenoic acid"
c21961,"(11z,14z,17z,20z)-hexacosatetraenoyl-coa"
c21962,"(13z,16z,19z,22z)-octacosatetraenoic acid; 13z,16z,19z,22z-octacosatetraenoic acid; (13z,16z,19z,22z)-octacosa-13,16,19,22-tetraenoic acid"
c21963,"(13z,16z,19z,22z)-octacosatetraenoyl-coa"
c21964,"(8z,11z,14z,17z,20z)-hexacosapentaenoic acid; 8z,11z,14z,17z,20z-hexacosapentaenoic acid; (8z,11z,14z,17z,20z)-hexacosa-8,11,14,17,20-pentaenoic acid"
c21965,"(8z,11z,14z,17z,20z)-hexacosapentaenoyl-coa"
c21966,"(10z,13z,16z,19z,22z)-octacosapentaenoic acid; 10z,13z,16z,19z,22z-octacosapentaenoic acid; (10z,13z,16z,19z,22z)-octacosa-10,13,16,19,22-pentaenoic acid"
c21967,"(10z,13z,16z,19z,22z)-octacosapentaenoyl-coa"
c21968,2-o-[alpha-d-glucopyranosyl-(1->6)-alpha-d-glucopyranosyl]-d-glycerate
c21969,2-o-[6-o-octanoyl-alpha-d-glucopyranosyl-(1->6)-alpha-d-glucopyranosyl]-d-glycerate
c21970,2-acylphloroglucinol 1-o-beta-d-glucoside
c21971,"5-amino-5-(4-hydroxybenzyl)-6-(d-ribitylimino)-5,6-dihydrouracil"
c21972,[soxy protein]-l-cysteine
c21973,hapalindole u
c21974,hapalindole g
c21975,"12-epi-fischerindole g; (6ar,8r,9s,10r,10as)-8-chloro-9-ethenyl-10-isocyano-6,6,9-trimethyl-5,6,6a,7,8,9,10,10a-octahydroindeno[2,1-b]indole"
c21976,l-threonyl-[l-threonyl-carrier protein]
c21977,4-chloro-l-threonyl-[l-threonyl-carrier protein]
c21978,"cyclooctat-9-ene-5,7-diol; (1s,3r,3as,4r,7s,9as,10as)-1,4,9a-trimethyl-7-(propan-2-yl)-1,2,3,3a,4,5,7,8,9,9a,10,10a-dodecahydrodicyclopenta[a,d][8]annulene-3,4-diol"
c21979,"cyclooctatin; cycloctat-9-ene-5,7,18-triol"
c21980,"(6z,9z)-hexadecadienoic acid; 6z,9z-hexadecadienoic acid; (6z,9z)-hexadeca-6,9-dienoic acid"
c21981,"(6z,9z)-hexadecadienoyl-coa"
c21982,lipid ivb; 2-deoxy-2-{[(3r)-3-hydroxytetradecanoyl]amino}-3-o-[(3r)-3-hydroxytetradecanoyl]-4-o-phospho-beta-d-glucopyranosyl-(1->6)-2-deoxy-3-o-[(3r)-3-hydroxytetradecanoyl]-2-{[(3r)-3-(hexadecanoyloxy)tetradecanoyl]amino}-1-o-phospho-alpha-d-glucopyranose
c21983,deacyl-lipid ivb; deacyl-ivb
c21984,deacyl-lipid iva; deacyl-iva
c21988,h. pylori kdo2-lipid a
c21991,palmitoleoyl-myristoyl-kdo2-lipid a; (kdo)2-(palmitoleoyl-myristoyl)-lipid a; cold adapted kdo2-lipid a
c21992,3'-o-deacylated kdo2-lipid a
c21993,c16-kdo2-lipid a; palmitoylated kdo2-lipid a; palmitoyl-kdo2-lipid a
c21994,1-dephospho-kdo2-lipid a; 1-dephosphorylated kdo2-lipid a
c21995,1-petn-kdo2-lipid a; h. pylori kdo2-lipid a 1-(2-aminoethyl phosphate)
c21996,1-petn-kdo-lipid a; h. pylori kdo-lipid a 1-(2-aminoethyl phosphate)
c21997,4'-dephosphorylated 1-petn-kdo-lipid a
c21998,h. pylori kdo-lipid a
c21999,stearoyl-kdo2-lipid iva; octadecanoyl-kdo2-lipid iva
c22000,(r)-3-(tetradecanoyloxy)tetradecanoic acid; (r)-3-(myristoyloxy)myristic acid
c22001,(r)-3-hydroxymyristic acid; (r)-3-hydroxytetradecanoic acid
c22002,lipid iib
c22003,(s)-2-hydroxymyristate-modified lipid a
c22004,"n8,n'8-citryl-bis(spermidine)"
c22005,2-hydroxyflavanone
c22006,(r)-(indol-3-yl)lactate; (r)-3-(indol-3-yl)lactate
c22007,"sideretin; 5,7,8-trihydroxy-6-methoxy-2h-chromen-2-one"
c22008,"dolabradiene; (4as,4br,7s,8ar,10as)-7-ethenyl-4b,7,10a-trimethyl-1-methylidenetetradecahydrophenanthrene"
c22009,"15,16-epoxydolabrene"
c22010,"3beta-hydroxy-15,16-epoxydolabrene"
c22011,"zealexin a1; (4s)-4-(5,5-dimethylcyclohex-1-en-1-yl)cyclohex-1-ene-1-carboxylate"
c22012,"[(4s)-4-(5,5-dimethylcyclohex-1-en-1-yl)-cyclohex-1-en-1-yl]methanol"
c22013,"(4s)-4-(5,5-dimethylcyclohex-1-en-1-yl)cyclohex-1-ene-1-carbaldehyde"
c22014,7-deoxyloganetic alcohol
c22015,indole-3-carbonyl nitrile; 2-(1h-indole-3-yl)-2-oxoacetonitrile
c22016,4-hydroxyindole-3-carbonyl nitrile; 2-(4-hydroxy-1h-indole-3-yl)-2-oxoacetonitrile
c22017,1-hexacosanoyl-2-acyl-[phosphoglycerolipid]
c22018,1-[(17z)-hexacos-17-enoyl]-2-acyl-[phosphoglycerolipid]
c22019,1-tetracosanoyl-2-acyl-[phosphoglycerolipid]
c22020,1-[(15z)-tetracos-15-enoyl]-2-acyl-[phosphoglycerolipid]
c22021,l-tyrosinal; (2s)-2-amino-3-(4-hydroxyphenyl)propanal
c22022,trans-delta2-meromycolyl-[acyl-carrier protein]
c22023,meromycolyl-[acyl-carrier protein]
c22024,staphylopine; (2s)-4-{[(1r)-1-carboxy-2-(1h-imidazol-4-yl)ethyl]amino}-2-[(1-carboxyethyl)amino]butanoate
c22025,(2s)-2-amino-4-{[(1r)-1-carboxy-2-(1h-imidazol-4-yl)ethyl]amino}butanoate; n-[(3s)-3-amino-3-carboxypropyl]-d-histidine
c22026,(r)-3-(tetradecanoyloxy)hexadecanoic acid
c22027,8-methylmenaquinone
c22028,2-demethyl-8-methylmenaquinone
c22029,alpha-d-galactosamine 1-phosphate
c22030,5-amino-1-(beta-d-ribosyl)imidazole
c22031,cytidine 5'-diphosphoramidate
c22032,cytidine 3'-phospho-5'-diphosphoramidate; 3'-phospho-cytidine-5'-diphosphoramidate
c22033,n5-(cytidine 5'-diphosphoramidyl)-l-glutamine
c22034,"d-xylono-1,4-lactone 5-phosphate; 5-phospho-d-xylono-1,4-lactone"
c22035,5-phospho-d-xylonate
c22036,"l-arabino-1,4-lactone 5-phosphate"
c22037,5-phospho-l-arabinate; 5-phospho-l-arabinonate
c22038,"(r)-3-(3,4-dihydroxyphenyl)lactate"
c22039,"2-carboxy-1,4-naphthoquinone; 1,4-dioxo-2-naphthoic acid"
c22040,s-methyl-l-cysteine
c22041,acifluorfen; 5-[2-chloro-4-(trifluoromethyl)phenoxy]-2-nitrobenzoic acid
c22042,pyribencarb
c22043,"7-epi-ent-eudesmane-5,11-diol"
c22044,alpha-selinene
c22045,(-)-5-epieremophilene
c22046,nocamycin e
c22047,nocamycin i
c22048,"4-o-methylxanthohumol; (2e)-1-[2,4-dihydroxy-6-methoxy-3-(3-methylbut-2-en-1-yl)phenyl]-3-(4-methoxyphenyl)prop-2-en-1-one"
c22049,"8beta-hydroxygermacrene a acid; 8beta-hydroxygermacra-1(10),4,11(13)-trien-12-oate"
c22050,"6alpha,8beta-dihydroxygermacra-1(10),4,11(13)-trien-12-oate"
c22051,"8alpha-hydroxygermacra-1(10),4,11(13)-trien-12-oate"
c22052,beta-pinacene
c22053,udp-n-acetyl-alpha-d-muramoyl-l-alanyl-l-glutamate; udp-murnac-l-ala-l-glu
c22054,"8-epi-inunolide; germacra-1(10),4,11(13)-trien-12,8alpha-lactone"
c22055,lycopaoctaene
c22056,nonaflavuxanthin
c22057,flavuxanthin
c22058,dihydroisopentenyldehydrorhodopin
c22059,isopentenyldehydrorhodopin
c22060,dihydrobisanhydrobacterioruberin
c22061,2-(long-chain-fatty acyl)-trehalose
c22062,mycolipenoyl-coa
c22063,2-(long-chain-fatty acyl)-3-mycolipenoyl-trehalose
c22064,medium-chain 3-oxoacyl-[acyl-carrier protein]
c22065,2-oxo-3-(phosphooxy)propyl 3-oxoalkanoate
c22066,2'-hydroxy-beta-oxodihydrochalcone
c22067,3'-(beta-d-glucopyranosyl)-2'-hydroxy-beta-oxodihydrochalcone
c22068,h. pylori kdo2-lipid iva
c22069,"n1-(3,4-dihydroxybenzoyl)-n8,n'8-citryl-bis(spermidine)"
c22070,"2,4-dihydroxycinnamoyl-coa; (2e)-3-(2,4-dihydroxyphenyl)prop-2-enoyl-coa"
c22071,pterocarpan
c22072,2-[(l-alanin-3-ylcarbamoyl)methyl]-2-hydroxybutanedioate
c22073,2-[(2-aminoethylcarbamoyl)methyl]-2-hydroxybutanedioate
c22074,2-[(l-alanin-3-ylcarbamoyl)methyl]-3-(2-aminoethylcarbamoyl)-2-hydroxypropanoate
c22075,staphyloferrin b
c22076,[protein]-(3s)-3-hydroxy-l-lysine
c22077,6-sulfo-alpha-d-quinovose; alpha-sulfoquinovose; 6-deoxy-6-sulfo-alpha-d-glucopyranose
c22078,6-sulfo-beta-d-quinovose; beta-sulfoquinovose; 6-deoxy-6-sulfo-beta-d-glucopyranose
c22079,"luteothin; deoxyaureothin; 2-[(3e,5e)-3,5-dimethyl-6-(4-nitrophenyl)hexa-3,5-dien-1-yl]-6-methoxy-3,5-dimethyl-4h-pyran-4-one"
c22080,(7r)-7-hydroxyluteothin
c22081,4-amino-l-phenylalanyl-[peptidyl-carrier-protein]
c22083,"beta-d-glcnac-(1->4)-mur2ac(oyl-l-ala-gamma-d-o-p-glu-l-lys-d-ala-d-ala)-diphospho-ditrans,octacis-undecaprenol"
c22084,1-carboxybiuret; n-[(carbamoylamino)carbonyl]carbamate
c22085,"urea-1,3-dicarboxylate"
c22086,demethylluteothin
c22087,"(2e,5s,6e,8e,10e)-5-hydroxydodeca-2,6,8,10-tetraenal"
c22088,"bis(myo-inositol) 1,3'-phosphate"
c22089,"2-o-(beta-d-mannosyl-(1->2)-beta-d-mannosyl)-bis(myo-inositol) 1,3'-phosphate; 2-(o-beta-d-mannosyl-1,2-o-beta-d-mannosyl)-di-myo-inositol-1,3'-phosphate; mmdip"
c22090,"2-o-(beta-d-mannosyl)-bis(myo-inositol) 1,3'-phosphate; 2-(o-beta-d-mannosyl)-di-myo-inositol-1,3'-phosphate; mdip"
c22091,"(2e,5s,6e,8e,10e)-1-aminododeca-2,6,8,10-tetraen-5-ol"
c22092,5'-o-phosphonoadenylyl-(3'->5')-adenosine; papa
c22093,6-deoxy-d-gulose; 6-deoxy-d-gulopyranose
c22094,"3'-(hydroxy)phthioceranyl-2'-palmitoyl(stearoyl)-2-o-sulfo-alpha,alpha-trehalose"
c22095,"3,6,6'-tris-(hydroxy)phthioceranyl-2-palmitoyl(stearoyl)-2'-sulfo-alpha,alpha-trehalose"
c22096,"2'-palmitoyl/stearoyl-2-o-sulfo-alpha,alpha-trehalose"
c22097,(1->6)-alpha-d-glucan containing a (1->3)-alpha-d-glucose branch
c22098,monopotassium glycyrrhizin; monopotassium glycyrrhizinate
c22099,sennoside a calcium salt
c22100,sennoside b calcium salt
c22101,n5-citryl-d-ornithine; delta-citryl-d-ornithine; n5-[(s)-citryl]-d-ornithine
c22102,staphyloferrin a
c22103,"3beta-hydroxy-4,4-dimethylsteroid"
c22104,3beta-hydroxy-4beta-hydroxymethyl-4alpha-methylsteroid
c22105,3beta-hydroxy-4beta-formyl-4alpha-methylsteroid
c22106,3beta-hydroxy-4alpha-methylsteroid-4beta-carboxylate
c22107,4alpha-methyl-3-oxosteroid
c22108,hydropyrene
c22109,hydropyrenol
c22110,isoelisabethatriene
c22111,3beta-hydroxysteroid-4alpha-carboxylate
c22112,"4alpha-carboxy-5alpha-cholesta-8,24-dien-3beta-ol"
c22113,16alpha-hydroxy-beta-amyrin
c22114,"4alpha-(hydroxymethyl)-4beta,14alpha-dimethyl-9beta,19-cyclo-5alpha-ergost-24(24(1))-en-3beta-ol; 24-methylenecycloartane-3,28-diol"
c22115,"4alpha-formyl-4beta,14alpha-dimethyl-9beta,19-cyclo-5alpha-ergost-24(24(1))-en-3beta-ol"
c22116,"3beta-hydroxy-4beta,14alpha-dimethyl-9beta,19-cyclo-5alpha-ergost-24(24(1))-en-4alpha-carboxylate"
c22117,"4alpha-(hydroxymethyl)ergosta-7,24(24(1))-dien-3beta-ol"
c22118,"4alpha-formylergosta-7,24(24(1))-dien-3beta-ol"
c22119,"3beta-hydroxyergosta-7,24(24(1))-dien-4alpha-carboxylate"
c22120,"4alpha-carboxy-stigmasta-7,24(24(1))-dien-3beta-ol"
c22121,cycloeucalenone
c22122,"episterone; 5alpha-ergosta-7,24(28)-dien-3-one"
c22123,avenastenone
c22124,palmitoyl-[(hydroxy)phthioceranic acid synthase]
c22125,c40-phthioceranyl-[(hydroxy)phthioceranic acid synthase]
c22126,c37-phthioceranyl-[(hydroxy)phthioceranic acid synthase]
c22127,ginsenoside c-k
c22128,(20s)-ginsenoside rh2
c22129,ginsenoside rh1
c22130,oleanolate 3-o-beta-d-glucoside
c22131,3''-o-acetyl-adp-d-ribose
c22132,(stearoyl)adenylate
c22134,stearoyl-[(hydroxy)phthioceranic acid synthase]; stearoyl-[pcp]
c22135,(palmitoyl)adenylate
c22136,"zymosterone; 5alpha-cholesta-8,24-dien-3-one"
c22137,4-chloro-l-lysine
c22138,l-propargylglycine
c22139,gamma-l-glutamyl-l-propargylglycine
c22140,l-gamma-glutamyl-(3r)-l-beta-ethynylserine
c22141,l-beta-ethynylserine
c22142,cyclo(l-trp-l-phe)
c22143,n-methyl-cyclo(l-trp-l-phe)
c22144,(-)-ditryptophenaline
c22145,fumiquinazoline f
c22146,"fumiquinazoline f-indoline-2',3'-diol"
c22147,fumiquinazoline a
c22148,fumiquinazoline c
c22149,fumiquinazoline d
c22150,reduced [2fe-2s] ferredoxin
c22151,oxidized [2fe-2s] ferredoxin
c22152,bergamottin
c22153,epoxybergamottin
c22154,[fe-s] cluster scaffold protein carrying a [4fe-4s]2+ cluster
c22155,[fe-s] cluster scaffold protein
c22156,"6',7'-dihydroxybergamottin; 6,7-dihydroxybergamottin"
c22157,glycine cleavage system h; [glycine cleavage system h]-l-lysine; [gcvh]-l-lysine; [gcsh]-l-lysine
c22158,lipoyl-carrier protein e2; [lipoyl-carrier protein e2]-l-lysine; [e2 protein]-l-lysine
c22159,[glycine cleavage system h]-n6-octanoyl-l-lysine; [gcvh]-n6-octanoyl-l-lysine; [gcsh]-n6-octanoyl-l-lysine
c22160,[lipoyl-carrier protein e2]-n6-octanoyl-l-lysine; [e2 protein]-n6-octanoyl-l-lysine
c22161,dihydrolipoyl-amp
c22162,histidyltryptophyldiketopiperazine
c22163,roquefortine d
c22164,dehydrohistidyltryptophyldiketopiperazine
c22165,roquefortine c
c22166,glandicoline a
c22167,glandicoline b
c22168,meleagrin
c22169,n1-hydroxy-roquefortine c
c22170,roquefortine l
c22171,roquefortine f
c22172,neoxaline
c22173,harderoheme iii
c22174,valerianol
c22175,cyclolaudenol; (24s)-24-methylcycloart-25-en-3beta-ol
c22176,"2-o-sulfo-2'-palmitoyl-alpha,alpha-trehalose"
c22177,"2-o-sulfo-2'-stearoyl-alpha,alpha-trehalose"
c22178,4-nitrobenzoyl-coa
c22179,demethyldeoxyspectinabilin
c22180,monoglucosyl-enterobactin
c22181,diglucosyl-enterobactin; salmochelin s4
c22182,triglucosyl-enterobactin
c22183,very-long-chain inositol phospho-(2'r)-2'-hydroxyphytoceramide
c22184,very-long-chain mannosylinositol phospho-(2'r)-2'-hydroxyphytoceramide; very-long-chain mannosylinositol phospho-alpha-hydroxyphytoceramide
c22185,"n-(2,3-dihydroxybenzoyl)-l-serine trimer; o-3-{o-3-[n-(2,3-dihydroxybenzoyl)-l-seryl]-n-(2,3-dihydroxybenzoyl)-l-seryl}-n-(2,3-dihydroxybenzoyl)-l-serine"
c22186,"triglucosyl-(2,3-dihydroxybenzoylserine)3; o-3-{o-3-[n-(2,3-dihydroxybenzoyl)-c-5-deoxy-beta-d-glucosyl-l-seryl]-n-(2,3-dihydroxybenzoyl)-c-5-deoxy-beta-d-glucosyl-l-seryl}-n-(2,3-dihydroxybenzoyl)-c-5-deoxy-beta-d-glucosyl-l-serine"
c22187,"diglucosyl-(2,3-dihydroxybenzoylserine)3; salmochelin s2"
c22188,"monoglucosyl-(2,3-dihydroxybenzoylserine)3; o-3-{o-3-[n-(2,3-dihydroxybenzoyl)-c-5-deoxy-beta-d-glucosyl-l-seryl]-n-(2,3-dihydroxybenzoyl)-l-seryl}-n-(2,3-dihydroxybenzoyl)-l-serine"
c22189,acetyldigoxin
c22190,beta-acetyldigoxin; acetyldigoxin beta isomer
c22191,acetyldigitoxin
c22192,anthelmycin; antelmycin
c22193,dapagliflozin
c22194,empagliflozin
c22195,pyrazofurin; pirazofurin
c22196,tiazofurin; tiazofurine
c22197,semduramicin
c22198,oxidised coenzyme f420-(gamma-glu)n
c22199,reduced coenzyme f420-(gamma-glu)n
c22200,"(+)-cis,cis-nepetalactol; (4ar,7s,7as)-4,7-dimethyl-1,4a,5,6,7,7a-hexahydrocyclopenta[c]pyran-1-ol"
c22201,"(+)-cis,cis-nepetalactone"
c22202,"2-oxoindole-3-acetate; 2-oxoindole-3-acetic acid; 2-indolinone-3-acetate; 2-(2-oxo-1,3-dihydroindol-3-yl)acetate"
c22203,isophthalate; isophthalic acid
c22204,isophthalyl-coa
c22205,(r)-3-(4-hydroxyphenyl)lactoyl-coa
c22206,(r)-3-(indol-3-yl)lactoyl-coa; (r)-3-indolelactyl-coa
c22207,3-(indol-3-yl)acryloyl-coa
c22208,sodorifen
c22209,pre-sodorifen diphosphate
c22210,4-amino-4-deoxyprephenate
c22211,marinolic acid
c22212,marinoloyl-coa
c22213,pseudomonic acid
c22214,pseudomonoyl-coa
c22215,long-chain 3-hydroxysterol ester
c22216,cytidine 5'-{[hydroxy(2-hydroxyethyl)phosphonoyl]phosphate}; hep-cmp
c22217,cytidine 5'-{[hydroxy(2-hydroxypropyl)phosphonoyl]phosphate}; hpp-cmp
c22218,"d-apionolactone; (3r,4r)-3,4-dihydroxy-4-(hydroxymethyl)oxolan-2-one"
c22219,d-apionate
c22220,"3-oxoisoapionate; 2,4-dihydroxy-2-(hydroxymethyl)-3-oxobutanoate"
c22221,7-deoxycylindrospermopsin
c22222,7-epi-cylindrospermopsin
c22223,n-methyl-l-proline
c22224,(indol-3-yl)acetyl-l-aspartate
c22225,(s)-8-oxocitronellyl enol
c22226,icosanoyl-[(phenol)carboxyphthiodiolenone synthase]
c22227,[sulfatase]-l-serine
c22228,(2r)-2-hydroxy fatty acid
c22229,"[alpha-d-man-(1->3)-alpha-d-man-(1->3)-alpha-d-man-(1->2)-alpha-d-man-(1->2)]n-alpha-d-man-(1->3)-alpha-d-man-(1->3)-alpha-d-man-(1->3)-alpha-d-glcnac-diphospho-ditrans,octacis-undecaprenol"
c22230,(1->6)-alpha-d-glucan containing a (1->2)-alpha-d-glucose branch
c22231,amicoumacin a
c22232,amicoumacin a 2-phosphate
c22233,(salicyl)adenylate; 2-hydroxybenzoyl-amp; (2-hydroxybenzoyl)adenylate
c22234,8-oxo-gtp; 8-oxoguanosine triphosphate
c22235,8-oxo-gdp; 8-oxoguanosine 5'-diphosphate
c22236,3-(1h-indol-3-yl)propanoate
c22237,glycerophosphoserine
c22238,fmn-n5-oxide
c22239,"4a-hydroxy-5,6,7,8-tetrahydropteridine"
c22240,"n-acetyl-6-deoxy-l-altrosamine; 2-acetamido-2,6-dideoxy-l-altropyranose"
c22241,"n-acetyl-6-deoxy-d-talosamine; 2-acetamido-2,6-dideoxy-d-talopyranose"
c22242,acofriose; d-acofriose; 3-o-methyl-d-rhamnose
c22243,l-acofriose; 3-o-methyl-l-rhamnose
c22244,"ascarylose; 3,6-dideoxy-l-arabino-hexopyranose"
c22245,udp-2-acetamido-2-deoxy-alpha-d-galacturonamide; udp-galnacan
c22246,"udp-2,3-dideoxy-2-acetamido-3-acetamidino-alpha-d-mannuronic acid; udp-d-man(2nac3nam)a"
c22247,"udp-2-acetamido-4-(d-alanylamino)-2,4,6-trideoxy-alpha-d-glucopyranose; udp-2-acetamido-4-(d-alanylamino)-2,4,6-trideoxy-alpha-d-glucose"
c22248,"udp-2-acetamido-4-(d-alanylamino)-2,4,6-trideoxy-alpha-d-mannopyranose"
c22249,"2-acetamido-4-(d-alanylamino)-2,4,6-trideoxy-d-mannopyranose"
c22250,5-n-acetyl-7-n-(d-alanyl)-legionaminic acid; leg5ac7ala
c22251,cmp-5-n-acetyl-7-n-(d-alanyl)-legionaminic acid; cmp-leg5ac7ala
c22252,"udp-2,4-diacetamido-2,4,6-trideoxy-beta-l-idose"
c22253,"udp-2,4-diacetamido-2,4,6-trideoxy-beta-l-gulose"
c22254,"2,4-diacetamido-2,4,6-trideoxy-beta-l-gulose"
c22255,"5,7-diacetamido-3,5,7,9-tetradeoxy-l-glycero-d-galacto-non-2-ulosonic acid; di-n-acetyl-8-epilegionaminic acid; n,n'-diacetyl-8-epilegionaminate; 8eleg5ac7ac"
c22256,"cmp-5,7-diacetamido-3,5,7,9-tetradeoxy-l-glycero-d-galacto-non-2-ulosonic acid; cmp-di-n-acetyl-8-epilegionaminic acid; cmp-n,n'-diacetyl-8-epilegionaminate; cmp-8eleg5ac7ac"
c22257,"dtdp-3-acetamido-3,6-dideoxy-alpha-d-glucose; dtdp-d-qui3nac"
c22258,"(2e,4z)-2,4-dienoyl-coa"
c22259,"udp-2-acetamido-2,6-dideoxy-beta-l-mannose; udp-n-acetyl-l-rhamnosamine; udp-l-rhanac"
c22260,"udp-2-acetamido-2,6-dideoxy-beta-l-glucose; udp-l-quinac"
c22261,"udp-2-acetamido-2,6-dideoxy-alpha-d-galactose; udp-n-acetyl-alpha-d-fucosamine; udp-d-fucnac"
c22262,"udp-2-acetamido-2,6-dideoxy-alpha-d-glucose; udp-n-acetyl-alpha-d-quinovosamine; udp-n-acetyl-6-deoxy-alpha-d-glucosamine; udp-d-quinac"
c22263,(s)-2-(methylamino)-1-phenylpropan-1-one; (s)-methcathinone
c22264,(l-arginyl)adenylate; l-arginyl-amp; l-arginyl-adenylate
c22265,l-arginyl-[pcp]; l-arginyl-[peptidyl-carrier protein]
c22266,5-methylaminomethyl-2-(s-geranyl)thiouridine in trna
c22267,5-methylaminomethyl-2-(se-phospho)selenouridine in trna
c22268,5-methylaminomethyl-2-selenouridine in trna
c22269,"(2e)-3,7-dimethylocta-2,6-diene-1-thiol; thiogeraniol"
c22270,"udp-2,6-dideoxy-2-acetamidino-beta-l-galactose; udp-l-fucnam"
c22271,[(1r)-1-hydroxy-2-(trimethylamino)ethyl]phosphonate
c22272,(+)-perillyl alcohol; (r)-perillyl alcohol; [(4r)-4-(prop-1-en-2-yl)cyclohex-1-en-1-yl]methanol
c22273,petrobactin
c22274,8-oxo-gmp; 8-oxoguanosine 5'-phosphate
c22275,gs-441524
c22276,"udp-4-amino-4,6-dideoxy-n-acetyl-beta-l-idosamine; udp-2-acetamido-4-amino-2,4,6-trideoxy-beta-l-idose"
c22277,"dehydro coenzyme f420-0; dehydro factor 420-0; 7,8-didemethyl-8-hydroxy-5-deazariboflavin 5'-(1-carboxyvinyl)phosphate; 2-{[5-deoxy-5-(8-hydroxy-2,4-dioxopyrimidino[4,5-b]quinolin-10(2h)-yl)-l-ribityloxy]hydroxyphosphoryloxy}prop-2-enoate"
c22278,3-oxoisoapionate 4-phosphate
c22279,(2-methylthio)acetaldehyde; (2-methylsulfanyl)acetaldehyde
c22280,5-deoxy-d-ribulose 1-phosphate
c22281,[2-(trimethylamino)ethyl]phosphonate
c22282,"3,5,6-trichloropyridin-2-ol"
c22283,"3,6-dichloropyridine-2,5-dione"
c22284,"6-chloro-3-hydroxypyridine-2,5-dione; 6-chloro-2,5-carbonyl-3-pyridine dione"
c22285,"3,6-dichloropyridine-2,5-diol"
c22286,"6-chloropyridine-2,3,5-triol"
c22287,"3,6-dihydroxypyridine-2,5-dione"
c22288,5-deoxy-d-ribose
c22289,(6e)-8-methylnon-6-enoyl-coa; 8-methylnon-6-enoyl-coa
c22290,"2-chloro-6-hydroxy-1,4-benzoquinone; 6-chloro-2-hydroxy-1,4-benzoquinone"
c22291,"3,3'-di-o-methyl-4alpha-mannobiose; 3-o-methyl-alpha-d-mannopyranosyl-(1->4)-3-o-methyl-alpha-d-mannopyranose"
c22292,"1,3,3'-tri-o-methyl-4alpha-mannobiose"
c22293,n4-acetylcytidine
c22294,n-acetyl-alpha-neuraminyl-(2->3)-beta-d-galactosyl-(1->3)-n-acetyl-beta-d-glucosaminyl-r
c22295,n-acetyl-alpha-neuraminyl-(2->3)-beta-d-galactosyl-(1->3)-[n-acetyl-alpha-neuraminyl-(2->6)]-n-acetyl-beta-d-glucosaminyl-r
c22296,[protein]-(3r)-3-hydroxy-l-arginine
c22297,enolpyruvoyl-2-diphospho-5'-guanosine
c22298,3-(d-glyceryl)-diphospho-5'-guanosine; 3-[(r)-glyceryl]-diphospho-5'-guanosine
c22299,3pg-factor 420-0
c22300,3(1)-hydroxy-l-isoleucine
c22301,"(4s)-31,4-dihydroxy-l-isoleucine"
c22302,(+)-6-hydroxypinoresinol
c22309,"apulose; 1,3,4-trihydroxy-3-(hydroxymethyl)butan-2-one"
c22310,fructose 3-phosphate
c22311,3-deoxyglucosone
c22312,3-sulfanylpropanoate; 3-mercaptopropionate; 3-mercaptopropanoic acid
c22313,3-sulfinopropanoate; 3-sulfinopropionic acid
c22314,(3r)-3-hydroxy-l-glutamate
c22315,(2r)-2-hydroxy-4-(methylsulfanyl)butanoate
c22316,(2r)-4-(dimethylsulfaniumyl)-2-hydroxybutanoate
c22317,2-heptyl-1-methoxyquinolin-4(1h)-one; hmoq
c22318,apulose 4-phosphate
c22319,1-tuberculosinyladenosine
c22320,beta-d-glucosaminyl-(1->4)-n-acetyl-d-glucosamine
c22321,"n,n-dimethyl-n'-phenylurea compound"
c22322,n-methyl-n'-phenylurea compound
c22323,"alpha-n-dichloroacetyl-p-aminophenylserinol; n-[(1r,2r)-1-(4-aminophenyl)-1,3-dihydroxypropan-2-yl]-2,2-dichloroacetamide"
c22324,n6-[(2e)-4-hydroxy-3-methylbut-2-en-1-yl]-2-(methylsulfanyl)adenine in trna; ms2io6a in trna
c22325,25-hydroxycholest-4-en-3-one
c22326,"steroid 1,3-dione"
c22327,1-hydroxy-3-oxo-steroid
c22328,heme i
c22329,hydroxyheme i
c22330,"3-amino-5-[(4-hydroxyphenyl)methyl]-4,4-dimethylpyrrolidin-2-one; ahdp"
c22331,"5-[(4-hydroxyphenyl)methyl]-4,4-dimethylpyrrolidine-2,3-dione; pre-mycofactocinone; pmft"
c22332,"5-[(4-hydroxyphenyl)methyl]-3-imino-4,4-dimethylpyrrolidin-2-one"
c22333,"n,n-dihydroxy-l-aspartate; (2s)-2-(dihydroxyamino)butanedioic acid"
c22334,(2s)-2-nitrosobutanedioate
c22335,oxidized hydrogenase
c22336,reduced hydrogenase
c22337,d-ribulose 1-phosphate
c22338,dihydro-heme d1
c22339,heme d1
c22340,heptaprenylglyceryl phosphate
c22341,heptaprenylglycerol
c22342,diacetylheptaprenylglycerol
c22343,dec-9-enoyl-[acyl-carrier protein]
c22344,c-terminal [mycofactocin precursor peptide]-glycyl-l-valyl-l-tyrosine
c22345,c-terminal [mycofactocin precursor peptide]-glycyl-l-valyl-4-[2-aminoethenyl]phenol
c22346,"1'-hydroxy-1',2'-dihydro-beta,psi-caroten-4'-one"
c22347,"bisanhydrobacterioruberin; 2,2'-bis(3-methylbut-2-enyl)-3,4,3',4'-tetradehydro-1,2,1',2'-tetrahydro-psi,psi-carotene-1,1'-diol"
c22348,"monoanhydrobacterioruberin; 2-(3-hydroxy-3-methylbutyl)-2'-(3-methylbut-2-enyl)-3,4,3',4'-tetradehydro-1,2,1',2'-tetrahydro-psi,psi-carotene-1,1'-diol"
c22349,"bacterioruberin; psi,psi-carotene, 3,3',4,4'-tetradehydro-1,1',2,2'-tetrahydro-1,1'-dihydroxy-2,2'-bis(3-hydroxy-3-methylbutyl)-, (2s,2's)-"
c22350,"levoglucosan; 1,6-anhydro-beta-d-glucopyranose"
c22351,3-dehydrolevoglucosan
c22352,ultra-long-chain fatty acid
c22353,ultra-long-chain omega-hydroxy fatty acid
c22354,dec-9-ynoyl-[acyl-carrier protein]
c22355,"benzo[a]pyrene-7,8-diol; benzo[a]pyrene-7,8-catechol; b[a]p-7,8-catechol"
c22356,"benzo[a]pyrene-7,8-dione; b[a]p-7,8-dione"
c22357,"17beta-estradiol-2,3-quinone; estradiol-2,3-quinone"
c22358,"17beta-estradiol-3,4-quinone; estradiol-3,4-quinone"
c22359,s-methyl-1-thio-d-xylulose 5-phosphate
c22360,s-methyl-1-thio-d-ribulose 5-phosphate
c22361,glycyl-amp; (glycyl)adenylate
c22362,glycyl-[peptidyl-carrier protein]; glycyl-[pcp]
c22363,(l-alanyl)adenylate; l-alanyl-adenylate; l-alanyl-amp
c22364,l-alanyl-[peptidyl-carrier protein]; l-alanyl-[pcp]
c22365,"c-terminal [mycofactocin precursor peptide]-glycyl-3-amino-5-[(4-hydroxyphenyl)methyl]-4,4-dimethylpyrrolidin-2-one"
c22366,(l-glutamyl)adenylate; l-glutamyl-amp
c22367,l-glutamyl-[peptidyl-carrier protein]; l-glutamyl-[pcp]
c22368,5-methyl-3-oxohexanoyl-[acyl-carrier-protein]; 3-keto-5-methylhexanoyl-[acyl-carrier-protein]
c22369,4-methyl-3-oxopentanoyl-[acyl-carrier-protein]; 3-keto-4-methylvaleryl-[acyl-carrier-protein]
c22370,(4s)-4-methyl-3-oxohexanoyl-[acyl-carrier-protein]; (4s)-3-keto-3-methylhexanoyl-[acyl-carrier-protein]
c22371,5-hydroxyanthranilate
c22372,"avenanthramide c; 2-[(2e)-3-(3,4-dihydroxyphenyl)prop-2-enamido]-5-hydroxybenzoate"
c22373,4-o-methyl-d-glucopyranuronate ester
c22374,4-o-methyl-d-glucuronic acid
c22375,4'-hydroxyisoflavone
c22376,calcium oxybate
c22377,potassium oxybate
c22378,magnesium oxybate
c22379,fmn-n5-peroxide
c22380,n-hydroxy-l-aspartate; hydroxyaspartic acid
c22381,reactive oxygen species; ros
c22382,aceneuramate; aceneuramic acid
c22383,"(2s)-2,3-dihydroxypropane-1-sulfonate; (2s)-3-sulfopropanediol; (s)-dhps; (s)-2,3-dihydroxypropane-1-sulfonate; 2(s)-dihydroxypropanesulfonate"
c22384,3-oxopropane-1-sulfonate; 3-sulfopropionaldehyde
c22385,(l-cysteinyl)adenylate; l-cysteinyl-amp
c22386,(l-threonyl)adenylate
c22387,(2r)-2-hydroperoxyfatty acid
c22388,(2s)-2-nitrobutanedioate; nitrosuccinate; 2-nitrobutanedioate
c22389,3-amino-5-hydroxybenzoyl-[acyl-carrier protein]; 3-amino-5-hydroxybenzoyl-[acp]
c22390,l-seryl-[peptidyl-carrier protein]; l-seryl-[pcp]
c22391,(l-tryptophyl)adenylate
c22392,l-tryptophyl-[peptidyl-carrier protein]; l-tryptophyl-[pcp]
c22393,1-arsono-3-phospho-d-glycerate; [(2r)-2-hydroxy-3-phosphopropanoyl]oxyarsonate
c22394,salicyl-[peptidyl-carrier protein]; salicyl-[pcp]
c22395,n6-succino-2-amino-2'-deoxyadenylate; dsmp; 2-amino-2'-deoxy-n6-[(2s)-succino]adenylate
c22396,protein-(5s)-c-methyl-l-arginine
c22397,"gdp-n-formyl-alpha-d-perosamine; gdp-4-formylamino-4,6-dideoxy-alpha-d-mannose"
c22398,poly[(r)-3-hydroxyalkanoate]n; poly[(r)-3-hydroxyalkanoate]n+1
c22399,omega-sulfo-beta-dihydromenaquinone-9
c22400,2-acyl-sn-glycero-3-phospho-1d-myo-inositol
c22401,2-hydroxy-3-methyl-fatty-acyl-coa
c22402,2-methyl-branched fatty aldehyde
c22403,2-butyloctyl sulfate
c22404,2-butyloctan-1-ol
c22405,(2r)-2-hydroxy-long-chain fatty acyl-coa
c22406,long-chain fatty aldehyde
c22407,c-terminal [mycofactocin precursor peptide]-glycine
c22408,"2,3-dihydroxybenzoyl-[aryl-carrier protein]; 2,3-dihydroxybenzoyl-[acp]"
c22409,udp-3-o-[(3r)-3-hydroxyacyl]-alpha-d-glucosamine
c22410,"udp-2-n,3-o-bis[(3r)-3-hydroxyacyl]-alpha-d-glucosamine"
c22411,"4-o-{poly[(2r)-glycerophospho]-(2r)-glycerophospho}-n-acetyl-beta-d-mannosaminyl-(1->4)-n-acetyl-alpha-d-glucosaminyl-diphospho-ditrans,octacis-undecaprenol"
c22412,"4-o-{poly[(2r)-2-alpha-d-glucosyl-1-glycerophospho]-(2r)-glycerophospho}-n-acetyl-beta-d-mannosaminyl-(1->4)-n-acetyl-alpha-d-glucosaminyl-diphospho-ditrans,octacis-undecaprenol; [(2-glc)-gro-p]n-gro-p-mannac-glcnac-pp-undecaprenol"
c22413,(e)-alk-1-en-1-so-peroxol; (e)-s-alk-1-en-1-ylthiohydroperoxide
c22415,(z)-alkanethial oxide; (z)-alkylidene-lambda4-sulfanone; (z)-(alkylidenesulfaniumyl)oxidanide
c22416,cremeomycin; 6-carboxy-2-diazonio-3-methoxyphenolate
c22417,trimethylarsane; trimethylarsine
c22418,udp-3-o-[(3r)-3-hydroxyacyl]-n-acetyl-alpha-d-glucosamine
c22419,n(delta)-hydroxy-n(omega)-methyl-l-arginine
c22420,"n(delta),n'(omega)-dihydroxy-n(omega)-methyl-l-arginine"
c22421,4-(1-methyl-2-pyrrolidinyl)-3-oxobutanoate; 4-(1-methyl-2-pyrrolidinyl)-3-oxobutanoic acid
c22422,n(delta)-hydroxy-n(omega)-methyl-n(omega)-nitroso-l-citrulline
c22423,cu+; copper(1+); cuprous ion
c22424,cu2+; copper(2+); cupric cation
c22425,3-amino-2-hydroxy-4-methoxybenzoate; 3-amino-2-hydroxy-4-methoxybenzoic acid
c22426,l-norcarnitine; (3r)-4-(dimethylamino)-3-hydroxybutanoate
c22427,"udp-2-acetamido-3-amino-2,3-dideoxy-alpha-d-glucopyranose; udp-glcnac3n"
c22428,"udp-2-acetamido-2,3-dideoxy-3-{[(3r)-3-hydroxyacyl]amino}-alpha-d-glucopyranose; udp-3-n-[(3r)-3-hydroxyacyl]-glcnac3n"
c22429,6-diazo-5-oxo-l-norleucine
c22430,phenyllactylglucose
c22431,arsenic triglutathione
c22432,paspalic acid
c22433,19-hydroxycucurbitadienol
c22434,"19,25-dihydroxycucurbitadienol"
c22435,deacetylcucurbitacin c
c22436,11-carbonyl-20beta-hydroxycucurbitadienol
c22437,"11-carbonyl-2beta,20beta-dihydroxycucurbitadienol"
c22438,"3,5-dehydroshikimate"
c22439,"2-aminoadenine; 2,6-diaminopurine"
c22440,"2-amino-2'-deoxyadenosine; 2,6-diaminopurinedeoxyriboside"
c22441,dzmp; 2-amino-2'-deoxyadenosine 5'-monophosphate
c22442,dzdp; 2-amino-2'-deoxyadenosine 5'-diphosphate
c22443,dztp; 2-amino-2'-deoxyadenosine 5'-triphosphate
c22444,"5,8-dihydroxypsoralen"
c22445,8-hydroxybergapten
c22446,"22-hydroxycholesterol; cholest-5-ene-3beta,22-diol"
c22447,"22,26-dihydroxycholesterol"
c22448,"16alpha,22,26-trihydroxycholesterol"
c22449,paerucumarin
c22450,5-methoxybenzimidazole; 5-methoxy-1h-benzimidazole
c22451,5-methoxy-6-methylbenzimidazole; 5-methoxy-6-methyl-1h-benzimidazole
c22452,"6,7,8-trihydroxycoumarin"
c22453,trans-anhydromevalonate phosphate; trans-anhydromevalonate 5-phosphate; tahmp
c22454,"11alpha-hydroxy-9,15-dioxoprostanoate; 13,14-dihydro-15-ketoprostaglandin e1"
c22455,"3-amino-2,4-dihydroxybenzoate; 3-amino-2,4-dihydroxybenzoic acid"
c22456,"(3s)-1,2-diazinane-3-carboxylate; (3s)-pyridazin-3-carboxylate; l-piperazate"
c22457,n-acetyl-6-diazo-5-oxo-l-norleucine
c22458,8-amino-7-(carboxyamino)nonanoate
c22459,d-tagatopyranose 1-phosphate; d-tagatose 1-phosphate
c22460,[gamma-glutamyl-l-cysteine]-s-conjugate
c22461,n-methyl carbamate ester
c22462,s-(methylsulfanyl)glutathione; s-methylthio glutathione
c22463,(8s)-8-amino-7-oxononanoate
c22464,"(7r,8s)-8-amino-7-(carboxyamino)nonanoate"
c22465,"[protein]-n6-[(2s,3r)-2-amino-8-carboxyoctan-3-yl]-l-lysine"
c22466,hyoscyamine aldehyde
c22467,gangliotriaosylceramide-ii3 sulfate; sm2a
c22468,galactosylgloboside; ssea-3; gb5cer; gal-beta1->3galnac-beta1->3gal-alpha1->4gal-beta1->4glc-beta1->1'cer
c22469,globo-h; fuc-alpha1->2gal-beta1->3galnac-beta1->3gal-alpha1->4gal-beta1->4glc-beta1->1'cer
c22470,fuc-lc4cer; iii4-a-fuc-lc4cer; lea glycolipid; fuc-alpha1->4(gal-beta1->3)glcnac-beta1->3gal-beta1->4glc-beta1->1'cer; fuc-alpha1->4(gal-beta1->3)glcnac-beta1->3laccer
c22471,type ii a antigen; galnac-alpha1->3(fuc-alpha1->2)gal-beta1->4glcnac-beta1->3gal-beta1->4glc-beta1->1'cer
c22472,type ii b antigen; gal-alpha1->3(fuc-alpha1->2)gal-beta1->4glcnac-beta1->3gal-beta1->4glc-beta1->1'cer
c22473,iv2fuc-nlc4cer; iv2-a-fuc-nlc4cer; type iih glycolipid; fuc-alpha1->2gal-beta1->4glcnac-beta1->3gal-beta1->4glc-beta1->1'cer
c22474,gal-beta1->3galnac-alpha1->3(fuc-alpha1->2)gal-beta1->4glcnac-beta1->3gal-beta1->4glc-beta1->1'cer
c22475,type iiih glycolipid; fuc-alpha1->2gal-beta1->3galnac-alpha1->3(fuc-alpha1->2)gal-beta1->4glcnac-beta1->3gal-beta1->4glc-beta1->1'cer
c22476,"iii3,iv2fuc-nlc4cer; iv2-a-fuc,iii3-a-fuc-nlc4cer; ley glycolipid; fuc-alpha1->2gal-beta1->4(fuc-alpha1->3)glcnac-beta1->3gal-beta1->4glc-beta1->1'cer"
c22477,type iiia glycolipid; galnac-alpha1->3(fuc-alpha1->2)gal-beta1->3galnac-alpha1->3(fuc-alpha1->2)gal-beta1->4glcnac-beta1->3gal-beta1->4glc-beta1->1'cer
c22478,iii3fuc-nlc4cer; lacto-n-fucopentaosyl iii ceramide; lnf iii cer; ssea-1; gal-beta1->4(fuc-alpha1->3)glcnac-beta1->3gal-beta1->4glc-beta1->1'cer
c22479,fuc-alpha1->4(gal-alpha1->3(fuc-alpha1->2)gal-beta1->3)glcnac-beta1->3laccer; fuc-alpha1->4(gal-alpha1->3(fuc-alpha1->2)gal-beta1->3)glcnac-beta1->3gal-beta1->4glc-beta1->1'cer
c22480,fuc-alpha1->4(galnac-alpha1->3(fuc-alpha1->2)gal-beta1->3)glcnac-beta1->3laccer; fuc-alpha1->4(galnac-alpha1->3(fuc-alpha1->2)gal-beta1->3)glcnac-beta1->3gal-beta1->4glc-beta1->1'cer
c22481,gal-alpha1->3gal-beta1->3glcnac-beta1->3laccer; gal-alpha1->3gal-beta1->3glcnac-beta1->3gal-beta1->4glc-beta1->1'cer
c22482,"iv2fuc,iii4fuc-lc4cer; leb glycolipid; fuc-alpha1->4(fuc-alpha1->2gal-beta1->3)glcnac-beta1->3laccer; fuc-alpha1->4(fuc-alpha1->2gal-beta1->3)glcnac-beta1->3gal-beta1->4glc-beta1->1'cer"
c22483,3'-isolm1; iv3-a-neu5ac-lc4cer; slc4cer; neu5ac-alpha2->3gal-beta1->3glcnac-beta1->3gal-beta1->4glc-beta1->1'cer
c22484,sialyl-6-paragloboside; 6'-lm1; iv6-a-neu5ac-nlc4cer; neu5ac-alpha2->6gal-beta1->4glcnac-beta1->3gal-beta1->4glc-beta1->1'cer
c22485,"iv3neuac,iii3fuc-nlc4cer; neu5ac-alpha2->3gal-beta1->4(fuc-alpha1->3)glcnac-beta1->3gal-beta1->4glc-beta1->1'cer"
c22486,"3',8'-ld1; neu5ac-alpha2->8neu5ac-alpha2->3gal-beta1->4glcnac-beta1->3gal-beta1->4glc-beta1->1'cer"
c22487,benzylmalonyl-coa
c22488,"n-acetyl-d-glucosamino-1,5-lactone"
c22489,"n-acetyl-d-galactosamino-1,5-lactone"
c22490,n-terminal-l-methionyl-[tubulin]
c22491,n-terminal-nalpha-acetyl-l-methionyl-[tubulin]
c22492,beta-d-glucosyl-(1->4)-d-galactose
c22493,3'-nadp+; 3'-nicotinamide adenine dinucleotide phosphate; nicotinamide adenine dinucleotide 3'-phosphate
c22494,phenylsuccinate; phenylsuccinic acid
c22495,2-phenylsuccinyl-coa
c22496,3-phenylsuccinyl-coa
c22497,alpha-isomaltosyl-(1->4)-maltotriose
c22498,alpha-isomaltosyl-(1->3)-alpha-isomaltosyl-(1->4)-maltotriose
c22499,"8-hydroxyadenine; 7,8-dihydro-8-oxoadenine"
c22500,"2,8-dihydroxyadenine"
c22501,alpha-d-xylulofuranose
c22502,alpha-d-fructofuranose; alpha-d-fructose
c22503,"8-[(1r,2r)-3-oxo-2-{(z)-pent-2-enyl}cyclopentyl]octanoate; 8-[(1r,2r)-3-oxo-2-{(z)-pent-2-enyl}cyclopentyl]octanoic acid; (9r,13r)-10,11-dihydro-12-oxo-15-phytoenoate"
c22504,cis-alkene
c22505,"chondroitin 2,6-sulfate; chondroitin sulfate d"
c22506,archaeal dolichyl alpha-d-glucosyl phosphate; dolichyl alpha-d-glucosyl phosphate
c22507,6-sulfo-d-rhamnose
c22508,6-dehydro-d-glucose; 6-oxo-glc; 6-oxo-d-quinovose
c22509,"3',5'-cyclic ump; uridine 3',5'-cyclic monophosphate; cump"
c22510,4-deoxy-4-sulfo-d-erythrose
c22511,4-deoxy-4-sulfo-d-erythrulose
c22512,solabiose
c22513,sn-3-o-(farnesylgeranyl)glycerol 1-phosphate
c22514,"2,3-bis-o-(geranylfarnesyl)-sn-glycerol 1-phosphate"
c22515,3-dehydro-d-glucoside
c22516,(3r)-3-[(carboxylmethyl)amino]fatty acid
c22517,(3r)-3-{[carboxy(hydroxy)methyl]amino}fatty acid
c22518,(3r)-3-isocyanyl-fatty acid
c22519,[protein]-(3s)-3-hydroxy-l-histidine
c22520,2alpha-hydroxytaxusin
c22521,"2alpha,7beta-dihydroxytaxusin"
c22522,secondary-alkyl amine
c22523,n-(1-deoxy-d-fructos-1-yl)amine
c22524,"2-[(3s,4r,5r)-3,4,5,6-tetrahydroxy-2-oxohexylidene]amine"
c22525,d-glucosone
c22526,(1-deoxy-d-fructos-1-yl)amine
c22527,o-4''-alpha-d-mannosylqueuosine in trna(asp)
c22528,notch intracellular domain; nicd
c22529,(r)-s-adenosyl-l-methionine
c22530,"3'-dehydrocarminate; 7-[(2s,3s,5r,6r)-3,5-dihydroxy-6-(hydroxymethyl)-4-oxooxan-2-yl]-3,5,6,8-tetrahydroxy-1-methyl-9,10-dioxoanthracene-2-carboxylic acid; 3'-keto-carminic acid"
c22531,complement component 2a; c2a
c22532,complement component 2b; c2b
c22533,complement component 3b; c3b
c22534,complement component 3f; c3f
c22535,complement ic3b; inactivated c3b; ic3b
c22536,complement component 3dg; c3dg
c22537,complement component 3c; c3c
c22538,complement component 3d; c3d
c22539,complement c3(h2o); hydrated c3; c3(h2o)
c22540,complement factor bb; bb
c22541,complement component 4a; c4a anaphylatoxin; c4a
c22542,complement component 4b; c4b
c22543,complement component 4c; c4c
c22544,complement component 4d; c4d
c22545,complement component 5b; c5b
c22546,coagulation factor xiiia
c22547,apc; activated protein c
c22548,estetrol
c22549,[heparan sulfate]-glucosamine
c22550,poly[(1->4)-beta-d-glucuronosyl-(1->4)-n-acetyl-alpha-d-glucosaminyl]
c22551,heparosan d-glucuronate; heparosan d-glucuronic acid; poly[(1->4)-beta-d-glucuronosyl-(1->4)-alpha-d-glucosaminyl]
c22552,alphitonin
c22553,maesopsin
c22554,heparan sulfate containing l-iduronate 2-sulfate
c22555,3-o-sulfated heparan sulfate containing l-iduronate 2-sulfate; 3-o-sulfated heparan sulfate
c22556,(r)-dihydrodaidzein
c22557,(s)-dihydrodaidzein
c22558,"(3s,4r)-tetrahydrodaidzein"
c22559,o-desmethylangolensin
c22560,6'-hydroxy-o-desmethylangolensin
c22561,3''-oxopuerarin
c22562,"1,5-anhydro-d-erythro-hex-1-en-3-ulose"
c22563,"gamma-linolenoyl-[glycerolipid]; (6z,9z,12z)-octadeca-6,9,12-trienoyl-[glycerolipid]"
c22564,"stearidonoyl-[glycerolipid]; (6z,9z,12z,15z)-octadeca-6,9,12,15-tetraenoyl-[glycerolipid]"
c22565,"2-hydroxy-1-(2,4,6-trihydroxyphenyl)-3-(4-hydroxyphenyl)propan-1-one"
c22566,"2-hydroxy-1-(2,4,6-trihydroxyphenyl)-3-(3,4-dihydroxyphenyl)propan-1-one"
c22567,"3-hydroxyphloretin; 3-(3,4-dihydroxyphenyl)-1-(2,4,6-trihydroxyphenyl)propan-1-one"
c22568,"5,7,8-trihydroxy-2-(4-hydroxyphenyl)-2,3-dihydro-4h-chromen-4-one"
c22569,"(2e,4e)-2,4-dihydroxy-4-[6-(4-hydroxyphenyl)-2,4-dioxodihydro-2h-pyran-3(4h)-ylidene]but-2-enoate"
c22570,5-(4-hydroxyphenyl)-3-oxovalero-delta-lactone
c22571,5-hydroxy-5-(4-hydroxyphenyl)-3-oxopentanoate
c22572,4-hydroxy-4-(4-hydroxyphenyl)-butan-2-one
c22573,adenine in double-stranded rna
c22574,hypoxanthine in double-stranded rna
c22575,"udp-2-acetamido-4-amino-2,4,6-trideoxy-d-galactose"
c22576,udp-2-acetamido-2-deoxy-l-altruronic acid; udp-l-altnaca
c22577,"(2r,3r)-flavan-3-ol"
c22578,flavylium cation; flavylium; 2-phenylbenzopyrylium; flavylium ion; 2-phenylchromenylium
c22579,lignan
c22580,"6,7,4'-trihydroxyisoflavanone; dihydro-6,7,4'-trihydroxyisoflavone; 6-hydroxydihydrodaidzein"
c22581,5'-methoxy-o-desmethylangolensin
c22582,pinoresinol diglucoside
c22583,matairesinoside; matairesinol 4'-o-glucoside
c22584,secoisolariciresinol diglucoside
c22585,medioresinol; (+)-medioresinol
c22586,phillygenin; (+)-phillygenin
c22587,asarinin; (-)-asarinin
c22588,"3,4,5-trihydroxyphenylacetate; 2-(3,4,5-trihydroxyphenyl)acetic acid"
c22589,isorhamnetin 3-o-glucoside; isorhamnetin-3-o-beta-d-glucoside
c22590,sennidin a
c22591,sennidin b
c22592,sennidin c
c22593,sennidin d
c22594,epicatechin gallate; (-)-epicatechin-3-o-gallate
c22595,urolithin a
c22596,urolithin b
c22597,sesaminol
c22598,sesaminol triglucoside
c22599,xanthone
c22600,trans-stilbene
c22601,punicalagin
c22602,"3,5-dihydroxyphenylpropanoate; 3-(3,5-dihydroxyphenyl)propionic acid"
c22603,"oroxylin a; 6-methoxybaicalein; 5,7-dihydroxy-6-methoxyflavone"
c22604,oleanane
c22605,lariciresinol 4-o-beta-d-glucoside
c22606,isoxanthohumol; 5-methylsophoraflavanone b; 7-hydroxy-2-(4-hydroxyphenyl)-5-methoxy-8-(3-methylbut-2-enyl)chroman-4-one
c22607,isourolithin a
c22608,avicularin; quercetin 3-o-alpha-l-arabinofuranoside
c22609,dammarane
c22610,(-)-3-exo-hydroxycamphor
c22611,n-acetyl-d-glutamate; n-acetyl-d-glutamic acid
c22612,"(-)-cyatha-3,12-diene; (3as,5as,10as)-3a,5a,8-trimethyl-1-(propan-2-yl)-2,3,4,5,6,9,10,10a-octahydrocyclohepta[e]indene"
c22613,"neoverrucosan-5beta-ol; (1as,3r,3as,5ar,8s,8ar,8br,8cs)-1a,3a,5a-trimethyl-8-(propan-2-yl)tetradecahydrocyclopenta[a]cyclopropa[h]naphthalen-3-ol"
c22614,"verrucosan-2beta-ol; (1s,3ar,5as,6ar,7ar,8s,8ar,9br)-1-(propan=2-yl)tetradecahydrocyclopenta[a]cyclopropa[g]naphthalene-8-ol"
c22615,"(r)-axinyssene; (+)-axinyssene; (4r)-4-[(5e)-6,10-dimethylundeca-1,5,9-trien-2-yl]-1-methylcyclohexene"
c22616,"lydicene; (4ar,6as)-2,2,4alpha,6alpha,9-pentamethyl-1,3,4,5,6,7,10,11-octahydro-1h-cyclohepta[a]naphthalene"
c22617,"(+)-exo-beta-bergamotene; beta-trans-bergamotene; (1s,5s,6r)-6-methyl-2-methylidene-6-(4-methylpent-3-enyl)bicyclo[3.1.1]heptane"
c22618,"fumagillol; (3r,4s,5s,6r)-5-methoxy-4-[(2r,3r)-2-methyl-3-(3-methylbut-2-en-1-yl)oxiran-2-yl]-1-oxaspiro[2.5]octan-6-ol"
c22619,5-dehydrofumagillol; 5-keto-fumagillol
c22620,5-formylcytosine in dna
c22621,5-carboxycytosine in dna
c22622,dehydrocyclopeptine; (z)-dehydrocyclopeptine
c22623,"(-)-cyclopenine; (3s,3'r)-4-methyl-3'-phenyl-1h-spiro[1,4-benzodiazepine-3,2'-oxirane]-2,5-dione"
c22624,vinylglycine
c22625,(2e)-2-aminobut-2-enoate
c22626,n-hydroxyguanidine
c22627,(5r)-hydroxy-(+)-exo-beta-bergamotene
c22628,(3s)-3-[2-methyl-3-(3-methylbut-2-en-1-yl)oxiran-2-yl]-4-methylidenecyclohexan-1-one; 5-keto-cordycol
c22629,5-dehydro-6-demethoxyfumagillol; 5-keto-demethoxyfumagillol
c22630,n-(sulfonatooxy)alkanimidothioate
c22631,5-dehydro-6-demethoxy-6-hydroxyfumagillol
c22632,beta-d-glucosyl-(1->2)-d-glucoside
c22633,3-o-beta-d-glucosyl-beta-d-glucuronoside; 3-o-beta-d-glucosyl-beta-d-glucuronide
c22634,"2,3-bis-(o-phytanyl)-sn-glycero-phospholipid; archaeol phospholipid"
c22635,3-dehydro-d-glucopyranose; 3-dehydro-d-glucose
c22636,glycerol dibiphytanyl glycerol tetraether phospholipid; gdgt
c22637,epithionitrile
c22638,n-(sulfonatooxy)alkenimidothioic acid
c22639,macrocyclic archaeol phospholipid
c22640,phenyl-n-(sulfonatooxy)methanimidothioate
c22641,n-(sulfonatooxy)prop-2-enimidothioate
c22642,prop-2-enylthiocyanate; allylthiocyanate
c22643,2-(thiiran-2-yl)acetonitrile
c22646,n-(4-aminobutylpyrrolinium) ion
c22647,n-(4-oxobutylpyrrolinium) ion
c22648,1-formylpyrrolizidine
c22649,"2-hydroxy-2,27-secorifampicin"
c22650,prefumagillin
c22651,dodecapentaenoyl-[acyl-carrier protein]; dodecapentaenoyl-[acp]
c22652,quillaic acid 3-o-beta-d-glucuronide; quillaic acid 3-o-beta-d-glca
c22653,"quillaic acid 3-o-beta-d-galactosyl-1,2-beta-d-glucuronide; quillaic acid 3-o-beta-d-gal-(1->2)-beta-d-glca"
c22654,"quillaic acid 3-o-beta-d-xylosyl-1,3-(beta-d-galactosyl-1,2)-beta-d-glucuronide; quillaic acid 3-o-beta-d-xyl-(1->3)-[beta-d-gal-(1->2)]-beta-d-glca"
c22655,"quillaic acid 3-o-alpha-l-rhamnosyl-1,3-(beta-d-galactosyl-1,2)-beta-d-glucuronide; quillaic acid 3-o-alpha-l-rha-(1->3)-[beta-d-gal-(1->2)]-beta-d-glca"
