gene,cancer,n_methods,qval,pct_samples,surfaced,group
ABL1,Endometrial Cancer,1,0.0011081336865465,0.0194174757281553,False,never_surfaced
ABL2,Breast Cancer,1,0.0112008596388923,0.0099108027750247,False,never_surfaced
ABL2,Endometrial Cancer,1,0.3439367796801627,0.0233009708737864,False,never_surfaced
ACKR3,Ovarian Cancer,1,0.1920015556047134,0.0097799511002444,False,never_surfaced
ACSL3,Leukemia,1,2.303010444757601e-07,0.0214285714285714,False,never_surfaced
ACSM3,Brain Cancer,4,8.453492633840773e-08,0.0606060606060606,False,never_surfaced
ACVR1,Brain Cancer,5,1.673628121563157e-35,0.1132075471698113,True,surfaced
ACVR1,Endometrial Cancer,2,4.0888357606140274e-14,0.0407766990291262,False,never_surfaced
ACVR1B,Breast Cancer,1,0.0029540438173887,0.0099108027750247,False,never_surfaced
ACVR1B,Colorectal Cancer,1,3.916485288896812e-05,0.0186567164179104,False,never_surfaced
ACVR1B,Lung Cancer,1,0.0005225628837912,0.0160714285714285,False,never_surfaced
ACVR1B,Pancreatic Cancer,2,1.95873660543576e-08,0.0327868852459016,True,surfaced
ACVR2A,Colorectal Cancer,1,5.473236810236937e-08,0.0404040404040404,False,never_surfaced
ACVR2A,Endometrial Cancer,1,0.1172205684394564,0.0194174757281553,False,never_surfaced
ACVR2A,Liver Cancer,2,2.208923570483498e-09,0.0422535211267605,False,never_surfaced
ACVR2A,Pancreatic Cancer,2,2.461823858374447e-08,0.0491803278688524,False,never_surfaced
ACVR2A,Prostate Cancer,1,0.0029723962985116,0.0067567567567567,False,never_surfaced
ACVR2A,Stomach Cancer,1,0.0013837438233048,0.018348623853211,False,never_surfaced
ADAMTS9,Myeloma,2,3.744881520152136e-05,0.0439560439560439,False,never_surfaced
AFDN,Breast Cancer,1,0.0011487545054156,0.0128840436075322,False,never_surfaced
AFDN,Colorectal Cancer,1,0.0094475293402865,0.0113636363636363,False,never_surfaced
AFF1,Melanoma,1,0.0644030683812995,0.0266666666666666,False,never_surfaced
AFF3,Lung Cancer,1,0.0118411586596593,0.1063829787234042,False,never_surfaced
AFF3,Thyroid Cancer,1,0.0131748796798942,0.0123456790123456,False,never_surfaced
AFF4,Liver Cancer,1,0.1197902575364792,0.0234741784037558,False,never_surfaced
AKAP9,Bladder Cancer,1,0.0213396240175824,0.1481481481481481,False,never_surfaced
AKAP9,Breast Cancer,1,0.1183277187135892,0.0205811138014527,False,never_surfaced
AKAP9,Endometrial Cancer,1,0.0005505201022689,0.1136363636363636,False,never_surfaced
AKAP9,Esophageal Cancer,1,9.627748532019018e-06,0.0439560439560439,False,never_surfaced
AKAP9,Kidney Cancer,1,0.0147117682390052,0.0279329608938547,False,never_surfaced
AKAP9,Liver Cancer,1,0.0003165983184618,0.15625,False,never_surfaced
AKAP9,Melanoma,1,0.0108152765880862,0.0668896321070234,False,never_surfaced
AKT1,Breast Cancer,7,1.3358234444045615e-61,0.0816326530612244,True,surfaced
AKT1,Cervical Cancer,1,9.026829555227015e-05,0.0173611111111111,True,surfaced
AKT1,Colorectal Cancer,1,0.0001725535813618,0.0151515151515151,True,surfaced
AKT1,Endometrial Cancer,4,1.751767470861802e-12,0.0495049504950495,True,surfaced
AKT1,Leukemia,1,3.3214819704491774e-05,0.0952380952380952,True,surfaced
AKT1,Prostate Cancer,1,0.0001069854115157,0.0192307692307692,True,surfaced
AKT1,Thyroid Cancer,2,1.5808716796932535e-09,0.0102459016393442,True,surfaced
AKT3,Melanoma,2,1.21719782764679e-09,0.0167224080267558,True,surfaced
ALK,Breast Cancer,1,0.0455477979355275,0.0102564102564102,False,never_surfaced
ALK,Liver Cancer,1,0.0002648580266674,0.0666666666666666,True,surfaced
ALK,Lung Cancer,4,2.7730144142853543e-23,0.0666666666666666,True,surfaced
ALPK1,Pancreatic Cancer,2,5.676649000805805e-06,0.0285714285714285,False,never_surfaced
AMER1,Colorectal Cancer,5,1.5823478656321806e-30,0.0769230769230769,False,never_surfaced
AMER1,Kidney Cancer,1,5.059218911730019e-05,0.0588235294117647,False,never_surfaced
ANK1,Colorectal Cancer,1,0.0093853518579892,0.0679611650485436,False,never_surfaced
ANK1,Liver Cancer,1,5.498560403406695e-05,0.088235294117647,False,never_surfaced
ANK1,Lung Cancer,1,0.0991343144873225,0.0727272727272727,False,never_surfaced
ANK1,Prostate Cancer,1,0.0001409179282972,0.024024024024024,False,never_surfaced
ANKRD11,Lymphoma,2,8.921081519505899e-17,0.043103448275862,False,never_surfaced
APC,Colorectal Cancer,7,1.4410278841031106e-45,0.704,True,surfaced
APC,Esophageal Cancer,4,3.703485349805954e-19,0.1285714285714285,True,surfaced
APC,Leukemia,1,5.1536548494051504e-05,0.0285714285714285,False,never_surfaced
APC,Liver Cancer,2,2.7673315812324882e-08,0.2521739130434782,True,surfaced
APC,Lung Cancer,2,2.5288790189765285e-11,0.0638297872340425,True,surfaced
APC,Melanoma,1,3.5849585169651727e-06,0.1330472103004291,True,surfaced
APC,Prostate Cancer,3,6.7009066038690875e-16,0.054054054054054,True,surfaced
APC,Stomach Cancer,4,1.638828107242591e-14,0.1025641025641025,True,surfaced
AR,Brain Cancer,1,0.0001621197819727,0.0303030303030303,False,never_surfaced
AR,Breast Cancer,1,0.0035087771317037,0.0302663438256658,True,surfaced
AR,Colorectal Cancer,1,0.0004993019710693,0.048,False,never_surfaced
AR,Liver Cancer,1,0.0802698135874565,0.0209205020920502,True,surfaced
AR,Lung Cancer,1,0.0599760098159929,0.0450980392156862,False,never_surfaced
AR,Lymphoma,1,0.0661844729640814,0.0413223140495867,True,surfaced
AR,Myeloma,1,0.0311150421625887,0.0139335476956055,False,never_surfaced
AR,Prostate Cancer,6,4.364320123591006e-45,0.1554054054054054,True,surfaced
AR,Stomach Cancer,1,0.0001152449562308,0.0680272108843537,False,never_surfaced
ARAF,Liver Cancer,1,0.0005308879931323,0.0555555555555555,False,never_surfaced
ARAF,Lung Cancer,1,0.0585459478857177,0.0373831775700934,False,never_surfaced
ARHGAP35,Bladder Cancer,2,1.627283998110528e-08,0.1304347826086956,False,never_surfaced
ARHGAP35,Breast Cancer,1,0.0025605003071114,0.0236220472440944,False,never_surfaced
ARHGAP35,Endometrial Cancer,4,5.353969159069825e-19,0.1136363636363636,True,surfaced
ARHGAP35,Kidney Cancer,1,0.0002686666542324,0.0279720279720279,False,never_surfaced
ARHGAP35,Leukemia,1,0.0004683826388675,0.0142857142857142,False,never_surfaced
ARHGAP35,Lung Cancer,4,3.186384788648032e-13,0.0508474576271186,False,never_surfaced
ARHGAP35,Ovarian Cancer,1,0.00888395685257,0.0244498777506112,False,never_surfaced
ARHGAP5,Bladder Cancer,1,0.0135537009234851,0.050632911392405,False,never_surfaced
ARHGAP5,Myeloma,2,8.95791948718283e-08,0.0219780219780219,False,never_surfaced
ARHGAP5,Pancreatic Cancer,1,0.0010963114257313,0.0149253731343283,False,never_surfaced
ARHGAP5,Thyroid Cancer,1,7.9755005097393e-07,0.0123456790123456,False,never_surfaced
ARHGEF10,Bladder Cancer,1,0.0008557596293789,0.029126213592233,False,never_surfaced
ARHGEF10,Lung Cancer,1,0.074670989995317,0.0654205607476635,False,never_surfaced
ARHGEF10L,Kidney Cancer,1,0.0002460598827222,0.0139860139860139,False,never_surfaced
ARHGEF12,Breast Cancer,1,0.0097032653534314,0.0153846153846153,False,never_surfaced
ARHGEF12,Kidney Cancer,1,0.0360142381609462,0.0272727272727272,False,never_surfaced
ARID1A,Bladder Cancer,4,1.0838250933650892e-32,0.217391304347826,True,surfaced
ARID1A,Brain Cancer,4,1.6297674084580072e-21,0.0952380952380952,True,surfaced
ARID1A,Breast Cancer,4,6.501908798961445e-21,0.0909090909090909,False,never_surfaced
ARID1A,Cervical Cancer,4,2.8950158647765226e-08,0.0416666666666666,True,surfaced
ARID1A,Colorectal Cancer,4,8.0222923258462145e-22,0.072,True,surfaced
ARID1A,Endometrial Cancer,4,2.842172629195786e-32,0.3168316831683168,True,surfaced
ARID1A,Esophageal Cancer,4,1.8912461177051223e-30,0.1443298969072164,True,surfaced
ARID1A,Kidney Cancer,3,4.3476649013197007e-16,0.075187969924812,True,surfaced
ARID1A,Leukemia,2,2.849884814870416e-05,0.0294117647058823,False,never_surfaced
ARID1A,Liver Cancer,4,3.5607192850709155e-43,0.2782608695652174,True,surfaced
ARID1A,Lung Cancer,4,3.0136729932371733e-18,0.0817610062893081,True,surfaced
ARID1A,Lymphoma,4,1.2443725852611416e-38,0.2777777777777778,True,surfaced
ARID1A,Ovarian Cancer,4,3.736587032447012e-12,0.0402298850574712,True,surfaced
ARID1A,Pancreatic Cancer,4,9.431898345331867e-21,0.1475409836065573,True,surfaced
ARID1A,Prostate Cancer,1,3.220450544310161e-08,0.0288461538461538,False,never_surfaced
ARID1A,Stomach Cancer,4,1.9538634600195022e-24,0.1923076923076923,True,surfaced
ARID1B,Bladder Cancer,1,9.041773183223812e-12,0.0608272506082725,True,surfaced
ARID1B,Brain Cancer,3,2.69189190684024e-13,0.0202702702702702,False,never_surfaced
ARID1B,Breast Cancer,1,0.001168666002939,0.0210526315789473,False,never_surfaced
ARID1B,Cervical Cancer,1,0.0196709275561848,0.0444444444444444,True,surfaced
ARID1B,Colorectal Cancer,1,0.0005056148555015,0.0208333333333333,False,never_surfaced
ARID1B,Endometrial Cancer,1,6.734735574832865e-06,0.0693069306930693,True,surfaced
ARID1B,Kidney Cancer,1,0.0272874153362245,0.0289855072463768,False,never_surfaced
ARID1B,Liver Cancer,1,0.0005113608148277,0.0142180094786729,True,surfaced
ARID1B,Lung Cancer,1,0.0014240876422556,0.1063829787234042,True,surfaced
ARID1B,Lymphoma,1,4.219545817451646e-07,0.0517241379310344,True,surfaced
ARID1B,Pancreatic Cancer,1,0.0013545959427499,0.0625,False,never_surfaced
ARID1B,Prostate Cancer,1,0.0275077498535989,0.0427927927927927,False,never_surfaced
ARID1B,Stomach Cancer,1,0.0022076476322182,0.0441176470588235,False,never_surfaced
ARID1B,Thyroid Cancer,1,0.01425414370353,0.0040983606557377,False,never_surfaced
ARID2,Brain Cancer,3,1.2707212786031462e-10,0.0952380952380952,False,never_surfaced
ARID2,Esophageal Cancer,3,5.789648549401482e-10,0.05,False,never_surfaced
ARID2,Kidney Cancer,1,0.0115854495010633,0.0217391304347826,False,never_surfaced
ARID2,Liver Cancer,4,5.16858911916775e-33,0.09375,True,surfaced
ARID2,Lung Cancer,2,3.890994013779484e-06,0.0509803921568627,False,never_surfaced
ARID2,Melanoma,4,5.281825464853066e-24,0.1459227467811159,True,surfaced
ARID2,Ovarian Cancer,1,0.1651459599522269,0.0229885057471264,False,never_surfaced
ARID2,Pancreatic Cancer,1,3.5802566508821445e-06,0.015267175572519,False,never_surfaced
ARID2,Stomach Cancer,3,1.1818020473981417e-05,0.0389908256880734,True,surfaced
ARID2,Thyroid Cancer,1,0.0080387178024197,0.0061475409836065,False,never_surfaced
ARNT,Lung Cancer,1,0.1226196053283879,0.0186915887850467,False,never_surfaced
ASXL1,Bladder Cancer,1,0.0001355269354097,0.048661800486618,False,never_surfaced
ASXL1,Brain Cancer,2,1.187716133949883e-06,0.048780487804878,True,surfaced
ASXL1,Breast Cancer,1,0.0004896582909393,0.031578947368421,False,never_surfaced
ASXL1,Colorectal Cancer,1,0.0041667939644783,0.029126213592233,False,never_surfaced
ASXL1,Esophageal Cancer,1,1.6379192269919204e-05,0.0494505494505494,False,never_surfaced
ASXL1,Kidney Cancer,1,0.1066338043325745,0.0111731843575419,True,surfaced
ASXL1,Leukemia,3,5.673660746292687e-19,0.0317460317460317,True,surfaced
ASXL1,Liver Cancer,1,0.0074325256006771,0.0375,False,never_surfaced
ASXL1,Prostate Cancer,1,2.356598887795841e-09,0.02803738317757,True,surfaced
ASXL2,Bladder Cancer,5,3.070902733779429e-23,0.0869565217391304,False,never_surfaced
ASXL2,Leukemia,2,4.188408942798897e-08,0.2307692307692307,True,surfaced
ATF7IP,Endometrial Cancer,3,9.00607201565359e-08,0.0310679611650485,False,never_surfaced
ATF7IP,Lung Cancer,3,2.739709338314493e-05,0.0232142857142857,False,never_surfaced
ATG7,Kidney Cancer,2,9.199092397773062e-06,0.0083798882681564,False,never_surfaced
ATM,Bladder Cancer,3,1.1791582390208199e-09,0.1167883211678832,True,surfaced
ATM,Breast Cancer,1,0.0006865518197266,0.0254237288135593,True,surfaced
ATM,Colorectal Cancer,5,5.0073350270448555e-17,0.0961538461538461,True,surfaced
ATM,Endometrial Cancer,3,1.529865725977956e-07,0.0660194174757281,True,surfaced
ATM,Esophageal Cancer,1,2.692844540088844e-05,0.0550161812297734,True,surfaced
ATM,Kidney Cancer,2,5.219818781557613e-08,0.0307262569832402,True,surfaced
ATM,Leukemia,4,8.078891546048581e-16,0.0777777777777777,True,surfaced
ATM,Liver Cancer,1,1.419801351880662e-05,0.0521327014218009,True,surfaced
ATM,Lung Cancer,3,1.3415105942371746e-12,0.1063829787234042,True,surfaced
ATM,Melanoma,1,0.0010390723430747,0.0654205607476635,True,surfaced
ATM,Myeloma,1,0.0003566631889731,0.0342979635584137,True,surfaced
ATM,Pancreatic Cancer,1,1.2817724574058448e-05,0.0493827160493827,True,surfaced
ATM,Prostate Cancer,4,4.437849385764568e-21,0.1111111111111111,True,surfaced
ATM,Stomach Cancer,1,3.2972349030622987e-10,0.0476190476190476,True,surfaced
ATM,Thyroid Cancer,1,0.0058629910681011,0.0122950819672131,True,surfaced
ATP1A1,Breast Cancer,1,0.0346356446368598,0.0060532687651331,False,never_surfaced
ATP2B3,Breast Cancer,1,0.0005216142666721,0.0242130750605326,False,never_surfaced
ATR,Bladder Cancer,1,0.0374328282512366,0.0714285714285714,False,never_surfaced
ATR,Melanoma,1,0.0003006901352684,0.0666666666666666,False,never_surfaced
ATR,Stomach Cancer,1,0.0083791436399564,0.0204081632653061,True,surfaced
ATRX,Brain Cancer,5,1.3352993997317714e-22,0.2686274509803921,True,surfaced
ATRX,Leukemia,1,0.0364874978947638,0.0222222222222222,False,never_surfaced
ATRX,Ovarian Cancer,1,0.1119909365467547,0.0344827586206896,True,surfaced
ATRX,Pancreatic Cancer,3,4.0370584800704416e-11,0.0987654320987654,True,surfaced
AXIN1,Brain Cancer,1,1.525957620993431e-05,0.0127877237851662,False,never_surfaced
AXIN1,Esophageal Cancer,1,0.0010253169175123,0.064516129032258,True,surfaced
AXIN1,Liver Cancer,5,1.320174597143374e-34,0.2608695652173913,True,surfaced
B2M,Cervical Cancer,2,2.361998060462415e-07,0.0138888888888888,False,never_surfaced
B2M,Lung Cancer,3,0.0001051250244233,0.0117647058823529,False,never_surfaced
B2M,Lymphoma,4,4.392520806141744e-23,0.2162162162162162,True,surfaced
B2M,Melanoma,1,0.0030972924359724,0.0085836909871244,False,never_surfaced
BAP1,Breast Cancer,1,0.0016420499862884,0.0210526315789473,True,surfaced
BAP1,Cervical Cancer,2,1.071344297482935e-11,0.03125,True,surfaced
BAP1,Esophageal Cancer,1,0.0059182953754723,0.0094786729857819,True,surfaced
BAP1,Kidney Cancer,5,8.169695278309179e-28,0.1278195488721804,True,surfaced
BAP1,Liver Cancer,4,3.0512611230361866e-18,0.1666666666666666,True,surfaced
BAP1,Melanoma,4,1.3533397891827973e-33,0.125,True,surfaced
BAP1,Stomach Cancer,1,0.0164440489136116,0.0136054421768707,False,never_surfaced
BARD1,Prostate Cancer,1,0.1250924648261559,0.009009009009009,True,surfaced
BAZ1A,Lung Cancer,1,2.9255435268280923e-08,0.0769230769230769,False,never_surfaced
BCL10,Lymphoma,3,1.5365234848593586e-07,0.054054054054054,True,surfaced
BCL11A,Lymphoma,1,0.0005758455625831,0.0285714285714285,False,never_surfaced
BCL11B,Brain Cancer,1,3.595133337327529e-05,0.0102301790281329,False,never_surfaced
BCL11B,Lymphoma,1,0.0077733960396953,0.1081081081081081,True,surfaced
BCL2,Lymphoma,4,2.4068627288516865e-17,0.4137931034482758,True,surfaced
BCL6,Lymphoma,3,2.8661311683910315e-10,0.1428571428571428,True,surfaced
BCL7A,Lymphoma,2,1.1009241027665815e-09,0.0694444444444444,True,surfaced
BCL7A,Myeloma,2,5.933084511546429e-07,0.0182207931404072,True,surfaced
BCL9,Colorectal Cancer,1,0.0015124512360884,0.056,False,never_surfaced
BCL9,Stomach Cancer,1,0.0034861282777661,0.0294117647058823,False,never_surfaced
BCL9L,Colorectal Cancer,5,1.042080022286614e-30,0.056,False,never_surfaced
BCLAF1,Endometrial Cancer,1,4.12247513173287e-05,0.0350877192982456,False,never_surfaced
BCLAF1,Leukemia,4,1.8598638829165562e-08,0.0894941634241245,False,never_surfaced
BCLAF1,Melanoma,1,0.0006129623273599,0.125,False,never_surfaced
BCLAF1,Prostate Cancer,1,0.1011056804978333,0.0313901345291479,False,never_surfaced
BCLAF1,Stomach Cancer,1,0.0515764457203243,0.0435779816513761,False,never_surfaced
BCOR,Brain Cancer,3,4.749877682160473e-10,0.048780487804878,True,surfaced
BCOR,Colorectal Cancer,1,0.0006455736763074,0.0167910447761194,False,never_surfaced
BCOR,Endometrial Cancer,3,2.914083689013955e-22,0.099009900990099,True,surfaced
BCOR,Leukemia,4,7.408047420756786e-21,0.0333333333333333,True,surfaced
BCOR,Liver Cancer,3,2.091034633053723e-09,0.0555555555555555,False,never_surfaced
BCOR,Lung Cancer,1,0.0036428120332159,0.0636363636363636,False,never_surfaced
BCOR,Pancreatic Cancer,1,4.430670998908754e-08,0.0285714285714285,False,never_surfaced
BCOR,Stomach Cancer,4,1.0517599132466168e-11,0.0389908256880734,True,surfaced
BCORL1,Brain Cancer,2,3.6024315960733906e-07,0.0283018867924528,False,never_surfaced
BCORL1,Colorectal Cancer,1,2.8415871996514427e-06,0.0384615384615384,False,never_surfaced
BCORL1,Leukemia,1,0.0002773065754863,0.0298507462686567,True,surfaced
BCORL1,Pancreatic Cancer,2,3.837279877699658e-05,0.0223880597014925,False,never_surfaced
BCR,Leukemia,1,3.144969202241604e-06,0.0194805194805194,True,surfaced
BCR,Lung Cancer,2,0.019577679293128,0.2,False,never_surfaced
BCR,Lymphoma,1,0.0007091126410578,0.0694444444444444,True,surfaced
BCR,Thyroid Cancer,1,0.0007164488465805,0.0061475409836065,False,never_surfaced
BIRC3,Leukemia,2,5.254640073411541e-07,0.0158102766798418,True,surfaced
BIRC3,Lung Cancer,1,0.0283888144737318,0.0277777777777777,False,never_surfaced
BIRC6,Bladder Cancer,1,0.000132382698387,0.217391304347826,False,never_surfaced
BIRC6,Breast Cancer,1,6.657033260750722e-05,0.0631578947368421,False,never_surfaced
BIRC6,Colorectal Cancer,1,0.0005642637974756,0.06,False,never_surfaced
BIRC6,Endometrial Cancer,1,0.0092672754605916,0.0495049504950495,False,never_surfaced
BIRC6,Kidney Cancer,1,0.0011590824917666,0.0636363636363636,False,never_surfaced
BIRC6,Liver Cancer,1,0.0259319481805568,0.0555555555555555,False,never_surfaced
BIRC6,Lung Cancer,1,9.98443493048858e-05,0.0636363636363636,False,never_surfaced
BIRC6,Lymphoma,2,5.092589214895687e-06,0.0862068965517241,True,surfaced
BMP6,Prostate Cancer,2,1.5198265908943448e-10,0.0225225225225225,False,never_surfaced
BMPR1A,Stomach Cancer,1,0.0050830793426626,0.0091743119266055,True,surfaced
BRAF,Bladder Cancer,1,1.441397934953627e-05,0.0679611650485436,True,surfaced
BRAF,Brain Cancer,6,1.1687735885796276e-17,0.1818181818181818,True,surfaced
BRAF,Breast Cancer,1,2.353524408060483e-05,0.009685230024213,True,surfaced
BRAF,Colorectal Cancer,7,8.327180518960448e-49,0.096,True,surfaced
BRAF,Endometrial Cancer,1,0.1573965523100755,0.0116504854368932,True,surfaced
BRAF,Kidney Cancer,1,0.0213322589483857,0.0181159420289855,True,surfaced
BRAF,Leukemia,4,2.5178250993174136e-10,0.0444444444444444,True,surfaced
BRAF,Liver Cancer,6,2.4904236183515087e-10,0.0625,True,surfaced
BRAF,Lung Cancer,7,2.6208005263347525e-45,0.0754716981132075,True,surfaced
BRAF,Lymphoma,3,1.0227160937233905e-06,0.0578512396694214,True,surfaced
BRAF,Melanoma,7,1.4454363163608043e-61,0.5454545454545454,True,surfaced
BRAF,Myeloma,7,1.4878689145432542e-42,0.0816326530612244,True,surfaced
BRAF,Ovarian Cancer,1,0.0088722600065833,0.0229885057471264,True,surfaced
BRAF,Prostate Cancer,1,4.770479034068119e-07,0.0141700404858299,True,surfaced
BRAF,Stomach Cancer,1,0.0065900240000156,0.0294117647058823,True,surfaced
BRAF,Thyroid Cancer,7,6.17183985323648e-71,0.5901639344262295,True,surfaced
BRCA1,Bladder Cancer,1,0.0636650867638243,0.0625,True,surfaced
BRCA1,Breast Cancer,2,1.932370374987494e-05,0.0295358649789029,True,surfaced
BRCA1,Melanoma,1,0.0016906794269826,0.0529801324503311,True,surfaced
BRCA1,Ovarian Cancer,3,2.957231106217309e-13,0.1111111111111111,True,surfaced
BRCA2,Bladder Cancer,1,0.0060800012923779,0.0827250608272506,True,surfaced
BRCA2,Brain Cancer,1,0.002778180093523,0.0206185567010309,True,surfaced
BRCA2,Breast Cancer,1,0.0002432675595285,0.0178394449950445,True,surfaced
BRCA2,Cervical Cancer,1,0.0016733292912028,0.05,True,surfaced
BRCA2,Kidney Cancer,1,0.0111388992953681,0.0225563909774436,True,surfaced
BRCA2,Liver Cancer,1,0.0013339220277069,0.09375,True,surfaced
BRCA2,Lung Cancer,1,0.0024079623202715,0.0925925925925925,True,surfaced
BRCA2,Ovarian Cancer,2,3.084581077844669e-07,0.1666666666666666,True,surfaced
BRCA2,Pancreatic Cancer,1,2.883002727201591e-05,0.0229007633587786,True,surfaced
BRCA2,Prostate Cancer,3,1.014548447964936e-25,0.054054054054054,True,surfaced
BRD4,Bladder Cancer,1,0.2360111155761424,0.0277777777777777,False,never_surfaced
BRD4,Kidney Cancer,1,0.002100889241657,0.0225563909774436,False,never_surfaced
BRD4,Prostate Cancer,1,0.0074748239220113,0.0189873417721519,False,never_surfaced
BRD7,Liver Cancer,3,4.734626127799801e-15,0.09375,False,never_surfaced
BRD7,Melanoma,4,2.2207974829640489e-07,0.0300429184549356,False,never_surfaced
BTG1,Leukemia,1,0.0057368461465455,0.0129870129870129,False,never_surfaced
BTG1,Lymphoma,2,1.4619277297900084e-09,0.2644628099173554,True,surfaced
BTG1,Myeloma,1,0.1320840755559601,0.0192926045016077,False,never_surfaced
BTG2,Leukemia,1,0.0150279935522625,0.0079051383399209,False,never_surfaced
BTG2,Lymphoma,3,1.0171955017434792e-07,0.3513513513513513,True,surfaced
BTK,Lymphoma,1,1.4306365523729983e-06,0.0476190476190476,True,surfaced
CACNA1D,Breast Cancer,1,0.0059481401670734,0.0165631469979296,False,never_surfaced
CACNA1D,Kidney Cancer,1,0.0021758333141538,0.0195530726256983,False,never_surfaced
CACNA1D,Liver Cancer,1,1.2490745805167048e-05,0.0342857142857142,False,never_surfaced
CACNA1D,Stomach Cancer,1,0.0020625952074289,0.0238095238095238,False,never_surfaced
CADM2,Melanoma,2,0.0001663916951031,0.0772532188841201,False,never_surfaced
CAMTA1,Prostate Cancer,1,0.0036901927630631,0.0307692307692307,False,never_surfaced
CANT1,Esophageal Cancer,1,0.0010915389563976,0.064516129032258,False,never_surfaced
CARD11,Colorectal Cancer,1,0.0117760342386512,0.0689655172413793,False,never_surfaced
CARD11,Liver Cancer,1,1.6919568970023685e-05,0.0833333333333333,False,never_surfaced
CARD11,Lymphoma,4,3.845847991772712e-12,0.2162162162162162,True,surfaced
CARD11,Ovarian Cancer,1,1.661998946809625e-05,0.0588235294117647,False,never_surfaced
CASP8,Bladder Cancer,1,0.0002562706054315,0.0379746835443038,True,surfaced
CASP8,Breast Cancer,3,4.595288846681029e-08,0.031578947368421,False,never_surfaced
CASP8,Cervical Cancer,2,7.110037990369386e-08,0.0451388888888888,True,surfaced
CASP8,Lymphoma,1,1.8588694713015488e-06,0.0380952380952381,False,never_surfaced
CASP8,Stomach Cancer,1,0.0006796781446524,0.0137614678899082,True,surfaced
CASZ1,Prostate Cancer,2,7.664745678282856e-08,0.027027027027027,False,never_surfaced
CBFB,Breast Cancer,3,4.4935767191289455e-12,0.0461538461538461,False,never_surfaced
CBL,Esophageal Cancer,1,0.0009619609564347,0.0064724919093851,False,never_surfaced
CBL,Leukemia,1,2.8261527197957536e-07,0.0155642023346303,True,surfaced
CBLB,Lung Cancer,1,0.0009244460768532,0.0851063829787234,False,never_surfaced
CCAR1,Brain Cancer,2,4.368113603283812e-05,0.048780487804878,False,never_surfaced
CCND1,Endometrial Cancer,4,5.216240335822181e-21,0.0543689320388349,True,surfaced
CCND1,Myeloma,4,7.720251940600038e-08,0.0510204081632653,True,surfaced
CCND2,Leukemia,3,1.0172965668783765e-07,0.04,False,never_surfaced
CCND3,Lymphoma,2,1.561752685898959e-09,0.4666666666666667,True,surfaced
CCNT1,Leukemia,2,5.019047463991577e-06,0.0214285714285714,False,never_surfaced
CCR7,Lymphoma,1,0.02994869070742,0.0130718954248366,False,never_surfaced
CD209,Breast Cancer,1,0.0165854857535476,0.0157480314960629,False,never_surfaced
CD209,Lung Cancer,2,0.0085459156153414,0.2,False,never_surfaced
CD209,Stomach Cancer,1,0.0014715575599711,0.0833333333333333,False,never_surfaced
CD274,Lymphoma,1,0.0005167115097725,0.0330578512396694,True,surfaced
CD58,Lymphoma,4,4.0998221746494746e-14,0.0578512396694214,True,surfaced
CD79B,Lymphoma,4,4.156956546545755e-17,0.1652892561983471,True,surfaced
CDC73,Endometrial Cancer,1,0.0330109344744954,0.0693069306930693,False,never_surfaced
CDH1,Bladder Cancer,1,0.0003422742764048,0.1,True,surfaced
CDH1,Breast Cancer,6,8.294539682931856e-30,0.3076923076923077,True,surfaced
CDH1,Esophageal Cancer,1,0.0007532052807078,0.0273972602739726,True,surfaced
CDH1,Lymphoma,1,0.1583189402573477,0.0165289256198347,True,surfaced
CDH1,Stomach Cancer,5,4.734729192210357e-16,0.1025641025641025,True,surfaced
CDH10,Endometrial Cancer,1,0.0170810244182897,0.0454545454545454,False,never_surfaced
CDH10,Lung Cancer,1,0.0018314318868324,0.2553191489361702,False,never_surfaced
CDH10,Pancreatic Cancer,1,0.0046713537968912,0.0491803278688524,False,never_surfaced
CDH11,Colorectal Cancer,1,0.0668220092024432,0.032,False,never_surfaced
CDH11,Esophageal Cancer,1,3.5524160310001778e-06,0.0659340659340659,True,surfaced
CDH11,Liver Cancer,1,0.0001126762368199,0.088235294117647,False,never_surfaced
CDH11,Lung Cancer,2,8.858517568115848e-07,0.1063829787234042,False,never_surfaced
CDH11,Stomach Cancer,2,1.5006157942622316e-05,0.055045871559633,False,never_surfaced
CDK12,Bladder Cancer,1,0.0103887258545772,0.1,True,surfaced
CDK12,Cervical Cancer,1,3.8400826354174603e-07,0.0555555555555555,False,never_surfaced
CDK12,Kidney Cancer,1,0.0437061872358654,0.0167597765363128,False,never_surfaced
CDK12,Lymphoma,1,0.0022622530987533,0.0392156862745098,False,never_surfaced
CDK12,Melanoma,1,0.0019659874468574,0.02803738317757,False,never_surfaced
CDK12,Ovarian Cancer,2,1.5102427861894957e-07,0.0545454545454545,True,surfaced
CDK12,Prostate Cancer,4,2.9631678232650133e-23,0.08,True,surfaced
CDK12,Stomach Cancer,1,0.0015130455005259,0.0294117647058823,True,surfaced
CDK4,Melanoma,2,1.627796371734253e-07,0.0321888412017167,True,surfaced
CDKN1A,Bladder Cancer,3,1.1018689363954885e-12,0.1304347826086956,True,surfaced
CDKN1A,Kidney Cancer,1,0.001984284495781,0.0307692307692307,True,surfaced
CDKN1A,Liver Cancer,2,8.730663069626408e-07,0.0194444444444444,True,surfaced
CDKN1B,Breast Cancer,2,4.842163881361801e-09,0.0236220472440944,False,never_surfaced
CDKN1B,Liver Cancer,1,2.7181718217582605e-08,0.0173160173160173,False,never_surfaced
CDKN1B,Myeloma,2,2.157870972998309e-06,0.0329670329670329,True,surfaced
CDKN1B,Prostate Cancer,2,1.5031116096953576e-08,0.015015015015015,True,surfaced
CDKN2A,Bladder Cancer,5,2.410787196747246e-28,0.0625,True,surfaced
CDKN2A,Brain Cancer,1,4.962926023744946e-06,0.0051150895140664,True,surfaced
CDKN2A,Breast Cancer,2,2.853345537021604e-06,0.0153846153846153,True,surfaced
CDKN2A,Colorectal Cancer,1,4.789862867110482e-05,0.016,True,surfaced
CDKN2A,Esophageal Cancer,5,2.656665474129145e-34,0.1935483870967742,True,surfaced
CDKN2A,Kidney Cancer,1,0.0002500306843857,0.0300751879699248,True,surfaced
CDKN2A,Liver Cancer,4,6.773014756588791e-15,0.1375,True,surfaced
CDKN2A,Lung Cancer,5,1.1368781680350126e-39,0.1702127659574468,True,surfaced
CDKN2A,Lymphoma,4,8.414853298167655e-12,0.0258620689655172,True,surfaced
CDKN2A,Melanoma,5,2.3001010816842803e-41,0.2857142857142857,True,surfaced
CDKN2A,Pancreatic Cancer,5,5.151013447057224e-42,0.2295081967213114,True,surfaced
CDKN2A,Stomach Cancer,4,1.0352658450218547e-10,0.0321100917431192,True,surfaced
CDKN2A,Thyroid Cancer,1,0.0079586391180523,0.0082304526748971,True,surfaced
CDKN2C,Brain Cancer,2,0.0001845893465156,0.0188679245283018,False,never_surfaced
CDKN2C,Lymphoma,1,1.7909116606912249e-06,0.0416666666666666,False,never_surfaced
CDX2,Esophageal Cancer,1,0.0022946095551877,0.0412371134020618,True,surfaced
CEBPA,Leukemia,3,1.2860495386797249e-17,0.044776119402985,True,surfaced
CEP89,Colorectal Cancer,1,0.0815845949767094,0.0202020202020202,False,never_surfaced
CHD2,Bladder Cancer,1,0.0173546861637901,0.0869565217391304,False,never_surfaced
CHD2,Kidney Cancer,1,0.1470257125681095,0.0072463768115942,False,never_surfaced
CHD2,Leukemia,3,2.3942646275405444e-10,0.0980392156862745,False,never_surfaced
CHD4,Colorectal Cancer,1,0.0054819128796309,0.058252427184466,False,never_surfaced
CHD4,Endometrial Cancer,5,2.526288064373739e-30,0.1578947368421052,True,surfaced
CHD4,Kidney Cancer,1,0.0008722697984029,0.0195530726256983,False,never_surfaced
CHD4,Leukemia,1,4.8461576620779664e-05,0.014388489208633,False,never_surfaced
CHD7,Brain Cancer,2,0.0005288819704152,0.0135135135135135,False,never_surfaced
CHEK2,Breast Cancer,1,0.1603901214477059,0.0048426150121065,True,surfaced
CHRDL1,Brain Cancer,2,0.0001247794716538,0.0039215686274509,False,never_surfaced
CIC,Brain Cancer,7,8.980196559564468e-35,0.3888888888888889,True,surfaced
CIC,Liver Cancer,1,0.0004340583328308,0.0384615384615384,False,never_surfaced
CIC,Lung Cancer,1,0.0056409247395266,0.0142857142857142,False,never_surfaced
CIITA,Lymphoma,1,1.1591165792831895e-06,0.1081081081081081,True,surfaced
CLIP1,Cervical Cancer,1,0.0006113530861062,0.0069444444444444,False,never_surfaced
CLIP1,Esophageal Cancer,1,0.0002635538409909,0.0142857142857142,False,never_surfaced
CLTC,Bladder Cancer,1,0.0274103269520854,0.0714285714285714,False,never_surfaced
CLTC,Breast Cancer,1,0.0041840428512318,0.0408163265306122,False,never_surfaced
CLTC,Kidney Cancer,1,0.0007204683301502,0.0209790209790209,False,never_surfaced
CLTC,Liver Cancer,1,0.0010418632018042,0.0375,False,never_surfaced
CLTCL1,Liver Cancer,1,0.0026253657664997,0.0254777070063694,False,never_surfaced
CLTCL1,Prostate Cancer,1,0.0085438471082658,0.0096153846153846,False,never_surfaced
CMTR2,Lung Cancer,3,2.6197281392046923e-08,0.0375,False,never_surfaced
CNOT3,Leukemia,2,2.602728727954441e-05,0.0158102766798418,False,never_surfaced
CNOT3,Prostate Cancer,2,0.0002636127995599,0.0267857142857142,False,never_surfaced
CNOT9,Melanoma,2,1.860690025512957e-13,0.0321888412017167,False,never_surfaced
COL1A1,Brain Cancer,1,8.25583085889623e-05,0.0256410256410256,False,never_surfaced
COL1A1,Melanoma,1,0.0002128147925272,0.1121495327102803,False,never_surfaced
COL1A1,Myeloma,1,0.0094974854941507,0.0219780219780219,False,never_surfaced
COL1A1,Pancreatic Cancer,1,0.0127867674625565,0.0113636363636363,False,never_surfaced
COL2A1,Thyroid Cancer,1,0.0017818095602752,0.0061475409836065,False,never_surfaced
COL6A3,Melanoma,2,4.1780542122429714e-08,0.1733333333333333,False,never_surfaced
COL6A6,Pancreatic Cancer,2,0.0001341031072752,0.0491803278688524,False,never_surfaced
CREBBP,Bladder Cancer,4,2.096904542504383e-28,0.1785714285714285,True,surfaced
CREBBP,Brain Cancer,3,2.8171032384569068e-11,0.048780487804878,True,surfaced
CREBBP,Breast Cancer,1,7.680736824459895e-06,0.0909090909090909,False,never_surfaced
CREBBP,Esophageal Cancer,1,0.0007455703399572,0.1176470588235294,True,surfaced
CREBBP,Kidney Cancer,1,0.001019262297686,0.0279720279720279,False,never_surfaced
CREBBP,Leukemia,3,1.434127270994107e-10,0.0323741007194244,True,surfaced
CREBBP,Liver Cancer,1,0.0277284390213328,0.125,True,surfaced
CREBBP,Lung Cancer,2,6.180358129334097e-05,0.2127659574468085,False,never_surfaced
CREBBP,Lymphoma,6,6.865633308349158e-38,0.2952380952380952,True,surfaced
CREBBP,Ovarian Cancer,1,0.0769571622418153,0.0244498777506112,False,never_surfaced
CREBBP,Thyroid Cancer,1,0.0097243566135954,0.0833333333333333,False,never_surfaced
CRLF2,Lung Cancer,1,0.2957221726907059,0.0125,False,never_surfaced
CSF1R,Breast Cancer,1,0.0155418252375707,0.0062111801242236,False,never_surfaced
CSF3R,Leukemia,2,2.2579735594621915e-09,0.0155642023346303,True,surfaced
CSMD3,Bladder Cancer,1,0.0051074880805828,0.2592592592592592,False,never_surfaced
CSMD3,Brain Cancer,1,3.27053658680822e-07,0.0808080808080808,False,never_surfaced
CSMD3,Breast Cancer,1,0.0038784157848252,0.0909090909090909,False,never_surfaced
CSMD3,Colorectal Cancer,2,3.68052031519756e-07,0.136,False,never_surfaced
CSMD3,Endometrial Cancer,1,5.58342229435634e-05,0.1363636363636363,True,surfaced
CSMD3,Esophageal Cancer,3,1.7924455286489495e-09,0.2103559870550161,True,surfaced
CSMD3,Liver Cancer,1,1.6488677153953027e-06,0.21875,False,never_surfaced
CSMD3,Lung Cancer,1,0.0003648699655752,0.2978723404255319,True,surfaced
CSMD3,Melanoma,1,0.0009797115191217,0.3454935622317596,False,never_surfaced
CSMD3,Ovarian Cancer,1,0.0018051372573741,0.1034482758620689,True,surfaced
CSMD3,Pancreatic Cancer,1,2.9451288959579065e-06,0.0655737704918032,False,never_surfaced
CSMD3,Prostate Cancer,2,3.653907360807112e-08,0.1013513513513513,False,never_surfaced
CSMD3,Stomach Cancer,2,2.6456341131195456e-08,0.2201834862385321,False,never_surfaced
CSPG4,Breast Cancer,2,6.047731519167668e-07,0.0816326530612244,False,never_surfaced
CTCF,Breast Cancer,1,9.863629301284057e-08,0.0256410256410256,False,never_surfaced
CTCF,Endometrial Cancer,4,4.555590604956791e-36,0.1386138613861386,True,surfaced
CTCF,Leukemia,3,1.1425108888774555e-14,0.014388489208633,True,surfaced
CTNNA1,Cervical Cancer,1,0.000733715487153,0.0444444444444444,False,never_surfaced
CTNNA1,Colorectal Cancer,1,0.0297779910261791,0.04,False,never_surfaced
CTNNA2,Liver Cancer,1,0.0007340461429515,0.0588235294117647,False,never_surfaced
CTNNA2,Lung Cancer,3,5.266327096604343e-07,0.1914893617021276,False,never_surfaced
CTNNA2,Melanoma,1,0.0451758633398611,0.1059602649006622,False,never_surfaced
CTNNA2,Pancreatic Cancer,1,0.002090311693026,0.05,False,never_surfaced
CTNNA2,Prostate Cancer,1,5.6266923736029264e-05,0.036036036036036,False,never_surfaced
CTNNB1,Brain Cancer,5,5.0155948822140896e-30,0.6666666666666666,True,surfaced
CTNNB1,Colorectal Cancer,2,1.3691251150610889e-07,0.0576923076923076,True,surfaced
CTNNB1,Endometrial Cancer,5,7.65063591819568e-45,0.2376237623762376,True,surfaced
CTNNB1,Esophageal Cancer,1,0.0156075026369561,0.0515463917525773,True,surfaced
CTNNB1,Kidney Cancer,1,0.0369837429369733,0.0444444444444444,True,surfaced
CTNNB1,Liver Cancer,6,3.6881311660579237e-47,0.4,True,surfaced
CTNNB1,Lung Cancer,1,5.178819576993608e-11,0.0364238410596026,True,surfaced
CTNNB1,Melanoma,1,5.76291103494512e-05,0.0579399141630901,True,surfaced
CTNNB1,Ovarian Cancer,1,0.052237523110065,0.0229885057471264,True,surfaced
CTNNB1,Prostate Cancer,2,3.872416862074454e-11,0.0405405405405405,True,surfaced
CTNNB1,Stomach Cancer,1,0.0044798142377596,0.0735294117647058,True,surfaced
CTNND2,Esophageal Cancer,1,0.0855972112166353,0.0906148867313915,False,never_surfaced
CTNND2,Lung Cancer,2,7.891028986669633e-06,0.1388888888888889,False,never_surfaced
CTNND2,Melanoma,1,0.0060827211350495,0.1066666666666666,False,never_surfaced
CTNND2,Ovarian Cancer,1,0.0157031326469241,0.1111111111111111,False,never_surfaced
CTNND2,Pancreatic Cancer,1,0.0016623283248001,0.0301724137931034,False,never_surfaced
CUL3,Kidney Cancer,3,1.7106915077377974e-10,0.0300751879699248,True,surfaced
CUL3,Lung Cancer,2,4.699635039913098e-07,0.0648148148148148,True,surfaced
CUX1,Brain Cancer,1,1.330386116487155e-06,0.0568181818181818,False,never_surfaced
CUX1,Breast Cancer,1,0.0001141091803319,0.0082815734989648,False,never_surfaced
CUX1,Lung Cancer,1,5.444804834106391e-05,0.0566037735849056,False,never_surfaced
CUX1,Melanoma,1,0.0003006901352684,0.04,False,never_surfaced
CUX1,Pancreatic Cancer,1,0.0052065778114713,0.0327868852459016,False,never_surfaced
CUX1,Thyroid Cancer,1,0.0051916169570826,0.0040983606557377,False,never_surfaced
CXCR4,Lymphoma,1,1.898759769232105e-05,0.0172413793103448,True,surfaced
CXCR4,Myeloma,1,0.0064557193081039,0.0204081632653061,True,surfaced
CXCR4,Pancreatic Cancer,1,0.0285880155231207,0.0149253731343283,False,never_surfaced
CYLD,Bladder Cancer,1,0.0009136959779494,0.0833333333333333,False,never_surfaced
CYLD,Breast Cancer,1,1.8998503771377385e-06,0.0193704600484261,False,never_surfaced
CYLD,Colorectal Cancer,1,0.0169664645988788,0.0625,False,never_surfaced
CYLD,Kidney Cancer,1,0.002293447760594,0.037593984962406,False,never_surfaced
CYLD,Lung Cancer,1,4.045946107287984e-05,0.0313725490196078,False,never_surfaced
CYLD,Myeloma,4,1.42839680184675e-15,0.0235798499464094,True,surfaced
CYP2C8,Melanoma,1,0.0010390723430747,0.102803738317757,False,never_surfaced
CYSLTR2,Cervical Cancer,1,0.0001507135233106,0.0444444444444444,False,never_surfaced
CYSLTR2,Melanoma,3,2.3815001676845816e-06,0.0375,True,surfaced
DAXX,Pancreatic Cancer,4,5.7794921237023866e-27,0.1358024691358024,True,surfaced
DCAF12L2,Brain Cancer,2,4.962926023744946e-06,0.0281329923273657,False,never_surfaced
DCAF12L2,Colorectal Cancer,1,0.0376258819988355,0.064,False,never_surfaced
DCAF12L2,Lung Cancer,1,0.0010219434895914,0.0298013245033112,False,never_surfaced
DCAF12L2,Prostate Cancer,1,0.0155485488578513,0.0100502512562814,False,never_surfaced
DCC,Colorectal Cancer,1,0.0117760342386512,0.0689655172413793,True,surfaced
DCC,Esophageal Cancer,1,4.765977815126388e-05,0.0684931506849315,True,surfaced
DCC,Liver Cancer,1,0.0153273630741029,0.0285714285714285,False,never_surfaced
DCC,Pancreatic Cancer,1,0.0007489822258897,0.0491803278688524,True,surfaced
DCC,Prostate Cancer,1,0.0015162225981115,0.0144230769230769,False,never_surfaced
DDB2,Bladder Cancer,1,0.0012341732748696,0.06,False,never_surfaced
DDB2,Leukemia,1,2.298606129969287e-05,0.04,False,never_surfaced
DDR2,Liver Cancer,1,0.0113592881048232,0.0114285714285714,False,never_surfaced
DDX3X,Brain Cancer,6,7.239196462292902e-33,0.2439024390243902,True,surfaced
DDX3X,Breast Cancer,1,0.0004174705542479,0.0102564102564102,False,never_surfaced
DDX3X,Leukemia,2,3.972227639507526e-05,0.0392156862745098,True,surfaced
DDX3X,Lymphoma,5,4.134176280265413e-37,0.3611111111111111,True,surfaced
DDX3X,Melanoma,2,8.682661510371252e-10,0.0665236051502145,False,never_surfaced
DDX6,Brain Cancer,1,0.0266682625676878,0.0206185567010309,False,never_surfaced
DGCR8,Kidney Cancer,4,9.165067009801505e-13,0.0888888888888888,True,surfaced
DGCR8,Lymphoma,1,0.0001564918573152,0.081081081081081,False,never_surfaced
DGCR8,Thyroid Cancer,1,0.015928383834055,0.0040983606557377,True,surfaced
DHX9,Liver Cancer,2,1.446115603729379e-05,0.0305555555555555,False,never_surfaced
DICER1,Colorectal Cancer,1,0.0048220218006454,0.0202020202020202,False,never_surfaced
DICER1,Endometrial Cancer,2,4.6516489199253814e-07,0.0427184466019417,True,surfaced
DICER1,Melanoma,1,0.0005413633707613,0.0944206008583691,False,never_surfaced
DIS3,Myeloma,4,7.052806162716708e-14,0.1020408163265306,True,surfaced
DNMT3A,Brain Cancer,2,2.44819121557912e-12,0.0235294117647058,False,never_surfaced
DNMT3A,Breast Cancer,1,0.0006727565250128,0.0181598062953995,False,never_surfaced
DNMT3A,Kidney Cancer,1,0.0008632642709407,0.0181159420289855,False,never_surfaced
DNMT3A,Leukemia,6,4.332317912954646e-33,0.1343283582089552,True,surfaced
DNMT3A,Liver Cancer,1,9.693199918159704e-06,0.0187793427230046,False,never_surfaced
DNMT3A,Myeloma,2,0.0009594081864235,0.0096463022508038,True,surfaced
DNMT3A,Thyroid Cancer,2,2.794574912055877e-06,0.0164609053497942,False,never_surfaced
DOT1L,Lymphoma,2,0.0004251889775357,0.024793388429752,False,never_surfaced
DROSHA,Kidney Cancer,3,1.698899644978778e-10,0.0888888888888888,True,surfaced
DROSHA,Lung Cancer,1,0.0007173729081557,0.0466101694915254,False,never_surfaced
DROSHA,Pancreatic Cancer,1,0.0004853215879204,0.0327868852459016,False,never_surfaced
DTX1,Leukemia,3,0.0037926361637625,0.0197628458498023,False,never_surfaced
DUSP16,Colorectal Cancer,4,1.2431840075060653e-05,0.0113636363636363,False,never_surfaced
EBF1,Lung Cancer,1,0.0082951540396311,0.0851063829787234,False,never_surfaced
EBF1,Lymphoma,2,1.2200037719984578e-12,0.0909090909090909,True,surfaced
EFTUD2,Myeloma,4,1.2298994764892829e-19,0.0128617363344051,False,never_surfaced
EGFR,Brain Cancer,7,3.3346331548155506e-64,0.4358974358974359,True,surfaced
EGFR,Breast Cancer,1,0.0019909167764812,0.0666666666666666,True,surfaced
EGFR,Colorectal Cancer,1,4.3128651082863e-06,0.037037037037037,True,surfaced
EGFR,Lung Cancer,7,7.813648758266737e-56,0.4569536423841059,True,surfaced
EGFR,Myeloma,1,0.0076131556150545,0.0439560439560439,True,surfaced
EGR2,Leukemia,2,1.139510525102714e-07,0.0158102766798418,False,never_surfaced
EIF1AX,Endometrial Cancer,1,3.8757307518448885e-06,0.0297029702970297,False,never_surfaced
EIF1AX,Melanoma,4,1.115610744369011e-07,0.125,True,surfaced
EIF1AX,Prostate Cancer,1,1.1262336630864556e-07,0.0186915887850467,False,never_surfaced
EIF1AX,Thyroid Cancer,3,4.3355303733834895e-16,0.0122950819672131,True,surfaced
EIF3E,Cervical Cancer,1,0.1975644038601176,0.0173611111111111,False,never_surfaced
EIF4A2,Breast Cancer,1,0.008249050955256,0.0099108027750247,False,never_surfaced
ELF3,Bladder Cancer,4,4.713802303597099e-24,0.1319444444444444,True,surfaced
ELF3,Colorectal Cancer,1,0.00025729411825,0.0130597014925373,False,never_surfaced
ELF3,Liver Cancer,1,7.25583700511501e-08,0.0555555555555555,False,never_surfaced
ELF4,Brain Cancer,1,0.0472605619769108,0.0039215686274509,False,never_surfaced
ELF4,Leukemia,1,2.2719309729160893e-06,0.0214285714285714,False,never_surfaced
ELL,Melanoma,1,0.0023210100608755,0.0571428571428571,False,never_surfaced
ELL,Ovarian Cancer,1,0.0063673413145102,0.1111111111111111,False,never_surfaced
ELN,Breast Cancer,1,0.0112107065436056,0.0108958837772397,False,never_surfaced
EP300,Bladder Cancer,5,1.1820951092183904e-25,0.25,True,surfaced
EP300,Brain Cancer,1,0.0143477643219004,0.0217391304347826,False,never_surfaced
EP300,Breast Cancer,1,0.0262136365610224,0.0148662041625371,True,surfaced
EP300,Cervical Cancer,5,2.3262308163552686e-32,0.1111111111111111,True,surfaced
EP300,Colorectal Cancer,1,3.381477115217688e-05,0.0149253731343283,False,never_surfaced
EP300,Esophageal Cancer,1,1.2279704812246808e-05,0.0439560439560439,True,surfaced
EP300,Liver Cancer,1,0.0069065956420286,0.0167364016736401,False,never_surfaced
EP300,Lung Cancer,1,6.264311988011036e-05,0.0747663551401869,False,never_surfaced
EP300,Lymphoma,3,3.7937247513013184e-18,0.1034482758620689,True,surfaced
EPHA2,Liver Cancer,3,8.92988938537955e-10,0.1111111111111111,False,never_surfaced
EPHA3,Breast Cancer,1,0.0023246683680881,0.0145278450363196,False,never_surfaced
EPHA3,Esophageal Cancer,1,0.0163024316010126,0.0274725274725274,False,never_surfaced
EPHA3,Melanoma,1,0.0001644009169447,0.08,True,surfaced
EPHA3,Prostate Cancer,1,0.1420532366370347,0.0179372197309417,False,never_surfaced
EPHA3,Stomach Cancer,1,0.0010678329698357,0.0204081632653061,False,never_surfaced
EPHA7,Colorectal Cancer,1,1.6534651394189986e-05,0.034090909090909,False,never_surfaced
EPHA7,Liver Cancer,1,0.0014286830740929,0.09375,False,never_surfaced
EPHA7,Lung Cancer,1,1.843953552201961e-06,0.0817610062893081,False,never_surfaced
EPS15,Prostate Cancer,1,0.0094686855887154,0.0186915887850467,False,never_surfaced
ERBB2,Bladder Cancer,6,2.0138787289389428e-33,0.1359223300970873,True,surfaced
ERBB2,Breast Cancer,7,1.2793169440587166e-41,0.0484261501210653,True,surfaced
ERBB2,Cervical Cancer,3,5.07299246487653e-13,0.0486111111111111,True,surfaced
ERBB2,Colorectal Cancer,4,9.86875339148344e-08,0.0555555555555555,True,surfaced
ERBB2,Endometrial Cancer,1,3.719814568995716e-05,0.0310679611650485,True,surfaced
ERBB2,Esophageal Cancer,1,1.184436439004629e-16,0.0642857142857142,True,surfaced
ERBB2,Kidney Cancer,1,0.1692785847611179,0.0144927536231884,True,surfaced
ERBB2,Liver Cancer,1,0.0002812932355679,0.0418410041841004,True,surfaced
ERBB2,Lung Cancer,2,2.26200439770002e-08,0.1063829787234042,True,surfaced
ERBB2,Ovarian Cancer,1,0.0044666220709504,0.0146699266503667,True,surfaced
ERBB2,Stomach Cancer,3,8.119158322931035e-11,0.0748299319727891,True,surfaced
ERBB3,Bladder Cancer,5,1.0538724813939634e-14,0.22,True,surfaced
ERBB3,Breast Cancer,2,6.138053682452164e-11,0.0242130750605326,True,surfaced
ERBB3,Cervical Cancer,1,1.3064127518840284e-05,0.0416666666666666,True,surfaced
ERBB3,Colorectal Cancer,4,8.786828550787397e-13,0.0378787878787878,False,never_surfaced
ERBB3,Endometrial Cancer,2,3.7426054352617896e-10,0.0701754385964912,True,surfaced
ERBB3,Liver Cancer,1,9.184985025498638e-08,0.0376569037656903,False,never_surfaced
ERBB3,Prostate Cancer,1,0.0021245824967281,0.0060728744939271,False,never_surfaced
ERBB3,Stomach Cancer,1,1.0949996109669788e-05,0.0544217687074829,True,surfaced
ERBB4,Bladder Cancer,4,6.205930628274906e-10,0.32,False,never_surfaced
ERBB4,Breast Cancer,1,4.03937057595561e-06,0.0421052631578947,False,never_surfaced
ERBB4,Colorectal Cancer,1,0.0016445230830207,0.0503731343283582,True,surfaced
ERBB4,Esophageal Cancer,1,4.475444195503846e-05,0.1027397260273972,True,surfaced
ERBB4,Kidney Cancer,1,0.0001993239765588,0.0307262569832402,False,never_surfaced
ERBB4,Liver Cancer,2,2.806665827043205e-06,0.0375,False,never_surfaced
ERBB4,Melanoma,1,0.005950096046977,0.1590909090909091,True,surfaced
ERBB4,Prostate Cancer,1,0.0054506919384568,0.0121457489878542,False,never_surfaced
ERBB4,Stomach Cancer,3,0.0026028818444263,0.0802752293577981,True,surfaced
ERCC2,Bladder Cancer,6,9.596945412852204e-24,0.217391304347826,True,surfaced
ERCC3,Cervical Cancer,1,2.206941050864408e-05,0.0166666666666666,False,never_surfaced
ERCC3,Melanoma,1,0.0011685880314825,0.0467289719626168,False,never_surfaced
ESR1,Breast Cancer,6,1.1423744150879746e-48,0.1561743341404358,True,surfaced
ESR1,Endometrial Cancer,1,0.0162096183598734,0.0271844660194174,True,surfaced
ESR1,Lung Cancer,1,0.0110916900313493,0.0666666666666666,False,never_surfaced
ESR1,Melanoma,1,0.0002412194369125,0.0236051502145922,False,never_surfaced
ETV1,Breast Cancer,1,0.0402012775914903,0.0133171912832929,False,never_surfaced
ETV1,Colorectal Cancer,1,0.0705254430355714,0.0194174757281553,False,never_surfaced
ETV5,Leukemia,1,2.603808782963624e-05,0.04,False,never_surfaced
ETV6,Bladder Cancer,1,0.0603108981148133,0.0277777777777777,False,never_surfaced
ETV6,Leukemia,1,2.134684195030688e-06,0.0251798561151079,True,surfaced
ETV6,Lymphoma,1,0.0004277807956273,0.054054054054054,True,surfaced
EWSR1,Brain Cancer,1,0.0004936285190653,0.0256410256410256,False,never_surfaced
EZH2,Leukemia,1,1.9538521631828617e-07,0.2307692307692307,True,surfaced
EZH2,Lymphoma,6,6.694541131410846e-43,0.1896551724137931,True,surfaced
FAM135B,Endometrial Cancer,1,1.4561241024948662e-05,0.0625,False,never_surfaced
FAM135B,Lung Cancer,3,0.000851010609549,0.3,False,never_surfaced
FAM135B,Pancreatic Cancer,1,0.0011265836483665,0.0284090909090909,False,never_surfaced
FAM135B,Thyroid Cancer,1,0.0007630927546326,0.0833333333333333,False,never_surfaced
FAM174B,Brain Cancer,4,8.479405789575796e-17,0.027027027027027,False,never_surfaced
FAM174B,Prostate Cancer,3,2.7640437060722804e-05,0.0316455696202531,False,never_surfaced
FANCA,Prostate Cancer,1,0.0267905872191462,0.0444444444444444,True,surfaced
FAS,Cervical Cancer,1,0.0362159629412619,0.0138888888888888,True,surfaced
FAS,Lymphoma,2,6.609072900724164e-07,0.0578512396694214,True,surfaced
FAT1,Bladder Cancer,4,3.950770656182417e-18,0.1481481481481481,True,surfaced
FAT1,Brain Cancer,1,0.0217026454784015,0.0454545454545454,False,never_surfaced
FAT1,Breast Cancer,1,0.0195305709273449,0.1212121212121212,True,surfaced
FAT1,Cervical Cancer,4,1.876386447591139e-16,0.125,True,surfaced
FAT1,Endometrial Cancer,2,5.177800086961278e-07,0.0951456310679611,True,surfaced
FAT1,Esophageal Cancer,4,4.7673751100282594e-20,0.0710900473933649,True,surfaced
FAT1,Kidney Cancer,1,0.0008378380443628,0.0419580419580419,False,never_surfaced
FAT1,Leukemia,1,0.0160265627092834,0.0597014925373134,True,surfaced
FAT1,Lung Cancer,4,2.0946104433573158e-33,0.1702127659574468,True,surfaced
FAT1,Lymphoma,1,0.0392660354974706,0.0555555555555555,True,surfaced
FAT1,Melanoma,1,0.0015789506783966,0.025,False,never_surfaced
FAT1,Ovarian Cancer,1,0.0180888930924805,0.0517241379310344,False,never_surfaced
FAT1,Pancreatic Cancer,1,0.0010801137239413,0.0833333333333333,True,surfaced
FAT1,Prostate Cancer,1,0.0287748616000028,0.0535714285714285,False,never_surfaced
FAT3,Breast Cancer,1,9.75393949312648e-05,0.0455486542443064,False,never_surfaced
FAT3,Colorectal Cancer,1,0.0001143254882839,0.1296296296296296,True,surfaced
FAT3,Kidney Cancer,1,0.0041368080743834,0.0526315789473684,False,never_surfaced
FAT3,Leukemia,1,5.964248331501215e-06,0.0324675324675324,False,never_surfaced
FAT3,Liver Cancer,1,0.0086054139901308,0.0875,False,never_surfaced
FAT3,Lung Cancer,1,1.31097765564403e-05,0.1666666666666666,False,never_surfaced
FAT3,Lymphoma,1,0.0026216085740197,0.0661157024793388,False,never_surfaced
FAT3,Melanoma,1,0.0006655348035773,0.315450643776824,False,never_surfaced
FAT3,Pancreatic Cancer,1,0.0002165834178599,0.0763358778625954,False,never_surfaced
FAT3,Prostate Cancer,1,0.0003302482834358,0.0301507537688442,False,never_surfaced
FAT3,Stomach Cancer,1,0.000103502914509,0.1292517006802721,False,never_surfaced
FAT3,Thyroid Cancer,1,0.0010668795191129,0.0143442622950819,False,never_surfaced
FAT4,Brain Cancer,1,4.962926023744946e-06,0.0409207161125319,False,never_surfaced
FAT4,Breast Cancer,1,0.0319840943221317,0.0416666666666666,False,never_surfaced
FAT4,Colorectal Cancer,1,0.0001143254882839,0.1,True,surfaced
FAT4,Esophageal Cancer,1,0.0382321657494963,0.2371134020618556,True,surfaced
FAT4,Leukemia,1,1.2839005830613113e-05,0.0444444444444444,True,surfaced
FAT4,Liver Cancer,1,0.0001403869701313,0.09375,True,surfaced
FAT4,Lung Cancer,1,2.148437036587156e-05,0.2068965517241379,False,never_surfaced
FAT4,Lymphoma,1,5.064105967430201e-05,0.2702702702702703,True,surfaced
FAT4,Melanoma,1,0.0426348938939723,0.2857142857142857,True,surfaced
FAT4,Prostate Cancer,1,0.0004987905685802,0.0714285714285714,False,never_surfaced
FAT4,Stomach Cancer,1,0.0864577883020054,0.1559633027522936,True,surfaced
FAT4,Thyroid Cancer,1,0.0421221409467466,0.0082304526748971,False,never_surfaced
FBLN2,Bladder Cancer,1,0.0033730204732768,0.04,False,never_surfaced
FBLN2,Liver Cancer,1,0.0152612187167681,0.0209205020920502,False,never_surfaced
FBLN2,Pancreatic Cancer,1,0.0001751342907361,0.0229007633587786,False,never_surfaced
FBLN2,Prostate Cancer,1,0.0088310045370462,0.0337837837837837,False,never_surfaced
FBXO11,Lymphoma,4,6.064792999823437e-25,0.4,True,surfaced
FBXW7,Bladder Cancer,7,1.110458492547636e-38,0.0694444444444444,True,surfaced
FBXW7,Brain Cancer,3,9.806881887658912e-21,0.048780487804878,False,never_surfaced
FBXW7,Breast Cancer,1,6.404791969810601e-06,0.0236220472440944,True,surfaced
FBXW7,Cervical Cancer,7,1.6229242674469246e-45,0.1006944444444444,True,surfaced
FBXW7,Colorectal Cancer,7,3.30129005968419e-42,0.1346153846153846,True,surfaced
FBXW7,Endometrial Cancer,7,1.0937148861039076e-46,0.3684210526315789,True,surfaced
FBXW7,Esophageal Cancer,1,4.3902516373649247e-10,0.0494505494505494,True,surfaced
FBXW7,Leukemia,2,4.554573790871519e-07,0.0194805194805194,True,surfaced
FBXW7,Liver Cancer,1,0.0002812932355679,0.0209205020920502,True,surfaced
FBXW7,Lung Cancer,1,6.238864561078556e-09,0.0466101694915254,False,never_surfaced
FBXW7,Pancreatic Cancer,1,9.55895095497834e-06,0.0227272727272727,True,surfaced
FBXW7,Stomach Cancer,2,6.31494706755108e-10,0.0544217687074829,True,surfaced
FCGR2B,Lymphoma,2,1.1643925791147593e-05,0.0258620689655172,False,never_surfaced
FCRL4,Pancreatic Cancer,1,0.0037584338313585,0.0229007633587786,False,never_surfaced
FGD1,Prostate Cancer,2,1.0571222221324569e-07,0.0135135135135135,False,never_surfaced
FGD5,Leukemia,2,2.7847278201111183e-06,0.0298507462686567,False,never_surfaced
FGFR1,Bladder Cancer,1,0.0006517079120889,0.0194174757281553,True,surfaced
FGFR1,Brain Cancer,5,3.3162951176794873e-16,0.0561797752808988,True,surfaced
FGFR1,Ovarian Cancer,1,0.012801405354288,0.0172413793103448,False,never_surfaced
FGFR1,Thyroid Cancer,1,0.0679838118864306,0.0061475409836065,True,surfaced
FGFR2,Breast Cancer,1,8.55670350842589e-06,0.0121065375302663,True,surfaced
FGFR2,Endometrial Cancer,6,4.465248178598909e-56,0.125,True,surfaced
FGFR2,Liver Cancer,1,0.0002566176047017,0.088235294117647,True,surfaced
FGFR2,Lung Cancer,1,0.0013581087241204,0.0233050847457627,False,never_surfaced
FGFR3,Bladder Cancer,6,2.1398256843895407e-41,0.5,True,surfaced
FGFR3,Lung Cancer,1,0.0135019117399702,0.0254237288135593,True,surfaced
FGFR3,Myeloma,3,4.652446961233629e-08,0.0439560439560439,True,surfaced
FGFR4,Brain Cancer,1,4.381233112482404e-05,0.0512820512820512,True,surfaced
FGFR4,Endometrial Cancer,1,0.0019448624966831,0.0198019801980198,True,surfaced
FHIT,Lymphoma,1,0.0674287495300194,0.0517241379310344,False,never_surfaced
FLCN,Lung Cancer,1,0.0021792025890076,0.0160714285714285,False,never_surfaced
FLG,Leukemia,2,0.0459088829755849,0.0389105058365758,False,never_surfaced
FLT3,Leukemia,6,5.539023091846962e-17,0.1071428571428571,True,surfaced
FLT4,Bladder Cancer,1,0.0001101443368076,0.0485436893203883,False,never_surfaced
FLT4,Endometrial Cancer,1,0.0023867069097891,0.0625,False,never_surfaced
FLT4,Kidney Cancer,1,0.0125919774994048,0.0307692307692307,False,never_surfaced
FLT4,Liver Cancer,1,0.0017607560803306,0.0384615384615384,False,never_surfaced
FLT4,Lung Cancer,1,0.0039620911606334,0.0638297872340425,False,never_surfaced
FMN2,Pancreatic Cancer,2,6.7782155039211235e-09,0.0214285714285714,False,never_surfaced
FOXA1,Breast Cancer,5,3.2964535212900096e-30,0.0472154963680387,False,never_surfaced
FOXA1,Prostate Cancer,6,1.6110162874952576e-44,0.3125,True,surfaced
FOXA2,Endometrial Cancer,5,9.70810065219985e-16,0.0454545454545454,True,surfaced
FOXL2,Ovarian Cancer,3,2.8962965342505745e-10,0.0459770114942528,True,surfaced
FOXO1,Lung Cancer,1,0.0098932778181107,0.0425531914893617,False,never_surfaced
FOXO1,Lymphoma,2,2.713438051807944e-10,0.3194444444444444,True,surfaced
FOXO3,Brain Cancer,1,0.0150620491939287,0.0135135135135135,False,never_surfaced
FOXO3,Leukemia,1,0.0028505883164082,0.044776119402985,False,never_surfaced
FOXP1,Breast Cancer,1,0.0006727565250128,0.0169491525423728,False,never_surfaced
FOXP1,Prostate Cancer,1,0.0003420931886861,0.02803738317757,False,never_surfaced
FUBP1,Brain Cancer,4,6.4069516314833205e-21,0.1666666666666666,True,surfaced
FUBP1,Breast Cancer,1,0.0989221926265536,0.0024213075060532,False,never_surfaced
FUBP1,Leukemia,2,1.5364615171166585e-07,0.0079051383399209,False,never_surfaced
FUS,Liver Cancer,1,0.2589089242497386,0.2,False,never_surfaced
GATA2,Leukemia,4,1.002628771220143e-15,0.06,True,surfaced
GATA3,Breast Cancer,4,1.7553056050026871e-19,0.1157894736842105,True,surfaced
GATA3,Leukemia,1,2.5291402511982524e-05,0.0107913669064748,False,never_surfaced
GMPS,Liver Cancer,1,0.0340748489302938,0.0111111111111111,False,never_surfaced
GNA11,Melanoma,6,3.35759840181204e-51,0.45,True,surfaced
GNA13,Bladder Cancer,2,9.744359704470074e-05,0.0267639902676399,False,never_surfaced
GNA13,Lymphoma,4,7.732108447011374e-14,0.1428571428571428,True,surfaced
GNAI2,Lymphoma,4,3.3934518865563944e-10,0.0666666666666666,False,never_surfaced
GNAQ,Liver Cancer,2,3.8542595378409155e-10,0.2,True,surfaced
GNAQ,Lung Cancer,1,0.1933566757321158,0.0058823529411764,False,never_surfaced
GNAQ,Melanoma,7,9.1435163845594e-47,0.5,True,surfaced
GNAS,Brain Cancer,1,0.0005290671770507,0.0217391304347826,True,surfaced
GNAS,Breast Cancer,1,0.0076731403841823,0.010351966873706,True,surfaced
GNAS,Colorectal Cancer,2,1.3981428339536457e-13,0.0111940298507462,True,surfaced
GNAS,Esophageal Cancer,1,0.001054073760548,0.0274725274725274,True,surfaced
GNAS,Liver Cancer,3,4.752675292467449e-09,0.0111111111111111,True,surfaced
GNAS,Lung Cancer,1,0.1197959360131219,0.0178571428571428,False,never_surfaced
GNAS,Pancreatic Cancer,4,1.118426420817692e-20,0.0625,True,surfaced
GPAA1,Bladder Cancer,2,6.042389198866857e-05,0.0485436893203883,False,never_surfaced
GPC5,Liver Cancer,1,0.02461627826003,0.0375,False,never_surfaced
GPC5,Ovarian Cancer,1,0.0007995523236465,0.0146699266503667,False,never_surfaced
GRIN2A,Bladder Cancer,1,0.2030046524488365,0.0437956204379562,False,never_surfaced
GRIN2A,Colorectal Cancer,1,0.000137633078682,0.0814393939393939,False,never_surfaced
GRIN2A,Liver Cancer,1,0.0005084188746516,0.0625,False,never_surfaced
GRM3,Esophageal Cancer,1,0.0237094001834321,0.0412371134020618,False,never_surfaced
GRM3,Kidney Cancer,1,0.0065585638118054,0.0307692307692307,False,never_surfaced
GRM3,Melanoma,1,3.248214999654005e-05,0.1363636363636363,False,never_surfaced
GSK3B,Stomach Cancer,1,0.0049397692237238,0.0136054421768707,False,never_surfaced
H3-3A,Brain Cancer,3,2.2174191125589304e-23,0.5,False,never_surfaced
H3C2,Bladder Cancer,1,0.0049478408243092,0.0416666666666666,False,never_surfaced
H3C2,Breast Cancer,1,0.0341291472125331,0.0138751238850346,False,never_surfaced
H3C2,Esophageal Cancer,1,0.0174390333435078,0.0142180094786729,False,never_surfaced
H3C2,Lymphoma,1,0.0061128805132302,0.0862068965517241,False,never_surfaced
H4C9,Leukemia,1,0.0024356098331676,0.0392156862745098,False,never_surfaced
HCAR3,Leukemia,4,7.724430336616361e-15,0.0544747081712062,False,never_surfaced
HGF,Lung Cancer,1,0.0010557031442447,0.1034482758620689,False,never_surfaced
HIF1A,Thyroid Cancer,1,0.0296035726591035,0.0082304526748971,False,never_surfaced
HIP1,Bladder Cancer,1,0.0031941749961211,0.1071428571428571,False,never_surfaced
HIP1,Brain Cancer,1,0.0067206188520486,0.0135135135135135,False,never_surfaced
HIP1,Endometrial Cancer,1,0.0031038734295675,0.0526315789473684,False,never_surfaced
HLA-A,Bladder Cancer,5,8.655728763447417e-10,0.1844660194174757,False,never_surfaced
HLA-A,Cervical Cancer,3,7.426820738018982e-10,0.0888888888888888,True,surfaced
HLA-A,Colorectal Cancer,1,0.0052329228995417,0.032,False,never_surfaced
HLA-A,Esophageal Cancer,1,0.1139673796579497,0.0094786729857819,False,never_surfaced
HLA-A,Leukemia,2,3.6971517443638827e-07,0.208955223880597,False,never_surfaced
HLA-A,Lung Cancer,4,7.243831104339616e-13,0.0084745762711864,False,never_surfaced
HLA-A,Lymphoma,4,6.454868399093296e-23,0.0826446280991735,False,never_surfaced
HLA-A,Melanoma,1,0.0023210100608755,0.0857142857142857,True,surfaced
HLA-B,Cervical Cancer,2,4.042668325450525e-08,0.0277777777777777,True,surfaced
HLA-B,Esophageal Cancer,2,4.3902516373649247e-10,0.0164835164835164,False,never_surfaced
HLA-B,Lymphoma,3,3.4965901911201995e-09,0.0909090909090909,True,surfaced
HLA-C,Lymphoma,2,1.3981669868891242e-06,0.024793388429752,False,never_surfaced
HNF1A,Kidney Cancer,1,0.0156349383580134,0.0108695652173913,True,surfaced
HNF1A,Liver Cancer,3,1.9770693416691112e-24,0.1333333333333333,True,surfaced
HNRNPA2B1,Liver Cancer,1,5.877063689746286e-05,0.0259740259740259,False,never_surfaced
HOXC13,Breast Cancer,2,0.0003937469627794,0.009685230024213,False,never_surfaced
HRAS,Bladder Cancer,5,3.8374899511124414e-24,0.1553398058252427,True,surfaced
HRAS,Breast Cancer,1,0.046850042530878,0.0049554013875123,True,surfaced
HRAS,Colorectal Cancer,1,0.0310978128522807,0.0075757575757575,True,surfaced
HRAS,Lung Cancer,2,5.608842050961796e-09,0.0425531914893617,True,surfaced
HRAS,Prostate Cancer,1,1.2251475274507731e-05,0.0186915887850467,False,never_surfaced
HRAS,Thyroid Cancer,5,2.8955883932854506e-35,0.0348360655737704,True,surfaced
HSP90AA1,Breast Cancer,1,0.0317390430362442,0.0102564102564102,False,never_surfaced
HSP90AB1,Melanoma,1,0.0264103076155453,0.0186915887850467,False,never_surfaced
HSPG2,Bladder Cancer,2,0.0002539279076429,0.087378640776699,False,never_surfaced
ID3,Lymphoma,5,9.101518512889622e-44,0.6666666666666666,True,surfaced
IDH1,Brain Cancer,7,4.417543354513952e-53,0.8888888888888888,True,surfaced
IDH1,Leukemia,6,9.730526217374817e-19,0.16,True,surfaced
IDH1,Liver Cancer,5,7.791121944636771e-26,0.1388888888888889,True,surfaced
IDH1,Melanoma,3,1.5839138688724677e-21,0.0568561872909698,True,surfaced
IDH1,Myeloma,1,2.4761580859127177e-05,0.0204081632653061,True,surfaced
IDH1,Prostate Cancer,2,2.6667699545547264e-08,0.0267857142857142,True,surfaced
IDH2,Bladder Cancer,1,0.0012341732748696,0.04,False,never_surfaced
IDH2,Brain Cancer,6,5.995363837500686e-35,0.0411764705882352,True,surfaced
IDH2,Leukemia,7,1.3381358166053711e-36,0.11284046692607,True,surfaced
IDH2,Liver Cancer,1,0.0015119028451856,0.0555555555555555,True,surfaced
IKBKB,Myeloma,3,1.5190727778199133e-12,0.0117899249732047,False,never_surfaced
IKZF1,Leukemia,3,4.303274082642051e-12,0.0233463035019455,True,surfaced
IKZF1,Melanoma,1,0.0629615521772071,0.0635451505016722,False,never_surfaced
IKZF3,Leukemia,3,4.258161638837842e-12,0.0079051383399209,True,surfaced
IKZF3,Liver Cancer,1,0.0234680350462276,0.025,False,never_surfaced
IKZF3,Lymphoma,1,4.0695682462858106e-05,0.0413223140495867,False,never_surfaced
IL6ST,Liver Cancer,1,0.0009427194148001,0.2333333333333333,True,surfaced
IL6ST,Prostate Cancer,1,0.0198494875387528,0.0100502512562814,False,never_surfaced
IL7R,Esophageal Cancer,1,0.005532488753393,0.0273972602739726,False,never_surfaced
IL7R,Leukemia,1,1.8920451153325544e-06,0.0287769784172661,True,surfaced
IL7R,Liver Cancer,1,3.754320391886871e-05,0.0093896713615023,False,never_surfaced
IL7R,Stomach Cancer,1,0.0036436397324019,0.0441176470588235,False,never_surfaced
ING1,Colorectal Cancer,2,6.611910662159173e-05,0.0111940298507462,False,never_surfaced
ING1,Endometrial Cancer,3,1.5176871335782968e-10,0.0213592233009708,False,never_surfaced
INPPL1,Endometrial Cancer,2,2.022278618977848e-11,0.0427184466019417,False,never_surfaced
IRAK1,Myeloma,2,9.584757360579226e-11,0.0085744908896034,False,never_surfaced
IRF1,Myeloma,2,0.0009932169985545,0.0107181136120042,True,surfaced
IRF4,Leukemia,3,1.716890855277675e-05,0.0333333333333333,False,never_surfaced
IRF4,Lymphoma,3,6.885280555038673e-07,0.1621621621621621,True,surfaced
IRF4,Myeloma,4,7.257740476421777e-25,0.0306122448979591,True,surfaced
IRS4,Bladder Cancer,1,0.0849609924630143,0.04,False,never_surfaced
IRS4,Pancreatic Cancer,1,0.0066875414205284,0.0113636363636363,False,never_surfaced
ITGAV,Stomach Cancer,1,2.9498599960305225e-06,0.0641025641025641,False,never_surfaced
JAK1,Breast Cancer,1,0.0339043482239398,0.0084745762711864,False,never_surfaced
JAK1,Endometrial Cancer,1,2.91889969000582e-05,0.0388349514563106,True,surfaced
JAK1,Leukemia,1,8.876748382053516e-05,0.014388489208633,True,surfaced
JAK1,Lymphoma,1,0.0251368829563822,0.0172413793103448,True,surfaced
JAK1,Ovarian Cancer,1,0.0063673413145102,0.1111111111111111,False,never_surfaced
JAK1,Prostate Cancer,1,0.0003184552266545,0.0444444444444444,True,surfaced
JAK2,Breast Cancer,1,0.0345291825671509,0.0277777777777777,True,surfaced
JAK2,Leukemia,3,8.674787639466042e-11,0.0233463035019455,True,surfaced
JAK2,Lung Cancer,1,0.00020944515302,0.0156862745098039,True,surfaced
JAK3,Leukemia,1,0.0001345614992948,0.014388489208633,True,surfaced
KAT6A,Esophageal Cancer,1,2.08246919776662e-05,0.047945205479452,False,never_surfaced
KAT6B,Brain Cancer,1,0.0001105527866193,0.048780487804878,False,never_surfaced
KAT6B,Breast Cancer,1,0.0019909167764812,0.0444444444444444,False,never_surfaced
KAT6B,Prostate Cancer,1,4.16585936070952e-06,0.0267857142857142,False,never_surfaced
KAT7,Bladder Cancer,1,0.0146213551792907,0.0208333333333333,False,never_surfaced
KDM3B,Brain Cancer,3,2.196545149589431e-09,0.0202702702702702,False,never_surfaced
KDM5C,Kidney Cancer,4,6.299387261823027e-16,0.2,True,surfaced
KDM5C,Lung Cancer,1,5.897085053198988e-05,0.0636363636363636,False,never_surfaced
KDM5C,Myeloma,1,3.329124771632817e-07,0.0219780219780219,False,never_surfaced
KDM5C,Ovarian Cancer,1,0.0793801227703093,0.0114942528735632,False,never_surfaced
KDM5C,Pancreatic Cancer,1,0.000434901201379,0.015267175572519,False,never_surfaced
KDM6A,Bladder Cancer,5,2.514555001170568e-39,0.3333333333333333,True,surfaced
KDM6A,Brain Cancer,4,4.323073761945783e-26,0.0789473684210526,True,surfaced
KDM6A,Breast Cancer,1,0.0001008211014407,0.0145278450363196,False,never_surfaced
KDM6A,Esophageal Cancer,1,1.3032233970455464e-05,0.0428571428571428,True,surfaced
KDM6A,Kidney Cancer,1,4.38490998231732e-07,0.0326086956521739,True,surfaced
KDM6A,Leukemia,1,0.0024390369196299,0.0952380952380952,True,surfaced
KDM6A,Liver Cancer,1,0.0010163488073612,0.0140845070422535,False,never_surfaced
KDM6A,Lung Cancer,3,4.3512763657253165e-10,0.0961538461538461,False,never_surfaced
KDM6A,Pancreatic Cancer,1,5.576842904984211e-07,0.0655737704918032,True,surfaced
KDM6A,Prostate Cancer,4,1.5580369974110725e-20,0.08,True,surfaced
KDM6A,Stomach Cancer,1,0.0018546153047183,0.0256410256410256,True,surfaced
KDR,Breast Cancer,1,0.0142514867128508,0.0314960629921259,True,surfaced
KDR,Leukemia,1,0.0167599887495247,0.0059288537549407,True,surfaced
KDR,Lung Cancer,1,3.6222839265733646e-06,0.0818181818181818,True,surfaced
KDR,Lymphoma,1,0.004999975525456,0.1081081081081081,True,surfaced
KEAP1,Liver Cancer,2,1.5923068105863122e-08,0.0555555555555555,True,surfaced
KEAP1,Lung Cancer,5,9.328638691969972e-26,0.1914893617021276,True,surfaced
KIT,Leukemia,2,5.6620947067001366e-08,0.238095238095238,True,surfaced
KIT,Melanoma,2,8.60380998327931e-06,0.08,True,surfaced
KLF4,Breast Cancer,1,1.987789946714295e-06,0.0606060606060606,False,never_surfaced
KLF4,Leukemia,1,4.8461576620779664e-05,0.0071942446043165,False,never_surfaced
KLF4,Liver Cancer,1,0.0023882602967544,0.1043478260869565,False,never_surfaced
KLF5,Bladder Cancer,2,1.632000153157004e-10,0.048661800486618,False,never_surfaced
KLF5,Cervical Cancer,2,5.078496738103344e-10,0.0243055555555555,False,never_surfaced
KLF5,Lung Cancer,3,7.718308483485822e-10,0.0233050847457627,False,never_surfaced
KLF6,Melanoma,1,0.0005667434413507,0.0236051502145922,False,never_surfaced
KLHL6,Lymphoma,4,1.0148434139573257e-13,0.0857142857142857,True,surfaced
KMT2A,Bladder Cancer,3,8.644760141366783e-09,0.2222222222222222,False,never_surfaced
KMT2A,Esophageal Cancer,1,0.000488290521246,0.0357142857142857,False,never_surfaced
KMT2A,Liver Cancer,1,0.0003409380014722,0.3130434782608696,False,never_surfaced
KMT2A,Ovarian Cancer,1,0.0008831646305844,0.0366748166259168,False,never_surfaced
KMT2A,Pancreatic Cancer,1,0.01502507811852,0.0285714285714285,False,never_surfaced
KMT2A,Prostate Cancer,1,0.0154038786343917,0.0150753768844221,True,surfaced
KMT2A,Thyroid Cancer,1,0.0003385398357401,0.0122950819672131,True,surfaced
KMT2B,Liver Cancer,2,1.1862597482887368e-08,0.0361111111111111,True,surfaced
KMT2C,Bladder Cancer,4,5.750991111548572e-18,0.2608695652173913,True,surfaced
KMT2C,Brain Cancer,4,5.564160561686498e-23,0.1030927835051546,True,surfaced
KMT2C,Breast Cancer,4,1.7291628165357817e-25,0.1020408163265306,True,surfaced
KMT2C,Cervical Cancer,4,8.224296357874131e-33,0.1631944444444444,True,surfaced
KMT2C,Colorectal Cancer,2,0.0001028071876153,0.2121212121212121,True,surfaced
KMT2C,Endometrial Cancer,1,0.0003056291129277,0.087378640776699,False,never_surfaced
KMT2C,Esophageal Cancer,1,0.0075840092624319,0.0618556701030927,True,surfaced
KMT2C,Kidney Cancer,3,7.229392546827511e-12,0.0543478260869565,True,surfaced
KMT2C,Leukemia,3,4.8819883466741824e-08,0.1089494163424124,False,never_surfaced
KMT2C,Liver Cancer,1,4.277342269998604e-07,0.1176470588235294,True,surfaced
KMT2C,Lung Cancer,3,5.608842050961796e-09,0.3,True,surfaced
KMT2C,Melanoma,1,0.0125879244277277,0.1142857142857142,True,surfaced
KMT2C,Ovarian Cancer,1,0.0054603159051519,0.0517241379310344,False,never_surfaced
KMT2C,Pancreatic Cancer,3,1.6544045214066776e-11,0.0655737704918032,True,surfaced
KMT2C,Prostate Cancer,4,2.725097567630812e-21,0.0888888888888888,True,surfaced
KMT2C,Stomach Cancer,2,0.0014143947390355,0.1309523809523809,True,surfaced
KMT2C,Thyroid Cancer,2,2.794574912055877e-06,0.0288065843621399,False,never_surfaced
KMT2D,Bladder Cancer,4,9.43669503807526e-40,0.32,True,surfaced
KMT2D,Brain Cancer,5,2.446768844722799e-30,0.1904761904761904,True,surfaced
KMT2D,Breast Cancer,1,0.020016547933351,0.0416666666666666,False,never_surfaced
KMT2D,Cervical Cancer,4,7.872009576632831e-27,0.1319444444444444,True,surfaced
KMT2D,Endometrial Cancer,2,2.7479652041411948e-05,0.1495145631067961,True,surfaced
KMT2D,Esophageal Cancer,4,4.037307492449111e-19,0.1208791208791208,True,surfaced
KMT2D,Kidney Cancer,1,0.0017296764902925,0.0760869565217391,True,surfaced
KMT2D,Leukemia,1,4.146165246634345e-07,0.0287769784172661,True,surfaced
KMT2D,Liver Cancer,1,4.281531701607603e-07,0.09375,True,surfaced
KMT2D,Lung Cancer,4,2.6021762979032026e-37,0.2129629629629629,True,surfaced
KMT2D,Lymphoma,6,7.504567100958454e-50,0.3275862068965517,True,surfaced
KMT2D,Melanoma,1,0.0170489217708168,0.157190635451505,False,never_surfaced
KMT2D,Ovarian Cancer,2,3.1384027105011225e-05,0.0689655172413793,True,surfaced
KMT2D,Pancreatic Cancer,1,3.5408261272096033e-16,0.0714285714285714,True,surfaced
KMT2D,Prostate Cancer,3,9.329300489827392e-21,0.0817307692307692,True,surfaced
KMT2D,Stomach Cancer,2,6.2423738070564915e-09,0.0596330275229357,True,surfaced
KMT5A,Breast Cancer,2,2.528729994148249e-05,0.1224489795918367,False,never_surfaced
KNL1,Brain Cancer,1,0.0164936215591766,0.0404040404040404,False,never_surfaced
KNL1,Liver Cancer,1,0.0490727159320513,0.0576923076923076,False,never_surfaced
KNSTRN,Melanoma,1,0.000115405755291,0.0434782608695652,True,surfaced
KRAS,Bladder Cancer,4,1.1206089664245844e-14,0.0759493670886076,True,surfaced
KRAS,Brain Cancer,2,2.7975687892376283e-08,0.0224719101123595,True,surfaced
KRAS,Breast Cancer,3,8.281449072133402e-14,0.0133171912832929,True,surfaced
KRAS,Cervical Cancer,3,1.0678717570491396e-20,0.0888888888888888,True,surfaced
KRAS,Colorectal Cancer,7,2.2514036081107944e-51,0.4469696969696969,True,surfaced
KRAS,Endometrial Cancer,7,4.86996096603483e-53,0.2871287128712871,True,surfaced
KRAS,Esophageal Cancer,3,1.89383687800426e-11,0.0515463917525773,True,surfaced
KRAS,Kidney Cancer,2,1.7825790679298356e-12,0.0181159420289855,True,surfaced
KRAS,Leukemia,6,7.89779915246893e-34,0.1363636363636363,True,surfaced
KRAS,Liver Cancer,5,9.551995559430955e-38,0.25,True,surfaced
KRAS,Lung Cancer,7,3.939513408731686e-51,0.3404255319148936,True,surfaced
KRAS,Lymphoma,1,0.0003390866879763,0.0517241379310344,True,surfaced
KRAS,Melanoma,1,0.0006655348035773,0.0278969957081545,True,surfaced
KRAS,Myeloma,7,7.760904508584242e-43,0.2755102040816326,True,surfaced
KRAS,Ovarian Cancer,5,1.8528239992611625e-25,0.1091954022988505,True,surfaced
KRAS,Pancreatic Cancer,7,7.586763962559528e-59,0.9375,True,surfaced
KRAS,Prostate Cancer,1,0.0835396734700496,0.009009009009009,True,surfaced
KRAS,Stomach Cancer,4,6.303795687264399e-25,0.0769230769230769,True,surfaced
KRAS,Thyroid Cancer,1,0.0009456142783618,0.0081967213114754,True,surfaced
LATS1,Breast Cancer,1,0.000425757566529,0.0126582278481012,False,never_surfaced
LATS1,Cervical Cancer,3,9.532666477793523e-10,0.1111111111111111,True,surfaced
LATS1,Ovarian Cancer,1,0.0001293308277684,0.0545454545454545,False,never_surfaced
LATS1,Pancreatic Cancer,1,0.0176645994027081,0.0113636363636363,False,never_surfaced
LATS2,Brain Cancer,1,0.0108526562858262,0.0091116173120728,False,never_surfaced
LATS2,Lung Cancer,1,5.98016976111364e-05,0.0148305084745762,False,never_surfaced
LDB1,Brain Cancer,4,2.3397888054345783e-11,0.073170731707317,False,never_surfaced
LEF1,Liver Cancer,1,0.0088723293586217,0.0093896713615023,False,never_surfaced
LIFR,Lung Cancer,1,0.0027844410833956,0.1379310344827586,False,never_surfaced
LIFR,Melanoma,1,0.0637399587217494,0.0934579439252336,False,never_surfaced
LPA,Pancreatic Cancer,2,4.885329585573238e-06,0.0625,False,never_surfaced
LRIG3,Bladder Cancer,1,0.0060575052575612,0.04,False,never_surfaced
LRP1B,Brain Cancer,1,1.2710567541442798e-06,0.0681818181818181,False,never_surfaced
LRP1B,Breast Cancer,1,0.0088249012856006,0.0909090909090909,False,never_surfaced
LRP1B,Colorectal Cancer,1,1.361951582600266e-05,0.1305970149253731,True,surfaced
LRP1B,Endometrial Cancer,1,0.0009957294884992,0.0701754385964912,True,surfaced
LRP1B,Esophageal Cancer,1,0.0004932839079478,0.3195876288659793,True,surfaced
LRP1B,Kidney Cancer,1,0.0003038313077505,0.0545454545454545,False,never_surfaced
LRP1B,Leukemia,1,8.779801091285865e-05,0.0735294117647058,False,never_surfaced
LRP1B,Liver Cancer,1,0.0002313611864485,0.0961538461538461,True,surfaced
LRP1B,Lung Cancer,2,3.429033228889252e-08,0.4672897196261682,True,surfaced
LRP1B,Melanoma,1,0.0067165590066915,0.4442060085836909,True,surfaced
LRP1B,Myeloma,1,3.329124771632817e-07,0.0769230769230769,True,surfaced
LRP1B,Ovarian Cancer,1,0.1299828601256793,0.0464547677261613,False,never_surfaced
LRP1B,Pancreatic Cancer,1,0.0001040508098164,0.1147540983606557,False,never_surfaced
LRP1B,Prostate Cancer,1,8.696607572713953e-06,0.08,False,never_surfaced
LRP1B,Stomach Cancer,1,0.0065900240000156,0.1538461538461538,True,surfaced
LRP1B,Thyroid Cancer,1,0.0118070553156784,0.0061475409836065,False,never_surfaced
LSM14A,Endometrial Cancer,1,0.2391717481523832,0.0097087378640776,False,never_surfaced
LYN,Leukemia,1,5.8622084846097855e-05,0.0129870129870129,False,never_surfaced
LYN,Lymphoma,1,0.003695432736564,0.081081081081081,True,surfaced
LZTR1,Brain Cancer,2,9.146971293850655e-10,0.0358056265984654,False,never_surfaced
LZTR1,Endometrial Cancer,1,7.751680330815946e-05,0.0310679611650485,False,never_surfaced
LZTR1,Liver Cancer,1,9.721692822983558e-14,0.0083333333333333,False,never_surfaced
LZTR1,Prostate Cancer,1,0.0003729289939676,0.0179372197309417,False,never_surfaced
MACC1,Lung Cancer,1,0.0037819140105323,0.0181818181818181,False,never_surfaced
MAF,Myeloma,1,0.004067476922697,0.0219780219780219,True,surfaced
MALT1,Lymphoma,1,0.0024381467029627,0.0261437908496732,True,surfaced
MAML2,Leukemia,1,0.0006963880598895,0.0895522388059701,False,never_surfaced
MAML2,Lung Cancer,1,7.526829445574535e-07,0.0296610169491525,False,never_surfaced
MAP2K1,Lung Cancer,2,1.9268585473712296e-09,0.0176470588235294,True,surfaced
MAP2K1,Lymphoma,1,0.0044597798298513,0.0689655172413793,True,surfaced
MAP2K1,Melanoma,4,6.861615195256946e-23,0.0735785953177257,True,surfaced
MAP2K4,Breast Cancer,5,3.961459473187374e-25,0.0421052631578947,True,surfaced
MAP2K4,Colorectal Cancer,3,2.4070576946468857e-06,0.0384615384615384,False,never_surfaced
MAP2K4,Esophageal Cancer,1,0.0005122109875348,0.0214285714285714,False,never_surfaced
MAP2K4,Liver Cancer,1,0.0054119734045532,0.1217391304347826,False,never_surfaced
MAP2K4,Pancreatic Cancer,3,2.51067281774974e-13,0.043103448275862,False,never_surfaced
MAP2K7,Stomach Cancer,3,1.7373292165937532e-05,0.0252293577981651,False,never_surfaced
MAP3K1,Brain Cancer,1,0.0134929203188297,0.0204603580562659,False,never_surfaced
MAP3K1,Breast Cancer,4,1.6758011829023238e-25,0.0909090909090909,True,surfaced
MAP3K1,Cervical Cancer,1,0.016391444502443,0.0444444444444444,False,never_surfaced
MAP3K1,Colorectal Cancer,1,0.0012424186302951,0.029126213592233,False,never_surfaced
MAP3K1,Endometrial Cancer,1,2.4431817054335377e-05,0.0427184466019417,False,never_surfaced
MAP3K1,Kidney Cancer,1,0.0010832909631591,0.0139860139860139,False,never_surfaced
MAP3K1,Liver Cancer,1,0.0068729910920526,0.0769230769230769,False,never_surfaced
MAP3K1,Myeloma,1,0.0075389354507217,0.0042872454448017,False,never_surfaced
MAP3K1,Thyroid Cancer,1,3.4860323864891206e-05,0.0040983606557377,False,never_surfaced
MAPK1,Cervical Cancer,4,5.772331678585057e-18,0.0416666666666666,True,surfaced
MAPK1,Leukemia,1,2.8566316985690813e-05,0.0129870129870129,False,never_surfaced
MAPK1,Liver Cancer,1,0.0014449877987693,0.0171428571428571,False,never_surfaced
MARK2,Pancreatic Cancer,2,2.132254137017315e-07,0.0223880597014925,False,never_surfaced
MAX,Brain Cancer,2,1.4472926912126134e-05,0.0135135135135135,False,never_surfaced
MAX,Breast Cancer,1,0.0006727565250128,0.0048426150121065,False,never_surfaced
MAX,Endometrial Cancer,2,1.937624040222425e-12,0.0297029702970297,True,surfaced
MAX,Myeloma,6,2.082704516620774e-27,0.0306122448979591,True,surfaced
MB21D2,Bladder Cancer,1,0.0021015976719168,0.0714285714285714,False,never_surfaced
MB21D2,Lung Cancer,1,0.0041319024627222,0.0296610169491525,False,never_surfaced
MCM7,Cervical Cancer,2,2.345311643373248e-09,0.1111111111111111,False,never_surfaced
MDGA2,Melanoma,2,0.0002764516006407,0.0857142857142857,False,never_surfaced
MECOM,Breast Cancer,1,0.0016331159978687,0.0062111801242236,False,never_surfaced
MECOM,Endometrial Cancer,2,0.0047333078568063,0.0252427184466019,False,never_surfaced
MECOM,Melanoma,1,0.001542630879949,0.205607476635514,False,never_surfaced
MECOM,Prostate Cancer,1,0.1096704084297122,0.0101214574898785,False,never_surfaced
MED12,Brain Cancer,1,0.0010701518004029,0.0512820512820512,False,never_surfaced
MED12,Cervical Cancer,1,5.032027791043199e-06,0.0451388888888888,False,never_surfaced
MED12,Endometrial Cancer,1,0.0065675385675894,0.0594059405940594,True,surfaced
MED12,Leukemia,1,0.0003702843899001,0.0952380952380952,True,surfaced
MED12,Prostate Cancer,1,5.722439717034973e-05,0.0535714285714285,True,surfaced
MED23,Breast Cancer,2,4.746329778962655e-08,0.0138751238850346,False,never_surfaced
MEF2B,Lymphoma,6,1.2457091187217685e-18,0.1379310344827586,True,surfaced
MEN1,Bladder Cancer,1,0.0648191082889207,0.04,False,never_surfaced
MEN1,Breast Cancer,1,2.08933784125716e-05,0.0416666666666666,False,never_surfaced
MEN1,Liver Cancer,1,0.0001579503070497,0.0094786729857819,True,surfaced
MEN1,Pancreatic Cancer,5,1.949497713342417e-28,0.2592592592592592,True,surfaced
MEN1,Thyroid Cancer,1,0.0091668427569949,0.0061475409836065,True,surfaced
MET,Brain Cancer,1,0.0027420470161711,0.0058823529411764,True,surfaced
MET,Kidney Cancer,5,1.2780297367701042e-30,0.0797101449275362,True,surfaced
MET,Lung Cancer,2,2.966019070128457e-07,0.081081081081081,True,surfaced
MGA,Leukemia,3,7.371543475491891e-10,0.0333333333333333,False,never_surfaced
MGA,Lung Cancer,4,7.84329959347911e-10,0.0678571428571428,False,never_surfaced
MGA,Prostate Cancer,2,6.78819096632561e-10,0.0192307692307692,False,never_surfaced
MLLT1,Kidney Cancer,1,0.0053943767068022,0.0588235294117647,False,never_surfaced
MLLT3,Melanoma,1,0.0248129686727262,0.0454545454545454,False,never_surfaced
MLLT6,Bladder Cancer,1,0.0025400312423026,0.0714285714285714,False,never_surfaced
MSN,Esophageal Cancer,1,0.001949687635772,0.0284360189573459,False,never_surfaced
MSN,Kidney Cancer,1,0.0440883806450705,0.0111731843575419,False,never_surfaced
MTOR,Bladder Cancer,1,0.1990036889681594,0.0389294403892944,True,surfaced
MTOR,Brain Cancer,1,0.0014867217278278,0.0117647058823529,True,surfaced
MTOR,Breast Cancer,1,0.0153983952271155,0.081081081081081,True,surfaced
MTOR,Colorectal Cancer,1,0.0001028071876153,0.0378787878787878,True,surfaced
MTOR,Endometrial Cancer,1,0.0001188907688612,0.0681818181818181,True,surfaced
MTOR,Kidney Cancer,4,2.409932298207833e-21,0.0949720670391061,True,surfaced
MTOR,Leukemia,1,0.0002041862711229,0.0194805194805194,True,surfaced
MTOR,Liver Cancer,1,0.1079625731039499,0.0140845070422535,True,surfaced
MTOR,Pancreatic Cancer,1,0.0097845358930122,0.0246913580246913,True,surfaced
MUC6,Leukemia,1,0.0140615345924248,0.5223880597014925,False,never_surfaced
MUC6,Liver Cancer,1,0.0006242967227222,0.0342857142857142,False,never_surfaced
MUC6,Lung Cancer,1,2.0647276013618503e-05,0.6944444444444444,False,never_surfaced
MYC,Leukemia,1,0.0044382833712337,0.0142857142857142,True,surfaced
MYC,Lymphoma,4,1.9106513300690147e-10,0.7619047619047619,True,surfaced
MYCN,Brain Cancer,2,7.391096154768971e-07,0.0256410256410256,True,surfaced
MYCN,Endometrial Cancer,2,2.2906691351599305e-08,0.0252427184466019,False,never_surfaced
MYD88,Leukemia,7,1.072777112122021e-39,0.0714285714285714,True,surfaced
MYD88,Lymphoma,7,7.176672476000168e-48,0.1891891891891892,True,surfaced
MYEOV,Prostate Cancer,2,0.0028236890349583,0.024024024024024,False,never_surfaced
MYH11,Brain Cancer,1,0.0008743629841694,0.0117647058823529,False,never_surfaced
MYH11,Breast Cancer,1,0.0197047743579612,0.023002421307506,False,never_surfaced
MYH11,Leukemia,1,7.791991114963748e-06,0.0214285714285714,True,surfaced
MYH11,Liver Cancer,1,0.0038389125506133,0.0588235294117647,False,never_surfaced
MYH11,Melanoma,1,0.0264750563024626,0.1324503311258278,False,never_surfaced
MYH11,Prostate Cancer,1,0.0318519577083402,0.0101214574898785,False,never_surfaced
MYH9,Bladder Cancer,1,0.0233928458005301,0.0869565217391304,False,never_surfaced
MYH9,Breast Cancer,1,4.104823898443585e-06,0.0193704600484261,False,never_surfaced
MYH9,Colorectal Cancer,1,0.0018728984440426,0.0167910447761194,False,never_surfaced
MYH9,Esophageal Cancer,1,0.0240635602458258,0.0309278350515463,False,never_surfaced
MYH9,Lung Cancer,1,0.0043204307174946,0.0266666666666666,False,never_surfaced
MYH9,Ovarian Cancer,1,6.178242147886514e-05,0.0268948655256723,False,never_surfaced
MYO5A,Breast Cancer,2,3.1857360568391865e-08,0.0666666666666666,False,never_surfaced
MYO5A,Liver Cancer,1,0.4140553710715359,0.2782608695652174,False,never_surfaced
N4BP2,Bladder Cancer,1,0.0056185652048849,0.0714285714285714,False,never_surfaced
N4BP2,Liver Cancer,1,0.0075318733600791,0.0555555555555555,False,never_surfaced
NACA,Bladder Cancer,1,0.1597870066792439,0.0486111111111111,False,never_surfaced
NACA,Melanoma,1,1.241989324677078e-05,0.1523605150214592,False,never_surfaced
NBEA,Breast Cancer,1,0.0200768560994785,0.0909090909090909,False,never_surfaced
NBEA,Cervical Cancer,1,0.0266606454632083,0.0666666666666666,False,never_surfaced
NBEA,Colorectal Cancer,1,3.810603505847682e-07,0.104,False,never_surfaced
NBEA,Esophageal Cancer,1,3.5791742243710945e-06,0.1067961165048543,False,never_surfaced
NBEA,Liver Cancer,1,4.355032008246084e-12,0.408695652173913,False,never_surfaced
NBEA,Lung Cancer,1,0.0078268047171937,0.1081081081081081,False,never_surfaced
NBEA,Melanoma,1,0.0086218243593703,0.1404682274247491,False,never_surfaced
NBEA,Ovarian Cancer,1,0.0206428556592207,0.0344827586206896,False,never_surfaced
NBEA,Stomach Cancer,1,0.0039175005270776,0.0769230769230769,False,never_surfaced
NCAPH,Leukemia,2,1.5275408306571737e-08,0.0285714285714285,False,never_surfaced
NCKIPSD,Endometrial Cancer,1,2.6245081923615343e-05,0.09375,False,never_surfaced
NCOA1,Pancreatic Cancer,1,0.0074455789384749,0.0357142857142857,False,never_surfaced
NCOA2,Esophageal Cancer,1,0.0059182953754723,0.0284360189573459,False,never_surfaced
NCOA2,Lung Cancer,1,0.0026293264543742,0.1063829787234042,False,never_surfaced
NCOA2,Stomach Cancer,1,0.0580783096511235,0.0272108843537414,False,never_surfaced
NCOR1,Bladder Cancer,1,0.0004621505735594,0.058252427184466,True,surfaced
NCOR1,Brain Cancer,1,0.000353684838433,0.0526315789473684,False,never_surfaced
NCOR1,Breast Cancer,4,1.0583026474575676e-14,0.054054054054054,False,never_surfaced
NCOR1,Leukemia,1,2.5291402511982524e-05,0.014388489208633,False,never_surfaced
NCOR1,Liver Cancer,1,0.0007744184968854,0.00836820083682,False,never_surfaced
NCOR1,Lung Cancer,1,8.474898448991054e-05,0.0425531914893617,False,never_surfaced
NCOR1,Lymphoma,1,0.0121451853108038,0.0326797385620915,False,never_surfaced
NCOR1,Prostate Cancer,1,0.0032940646057263,0.0313901345291479,False,never_surfaced
NCOR2,Brain Cancer,1,0.0064333296341396,0.0283018867924528,False,never_surfaced
NCOR2,Breast Cancer,1,0.1664009341232595,0.0109018830525272,False,never_surfaced
NCOR2,Colorectal Cancer,1,0.003859355529861,0.0689655172413793,False,never_surfaced
NCOR2,Esophageal Cancer,1,0.0550937023327376,0.0236966824644549,False,never_surfaced
NCOR2,Liver Cancer,1,2.342104390700037e-05,0.0384615384615384,False,never_surfaced
NCOR2,Prostate Cancer,1,3.4565846834165005e-08,0.0224215246636771,False,never_surfaced
NF1,Bladder Cancer,2,7.342210119986512e-07,0.1851851851851851,True,surfaced
NF1,Brain Cancer,4,1.726303890457641e-38,0.1313131313131313,True,surfaced
NF1,Breast Cancer,4,7.182937786009041e-14,0.0444444444444444,True,surfaced
NF1,Colorectal Cancer,2,0.0003017327380469,0.0208333333333333,True,surfaced
NF1,Endometrial Cancer,1,0.0002346318783768,0.0526315789473684,True,surfaced
NF1,Kidney Cancer,1,0.0219850114662274,0.0223463687150838,True,surfaced
NF1,Leukemia,1,1.871630787351918e-09,0.0952380952380952,True,surfaced
NF1,Liver Cancer,3,1.883911921280525e-08,0.4,True,surfaced
NF1,Lung Cancer,4,1.0662940726858428e-19,0.0953389830508474,True,surfaced
NF1,Melanoma,4,2.244062004731048e-19,0.1545064377682403,True,surfaced
NF1,Ovarian Cancer,4,2.085435577356544e-23,0.1111111111111111,True,surfaced
NF1,Stomach Cancer,1,0.0001641808326837,0.0612244897959183,True,surfaced
NF2,Cervical Cancer,1,5.276141812789828e-06,0.0138888888888888,False,never_surfaced
NF2,Kidney Cancer,2,1.1456700860397862e-07,0.0225563909774436,True,surfaced
NF2,Liver Cancer,1,8.777953299539748e-05,0.0166666666666666,True,surfaced
NF2,Melanoma,1,0.0003254878407202,0.0264900662251655,False,never_surfaced
NF2,Ovarian Cancer,2,3.1384027105011225e-05,0.0229885057471264,False,never_surfaced
NF2,Pancreatic Cancer,1,0.0001567522142216,0.0298507462686567,False,never_surfaced
NFATC2,Colorectal Cancer,1,0.0057873638081292,0.0555555555555555,False,never_surfaced
NFATC2,Pancreatic Cancer,1,0.0113902016391234,0.0129310344827586,False,never_surfaced
NFE2L2,Bladder Cancer,3,1.5174643051498998e-12,0.1111111111111111,True,surfaced
NFE2L2,Cervical Cancer,1,1.9549166049153514e-06,0.0416666666666666,True,surfaced
NFE2L2,Endometrial Cancer,5,5.216240335822181e-21,0.0543689320388349,True,surfaced
NFE2L2,Esophageal Cancer,5,2.9236327511937162e-18,0.0934065934065934,True,surfaced
NFE2L2,Kidney Cancer,1,0.00068185103365,0.0253623188405797,True,surfaced
NFE2L2,Liver Cancer,5,2.5211745162316192e-14,0.0616113744075829,True,surfaced
NFE2L2,Lung Cancer,5,2.318105690031234e-38,0.3829787234042553,True,surfaced
NFKB2,Lymphoma,1,0.0009098710621634,0.081081081081081,False,never_surfaced
NFKBIA,Lymphoma,4,1.390576590523737e-16,0.1351351351351351,True,surfaced
NFKBIA,Myeloma,4,6.94808214240113e-10,0.0171489817792068,True,surfaced
NFKBIE,Leukemia,1,5.747648742674472e-05,0.0333333333333333,False,never_surfaced
NFKBIE,Lung Cancer,1,0.0140326211543649,0.009933774834437,False,never_surfaced
NFKBIE,Lymphoma,3,2.7496547758152025e-10,0.1351351351351351,True,surfaced
NIN,Colorectal Cancer,1,0.1547657342025136,0.0167910447761194,False,never_surfaced
NIN,Stomach Cancer,1,0.0110097495291497,0.0275229357798165,False,never_surfaced
NIPBL,Brain Cancer,3,1.6564227009275382e-11,0.0274509803921568,False,never_surfaced
NIPBL,Lung Cancer,2,2.8521471628677462e-06,0.0509803921568627,False,never_surfaced
NKTR,Leukemia,2,0.0003794891052133,0.0357142857142857,False,never_surfaced
NKX2-1,Brain Cancer,1,0.0047328687853135,0.0078431372549019,False,never_surfaced
NOTCH1,Bladder Cancer,1,0.0191917876791255,0.0869565217391304,False,never_surfaced
NOTCH1,Brain Cancer,6,2.0482690957118928e-22,0.0666666666666666,True,surfaced
NOTCH1,Breast Cancer,1,0.0015952140259665,0.0084388185654008,True,surfaced
NOTCH1,Cervical Cancer,3,1.0049374378690618e-18,0.0833333333333333,True,surfaced
NOTCH1,Colorectal Cancer,1,0.0066425786175256,0.0555555555555555,False,never_surfaced
NOTCH1,Esophageal Cancer,2,2.063462234113314e-06,0.0853080568720379,True,surfaced
NOTCH1,Leukemia,4,1.4628723041218612e-18,0.0928853754940711,True,surfaced
NOTCH1,Liver Cancer,1,0.0117488850861914,0.0588235294117647,True,surfaced
NOTCH1,Lung Cancer,4,2.9756656240786097e-19,0.2978723404255319,True,surfaced
NOTCH1,Lymphoma,2,1.9013673008014737e-07,0.0344827586206896,True,surfaced
NOTCH1,Melanoma,1,0.2169147361654706,0.0596026490066225,True,surfaced
NOTCH1,Ovarian Cancer,1,0.0001826459830909,0.0172413793103448,False,never_surfaced
NOTCH2,Bladder Cancer,1,0.0037014047100213,0.116504854368932,False,never_surfaced
NOTCH2,Breast Cancer,1,0.0076501259497752,0.0358974358974358,True,surfaced
NOTCH2,Esophageal Cancer,1,0.0347059670361953,0.0379146919431279,True,surfaced
NOTCH2,Leukemia,1,0.0111313986340532,0.0746268656716417,True,surfaced
NOTCH2,Lung Cancer,1,5.1812293036194166e-08,0.0961538461538461,False,never_surfaced
NOTCH2,Lymphoma,4,1.755542095167178e-14,0.0588235294117647,True,surfaced
NOTCH2,Prostate Cancer,1,0.007284602689442,0.0267857142857142,False,never_surfaced
NPM1,Liver Cancer,1,0.0864207675082674,0.0093896713615023,False,never_surfaced
NRAS,Brain Cancer,1,0.0001778167481506,0.0102301790281329,True,surfaced
NRAS,Colorectal Cancer,5,5.4277910917198325e-39,0.0576923076923076,True,surfaced
NRAS,Endometrial Cancer,3,9.791774739392517e-14,0.0194174757281553,True,surfaced
NRAS,Leukemia,6,1.489909872063336e-48,0.2307692307692307,True,surfaced
NRAS,Liver Cancer,4,6.234615542217655e-15,0.0334728033472803,True,surfaced
NRAS,Lung Cancer,1,0.0080517454963592,0.0127118644067796,True,surfaced
NRAS,Melanoma,7,5.9642487124847475e-55,0.304635761589404,True,surfaced
NRAS,Myeloma,7,1.6408645226973278e-42,0.2143622722400857,True,surfaced
NRAS,Ovarian Cancer,1,1.3472282432264403e-05,0.0122249388753056,True,surfaced
NRAS,Thyroid Cancer,6,9.119393033231961e-45,0.0987654320987654,True,surfaced
NRG1,Esophageal Cancer,1,0.0086730545143133,0.0485436893203883,False,never_surfaced
NRG1,Kidney Cancer,1,0.0233689166645571,0.0108695652173913,False,never_surfaced
NRG1,Stomach Cancer,1,0.000332475162622,0.0512820512820512,False,never_surfaced
NRK,Lung Cancer,2,9.672681687150798e-07,0.1333333333333333,False,never_surfaced
NSD1,Bladder Cancer,1,0.043082462625372,0.1304347826086956,False,never_surfaced
NSD1,Brain Cancer,1,0.0096221942019968,0.0068337129840546,False,never_surfaced
NSD1,Cervical Cancer,1,3.717466768148922e-10,0.1111111111111111,False,never_surfaced
NSD1,Endometrial Cancer,1,7.426142516468672e-07,0.125,False,never_surfaced
NSD1,Esophageal Cancer,1,0.0004760352182063,0.0274725274725274,False,never_surfaced
NSD1,Lung Cancer,4,2.001562437010077e-12,0.0529661016949152,False,never_surfaced
NSD1,Lymphoma,1,0.087036963159287,0.0172413793103448,False,never_surfaced
NSD1,Melanoma,1,0.0062056378933151,0.04,False,never_surfaced
NSD2,Bladder Cancer,1,0.0140875467603388,0.1071428571428571,False,never_surfaced
NSD2,Leukemia,5,1.0065540205031692e-37,0.0431654676258992,True,surfaced
NSD2,Lymphoma,1,0.0025076395283931,0.0277777777777777,True,surfaced
NSD2,Myeloma,1,0.0029986677378492,0.0329670329670329,True,surfaced
NSD3,Lung Cancer,1,0.0049366875144724,0.0851063829787234,False,never_surfaced
NT5C3A,Leukemia,4,1.4334073236348594e-13,0.1,False,never_surfaced
NTRK1,Breast Cancer,1,0.0024121303837006,0.0165631469979296,False,never_surfaced
NTRK2,Brain Cancer,1,0.0074250168982545,0.048780487804878,False,never_surfaced
NTRK2,Leukemia,1,0.0019284754308865,0.0294117647058823,False,never_surfaced
NTRK3,Esophageal Cancer,1,6.562100243664297e-05,0.0571428571428571,False,never_surfaced
NTRK3,Stomach Cancer,1,0.0011897143472113,0.0357142857142857,False,never_surfaced
NUMA1,Breast Cancer,1,0.0161174360207517,0.054054054054054,False,never_surfaced
NUMA1,Esophageal Cancer,1,0.0033970175747461,0.0323624595469255,False,never_surfaced
NUP214,Kidney Cancer,1,0.0156349383580134,0.0289855072463768,False,never_surfaced
NUP98,Lung Cancer,1,0.0617318528388595,0.0925925925925925,False,never_surfaced
NUTM1,Esophageal Cancer,1,0.0066024076359099,0.0136986301369863,False,never_surfaced
NUTM1,Ovarian Cancer,1,0.0800883519718406,0.0097799511002444,False,never_surfaced
NVL,Brain Cancer,2,2.796527141424842e-07,0.0303030303030303,False,never_surfaced
NXF1,Leukemia,5,1.8791594920730918e-12,0.0444444444444444,False,never_surfaced
P2RY8,Lymphoma,3,5.549379956673555e-15,0.2666666666666666,True,surfaced
PABPC1,Bladder Cancer,1,0.0295290868683059,0.1071428571428571,False,never_surfaced
PABPC1,Liver Cancer,4,1.271573604627896e-23,0.4260869565217391,False,never_surfaced
PABPC1,Lung Cancer,1,0.0084218834134344,0.1388888888888889,False,never_surfaced
PABPC1,Lymphoma,1,0.0002909697369393,0.0517241379310344,False,never_surfaced
PABPC1,Myeloma,4,1.8829877875341137e-11,0.0267952840300107,False,never_surfaced
PABPC1,Thyroid Cancer,3,5.016271884137972e-06,0.037037037037037,False,never_surfaced
PALB2,Ovarian Cancer,1,0.0022434809625935,0.0363636363636363,True,surfaced
PARP4,Colorectal Cancer,2,0.0075682295901428,0.0707070707070707,False,never_surfaced
PARP4,Lung Cancer,2,2.553228322425143e-05,0.0397350993377483,False,never_surfaced
PARP4,Myeloma,2,0.0013874394741839,0.0160771704180064,False,never_surfaced
PAX5,Lymphoma,2,1.3981669868891242e-06,0.024793388429752,True,surfaced
PAX5,Prostate Cancer,1,0.0023302295540517,0.0144230769230769,False,never_surfaced
PBRM1,Cervical Cancer,1,9.952822883666677e-05,0.0888888888888888,True,surfaced
PBRM1,Colorectal Cancer,1,0.0012530153496082,0.0149253731343283,False,never_surfaced
PBRM1,Endometrial Cancer,2,5.554438828847786e-06,0.0349514563106796,False,never_surfaced
PBRM1,Esophageal Cancer,1,6.569687733994556e-07,0.0205479452054794,True,surfaced
PBRM1,Kidney Cancer,5,1.6319100469161287e-31,0.3090909090909091,True,surfaced
PBRM1,Liver Cancer,4,7.1474919606137565e-25,0.1944444444444444,True,surfaced
PBRM1,Lung Cancer,1,0.0053857496060697,0.0313725490196078,False,never_surfaced
PBRM1,Melanoma,4,4.357654672057009e-12,0.060200668896321,True,surfaced
PBRM1,Stomach Cancer,1,0.0004079722646075,0.0275229357798165,False,never_surfaced
PCBP1,Colorectal Cancer,6,2.767033277008959e-33,0.0576923076923076,False,never_surfaced
PCBP1,Kidney Cancer,1,0.0024439045161742,0.0108695652173913,False,never_surfaced
PCBP1,Lymphoma,4,8.923078431264513e-33,0.1333333333333333,False,never_surfaced
PCM1,Brain Cancer,1,0.0233428928540938,0.0051150895140664,False,never_surfaced
PCMTD1,Leukemia,2,7.942964037891458e-07,0.0311284046692607,False,never_surfaced
PDCD1LG2,Melanoma,3,1.7701569195474933e-11,0.1142857142857142,False,never_surfaced
PDCD1LG2,Thyroid Cancer,1,0.0037717901311948,0.0061475409836065,False,never_surfaced
PDGFRA,Brain Cancer,1,1.2431124652206803e-05,0.15,True,surfaced
PDGFRA,Lung Cancer,1,0.0029244007162466,0.0666666666666666,True,surfaced
PDGFRB,Endometrial Cancer,1,0.0003105003858228,0.087719298245614,False,never_surfaced
PEG3,Pancreatic Cancer,2,1.3724915247539378e-06,0.0625,False,never_surfaced
PER3,Lung Cancer,3,7.507915369605033e-17,0.0364238410596026,False,never_surfaced
PHF6,Leukemia,4,2.816898600756598e-13,0.0272373540856031,True,surfaced
PHF6,Lung Cancer,1,0.1541091070432043,0.0181818181818181,False,never_surfaced
PHF6,Lymphoma,1,2.4776255015590894e-07,0.0277777777777777,False,never_surfaced
PICALM,Thyroid Cancer,1,0.0004724631992998,0.0082304526748971,False,never_surfaced
PIK3CA,Bladder Cancer,7,1.7428304185694314e-55,0.2658227848101265,True,surfaced
PIK3CA,Brain Cancer,5,1.1497540845336219e-33,0.1363636363636363,True,surfaced
PIK3CA,Breast Cancer,7,2.7507798646348783e-68,0.3513513513513513,True,surfaced
PIK3CA,Cervical Cancer,7,1.034465084871462e-66,0.2888888888888888,True,surfaced
PIK3CA,Colorectal Cancer,7,7.950051427945437e-48,0.2115384615384615,True,surfaced
PIK3CA,Endometrial Cancer,7,1.1414949230962015e-62,0.40625,True,surfaced
PIK3CA,Esophageal Cancer,5,1.1605170529257752e-19,0.0928571428571428,True,surfaced
PIK3CA,Kidney Cancer,5,1.0530227683543104e-14,0.0827067669172932,True,surfaced
PIK3CA,Liver Cancer,3,2.03494768884304e-10,0.088235294117647,True,surfaced
PIK3CA,Lung Cancer,5,8.14601502531618e-31,0.1489361702127659,True,surfaced
PIK3CA,Melanoma,1,2.4603676528140835e-05,0.040133779264214,True,surfaced
PIK3CA,Ovarian Cancer,4,3.5320388282832914e-14,0.0862068965517241,True,surfaced
PIK3CA,Pancreatic Cancer,1,0.0004046604426321,0.0284090909090909,True,surfaced
PIK3CA,Prostate Cancer,1,1.9337616701223337e-06,0.0444444444444444,True,surfaced
PIK3CA,Stomach Cancer,6,6.574769634326939e-26,0.1323529411764706,True,surfaced
PIK3CA,Thyroid Cancer,1,0.0028824866862352,0.0833333333333333,True,surfaced
PIK3CB,Bladder Cancer,1,0.0443549833486793,0.024330900243309,False,never_surfaced
PIK3CB,Brain Cancer,1,0.0003414255892715,0.0384615384615384,False,never_surfaced
PIK3CB,Prostate Cancer,1,0.0086460894073156,0.0157657657657657,False,never_surfaced
PIK3R1,Brain Cancer,6,2.1150928434421465e-29,0.0792838874680307,True,surfaced
PIK3R1,Breast Cancer,2,1.697215802354468e-07,0.0295358649789029,True,surfaced
PIK3R1,Colorectal Cancer,1,1.0039391264631116e-08,0.04,False,never_surfaced
PIK3R1,Endometrial Cancer,6,2.9581339614554567e-35,0.2272727272727272,True,surfaced
PIK3R1,Liver Cancer,1,0.0003241960166354,0.0167364016736401,False,never_surfaced
PIK3R1,Lung Cancer,1,0.0002505564630079,0.0190677966101694,False,never_surfaced
PIK3R1,Ovarian Cancer,1,0.1568816120892829,0.0114942528735632,True,surfaced
PIK3R1,Prostate Cancer,1,0.0017950514997458,0.0135135135135135,True,surfaced
PIK3R1,Stomach Cancer,1,0.001098775234094,0.0512820512820512,False,never_surfaced
PIM1,Lymphoma,2,6.350817837295413e-10,0.2892561983471074,True,surfaced
PIM1,Myeloma,4,2.955750464167793e-07,0.0182207931404072,False,never_surfaced
PLAG1,Breast Cancer,1,9.096583918350292e-07,0.0408163265306122,False,never_surfaced
PLAG1,Melanoma,1,0.2236982931760578,0.0267558528428093,False,never_surfaced
PLCG1,Brain Cancer,1,0.0078631073811304,0.0078431372549019,False,never_surfaced
PLCG1,Kidney Cancer,1,0.0466651156684373,0.0300751879699248,False,never_surfaced
PLXNC1,Melanoma,2,0.0009144122760055,0.055793991416309,False,never_surfaced
PMS2,Liver Cancer,3,1.9226961416223087e-14,0.2260869565217391,False,never_surfaced
POLD1,Breast Cancer,1,3.817792180621748e-05,0.0666666666666666,False,never_surfaced
POLD1,Esophageal Cancer,1,0.0052360944128876,0.0967741935483871,False,never_surfaced
POLE,Bladder Cancer,1,0.0220747044993493,0.0869565217391304,True,surfaced
POLQ,Endometrial Cancer,1,0.0045791141562048,0.0681818181818181,False,never_surfaced
POLQ,Lung Cancer,1,0.0049366875144724,0.1489361702127659,False,never_surfaced
POLQ,Melanoma,1,0.0010516457579162,0.0901287553648068,False,never_surfaced
POT1,Brain Cancer,1,0.0240337884974048,0.0039215686274509,False,never_surfaced
POT1,Leukemia,5,4.258161638837842e-12,0.0784313725490196,True,surfaced
POT1,Melanoma,1,0.0020323416668815,0.0571428571428571,True,surfaced
POU2F2,Lymphoma,5,5.317217683316786e-13,0.0743801652892562,True,surfaced
PPM1D,Brain Cancer,4,2.573053665464765e-22,0.0471698113207547,True,surfaced
PPM1D,Breast Cancer,1,0.0049837498611616,0.0072639225181598,False,never_surfaced
PPM1D,Lung Cancer,1,0.0006684667077404,0.0272727272727272,False,never_surfaced
PPP2R1A,Colorectal Cancer,1,0.0043001893153279,0.04,False,never_surfaced
PPP2R1A,Endometrial Cancer,7,7.221863477346734e-55,0.2631578947368421,True,surfaced
PPP2R1A,Lung Cancer,1,0.0025908087931226,0.0384615384615384,False,never_surfaced
PPP2R1A,Melanoma,1,0.0025201110700953,0.025,False,never_surfaced
PPP2R1A,Ovarian Cancer,1,0.0055029240862633,0.0122249388753056,True,surfaced
PPP2R1A,Thyroid Cancer,1,0.0108393280425643,0.0040983606557377,False,never_surfaced
PPP3CA,Stomach Cancer,3,8.200576831142943e-06,0.0160550458715596,False,never_surfaced
PPP6C,Melanoma,2,9.210885439926252e-15,0.1022727272727272,True,surfaced
PRDM1,Leukemia,1,1.5758198521440742e-05,0.0214285714285714,False,never_surfaced
PRDM1,Lymphoma,2,0.0001247931893993,0.0784313725490196,True,surfaced
PRDM1,Myeloma,2,7.459473028174683e-06,0.0408163265306122,True,surfaced
PRDM16,Myeloma,1,0.0031040810783249,0.0128617363344051,False,never_surfaced
PRDM2,Kidney Cancer,1,0.0469171290457158,0.0144927536231884,False,never_surfaced
PRDM2,Liver Cancer,1,0.0202722563492498,0.0114285714285714,False,never_surfaced
PREX2,Bladder Cancer,1,5.730184041157973e-05,0.1304347826086956,False,never_surfaced
PREX2,Breast Cancer,1,0.1452677152863964,0.031055900621118,False,never_surfaced
PREX2,Colorectal Cancer,1,0.0054819128796309,0.0776699029126213,False,never_surfaced
PREX2,Esophageal Cancer,1,0.0013235110496666,0.2071428571428571,False,never_surfaced
PREX2,Liver Cancer,1,0.0064915304381555,0.0473933649289099,False,never_surfaced
PREX2,Lymphoma,1,0.0011426772639457,0.0689655172413793,False,never_surfaced
PREX2,Melanoma,1,0.0084530256366441,0.2727272727272727,True,surfaced
PREX2,Ovarian Cancer,1,0.0311550504892069,0.0402298850574712,False,never_surfaced
PREX2,Prostate Cancer,1,0.0049382336240927,0.0307692307692307,False,never_surfaced
PREX2,Stomach Cancer,1,0.0856813481203154,0.0769230769230769,True,surfaced
PRKAR1A,Brain Cancer,3,5.3634816310742295e-11,0.0283687943262411,True,surfaced
PRKCB,Lymphoma,1,0.0012284893861496,0.0392156862745098,False,never_surfaced
PRKCB,Prostate Cancer,1,0.0097881420376481,0.0126582278481012,False,never_surfaced
PRKCB,Stomach Cancer,1,0.1717309432729941,0.0206422018348623,False,never_surfaced
PRKCD,Lymphoma,2,1.2467788619736088e-10,0.0761904761904762,False,never_surfaced
PRKD1,Colorectal Cancer,1,0.0027910560931928,0.034090909090909,False,never_surfaced
PRKD1,Liver Cancer,1,1.882123159406145e-05,0.0588235294117647,False,never_surfaced
PRKD1,Prostate Cancer,1,0.0421165716320667,0.0089686098654708,False,never_surfaced
PRKD2,Myeloma,4,2.383069989813956e-09,0.0310825294748124,True,surfaced
PSIP1,Bladder Cancer,2,3.4709299490801816e-08,0.0340632603406326,False,never_surfaced
PSPC1,Lung Cancer,2,4.5410479647981056e-05,0.1388888888888889,False,never_surfaced
PTCH1,Brain Cancer,4,2.482749214431275e-32,0.2682926829268293,True,surfaced
PTCH1,Esophageal Cancer,1,5.981363732434897e-10,0.0236966824644549,True,surfaced
PTCH1,Liver Cancer,1,0.0037498836915723,0.0555555555555555,False,never_surfaced
PTCH1,Thyroid Cancer,1,0.0020238954627862,0.0061475409836065,False,never_surfaced
PTEN,Bladder Cancer,3,2.205051855526022e-08,0.0316301703163017,True,surfaced
PTEN,Brain Cancer,5,4.415423112298395e-43,0.2813299232736573,True,surfaced
PTEN,Breast Cancer,5,2.4484510146347607e-35,0.0909090909090909,True,surfaced
PTEN,Cervical Cancer,4,9.214452300692328e-35,0.0451388888888888,True,surfaced
PTEN,Colorectal Cancer,3,7.18125640811941e-08,0.0689655172413793,True,surfaced
PTEN,Endometrial Cancer,6,4.379712973180769e-46,0.504950495049505,True,surfaced
PTEN,Esophageal Cancer,1,4.600407727740505e-06,0.0412371134020618,True,surfaced
PTEN,Kidney Cancer,3,1.982822981987455e-15,0.075187969924812,True,surfaced
PTEN,Liver Cancer,1,1.2741905267103864e-06,0.088235294117647,True,surfaced
PTEN,Lung Cancer,5,1.438218242397323e-31,0.086864406779661,True,surfaced
PTEN,Melanoma,4,6.155247997546664e-29,0.0934579439252336,True,surfaced
PTEN,Ovarian Cancer,1,3.1384027105011225e-05,0.0229885057471264,True,surfaced
PTEN,Pancreatic Cancer,2,5.367149969650061e-11,0.074074074074074,True,surfaced
PTEN,Prostate Cancer,3,3.1447708740710606e-14,0.08,True,surfaced
PTEN,Stomach Cancer,1,5.342995413592844e-06,0.0321100917431192,True,surfaced
PTEN,Thyroid Cancer,1,0.001210682915677,0.0040983606557377,True,surfaced
PTK6,Leukemia,1,3.921092994038431e-07,0.0317460317460317,False,never_surfaced
PTPN11,Brain Cancer,2,2.2553914825697568e-11,0.0303030303030303,True,surfaced
PTPN11,Colorectal Cancer,1,4.364749828239444e-07,0.0149253731343283,True,surfaced
PTPN11,Leukemia,5,1.633672378476279e-23,0.1363636363636363,True,surfaced
PTPN11,Myeloma,7,1.0571102636244083e-28,0.022508038585209,True,surfaced
PTPN13,Bladder Cancer,1,9.957890137031132e-05,0.1111111111111111,False,never_surfaced
PTPN13,Endometrial Cancer,1,0.0436224044101168,0.0495049504950495,False,never_surfaced
PTPN3,Pancreatic Cancer,2,5.9743460422072855e-06,0.0491803278688524,False,never_surfaced
PTPN6,Lymphoma,1,8.594771989502573e-06,0.081081081081081,True,surfaced
PTPN6,Melanoma,1,1.5388149547318155e-05,0.2857142857142857,False,never_surfaced
PTPRB,Melanoma,1,0.0281537930363558,0.2489270386266094,False,never_surfaced
PTPRB,Ovarian Cancer,1,0.0037922782406521,0.057471264367816,False,never_surfaced
PTPRC,Liver Cancer,1,0.109739242207777,0.2,False,never_surfaced
PTPRC,Lymphoma,1,0.0004380728197016,0.0196078431372549,False,never_surfaced
PTPRC,Melanoma,1,0.1557889773366019,0.1333333333333333,False,never_surfaced
PTPRD,Breast Cancer,1,9.462487355957428e-05,0.0307692307692307,False,never_surfaced
PTPRD,Esophageal Cancer,1,9.162894665114972e-06,0.1071428571428571,True,surfaced
PTPRD,Lymphoma,1,0.0043978884520568,0.0476190476190476,True,surfaced
PTPRD,Melanoma,1,0.0463979404620677,0.2857142857142857,True,surfaced
PTPRD,Ovarian Cancer,1,0.0649525316399861,0.028735632183908,False,never_surfaced
PTPRD,Pancreatic Cancer,1,0.0018090295292661,0.0416666666666666,False,never_surfaced
PTPRK,Bladder Cancer,1,0.0053443410898438,0.0194174757281553,False,never_surfaced
PTPRK,Kidney Cancer,1,0.0012822090937125,0.0363636363636363,False,never_surfaced
PTPRK,Lung Cancer,1,0.058157258189162,0.0313725490196078,False,never_surfaced
PTPRT,Esophageal Cancer,1,0.0002930328983064,0.1935483870967742,False,never_surfaced
PTPRT,Liver Cancer,1,0.0208514569485292,0.0833333333333333,False,never_surfaced
PTPRT,Melanoma,1,0.0146614997092842,0.0857142857142857,True,surfaced
PTPRT,Ovarian Cancer,1,1.2227585240638317e-05,0.0272727272727272,False,never_surfaced
PTPRT,Pancreatic Cancer,1,5.558536990724674e-07,0.0327868852459016,False,never_surfaced
PTPRT,Stomach Cancer,1,9.821630051020285e-05,0.0476190476190476,True,surfaced
PWWP2A,Stomach Cancer,1,0.0152220557358112,0.0136054421768707,False,never_surfaced
QKI,Brain Cancer,1,0.0190117164033583,0.0102301790281329,False,never_surfaced
QKI,Melanoma,1,0.0014957426562647,0.01931330472103,False,never_surfaced
RAC1,Melanoma,4,2.443802428606667e-21,0.0515021459227467,True,surfaced
RAD21,Leukemia,1,8.82490397605171e-08,0.044776119402985,True,surfaced
RAD21,Lung Cancer,1,0.2021041046495588,0.0211864406779661,False,never_surfaced
RAD50,Brain Cancer,1,0.0022058242984204,0.0404040404040404,False,never_surfaced
RAF1,Bladder Cancer,1,0.3015916838415448,0.0097323600973236,True,surfaced
RANBP2,Kidney Cancer,1,0.0024354846304638,0.0223463687150838,False,never_surfaced
RANBP2,Liver Cancer,1,8.657409331802371e-11,0.2956521739130435,False,never_surfaced
RANBP2,Lung Cancer,1,0.000121025354812,0.0638297872340425,False,never_surfaced
RAP1B,Bladder Cancer,1,0.003832584181982,0.0138888888888888,False,never_surfaced
RAP1GDS1,Esophageal Cancer,1,0.0046729013917972,0.0142857142857142,False,never_surfaced
RAP1GDS1,Kidney Cancer,1,0.0005126055333414,0.0055865921787709,False,never_surfaced
RASA1,Lung Cancer,4,1.3503717590229064e-17,0.0572033898305084,True,surfaced
RASA2,Lymphoma,2,6.852739457567993e-06,0.0330578512396694,False,never_surfaced
RB1,Bladder Cancer,4,5.717877121743634e-38,0.18,True,surfaced
RB1,Brain Cancer,4,3.688057758414704e-37,0.0769230769230769,True,surfaced
RB1,Breast Cancer,4,1.296848142341407e-15,0.0295358649789029,True,surfaced
RB1,Cervical Cancer,4,2.0929844470929807e-12,0.03125,True,surfaced
RB1,Endometrial Cancer,2,5.159746702327105e-06,0.0526315789473684,True,surfaced
RB1,Esophageal Cancer,1,2.99624277184874e-05,0.064516129032258,True,surfaced
RB1,Liver Cancer,4,7.961536513920753e-24,0.125,True,surfaced
RB1,Lung Cancer,4,2.0025514380996988e-43,0.4579439252336448,True,surfaced
RB1,Melanoma,4,5.226675258085204e-13,0.0468227424749163,True,surfaced
RB1,Myeloma,4,3.8590332097756105e-11,0.0139335476956055,True,surfaced
RB1,Ovarian Cancer,3,2.7508861890713653e-08,0.028735632183908,True,surfaced
RB1,Prostate Cancer,1,1.0571222221324569e-07,0.0157657657657657,True,surfaced
RB1,Stomach Cancer,1,0.0029558522616458,0.0256410256410256,True,surfaced
RBFOX1,Prostate Cancer,2,0.0013900184090685,0.0201005025125628,False,never_surfaced
RBM10,Bladder Cancer,3,8.053663034066692e-10,0.0694444444444444,False,never_surfaced
RBM10,Colorectal Cancer,4,2.0406899679282159e-10,0.0384615384615384,False,never_surfaced
RBM10,Liver Cancer,3,6.452061856926873e-10,0.0292887029288702,False,never_surfaced
RBM10,Lung Cancer,4,2.524729985672975e-22,0.1351351351351351,True,surfaced
RBM10,Pancreatic Cancer,3,8.92753002411648e-13,0.0357142857142857,True,surfaced
RBM15,Lung Cancer,1,0.0470871101291501,0.0066225165562913,False,never_surfaced
RBM38,Lymphoma,3,0.0002624673880464,0.0261437908496732,False,never_surfaced
RBM39,Endometrial Cancer,2,8.321384473091355e-06,0.0155339805825242,False,never_surfaced
RECQL4,Stomach Cancer,1,0.0001653918346797,0.0238095238095238,False,never_surfaced
RELA,Stomach Cancer,3,5.0923857619170375e-08,0.0735294117647058,False,never_surfaced
REST,Kidney Cancer,2,4.834986678029108e-08,0.0444444444444444,True,surfaced
RET,Lung Cancer,1,0.1890271768784258,0.0490196078431372,True,surfaced
RET,Melanoma,1,0.0123137614087134,0.0909090909090909,True,surfaced
RET,Thyroid Cancer,5,3.0088604072520734e-14,0.2083333333333333,True,surfaced
RGPD3,Liver Cancer,2,1.0812220311660175e-06,0.208695652173913,False,never_surfaced
RGPD3,Lung Cancer,1,0.0232076110261879,0.1111111111111111,False,never_surfaced
RGPD3,Melanoma,1,0.0016549939291351,0.1502145922746781,False,never_surfaced
RGS7,Breast Cancer,1,1.5276500802878992e-05,0.0118929633300297,False,never_surfaced
RGS7,Lung Cancer,1,0.0001052436177628,0.1,False,never_surfaced
RGS7,Melanoma,1,3.594454892010517e-07,0.1308411214953271,False,never_surfaced
RHOA,Bladder Cancer,2,6.3200403627804026e-15,0.0694444444444444,False,never_surfaced
RHOA,Lymphoma,2,3.7683827566639683e-13,0.3333333333333333,True,surfaced
RHOA,Melanoma,1,0.0317421161296198,0.0100334448160535,False,never_surfaced
RHOA,Prostate Cancer,1,0.0113132033814062,0.0040485829959514,False,never_surfaced
RHOA,Stomach Cancer,4,6.302996334662197e-13,0.0458715596330275,True,surfaced
RHPN2,Breast Cancer,4,1.82604612963491e-08,0.1020408163265306,False,never_surfaced
RHPN2,Lung Cancer,6,3.1358999804067333e-24,0.0833333333333333,False,never_surfaced
RIPK1,Leukemia,2,4.89682983947015e-07,0.0259740259740259,False,never_surfaced
RNF213,Bladder Cancer,1,0.0339306901618081,0.0869565217391304,False,never_surfaced
RNF213,Brain Cancer,1,0.0010239197174537,0.0309278350515463,False,never_surfaced
RNF213,Endometrial Cancer,1,2.5446898350902528e-05,0.09375,False,never_surfaced
RNF213,Esophageal Cancer,1,0.0619421502264619,0.0426540284360189,False,never_surfaced
RNF213,Kidney Cancer,1,9.43565632294659e-05,0.0209790209790209,False,never_surfaced
RNF213,Liver Cancer,1,0.0018556556730733,0.0375,False,never_surfaced
RNF213,Lung Cancer,1,0.0074794896956669,0.0666666666666666,False,never_surfaced
RNF213,Prostate Cancer,1,0.0065705752102585,0.0201005025125628,False,never_surfaced
RNF43,Colorectal Cancer,3,1.228858059449684e-06,0.04,True,surfaced
RNF43,Endometrial Cancer,1,0.0002257102371276,0.0349514563106796,True,surfaced
RNF43,Esophageal Cancer,2,3.460654121949693e-07,0.0412371134020618,False,never_surfaced
RNF43,Liver Cancer,1,3.857031625283463e-05,0.00836820083682,False,never_surfaced
RNF43,Lung Cancer,1,0.0004305630490672,0.0277777777777777,False,never_surfaced
RNF43,Ovarian Cancer,1,0.0189407700134318,0.0122249388753056,True,surfaced
RNF43,Pancreatic Cancer,4,4.340159614840097e-12,0.0625,True,surfaced
RNF43,Prostate Cancer,1,0.0001857290515979,0.009009009009009,True,surfaced
RNF43,Stomach Cancer,3,3.21806517913242e-09,0.0544217687074829,True,surfaced
RNF6,Colorectal Cancer,2,6.611910662159173e-05,0.0074626865671641,False,never_surfaced
ROBO2,Colorectal Cancer,1,1.2788030824514352e-05,0.1379310344827586,False,never_surfaced
ROBO2,Endometrial Cancer,1,0.0003129941457415,0.0350877192982456,False,never_surfaced
ROBO2,Esophageal Cancer,1,0.0620183154815374,0.0604395604395604,False,never_surfaced
ROBO2,Kidney Cancer,1,0.0020303248083044,0.0307692307692307,False,never_surfaced
ROBO2,Leukemia,1,0.0115628093841347,0.0138339920948616,False,never_surfaced
ROBO2,Liver Cancer,1,0.001164232072627,0.0457142857142857,False,never_surfaced
ROBO2,Lymphoma,1,0.0019528201373876,0.0952380952380952,False,never_surfaced
ROBO2,Melanoma,1,0.0029852485228826,0.1308411214953271,False,never_surfaced
ROBO2,Prostate Cancer,1,0.0025652841934476,0.0201005025125628,False,never_surfaced
ROS1,Liver Cancer,1,0.0028343308796574,0.0961538461538461,True,surfaced
ROS1,Ovarian Cancer,1,0.0004216508942609,0.0294117647058823,False,never_surfaced
ROS1,Prostate Cancer,1,0.0003500909938991,0.0202702702702702,False,never_surfaced
ROS1,Stomach Cancer,1,0.0117990586946647,0.0769230769230769,False,never_surfaced
RPL10,Lymphoma,1,2.064150944369879e-07,0.0380952380952381,False,never_surfaced
RPL10,Myeloma,3,7.45739291939065e-12,0.0160771704180064,False,never_surfaced
RPL22,Liver Cancer,1,0.0010981541272993,0.0142180094786729,False,never_surfaced
RPL5,Brain Cancer,1,2.0249901084008122e-07,0.0303030303030303,False,never_surfaced
RPL5,Lung Cancer,1,0.0105617163698337,0.0053571428571428,False,never_surfaced
RPL5,Melanoma,1,4.949923174948313e-06,0.04,False,never_surfaced
RPS3A,Myeloma,3,6.439071800196516e-14,0.0107181136120042,False,never_surfaced
RPS6KA3,Liver Cancer,3,3.007428241810653e-16,0.0388888888888888,True,surfaced
RRAGC,Lymphoma,3,1.1188346730140287e-10,0.0761904761904762,True,surfaced
RRAS2,Endometrial Cancer,3,1.1619080776753204e-11,0.0495049504950495,False,never_surfaced
RRN3,Colorectal Cancer,2,0.0001662626714609,0.0505050505050505,False,never_surfaced
RSPO2,Colorectal Cancer,1,0.0136907428448277,0.04,False,never_surfaced
RUNX1,Brain Cancer,1,7.107192576015518e-05,0.0404040404040404,False,never_surfaced
RUNX1,Breast Cancer,5,1.2529987504389908e-16,0.0356788899900891,False,never_surfaced
RUNX1,Leukemia,6,2.2991748107135843e-37,0.0739299610894941,True,surfaced
RUNX1T1,Brain Cancer,1,0.0718679279149903,0.0058823529411764,False,never_surfaced
RUNX1T1,Liver Cancer,1,0.0117462628233483,0.0222929936305732,False,never_surfaced
RUNX1T1,Lung Cancer,1,0.0002925500645748,0.1379310344827586,False,never_surfaced
RUNX1T1,Melanoma,1,0.0001091392639237,0.1125827814569536,False,never_surfaced
RUNX1T1,Prostate Cancer,1,0.0028573032864542,0.0307692307692307,False,never_surfaced
RXRA,Bladder Cancer,3,2.2096787613710888e-14,0.0625,True,surfaced
SALL4,Leukemia,1,0.0012380474220107,0.0129870129870129,False,never_surfaced
SAMHD1,Myeloma,2,0.0035162588730629,0.0160771704180064,False,never_surfaced
SDHA,Brain Cancer,1,0.0842462262623925,0.0039215686274509,True,surfaced
SDHA,Kidney Cancer,1,0.0093227908869426,0.0307692307692307,True,surfaced
SDHA,Liver Cancer,1,4.60338677465582e-07,0.1913043478260869,False,never_surfaced
SETD1B,Bladder Cancer,1,0.0035911630361844,0.0714285714285714,False,never_surfaced
SETD1B,Esophageal Cancer,1,0.0705762776843764,0.0473933649289099,False,never_surfaced
SETD1B,Lung Cancer,1,6.884953700091318e-06,0.0818181818181818,False,never_surfaced
SETD1B,Ovarian Cancer,1,0.0006722797417,0.0181818181818181,False,never_surfaced
SETD1B,Pancreatic Cancer,1,4.487721511802185e-05,0.0223880597014925,False,never_surfaced
SETD1B,Stomach Cancer,1,0.0011852276256052,0.0238095238095238,False,never_surfaced
SETD2,Brain Cancer,3,5.891104840737764e-07,0.034090909090909,True,surfaced
SETD2,Kidney Cancer,4,2.9154772740055327e-36,0.1729323308270676,True,surfaced
SETD2,Leukemia,2,1.2921992202031126e-12,0.0359712230215827,True,surfaced
SETD2,Liver Cancer,1,9.520751197585486e-07,0.0342857142857142,False,never_surfaced
SETD2,Lung Cancer,4,2.495253784837267e-17,0.0589285714285714,True,surfaced
SETD2,Melanoma,2,1.2902572608595643e-06,0.0836120401337792,False,never_surfaced
SETD2,Myeloma,1,0.0001687644352302,0.0289389067524115,True,surfaced
SETD2,Pancreatic Cancer,2,9.382807216557688e-15,0.074074074074074,False,never_surfaced
SETD2,Prostate Cancer,1,0.0001218408412992,0.0201005025125628,True,surfaced
SETDB1,Breast Cancer,1,0.0868113645517084,0.0205128205128205,False,never_surfaced
SETDB1,Colorectal Cancer,1,0.0229295403432476,0.029126213592233,False,never_surfaced
SETDB1,Endometrial Cancer,1,0.067704940522578,0.0396039603960396,False,never_surfaced
SETDB1,Leukemia,1,0.0001637452256685,0.0129870129870129,False,never_surfaced
SETDB1,Liver Cancer,1,0.0005334596870129,0.0382165605095541,False,never_surfaced
SETDB1,Pancreatic Cancer,1,0.0145375219729688,0.0416666666666666,False,never_surfaced
SF3B1,Bladder Cancer,1,5.111711344662326e-06,0.048661800486618,False,never_surfaced
SF3B1,Brain Cancer,1,0.0001680587215449,0.0526315789473684,True,surfaced
SF3B1,Breast Cancer,2,3.061957155360966e-21,0.0421052631578947,False,never_surfaced
SF3B1,Leukemia,5,4.518000149924633e-33,0.1363636363636363,True,surfaced
SF3B1,Liver Cancer,3,9.622149792519495e-06,0.075,True,surfaced
SF3B1,Melanoma,5,1.928819289419083e-23,0.225,True,surfaced
SF3B1,Myeloma,1,5.13233695445818e-05,0.0117899249732047,True,surfaced
SF3B1,Pancreatic Cancer,1,0.0037213543009187,0.0258620689655172,True,surfaced
SF3B1,Prostate Cancer,1,0.0066649121248462,0.0150753768844221,False,never_surfaced
SGK1,Kidney Cancer,1,0.0275831208316207,0.0144927536231884,False,never_surfaced
SGK1,Lymphoma,3,1.7709908848555698e-11,0.1379310344827586,True,surfaced
SH2B3,Leukemia,1,0.0052592692058151,0.0869565217391304,True,surfaced
SIN3A,Lymphoma,5,1.8423664375320962e-23,0.1111111111111111,False,never_surfaced
SIRPA,Brain Cancer,1,0.0007698319811262,0.1818181818181818,False,never_surfaced
SIRPA,Cervical Cancer,1,3.590953448965658e-05,0.0069444444444444,False,never_surfaced
SIRPA,Colorectal Cancer,2,0.0002795439692374,0.1111111111111111,False,never_surfaced
SIRPA,Leukemia,3,0.001689308766646,0.0298507462686567,False,never_surfaced
SIRPA,Lymphoma,1,0.0550625985757866,0.0258620689655172,False,never_surfaced
SIX1,Kidney Cancer,4,4.381527206778154e-12,0.1111111111111111,True,surfaced
SLC34A2,Colorectal Cancer,1,0.0003012774842132,0.0576923076923076,False,never_surfaced
SLC34A2,Leukemia,1,9.110624905352952e-07,0.08,False,never_surfaced
SLC34A2,Lung Cancer,1,0.0045765436996367,0.0165562913907284,False,never_surfaced
SMAD2,Colorectal Cancer,5,1.426052797627956e-19,0.0576923076923076,True,surfaced
SMAD3,Colorectal Cancer,4,5.337025383839294e-06,0.0384615384615384,True,surfaced
SMAD3,Pancreatic Cancer,1,0.0106457385482673,0.015267175572519,True,surfaced
SMAD4,Breast Cancer,1,0.0040236065135474,0.009685230024213,True,surfaced
SMAD4,Cervical Cancer,2,6.913384506541973e-09,0.0277777777777777,True,surfaced
SMAD4,Colorectal Cancer,6,3.648652962690579e-37,0.1571969696969697,True,surfaced
SMAD4,Esophageal Cancer,6,2.120896303856358e-34,0.1134020618556701,True,surfaced
SMAD4,Liver Cancer,5,1.7923656903250016e-21,0.1470588235294117,True,surfaced
SMAD4,Lung Cancer,2,4.273219752161979e-08,0.0431372549019607,False,never_surfaced
SMAD4,Pancreatic Cancer,6,2.4340084483378127e-38,0.2068965517241379,True,surfaced
SMAD4,Prostate Cancer,1,1.0318223360744002e-05,0.0080971659919028,False,never_surfaced
SMAD4,Stomach Cancer,6,4.9152524983548294e-20,0.0735294117647058,True,surfaced
SMARCA4,Bladder Cancer,1,0.0004363339503626,0.0833333333333333,True,surfaced
SMARCA4,Brain Cancer,7,1.470013915820015e-29,0.1428571428571428,True,surfaced
SMARCA4,Colorectal Cancer,1,0.0041667939644783,0.0388349514563106,False,never_surfaced
SMARCA4,Esophageal Cancer,4,9.810918032504534e-12,0.0967741935483871,True,surfaced
SMARCA4,Kidney Cancer,1,5.813211920816719e-05,0.0434782608695652,True,surfaced
SMARCA4,Liver Cancer,1,0.0001039302387795,0.0375,True,surfaced
SMARCA4,Lung Cancer,4,3.66332362534082e-16,0.1066666666666666,True,surfaced
SMARCA4,Lymphoma,5,1.2025885471803117e-19,0.4666666666666667,True,surfaced
SMARCA4,Ovarian Cancer,1,0.0308060037322569,0.0172413793103448,True,surfaced
SMARCA4,Pancreatic Cancer,1,2.574207686596862e-05,0.0625,False,never_surfaced
SMARCA4,Stomach Cancer,1,0.0019676620261012,0.0952380952380952,True,surfaced
SMARCB1,Brain Cancer,3,1.496473810415668e-13,0.2941176470588235,True,surfaced
SMARCB1,Pancreatic Cancer,1,0.0005817784433096,0.0246913580246913,True,surfaced
SMARCD1,Breast Cancer,1,0.0026814987449614,0.0210526315789473,False,never_surfaced
SMC1A,Leukemia,1,7.6884048118132e-05,0.04,True,surfaced
SMO,Brain Cancer,6,5.834022646955359e-18,0.0975609756097561,True,surfaced
SMO,Liver Cancer,1,0.0750197354308096,0.0189573459715639,True,surfaced
SND1,Cervical Cancer,1,0.0018904190239239,0.0333333333333333,False,never_surfaced
SNX29,Bladder Cancer,1,0.0005995187694191,0.0485436893203883,False,never_surfaced
SOCS1,Colorectal Cancer,1,0.0189208181496108,0.037037037037037,True,surfaced
SOCS1,Lymphoma,5,4.231727970327102e-28,0.1891891891891892,True,surfaced
SOS1,Endometrial Cancer,4,4.5505768900723866e-17,0.029126213592233,False,never_surfaced
SOX17,Endometrial Cancer,3,6.202008822810517e-16,0.0407766990291262,False,never_surfaced
SOX21,Prostate Cancer,1,0.0101061805568945,0.006006006006006,False,never_surfaced
SOX9,Colorectal Cancer,4,2.3293617084870267e-19,0.087378640776699,True,surfaced
SP140,Myeloma,4,1.437578976311706e-11,0.0310825294748124,True,surfaced
SPEN,Breast Cancer,2,1.0459645077237044e-06,0.0444444444444444,False,never_surfaced
SPEN,Cervical Cancer,1,0.000657090197508,0.0666666666666666,True,surfaced
SPEN,Kidney Cancer,1,0.0017039723873377,0.0391061452513966,False,never_surfaced
SPEN,Leukemia,2,1.2788426349887232e-08,0.0588235294117647,True,surfaced
SPEN,Lung Cancer,1,0.0186459757901326,0.050314465408805,False,never_surfaced
SPEN,Lymphoma,3,4.2440012939322235e-09,0.081081081081081,True,surfaced
SPEN,Prostate Cancer,1,1.3543322410803964e-05,0.0134529147982062,False,never_surfaced
SPOP,Endometrial Cancer,5,6.234177383063662e-32,0.0701754385964912,True,surfaced
SPOP,Lymphoma,1,3.7423513473918027e-07,0.0285714285714285,False,never_surfaced
SPOP,Prostate Cancer,7,6.2071718169267465e-56,0.1692307692307692,True,surfaced
SRSF2,Leukemia,5,1.6942549006101467e-14,0.0622568093385214,True,surfaced
STAG2,Bladder Cancer,4,6.658540355778618e-30,0.1333333333333333,True,surfaced
STAG2,Brain Cancer,3,1.279195087851813e-12,0.0332480818414322,True,surfaced
STAG2,Endometrial Cancer,1,2.5145440064120574e-06,0.09375,False,never_surfaced
STAG2,Kidney Cancer,1,1.9096602258592456e-06,0.0289855072463768,False,never_surfaced
STAG2,Leukemia,3,2.2579735594621915e-09,0.0194552529182879,True,surfaced
STAG2,Lung Cancer,1,0.0001622524179329,0.0555555555555555,False,never_surfaced
STAG2,Thyroid Cancer,1,9.659223751321552e-06,0.0082304526748971,False,never_surfaced
STAT3,Lymphoma,2,4.069335853510037e-11,0.1351351351351351,True,surfaced
STAT5B,Ovarian Cancer,1,0.0715463278350482,0.0097799511002444,False,never_surfaced
STAT6,Lymphoma,6,2.533726343429892e-25,0.1206896551724138,True,surfaced
STK11,Cervical Cancer,1,6.511603693032145e-09,0.0666666666666666,True,surfaced
STK11,Liver Cancer,3,3.8225876036735696e-11,0.0292887029288702,True,surfaced
STK11,Lung Cancer,6,2.282956399675232e-31,0.1363636363636363,True,surfaced
STK11,Thyroid Cancer,2,7.211792979852089e-06,0.0833333333333333,True,surfaced
SUFU,Brain Cancer,1,0.0007605253843825,0.0045558086560364,True,surfaced
SUSD2,Lung Cancer,2,0.0024580521850834,0.2,False,never_surfaced
SUZ12,Leukemia,1,9.215295258095536e-06,0.0116731517509727,True,surfaced
SUZ12,Prostate Cancer,5,5.823286800049347e-14,0.0666666666666666,False,never_surfaced
TAF15,Bladder Cancer,1,0.0004713424704864,0.0194174757281553,False,never_surfaced
TAF1L,Colorectal Cancer,2,8.315489719339232e-17,0.053030303030303,False,never_surfaced
TAL1,Liver Cancer,1,0.3045095167252948,0.0434782608695652,False,never_surfaced
TAL2,Brain Cancer,1,0.000967914302817,0.0202020202020202,False,never_surfaced
TBL1XR1,Breast Cancer,1,0.0030748926913507,0.0079286422200198,False,never_surfaced
TBL1XR1,Leukemia,2,2.852923399277382e-07,0.0251798561151079,False,never_surfaced
TBL1XR1,Lymphoma,5,1.1823479482036871e-15,0.1428571428571428,True,surfaced
TBX3,Breast Cancer,3,5.0986713796262886e-14,0.0666666666666666,False,never_surfaced
TBX3,Colorectal Cancer,2,7.650092214140838e-06,0.0208333333333333,False,never_surfaced
TBX3,Lymphoma,1,4.273828988497659e-05,0.0392156862745098,False,never_surfaced
TCF12,Brain Cancer,1,4.9505881650320694e-08,0.0196078431372549,False,never_surfaced
TCF4,Brain Cancer,4,5.596625346791201e-12,0.0283687943262411,False,never_surfaced
TCF7L2,Colorectal Cancer,5,3.129240956340721e-17,0.152,True,surfaced
TCF7L2,Liver Cancer,1,1.4773350066060494e-05,0.0234741784037558,True,surfaced
TCL1A,Lymphoma,2,9.059453331021106e-06,0.0330578512396694,True,surfaced
TEC,Esophageal Cancer,1,0.0491098963458426,0.0142857142857142,False,never_surfaced
TENT5C,Myeloma,4,1.6038104917954849e-25,0.0879120879120879,True,surfaced
TERT,Kidney Cancer,1,7.847315473835257e-06,0.0289855072463768,True,surfaced
TET1,Brain Cancer,1,0.0035528993428102,0.0153452685421994,False,never_surfaced
TET1,Colorectal Cancer,1,0.0432141062455481,0.0388349514563106,False,never_surfaced
TET1,Kidney Cancer,1,0.0194434706420433,0.0253623188405797,False,never_surfaced
TET1,Liver Cancer,1,6.059629253606433e-07,0.0286624203821656,False,never_surfaced
TET1,Stomach Cancer,1,0.0251348916549104,0.0641025641025641,True,surfaced
TET2,Kidney Cancer,1,0.0002699967360208,0.0300751879699248,True,surfaced
TET2,Leukemia,3,1.865556915974885e-17,0.1304347826086956,True,surfaced
TET2,Lymphoma,2,2.015120999821806e-08,0.0344827586206896,True,surfaced
TET2,Myeloma,1,0.0057201759308346,0.0128617363344051,True,surfaced
TFAP4,Lymphoma,4,1.5090373684127454e-13,0.2,False,never_surfaced
TFG,Liver Cancer,1,0.0584113430121673,0.0063694267515923,False,never_surfaced
TFRC,Lung Cancer,1,0.0027061290893452,0.0266666666666666,False,never_surfaced
TFRC,Prostate Cancer,1,0.0002537888045992,0.0096153846153846,False,never_surfaced
TGFBR1,Esophageal Cancer,2,2.3607286211112093e-07,0.0226537216828478,False,never_surfaced
TGFBR2,Cervical Cancer,1,1.3443364929559922e-08,0.0666666666666666,False,never_surfaced
TGFBR2,Colorectal Cancer,1,0.0321813730548393,0.0384615384615384,True,surfaced
TGFBR2,Esophageal Cancer,1,4.52475623771202e-05,0.0494505494505494,True,surfaced
TGFBR2,Kidney Cancer,1,0.0147888654499008,0.0181818181818181,False,never_surfaced
TGFBR2,Pancreatic Cancer,5,1.4098465490055113e-21,0.0597014925373134,True,surfaced
TGFBR2,Stomach Cancer,1,0.00777338573607,0.0136054421768707,False,never_surfaced
TGIF1,Colorectal Cancer,3,8.189323834914441e-10,0.0242537313432835,False,never_surfaced
THRAP3,Leukemia,1,9.325383940612331e-05,0.0214285714285714,False,never_surfaced
TMPRSS2,Prostate Cancer,1,0.001873933978806,0.0144230769230769,True,surfaced
TMSB4X,Lymphoma,3,1.334542687300087e-11,0.1351351351351351,False,never_surfaced
TNC,Leukemia,1,0.0003890806315665,0.0214285714285714,False,never_surfaced
TNC,Lung Cancer,1,0.0685157388597323,0.0851063829787234,False,never_surfaced
TNC,Lymphoma,1,0.0357893339625468,0.043103448275862,False,never_surfaced
TNC,Ovarian Cancer,1,0.0058872998617066,0.0294117647058823,False,never_surfaced
TNFAIP3,Lymphoma,3,4.028216873739825e-10,0.081081081081081,True,surfaced
TNFRSF14,Lymphoma,4,2.9428267049291792e-27,0.1982758620689655,True,surfaced
TOP1,Liver Cancer,1,7.92184940796234e-06,0.1652173913043478,False,never_surfaced
TOP2A,Stomach Cancer,2,1.335103504676528e-06,0.0137614678899082,False,never_surfaced
TP53,Bladder Cancer,7,2.90883309254835e-54,0.5972222222222222,True,surfaced
TP53,Brain Cancer,7,3.7683356490423147e-56,0.6,True,surfaced
TP53,Breast Cancer,7,1.4770000901087069e-62,0.4051282051282051,True,surfaced
TP53,Cervical Cancer,5,7.411651828446994e-32,0.1333333333333333,True,surfaced
TP53,Colorectal Cancer,7,2.172327390118066e-50,0.7777777777777778,True,surfaced
TP53,Endometrial Cancer,6,3.4798373693331247e-45,0.7894736842105263,True,surfaced
TP53,Esophageal Cancer,7,2.302497015527309e-56,0.7527472527472527,True,surfaced
TP53,Kidney Cancer,6,1.320643507245283e-40,0.2647058823529412,True,surfaced
TP53,Leukemia,6,3.712758539059375e-32,0.238095238095238,True,surfaced
TP53,Liver Cancer,7,9.715882575373626e-59,0.391304347826087,True,surfaced
TP53,Lung Cancer,7,2.2878765199901432e-48,0.7872340425531915,True,surfaced
TP53,Lymphoma,6,5.1200329247870735e-37,0.6,True,surfaced
TP53,Melanoma,6,1.2977192216599665e-33,0.1258278145695364,True,surfaced
TP53,Myeloma,6,2.8600448173372642e-21,0.0879120879120879,True,surfaced
TP53,Ovarian Cancer,7,7.8453279663289e-55,0.8333333333333334,True,surfaced
TP53,Pancreatic Cancer,7,2.0562993795460567e-56,0.7049180327868853,True,surfaced
TP53,Prostate Cancer,6,2.096086125768219e-46,0.2927927927927928,True,surfaced
TP53,Stomach Cancer,6,7.870327572142264e-47,0.4081632653061224,True,surfaced
TP53,Thyroid Cancer,3,6.84932671941943e-10,0.2083333333333333,True,surfaced
TP63,Bladder Cancer,1,0.0027013389881821,0.08,False,never_surfaced
TP63,Cervical Cancer,1,9.431178243060212e-07,0.03125,False,never_surfaced
TP63,Melanoma,1,0.0050898711825877,0.1066666666666666,False,never_surfaced
TPR,Brain Cancer,1,0.0086723613824214,0.0202702702702702,False,never_surfaced
TPR,Liver Cancer,1,0.0006364471129745,0.0666666666666666,False,never_surfaced
TRAF3,Myeloma,2,2.100741583616548e-12,0.0439560439560439,True,surfaced
TRIM24,Prostate Cancer,1,0.0051215844581001,0.0186915887850467,True,surfaced
TRIM33,Brain Cancer,1,2.130668215270065e-05,0.0206185567010309,False,never_surfaced
TRIM49C,Stomach Cancer,3,0.003507570842312,0.0344036697247706,False,never_surfaced
TRIP11,Bladder Cancer,1,0.0004305368908625,0.08,False,never_surfaced
TRRAP,Bladder Cancer,3,1.6481744231578881e-12,0.1481481481481481,False,never_surfaced
TRRAP,Kidney Cancer,1,0.0053536452039454,0.0363636363636363,False,never_surfaced
TRRAP,Liver Cancer,1,4.277342269998604e-07,0.088235294117647,False,never_surfaced
TRRAP,Lung Cancer,1,5.113744157016495e-05,0.0636363636363636,False,never_surfaced
TRRAP,Melanoma,2,2.781892247178189e-05,0.2081545064377682,False,never_surfaced
TSC1,Bladder Cancer,4,3.8053998100863778e-25,0.1428571428571428,True,surfaced
TSC1,Breast Cancer,1,8.055665331465089e-05,0.0072639225181598,False,never_surfaced
TSC1,Colorectal Cancer,1,0.0289603284087947,0.0113636363636363,False,never_surfaced
TSC1,Kidney Cancer,1,3.82564069334637e-06,0.0451127819548872,True,surfaced
TSC1,Liver Cancer,1,4.281531701607603e-07,0.0286624203821656,True,surfaced
TSC1,Lung Cancer,1,0.001323787209152,0.0272727272727272,False,never_surfaced
TSC1,Melanoma,1,0.029346049205314,0.0167224080267558,True,surfaced
TSC1,Stomach Cancer,1,0.0112105195842286,0.0408163265306122,True,surfaced
TSC2,Bladder Cancer,1,0.0365466607955732,0.1304347826086956,True,surfaced
TSC2,Esophageal Cancer,1,0.0017034680023737,0.064516129032258,True,surfaced
TSC2,Kidney Cancer,1,9.741501651737714e-05,0.0465116279069767,True,surfaced
TSC2,Liver Cancer,4,2.7054190051193562e-18,0.056338028169014,True,surfaced
TSC2,Lung Cancer,1,0.088985100465879,0.0186915887850467,False,never_surfaced
TSC2,Pancreatic Cancer,1,0.0113116027795316,0.0246913580246913,True,surfaced
TSC2,Stomach Cancer,1,0.3522874565709362,0.0206422018348623,True,surfaced
TSHR,Colorectal Cancer,1,0.0041826460402198,0.032,False,never_surfaced
TSHR,Thyroid Cancer,2,6.660040312967417e-07,0.0164609053497942,True,surfaced
U2AF1,Endometrial Cancer,1,0.0004226606863748,0.0350877192982456,False,never_surfaced
U2AF1,Leukemia,6,1.1536844181678248e-18,0.0583657587548638,True,surfaced
U2AF1,Liver Cancer,1,0.0137119815088821,0.025,False,never_surfaced
U2AF1,Lung Cancer,3,9.328638691969972e-26,0.0638297872340425,False,never_surfaced
U2AF1,Pancreatic Cancer,1,5.610549295344549e-07,0.0229007633587786,False,never_surfaced
U2AF1,Prostate Cancer,1,0.028123064627856,0.009009009009009,False,never_surfaced
U2AF1,Stomach Cancer,1,0.0645226348591673,0.0204081632653061,False,never_surfaced
U2AF2,Leukemia,3,2.556793683440648e-12,0.08,False,never_surfaced
UBE2A,Lymphoma,3,1.0796065928136512e-09,0.054054054054054,True,surfaced
UBR5,Breast Cancer,1,2.09182672094133e-05,0.0210970464135021,False,never_surfaced
UBR5,Kidney Cancer,1,0.001984284495781,0.0307692307692307,False,never_surfaced
UBR5,Leukemia,1,0.006829318669799,0.0214285714285714,False,never_surfaced
UBR5,Melanoma,1,0.011078183025073,0.0666666666666666,False,never_surfaced
UBR5,Stomach Cancer,1,0.0009993696561244,0.0294117647058823,False,never_surfaced
UBXN11,Brain Cancer,2,4.2397775214340163e-07,0.0641025641025641,False,never_surfaced
USP6,Breast Cancer,4,2.617746680889725e-13,0.0816326530612244,False,never_surfaced
USP6,Colorectal Cancer,2,1.3054912427476403e-11,0.0909090909090909,False,never_surfaced
USP6,Leukemia,1,3.0310015724966587e-06,0.0895522388059701,False,never_surfaced
USP6,Liver Cancer,1,1.6291329591641978e-16,0.3304347826086956,False,never_surfaced
USP6,Lung Cancer,2,0.015076386602295,0.1666666666666666,False,never_surfaced
USP6,Prostate Cancer,1,0.0986339113499618,0.009009009009009,False,never_surfaced
USP7,Lymphoma,2,6.000150176738661e-10,0.0416666666666666,False,never_surfaced
USP7,Myeloma,2,0.0183121507925505,0.0128617363344051,False,never_surfaced
USP8,Liver Cancer,1,9.45499526259728e-05,0.0259740259740259,False,never_surfaced
USP8,Lung Cancer,1,0.0064173438077202,0.0555555555555555,False,never_surfaced
USP8,Myeloma,1,0.1137688481466464,0.0053590568060021,False,never_surfaced
USP9X,Liver Cancer,1,5.234254035199093e-05,0.0555555555555555,False,never_surfaced
USP9X,Prostate Cancer,1,0.0018059699437899,0.0201005025125628,False,never_surfaced
USP9X,Thyroid Cancer,1,0.0018942410864494,0.0416666666666666,False,never_surfaced
VAV1,Lung Cancer,1,0.0001715272209723,0.0377358490566037,False,never_surfaced
VHL,Kidney Cancer,6,5.08289548652838e-43,0.5636363636363636,True,surfaced
WAS,Brain Cancer,1,0.0013476704806648,0.0217391304347826,False,never_surfaced
WNK2,Liver Cancer,1,0.0012681541150381,0.0259740259740259,False,never_surfaced
WNT1,Endometrial Cancer,2,2.4545978996357527e-08,0.2857142857142857,False,never_surfaced
WT1,Leukemia,3,4.471050117284447e-11,0.04,True,surfaced
WT1,Melanoma,1,0.0367613079447429,0.0364806866952789,False,never_surfaced
WT1,Pancreatic Cancer,1,0.0010051159751258,0.0172413793103448,False,never_surfaced
WWTR1,Ovarian Cancer,1,0.0180385507362967,0.0172413793103448,False,never_surfaced
XPO1,Leukemia,5,4.8625981760251223e-23,0.0324675324675324,True,surfaced
XPO1,Lymphoma,3,1.2326933715459472e-08,0.054054054054054,True,surfaced
ZBTB16,Esophageal Cancer,1,0.0081761707794018,0.0285714285714285,False,never_surfaced
ZBTB16,Prostate Cancer,1,0.0004516618819394,0.015015015015015,False,never_surfaced
ZBTB20,Brain Cancer,4,1.274276774336126e-05,0.0372549019607843,False,never_surfaced
ZBTB7B,Endometrial Cancer,2,5.7743641188654936e-08,0.087719298245614,False,never_surfaced
ZCCHC8,Stomach Cancer,1,0.0334116503449953,0.0256410256410256,False,never_surfaced
ZCRB1,Leukemia,4,1.8099084093794425e-11,0.0285714285714285,False,never_surfaced
ZEB1,Brain Cancer,1,0.0007885940670604,0.0202020202020202,False,never_surfaced
ZEB1,Lung Cancer,1,7.57546058338015e-05,0.0934579439252336,False,never_surfaced
ZEB1,Myeloma,1,0.0005921547987274,0.0128617363344051,False,never_surfaced
ZFHX3,Bladder Cancer,1,0.0049229069295329,0.0763888888888889,False,never_surfaced
ZFHX3,Breast Cancer,1,0.0003178246239884,0.0314960629921259,False,never_surfaced
ZFHX3,Endometrial Cancer,4,4.1980046027755414e-20,0.1067961165048543,True,surfaced
ZFHX3,Liver Cancer,1,0.0007425670066445,0.3304347826086956,False,never_surfaced
ZFHX3,Lymphoma,1,0.0631170896742562,0.0689655172413793,False,never_surfaced
ZFHX3,Myeloma,1,0.0398484159874422,0.0408163265306122,False,never_surfaced
ZFHX3,Prostate Cancer,2,1.7426361989369796e-08,0.06006006006006,True,surfaced
ZFHX3,Thyroid Cancer,1,0.001225602771749,0.026639344262295,False,never_surfaced
ZFP36L1,Bladder Cancer,3,3.4709299490801816e-08,0.0632603406326034,False,never_surfaced
ZFP36L1,Lymphoma,2,4.002205775920859e-05,0.0172413793103448,False,never_surfaced
ZMYM2,Prostate Cancer,1,0.0966859963761884,0.009009009009009,False,never_surfaced
ZMYM3,Brain Cancer,1,2.209399015442198e-06,0.0526315789473684,False,never_surfaced
ZMYM3,Breast Cancer,1,0.0019417184685299,0.0157384987893462,False,never_surfaced
ZMYM3,Leukemia,1,0.0004708874440782,0.0333333333333333,False,never_surfaced
ZMYM3,Lung Cancer,1,0.0007681246494085,0.0132450331125827,False,never_surfaced
ZMYM3,Prostate Cancer,4,1.0459600202140604e-14,0.0357142857142857,False,never_surfaced
ZNF208,Esophageal Cancer,2,0.0022966867300613,0.1649484536082474,False,never_surfaced
ZNF274,Brain Cancer,2,5.213326858932767e-06,0.0952380952380952,False,never_surfaced
ZNF395,Lung Cancer,2,6.210108527598544e-12,0.0666666666666666,False,never_surfaced
ZNF429,Bladder Cancer,1,0.0177210571060845,0.0138888888888888,False,never_surfaced
ZNF429,Liver Cancer,2,1.9317777457683176e-16,0.1565217391304348,False,never_surfaced
ZNF429,Prostate Cancer,1,0.1988459275528503,0.021021021021021,False,never_surfaced
ZNF521,Cervical Cancer,1,0.0093645386487165,0.0444444444444444,False,never_surfaced
ZNF521,Esophageal Cancer,1,0.0001498725894815,0.0659340659340659,False,never_surfaced
ZNF521,Liver Cancer,1,0.0028343308796574,0.0384615384615384,False,never_surfaced
ZNF521,Lung Cancer,1,0.0007346654993285,0.1063829787234042,False,never_surfaced
ZNF521,Ovarian Cancer,1,0.0314290644963167,0.0229885057471264,False,never_surfaced
ZNF521,Pancreatic Cancer,1,0.0077542816631744,0.0373134328358208,False,never_surfaced
ZNF750,Esophageal Cancer,4,4.235310762359213e-23,0.0663507109004739,True,surfaced
ZNF750,Lung Cancer,2,1.1247812410048909e-07,0.0190677966101694,False,never_surfaced
ZNF814,Stomach Cancer,3,1.1091227967258033e-12,0.1428571428571428,False,never_surfaced
ZRSR2,Leukemia,1,0.0010053566748982,0.0116731517509727,True,surfaced
ZXDB,Breast Cancer,2,0.015813885492945,0.0079286422200198,False,never_surfaced
